[2025-12-04T15:51:39.952Z] info: Discord bot is ready! 🤖
[2025-12-04T18:00:00.445Z] info: Downloading ICS files for tomorrow for groups: aspea, aspeb, g1s1a, g1s1b, g2s1a, g2s1b, g3s1a, g3s1b, g4s1a, g4s1b, g5s1a, g5s1b, g1s3a, g1s3b, g2s3a, g2s3b, g3a2, g4s3a, g4s3b, but3ra1a, but3ra1b, but3ra2a, but3ra2b, but3ra3a, but3ra3b, but3dacs, but3aged
[2025-12-04T18:00:00.448Z] info: Downloading ICS file from https://edt.univ-lyon1.fr/jsp/custom/modules/plannings/anonymous_cal.jsp?resources=9272&projectId=1&calType=ical&firstDate=2025-12-05&lastDate=2025-12-05 to src/calendars/tomorrow/aspea.ics
[2025-12-04T18:00:00.683Z] info: ICS file downloaded successfully to src/calendars/tomorrow/aspea.ics
[2025-12-04T18:00:00.684Z] info: ICS file for aspea downloaded successfully.
[2025-12-04T18:00:00.685Z] info: Downloading ICS file from https://edt.univ-lyon1.fr/jsp/custom/modules/plannings/anonymous_cal.jsp?resources=18783&projectId=1&calType=ical&firstDate=2025-12-05&lastDate=2025-12-05 to src/calendars/tomorrow/aspeb.ics
[2025-12-04T18:00:01.018Z] info: ICS file downloaded successfully to src/calendars/tomorrow/aspeb.ics
[2025-12-04T18:00:01.020Z] info: ICS file for aspeb downloaded successfully.
[2025-12-04T18:00:01.020Z] info: Downloading ICS file from https://edt.univ-lyon1.fr/jsp/custom/modules/plannings/anonymous_cal.jsp?resources=12096&projectId=1&calType=ical&firstDate=2025-12-05&lastDate=2025-12-05 to src/calendars/tomorrow/g1s1a.ics
[2025-12-04T18:00:01.187Z] info: ICS file downloaded successfully to src/calendars/tomorrow/g1s1a.ics
[2025-12-04T18:00:01.188Z] info: ICS file for g1s1a downloaded successfully.
[2025-12-04T18:00:01.189Z] info: Downloading ICS file from https://edt.univ-lyon1.fr/jsp/custom/modules/plannings/anonymous_cal.jsp?resources=12102&projectId=1&calType=ical&firstDate=2025-12-05&lastDate=2025-12-05 to src/calendars/tomorrow/g1s1b.ics
[2025-12-04T18:00:01.356Z] info: ICS file downloaded successfully to src/calendars/tomorrow/g1s1b.ics
[2025-12-04T18:00:01.357Z] info: ICS file for g1s1b downloaded successfully.
[2025-12-04T18:00:01.357Z] info: Downloading ICS file from https://edt.univ-lyon1.fr/jsp/custom/modules/plannings/anonymous_cal.jsp?resources=12403&projectId=1&calType=ical&firstDate=2025-12-05&lastDate=2025-12-05 to src/calendars/tomorrow/g2s1a.ics
[2025-12-04T18:00:01.526Z] info: ICS file downloaded successfully to src/calendars/tomorrow/g2s1a.ics
[2025-12-04T18:00:01.527Z] info: ICS file for g2s1a downloaded successfully.
[2025-12-04T18:00:01.527Z] info: Downloading ICS file from https://edt.univ-lyon1.fr/jsp/custom/modules/plannings/anonymous_cal.jsp?resources=12406&projectId=1&calType=ical&firstDate=2025-12-05&lastDate=2025-12-05 to src/calendars/tomorrow/g2s1b.ics
[2025-12-04T18:00:01.695Z] info: ICS file downloaded successfully to src/calendars/tomorrow/g2s1b.ics
[2025-12-04T18:00:01.696Z] info: ICS file for g2s1b downloaded successfully.
[2025-12-04T18:00:01.697Z] info: Downloading ICS file from https://edt.univ-lyon1.fr/jsp/custom/modules/plannings/anonymous_cal.jsp?resources=12419&projectId=1&calType=ical&firstDate=2025-12-05&lastDate=2025-12-05 to src/calendars/tomorrow/g3s1a.ics
[2025-12-04T18:00:01.865Z] info: ICS file downloaded successfully to src/calendars/tomorrow/g3s1a.ics
[2025-12-04T18:00:01.866Z] info: ICS file for g3s1a downloaded successfully.
[2025-12-04T18:00:01.867Z] info: Downloading ICS file from https://edt.univ-lyon1.fr/jsp/custom/modules/plannings/anonymous_cal.jsp?resources=12425&projectId=1&calType=ical&firstDate=2025-12-05&lastDate=2025-12-05 to src/calendars/tomorrow/g3s1b.ics
[2025-12-04T18:00:02.035Z] info: ICS file downloaded successfully to src/calendars/tomorrow/g3s1b.ics
[2025-12-04T18:00:02.036Z] info: ICS file for g3s1b downloaded successfully.
[2025-12-04T18:00:02.037Z] info: Downloading ICS file from https://edt.univ-lyon1.fr/jsp/custom/modules/plannings/anonymous_cal.jsp?resources=12424&projectId=1&calType=ical&firstDate=2025-12-05&lastDate=2025-12-05 to src/calendars/tomorrow/g4s1a.ics
[2025-12-04T18:00:02.205Z] info: ICS file downloaded successfully to src/calendars/tomorrow/g4s1a.ics
[2025-12-04T18:00:02.206Z] info: ICS file for g4s1a downloaded successfully.
[2025-12-04T18:00:02.207Z] info: Downloading ICS file from https://edt.univ-lyon1.fr/jsp/custom/modules/plannings/anonymous_cal.jsp?resources=12444&projectId=1&calType=ical&firstDate=2025-12-05&lastDate=2025-12-05 to src/calendars/tomorrow/g4s1b.ics
[2025-12-04T18:00:02.375Z] info: ICS file downloaded successfully to src/calendars/tomorrow/g4s1b.ics
[2025-12-04T18:00:02.376Z] info: ICS file for g4s1b downloaded successfully.
[2025-12-04T18:00:02.376Z] info: Downloading ICS file from https://edt.univ-lyon1.fr/jsp/custom/modules/plannings/anonymous_cal.jsp?resources=12460&projectId=1&calType=ical&firstDate=2025-12-05&lastDate=2025-12-05 to src/calendars/tomorrow/g5s1a.ics
[2025-12-04T18:00:02.546Z] info: ICS file downloaded successfully to src/calendars/tomorrow/g5s1a.ics
[2025-12-04T18:00:02.547Z] info: ICS file for g5s1a downloaded successfully.
[2025-12-04T18:00:02.547Z] info: Downloading ICS file from https://edt.univ-lyon1.fr/jsp/custom/modules/plannings/anonymous_cal.jsp?resources=12461&projectId=1&calType=ical&firstDate=2025-12-05&lastDate=2025-12-05 to src/calendars/tomorrow/g5s1b.ics
[2025-12-04T18:00:02.675Z] info: ICS file downloaded successfully to src/calendars/tomorrow/g5s1b.ics
[2025-12-04T18:00:02.675Z] info: ICS file for g5s1b downloaded successfully.
[2025-12-04T18:00:02.676Z] info: Downloading ICS file from https://edt.univ-lyon1.fr/jsp/custom/modules/plannings/anonymous_cal.jsp?resources=35708&projectId=1&calType=ical&firstDate=2025-12-05&lastDate=2025-12-05 to src/calendars/tomorrow/g1s3a.ics
[2025-12-04T18:00:02.747Z] info: ICS file downloaded successfully to src/calendars/tomorrow/g1s3a.ics
[2025-12-04T18:00:02.748Z] info: ICS file for g1s3a downloaded successfully.
[2025-12-04T18:00:02.748Z] info: Downloading ICS file from https://edt.univ-lyon1.fr/jsp/custom/modules/plannings/anonymous_cal.jsp?resources=35709&projectId=1&calType=ical&firstDate=2025-12-05&lastDate=2025-12-05 to src/calendars/tomorrow/g1s3b.ics
[2025-12-04T18:00:02.834Z] info: ICS file downloaded successfully to src/calendars/tomorrow/g1s3b.ics
[2025-12-04T18:00:02.835Z] info: ICS file for g1s3b downloaded successfully.
[2025-12-04T18:00:02.835Z] info: Downloading ICS file from https://edt.univ-lyon1.fr/jsp/custom/modules/plannings/anonymous_cal.jsp?resources=35710&projectId=1&calType=ical&firstDate=2025-12-05&lastDate=2025-12-05 to src/calendars/tomorrow/g2s3a.ics
[2025-12-04T18:00:02.952Z] info: ICS file downloaded successfully to src/calendars/tomorrow/g2s3a.ics
[2025-12-04T18:00:02.952Z] info: ICS file for g2s3a downloaded successfully.
[2025-12-04T18:00:02.953Z] info: Downloading ICS file from https://edt.univ-lyon1.fr/jsp/custom/modules/plannings/anonymous_cal.jsp?resources=35713&projectId=1&calType=ical&firstDate=2025-12-05&lastDate=2025-12-05 to src/calendars/tomorrow/g2s3b.ics
[2025-12-04T18:00:03.096Z] info: ICS file downloaded successfully to src/calendars/tomorrow/g2s3b.ics
[2025-12-04T18:00:03.097Z] info: ICS file for g2s3b downloaded successfully.
[2025-12-04T18:00:03.097Z] info: Downloading ICS file from https://edt.univ-lyon1.fr/jsp/custom/modules/plannings/anonymous_cal.jsp?resources=35714&projectId=1&calType=ical&firstDate=2025-12-05&lastDate=2025-12-05 to src/calendars/tomorrow/g3a2.ics
[2025-12-04T18:00:03.185Z] info: ICS file downloaded successfully to src/calendars/tomorrow/g3a2.ics
[2025-12-04T18:00:03.186Z] info: ICS file for g3a2 downloaded successfully.
[2025-12-04T18:00:03.186Z] info: Downloading ICS file from https://edt.univ-lyon1.fr/jsp/custom/modules/plannings/anonymous_cal.jsp?resources=35717&projectId=1&calType=ical&firstDate=2025-12-05&lastDate=2025-12-05 to src/calendars/tomorrow/g4s3a.ics
[2025-12-04T18:00:03.297Z] info: ICS file downloaded successfully to src/calendars/tomorrow/g4s3a.ics
[2025-12-04T18:00:03.297Z] info: ICS file for g4s3a downloaded successfully.
[2025-12-04T18:00:03.298Z] info: Downloading ICS file from https://edt.univ-lyon1.fr/jsp/custom/modules/plannings/anonymous_cal.jsp?resources=35718&projectId=1&calType=ical&firstDate=2025-12-05&lastDate=2025-12-05 to src/calendars/tomorrow/g4s3b.ics
[2025-12-04T18:00:03.427Z] info: ICS file downloaded successfully to src/calendars/tomorrow/g4s3b.ics
[2025-12-04T18:00:03.428Z] info: ICS file for g4s3b downloaded successfully.
[2025-12-04T18:00:03.428Z] info: Downloading ICS file from https://edt.univ-lyon1.fr/jsp/custom/modules/plannings/anonymous_cal.jsp?resources=6161&projectId=1&calType=ical&firstDate=2025-12-05&lastDate=2025-12-05 to src/calendars/tomorrow/but3ra1a.ics
[2025-12-04T18:00:03.531Z] info: ICS file downloaded successfully to src/calendars/tomorrow/but3ra1a.ics
[2025-12-04T18:00:03.531Z] info: ICS file for but3ra1a downloaded successfully.
[2025-12-04T18:00:03.531Z] info: Downloading ICS file from https://edt.univ-lyon1.fr/jsp/custom/modules/plannings/anonymous_cal.jsp?resources=6163&projectId=1&calType=ical&firstDate=2025-12-05&lastDate=2025-12-05 to src/calendars/tomorrow/but3ra1b.ics
[2025-12-04T18:00:03.647Z] info: ICS file downloaded successfully to src/calendars/tomorrow/but3ra1b.ics
[2025-12-04T18:00:03.647Z] info: ICS file for but3ra1b downloaded successfully.
[2025-12-04T18:00:03.648Z] info: Downloading ICS file from https://edt.univ-lyon1.fr/jsp/custom/modules/plannings/anonymous_cal.jsp?resources=6165&projectId=1&calType=ical&firstDate=2025-12-05&lastDate=2025-12-05 to src/calendars/tomorrow/but3ra2a.ics
[2025-12-04T18:00:03.755Z] info: ICS file downloaded successfully to src/calendars/tomorrow/but3ra2a.ics
[2025-12-04T18:00:03.755Z] info: ICS file for but3ra2a downloaded successfully.
[2025-12-04T18:00:03.756Z] info: Downloading ICS file from https://edt.univ-lyon1.fr/jsp/custom/modules/plannings/anonymous_cal.jsp?resources=6168&projectId=1&calType=ical&firstDate=2025-12-05&lastDate=2025-12-05 to src/calendars/tomorrow/but3ra2b.ics
[2025-12-04T18:00:03.856Z] info: ICS file downloaded successfully to src/calendars/tomorrow/but3ra2b.ics
[2025-12-04T18:00:03.856Z] info: ICS file for but3ra2b downloaded successfully.
[2025-12-04T18:00:03.857Z] info: Downloading ICS file from https://edt.univ-lyon1.fr/jsp/custom/modules/plannings/anonymous_cal.jsp?resources=14059&projectId=1&calType=ical&firstDate=2025-12-05&lastDate=2025-12-05 to src/calendars/tomorrow/but3ra3a.ics
[2025-12-04T18:00:03.948Z] info: ICS file downloaded successfully to src/calendars/tomorrow/but3ra3a.ics
[2025-12-04T18:00:03.948Z] info: ICS file for but3ra3a downloaded successfully.
[2025-12-04T18:00:03.949Z] info: Downloading ICS file from https://edt.univ-lyon1.fr/jsp/custom/modules/plannings/anonymous_cal.jsp?resources=14064&projectId=1&calType=ical&firstDate=2025-12-05&lastDate=2025-12-05 to src/calendars/tomorrow/but3ra3b.ics
[2025-12-04T18:00:04.025Z] info: ICS file downloaded successfully to src/calendars/tomorrow/but3ra3b.ics
[2025-12-04T18:00:04.025Z] info: ICS file for but3ra3b downloaded successfully.
[2025-12-04T18:00:04.025Z] info: Downloading ICS file from https://edt.univ-lyon1.fr/jsp/custom/modules/plannings/anonymous_cal.jsp?resources=6136&projectId=1&calType=ical&firstDate=2025-12-05&lastDate=2025-12-05 to src/calendars/tomorrow/but3dacs.ics
[2025-12-04T18:00:04.109Z] info: ICS file downloaded successfully to src/calendars/tomorrow/but3dacs.ics
[2025-12-04T18:00:04.109Z] info: ICS file for but3dacs downloaded successfully.
[2025-12-04T18:00:04.110Z] info: Downloading ICS file from https://edt.univ-lyon1.fr/jsp/custom/modules/plannings/anonymous_cal.jsp?resources=6048&projectId=1&calType=ical&firstDate=2025-12-05&lastDate=2025-12-05 to src/calendars/tomorrow/but3aged.ics
[2025-12-04T18:00:04.210Z] info: ICS file downloaded successfully to src/calendars/tomorrow/but3aged.ics
[2025-12-04T18:00:04.211Z] info: ICS file for but3aged downloaded successfully.
[2025-12-04T18:00:04.211Z] info: Sending daily timetables
[2025-12-04T18:00:04.234Z] info: Sending message to channel 1395371772550975558: <t:1764918000:D> **21Analyse et conception objet** : PERNELLE PHILIPPE -> <t:1764918000:t> - <t:1764925200:t> en __S16__
<t:1764925200:D> **Communication et service réseaux-TD** : BARON ARIANE -> <t:1764925200:t> - <t:1764932400:t> en __S25__
<t:1764945000:D> **Communication-TD** : DEBOUTE JOCELYNE -> <t:1764945000:t> - <t:1764952200:t> en __S11__

[2025-12-04T18:00:04.237Z] info: Message sent to channel 1395371772550975558: <t:1764918000:D> **21Analyse et conception objet** : PERNELLE PHILIPPE -> <t:1764918000:t> - <t:1764925200:t> en __S16__
<t:1764925200:D> **Communication et service réseaux-TD** : BARON ARIANE -> <t:1764925200:t> - <t:1764932400:t> en __S25__
<t:1764945000:D> **Communication-TD** : DEBOUTE JOCELYNE -> <t:1764945000:t> - <t:1764952200:t> en __S11__

[2025-12-04T18:00:04.239Z] info: Sending message to channel 1395052296521646282: <t:1764925200:D> **R1.08 Gestion Proj. Orga-TD** : LAGACHE ALEXANDRA -> <t:1764925200:t> - <t:1764932400:t> en __S15__
<t:1764937800:D> **R1.12 PPP-TPA** : DECHAVANNE LAURINE -> <t:1764937800:t> - <t:1764945000:t> en __S14__
<t:1764945000:D> **SAE Autonomie G1** : G1S1A -> <t:1764945000:t> - <t:1764952200:t> en __S03__

[2025-12-04T18:00:04.240Z] info: Message sent to channel 1395052296521646282: <t:1764925200:D> **R1.08 Gestion Proj. Orga-TD** : LAGACHE ALEXANDRA -> <t:1764925200:t> - <t:1764932400:t> en __S15__
<t:1764937800:D> **R1.12 PPP-TPA** : DECHAVANNE LAURINE -> <t:1764937800:t> - <t:1764945000:t> en __S14__
<t:1764945000:D> **SAE Autonomie G1** : G1S1A -> <t:1764945000:t> - <t:1764952200:t> en __S03__

[2025-12-04T18:00:04.242Z] info: Sending message to channel 1395052332969885726: <t:1764925200:D> **R1.08 Gestion Proj. Orga-TD** : LAGACHE ALEXANDRA -> <t:1764925200:t> - <t:1764932400:t> en __S15__
<t:1764945000:D> **SAE Autonomie G1** : G1S1A -> <t:1764945000:t> - <t:1764952200:t> en __S03__

[2025-12-04T18:00:04.242Z] info: Message sent to channel 1395052332969885726: <t:1764925200:D> **R1.08 Gestion Proj. Orga-TD** : LAGACHE ALEXANDRA -> <t:1764925200:t> - <t:1764932400:t> en __S15__
<t:1764945000:D> **SAE Autonomie G1** : G1S1A -> <t:1764945000:t> - <t:1764952200:t> en __S03__

[2025-12-04T18:00:04.243Z] info: Sending message to channel 1395052379866660874: <t:1764918000:D> **R1.01 initation dev TD P15** : DAUTRAIX ISABELLE -> <t:1764918000:t> - <t:1764925200:t> en __S11__
<t:1764937800:D> **R1.02-1 Web-PE** : LEROUX STEPHANE -> <t:1764937800:t> - <t:1764945000:t> en __S16__
<t:1764945000:D> **R1.12 PPP-TPA** : DECHAVANNE LAURINE -> <t:1764945000:t> - <t:1764952200:t> en __S16__

[2025-12-04T18:00:04.244Z] info: Message sent to channel 1395052379866660874: <t:1764918000:D> **R1.01 initation dev TD P15** : DAUTRAIX ISABELLE -> <t:1764918000:t> - <t:1764925200:t> en __S11__
<t:1764937800:D> **R1.02-1 Web-PE** : LEROUX STEPHANE -> <t:1764937800:t> - <t:1764945000:t> en __S16__
<t:1764945000:D> **R1.12 PPP-TPA** : DECHAVANNE LAURINE -> <t:1764945000:t> - <t:1764952200:t> en __S16__

[2025-12-04T18:00:04.245Z] info: Sending message to channel 1395052392092930048: <t:1764918000:D> **R1.01 initation dev TD P15** : DAUTRAIX ISABELLE -> <t:1764918000:t> - <t:1764925200:t> en __S11__
<t:1764937800:D> **R1.02-1 Web-PE** : LEROUX STEPHANE -> <t:1764937800:t> - <t:1764945000:t> en __S16__

[2025-12-04T18:00:04.245Z] info: Message sent to channel 1395052392092930048: <t:1764918000:D> **R1.01 initation dev TD P15** : DAUTRAIX ISABELLE -> <t:1764918000:t> - <t:1764925200:t> en __S11__
<t:1764937800:D> **R1.02-1 Web-PE** : LEROUX STEPHANE -> <t:1764937800:t> - <t:1764945000:t> en __S16__

[2025-12-04T18:00:04.246Z] info: Sending message to channel 1395056179914473612: <t:1764925200:D> **17 R1.11 Com-TD** : KOCH SONJA -> <t:1764925200:t> - <t:1764932400:t> en __S12__
<t:1764937800:D> **15 R1.04 Intro Systèmes-TD** : PARAUD JEAN-CHRISTOPHE -> <t:1764937800:t> - <t:1764945000:t> en __S24__
<t:1764945000:D> **SAE 101 102 Initiation Dev-TPA** : BEN HADID AMIRA -> <t:1764945000:t> - <t:1764952200:t> en __S17__

[2025-12-04T18:00:04.247Z] info: Message sent to channel 1395056179914473612: <t:1764925200:D> **17 R1.11 Com-TD** : KOCH SONJA -> <t:1764925200:t> - <t:1764932400:t> en __S12__
<t:1764937800:D> **15 R1.04 Intro Systèmes-TD** : PARAUD JEAN-CHRISTOPHE -> <t:1764937800:t> - <t:1764945000:t> en __S24__
<t:1764945000:D> **SAE 101 102 Initiation Dev-TPA** : BEN HADID AMIRA -> <t:1764945000:t> - <t:1764952200:t> en __S17__

[2025-12-04T18:00:04.247Z] info: Sending message to channel 1395052422401101905: <t:1764918000:D> **R1.05-2 SQL-TPB** : BENSLIMANE DJAMAL -> <t:1764918000:t> - <t:1764925200:t> en __S14__
<t:1764925200:D> **17 R1.11 Com-TD** : KOCH SONJA -> <t:1764925200:t> - <t:1764932400:t> en __S12__
<t:1764937800:D> **15 R1.04 Intro Systèmes-TD** : PARAUD JEAN-CHRISTOPHE -> <t:1764937800:t> - <t:1764945000:t> en __S24__

[2025-12-04T18:00:04.247Z] info: Message sent to channel 1395052422401101905: <t:1764918000:D> **R1.05-2 SQL-TPB** : BENSLIMANE DJAMAL -> <t:1764918000:t> - <t:1764925200:t> en __S14__
<t:1764925200:D> **17 R1.11 Com-TD** : KOCH SONJA -> <t:1764925200:t> - <t:1764932400:t> en __S12__
<t:1764937800:D> **15 R1.04 Intro Systèmes-TD** : PARAUD JEAN-CHRISTOPHE -> <t:1764937800:t> - <t:1764945000:t> en __S24__

[2025-12-04T18:00:04.248Z] info: Sending message to channel 1395052443192266916: <t:1764918000:D> **15 R1.04 Intro Systèmes-TD** : BUYLE-BODIN NICOLAS -> <t:1764918000:t> - <t:1764925200:t> en __S24__
<t:1764925200:D> **R1.02-1 Web-PE** : BEN HADID AMIRA -> <t:1764925200:t> - <t:1764932400:t> en __S16__
<t:1764937800:D> **17 R1.11 Com-TD** : DEBOUTE JOCELYNE -> <t:1764937800:t> - <t:1764945000:t> en __S15__

[2025-12-04T18:00:04.248Z] info: Message sent to channel 1395052443192266916: <t:1764918000:D> **15 R1.04 Intro Systèmes-TD** : BUYLE-BODIN NICOLAS -> <t:1764918000:t> - <t:1764925200:t> en __S24__
<t:1764925200:D> **R1.02-1 Web-PE** : BEN HADID AMIRA -> <t:1764925200:t> - <t:1764932400:t> en __S16__
<t:1764937800:D> **17 R1.11 Com-TD** : DEBOUTE JOCELYNE -> <t:1764937800:t> - <t:1764945000:t> en __S15__

[2025-12-04T18:00:04.250Z] info: Sending message to channel 1395052467070177290: <t:1764918000:D> **15 R1.04 Intro Systèmes-TD** : BUYLE-BODIN NICOLAS -> <t:1764918000:t> - <t:1764925200:t> en __S24__
<t:1764925200:D> **R1.02-1 Web-PE** : BEN HADID AMIRA -> <t:1764925200:t> - <t:1764932400:t> en __S16__
<t:1764937800:D> **17 R1.11 Com-TD** : DEBOUTE JOCELYNE -> <t:1764937800:t> - <t:1764945000:t> en __S15__

[2025-12-04T18:00:04.251Z] info: Message sent to channel 1395052467070177290: <t:1764918000:D> **15 R1.04 Intro Systèmes-TD** : BUYLE-BODIN NICOLAS -> <t:1764918000:t> - <t:1764925200:t> en __S24__
<t:1764925200:D> **R1.02-1 Web-PE** : BEN HADID AMIRA -> <t:1764925200:t> - <t:1764932400:t> en __S16__
<t:1764937800:D> **17 R1.11 Com-TD** : DEBOUTE JOCELYNE -> <t:1764937800:t> - <t:1764945000:t> en __S15__

[2025-12-04T18:00:04.253Z] info: Sending message to channel 1395052827985842288: <t:1764918000:D> **R1.01 initation dev TD** : BARON ARIANE -> <t:1764918000:t> - <t:1764925200:t> en __S12__
<t:1764925200:D> **R1.05-2 SQL-TPA** : BUYLE-BODIN NICOLAS -> <t:1764925200:t> - <t:1764932400:t> en __S14__
<t:1764937800:D> **R1.02-1 Web-PE** : BEN HADID AMIRA -> <t:1764937800:t> - <t:1764945000:t> en __S03__
<t:1764945000:D> **R1.10 Anglais-TPA P2** : BESSAC MARIETTE -> <t:1764945000:t> - <t:1764952200:t> en __028__

[2025-12-04T18:00:04.253Z] info: Message sent to channel 1395052827985842288: <t:1764918000:D> **R1.01 initation dev TD** : BARON ARIANE -> <t:1764918000:t> - <t:1764925200:t> en __S12__
<t:1764925200:D> **R1.05-2 SQL-TPA** : BUYLE-BODIN NICOLAS -> <t:1764925200:t> - <t:1764932400:t> en __S14__
<t:1764937800:D> **R1.02-1 Web-PE** : BEN HADID AMIRA -> <t:1764937800:t> - <t:1764945000:t> en __S03__
<t:1764945000:D> **R1.10 Anglais-TPA P2** : BESSAC MARIETTE -> <t:1764945000:t> - <t:1764952200:t> en __028__

[2025-12-04T18:00:04.254Z] info: Sending message to channel 1395052882486890707: <t:1764918000:D> **R1.01 initation dev TD** : BARON ARIANE -> <t:1764918000:t> - <t:1764925200:t> en __S12__
<t:1764925200:D> **21 SAE 101 102 Initiation Dev-TPB** : DAUTRAIX ISABELLE -> <t:1764925200:t> - <t:1764932400:t> en __S24__
<t:1764937800:D> **R1.02-1 Web-PE** : BEN HADID AMIRA -> <t:1764937800:t> - <t:1764945000:t> en __S03__

[2025-12-04T18:00:04.255Z] info: Message sent to channel 1395052882486890707: <t:1764918000:D> **R1.01 initation dev TD** : BARON ARIANE -> <t:1764918000:t> - <t:1764925200:t> en __S12__
<t:1764925200:D> **21 SAE 101 102 Initiation Dev-TPB** : DAUTRAIX ISABELLE -> <t:1764925200:t> - <t:1764932400:t> en __S24__
<t:1764937800:D> **R1.02-1 Web-PE** : BEN HADID AMIRA -> <t:1764937800:t> - <t:1764945000:t> en __S03__

[2025-12-04T18:00:04.255Z] info: Sending message to channel 1395371275643256924: <t:1764925200:D> **21 R3.01-2 Développement Web  : Javascript-TD** : YACOUBI AYADI NADIA -> <t:1764925200:t> - <t:1764932400:t> en __S03__
<t:1764937800:D> **13 R3.07 SQL et Programmation-TD** : BONNET CHRISTINE -> <t:1764937800:t> - <t:1764945000:t> en __S25__
<t:1764945000:D> **12 R3.12 Anglais-TD** : GARACCI DANIEL -> <t:1764945000:t> - <t:1764952200:t> en __026-Langues__

[2025-12-04T18:00:04.256Z] info: Message sent to channel 1395371275643256924: <t:1764925200:D> **21 R3.01-2 Développement Web  : Javascript-TD** : YACOUBI AYADI NADIA -> <t:1764925200:t> - <t:1764932400:t> en __S03__
<t:1764937800:D> **13 R3.07 SQL et Programmation-TD** : BONNET CHRISTINE -> <t:1764937800:t> - <t:1764945000:t> en __S25__
<t:1764945000:D> **12 R3.12 Anglais-TD** : GARACCI DANIEL -> <t:1764945000:t> - <t:1764952200:t> en __026-Langues__

[2025-12-04T18:00:04.256Z] info: Sending message to channel 1395371292533723147: <t:1764925200:D> **21 R3.01-2 Développement Web  : Javascript-TD** : YACOUBI AYADI NADIA -> <t:1764925200:t> - <t:1764932400:t> en __S03__
<t:1764937800:D> **13 R3.07 SQL et Programmation-TD** : BONNET CHRISTINE -> <t:1764937800:t> - <t:1764945000:t> en __S25__
<t:1764945000:D> **12 R3.12 Anglais-TD** : GARACCI DANIEL -> <t:1764945000:t> - <t:1764952200:t> en __026-Langues__

[2025-12-04T18:00:04.256Z] info: Message sent to channel 1395371292533723147: <t:1764925200:D> **21 R3.01-2 Développement Web  : Javascript-TD** : YACOUBI AYADI NADIA -> <t:1764925200:t> - <t:1764932400:t> en __S03__
<t:1764937800:D> **13 R3.07 SQL et Programmation-TD** : BONNET CHRISTINE -> <t:1764937800:t> - <t:1764945000:t> en __S25__
<t:1764945000:D> **12 R3.12 Anglais-TD** : GARACCI DANIEL -> <t:1764945000:t> - <t:1764952200:t> en __026-Langues__

[2025-12-04T18:00:04.257Z] info: Sending message to channel 1395371451573600287: <t:1764918000:D> **21 R3.01-2 Développement Web  : Javascript-TD** : LEROUX STEPHANE -> <t:1764918000:t> - <t:1764925200:t> en __S17__
<t:1764925200:D> **21 R3.01-2 Développement Web  : Javascript-TD** : LEROUX STEPHANE -> <t:1764925200:t> - <t:1764932400:t> en __S17__
<t:1764945000:D> **13 R3.07 SQL et Programmation-TD** : BONNET CHRISTINE -> <t:1764945000:t> - <t:1764952200:t> en __S14__

[2025-12-04T18:00:04.257Z] info: Message sent to channel 1395371451573600287: <t:1764918000:D> **21 R3.01-2 Développement Web  : Javascript-TD** : LEROUX STEPHANE -> <t:1764918000:t> - <t:1764925200:t> en __S17__
<t:1764925200:D> **21 R3.01-2 Développement Web  : Javascript-TD** : LEROUX STEPHANE -> <t:1764925200:t> - <t:1764932400:t> en __S17__
<t:1764945000:D> **13 R3.07 SQL et Programmation-TD** : BONNET CHRISTINE -> <t:1764945000:t> - <t:1764952200:t> en __S14__

[2025-12-04T18:00:04.258Z] info: Sending message to channel 1395371471345553540: <t:1764918000:D> **21 R3.01-2 Développement Web  : Javascript-TD** : LEROUX STEPHANE -> <t:1764918000:t> - <t:1764925200:t> en __S17__
<t:1764925200:D> **21 R3.01-2 Développement Web  : Javascript-TD** : LEROUX STEPHANE -> <t:1764925200:t> - <t:1764932400:t> en __S17__
<t:1764945000:D> **13 R3.07 SQL et Programmation-TD** : BONNET CHRISTINE -> <t:1764945000:t> - <t:1764952200:t> en __S14__

[2025-12-04T18:00:04.258Z] info: Message sent to channel 1395371471345553540: <t:1764918000:D> **21 R3.01-2 Développement Web  : Javascript-TD** : LEROUX STEPHANE -> <t:1764918000:t> - <t:1764925200:t> en __S17__
<t:1764925200:D> **21 R3.01-2 Développement Web  : Javascript-TD** : LEROUX STEPHANE -> <t:1764925200:t> - <t:1764932400:t> en __S17__
<t:1764945000:D> **13 R3.07 SQL et Programmation-TD** : BONNET CHRISTINE -> <t:1764945000:t> - <t:1764952200:t> en __S14__

[2025-12-04T18:00:04.259Z] info: Sending message to channel 1395371506099425310: <t:1764918000:D> **21 R3.11  Droit des contrats et du numérique-TD** : DUFOUR KARLINE -> <t:1764918000:t> - <t:1764925200:t> en __040__
<t:1764925200:D> **11 R3.11  Droit des contrats et du numérique-TD** : DUFOUR KARLINE -> <t:1764925200:t> - <t:1764932400:t> en __S11__
<t:1764937800:D> **12 R3.12 Anglais-TD** : GARACCI DANIEL -> <t:1764937800:t> - <t:1764945000:t> en __026-Langues__

[2025-12-04T18:00:04.259Z] info: Message sent to channel 1395371506099425310: <t:1764918000:D> **21 R3.11  Droit des contrats et du numérique-TD** : DUFOUR KARLINE -> <t:1764918000:t> - <t:1764925200:t> en __040__
<t:1764925200:D> **11 R3.11  Droit des contrats et du numérique-TD** : DUFOUR KARLINE -> <t:1764925200:t> - <t:1764932400:t> en __S11__
<t:1764937800:D> **12 R3.12 Anglais-TD** : GARACCI DANIEL -> <t:1764937800:t> - <t:1764945000:t> en __026-Langues__

[2025-12-04T18:00:04.260Z] info: Sending message to channel 1395371591797575750: <t:1764918000:D> **21 R3.11  Droit des contrats et du numérique-TD** : DUFOUR KARLINE -> <t:1764918000:t> - <t:1764925200:t> en __040__
<t:1764925200:D> **11 R3.11  Droit des contrats et du numérique-TD** : DUFOUR KARLINE -> <t:1764925200:t> - <t:1764932400:t> en __S11__
<t:1764937800:D> **12 R3.12 Anglais-TD** : GARACCI DANIEL -> <t:1764937800:t> - <t:1764945000:t> en __026-Langues__
<t:1764945000:D> **R3.06 Archi. Réseaux-TPB** : MERRHEIM XAVIER -> <t:1764945000:t> - <t:1764952200:t> en __S18 - TP Réseau__

[2025-12-04T18:00:04.260Z] info: Message sent to channel 1395371591797575750: <t:1764918000:D> **21 R3.11  Droit des contrats et du numérique-TD** : DUFOUR KARLINE -> <t:1764918000:t> - <t:1764925200:t> en __040__
<t:1764925200:D> **11 R3.11  Droit des contrats et du numérique-TD** : DUFOUR KARLINE -> <t:1764925200:t> - <t:1764932400:t> en __S11__
<t:1764937800:D> **12 R3.12 Anglais-TD** : GARACCI DANIEL -> <t:1764937800:t> - <t:1764945000:t> en __026-Langues__
<t:1764945000:D> **R3.06 Archi. Réseaux-TPB** : MERRHEIM XAVIER -> <t:1764945000:t> - <t:1764952200:t> en __S18 - TP Réseau__

[2025-12-04T18:00:04.261Z] info: Sending message to channel 1409494181839376455: <t:1764918000:D> **11R5.A.05-2 Angular DS** : YACOUBI AYADI NADIA -> <t:1764918000:t> - <t:1764925200:t> en __Amphi1__
<t:1764925200:D> **31R5.A.06 Programmation multimédia TPA** : PEYTAVIE ADRIEN -> <t:1764925200:t> - <t:1764932400:t> en __S27__
<t:1764937800:D> **11R5.A.14 Anglais TD** : BESSAC MARIETTE -> <t:1764937800:t> - <t:1764945000:t> en __S21__
<t:1764945000:D> **11R5.A.07 Automatisation** : BUSSON ANTHONY -> <t:1764945000:t> - <t:1764952200:t> en __S26__

[2025-12-04T18:00:04.261Z] info: Message sent to channel 1409494181839376455: <t:1764918000:D> **11R5.A.05-2 Angular DS** : YACOUBI AYADI NADIA -> <t:1764918000:t> - <t:1764925200:t> en __Amphi1__
<t:1764925200:D> **31R5.A.06 Programmation multimédia TPA** : PEYTAVIE ADRIEN -> <t:1764925200:t> - <t:1764932400:t> en __S27__
<t:1764937800:D> **11R5.A.14 Anglais TD** : BESSAC MARIETTE -> <t:1764937800:t> - <t:1764945000:t> en __S21__
<t:1764945000:D> **11R5.A.07 Automatisation** : BUSSON ANTHONY -> <t:1764945000:t> - <t:1764952200:t> en __S26__

[2025-12-04T18:00:04.263Z] info: Sending message to channel 1409494206942286006: <t:1764918000:D> **11R5.A.05-2 Angular DS** : YACOUBI AYADI NADIA -> <t:1764918000:t> - <t:1764925200:t> en __Amphi1__
<t:1764925200:D> **R5.03 Communication TPB** : DEBOUTE JOCELYNE -> <t:1764925200:t> - <t:1764932400:t> en __S21__
<t:1764937800:D> **11R5.A.14 Anglais TD** : BESSAC MARIETTE -> <t:1764937800:t> - <t:1764945000:t> en __S21__
<t:1764945000:D> **11R5.A.07 Automatisation** : BUSSON ANTHONY -> <t:1764945000:t> - <t:1764952200:t> en __S26__

[2025-12-04T18:00:04.264Z] info: Message sent to channel 1409494206942286006: <t:1764918000:D> **11R5.A.05-2 Angular DS** : YACOUBI AYADI NADIA -> <t:1764918000:t> - <t:1764925200:t> en __Amphi1__
<t:1764925200:D> **R5.03 Communication TPB** : DEBOUTE JOCELYNE -> <t:1764925200:t> - <t:1764932400:t> en __S21__
<t:1764937800:D> **11R5.A.14 Anglais TD** : BESSAC MARIETTE -> <t:1764937800:t> - <t:1764945000:t> en __S21__
<t:1764945000:D> **11R5.A.07 Automatisation** : BUSSON ANTHONY -> <t:1764945000:t> - <t:1764952200:t> en __S26__

[2025-12-04T18:00:04.266Z] info: Sending message to channel 1409495503292338257: <t:1764918000:D> **11R5.A.05-2 Angular DS** : YACOUBI AYADI NADIA -> <t:1764918000:t> - <t:1764925200:t> en __Amphi1__
<t:1764925200:D> **11R5.A.07 Automatisation** : BUSSON ANTHONY -> <t:1764925200:t> - <t:1764932400:t> en __S13__
<t:1764937800:D> **S5.A.01 SAE Dev avancé** : BUT3 RA3A -> <t:1764937800:t> - <t:1764945000:t> en __S13__

[2025-12-04T18:00:04.267Z] info: Message sent to channel 1409495503292338257: <t:1764918000:D> **11R5.A.05-2 Angular DS** : YACOUBI AYADI NADIA -> <t:1764918000:t> - <t:1764925200:t> en __Amphi1__
<t:1764925200:D> **11R5.A.07 Automatisation** : BUSSON ANTHONY -> <t:1764925200:t> - <t:1764932400:t> en __S13__
<t:1764937800:D> **S5.A.01 SAE Dev avancé** : BUT3 RA3A -> <t:1764937800:t> - <t:1764945000:t> en __S13__

[2025-12-04T18:00:04.268Z] info: Sending message to channel 1409495513891344426: <t:1764918000:D> **11R5.A.05-2 Angular DS** : YACOUBI AYADI NADIA -> <t:1764918000:t> - <t:1764925200:t> en __Amphi1__
<t:1764925200:D> **11R5.A.07 Automatisation** : BUSSON ANTHONY -> <t:1764925200:t> - <t:1764932400:t> en __S13__
<t:1764937800:D> **S5.A.01 SAE Dev avancé** : BUT3 RA3A -> <t:1764937800:t> - <t:1764945000:t> en __S13__

[2025-12-04T18:00:04.268Z] info: Message sent to channel 1409495513891344426: <t:1764918000:D> **11R5.A.05-2 Angular DS** : YACOUBI AYADI NADIA -> <t:1764918000:t> - <t:1764925200:t> en __Amphi1__
<t:1764925200:D> **11R5.A.07 Automatisation** : BUSSON ANTHONY -> <t:1764925200:t> - <t:1764932400:t> en __S13__
<t:1764937800:D> **S5.A.01 SAE Dev avancé** : BUT3 RA3A -> <t:1764937800:t> - <t:1764945000:t> en __S13__

[2025-12-04T18:00:04.269Z] info: Sending message to channel 1409495882436706366: <t:1764937800:D> **R5.01 Initiation Mangement CM** : ROUX DIT RICHE JULIEN -> <t:1764937800:t> - <t:1764945000:t> en __S01__
<t:1764945000:D> **R5.01 Initiation Mangement CM** : ROUX DIT RICHE JULIEN -> <t:1764945000:t> - <t:1764952200:t> en __S01__

[2025-12-04T18:00:04.269Z] info: Message sent to channel 1409495882436706366: <t:1764937800:D> **R5.01 Initiation Mangement CM** : ROUX DIT RICHE JULIEN -> <t:1764937800:t> - <t:1764945000:t> en __S01__
<t:1764945000:D> **R5.01 Initiation Mangement CM** : ROUX DIT RICHE JULIEN -> <t:1764945000:t> - <t:1764952200:t> en __S01__

[2025-12-04T18:00:04.270Z] info: Sending message to channel 1409496113396060181: <t:1764918000:D> **13 R5.C.01 initiation au management** : ROUX DIT RICHE JULIEN -> <t:1764918000:t> - <t:1764925200:t> en __S22__
<t:1764925200:D> **23 R5.C.01 initiation au management** : ROUX DIT RICHE JULIEN -> <t:1764925200:t> - <t:1764932400:t> en __S22__
<t:1764937800:D> **11 R5.C.11-1 contrôle de gestion** : PERRET YOANN -> <t:1764937800:t> - <t:1764945000:t> en __040__

[2025-12-04T18:00:04.271Z] info: Message sent to channel 1409496113396060181: <t:1764918000:D> **13 R5.C.01 initiation au management** : ROUX DIT RICHE JULIEN -> <t:1764918000:t> - <t:1764925200:t> en __S22__
<t:1764925200:D> **23 R5.C.01 initiation au management** : ROUX DIT RICHE JULIEN -> <t:1764925200:t> - <t:1764932400:t> en __S22__
<t:1764937800:D> **11 R5.C.11-1 contrôle de gestion** : PERRET YOANN -> <t:1764937800:t> - <t:1764945000:t> en __040__

[2025-12-04T18:00:04.271Z] info: Daily timetables sent
[2025-12-07T17:50:00.644Z] info: Downloading ICS files for next week for groups: aspea, aspeb, g1s1a, g1s1b, g2s1a, g2s1b, g3s1a, g3s1b, g4s1a, g4s1b, g5s1a, g5s1b, g1s3a, g1s3b, g2s3a, g2s3b, g3a2, g4s3a, g4s3b, but3ra1a, but3ra1b, but3ra2a, but3ra2b, but3ra3a, but3ra3b, but3dacs, but3aged
[2025-12-07T17:50:00.645Z] info: Downloading ICS file from https://edt.univ-lyon1.fr/jsp/custom/modules/plannings/anonymous_cal.jsp?resources=9272&projectId=1&calType=ical&firstDate=2025-12-08&lastDate=2025-12-14 to src/calendars/nextweek/aspea.ics
[2025-12-07T17:50:00.988Z] info: ICS file downloaded successfully to src/calendars/nextweek/aspea.ics
[2025-12-07T17:50:00.988Z] info: ICS file for aspea downloaded successfully.
[2025-12-07T17:50:00.989Z] info: Downloading ICS file from https://edt.univ-lyon1.fr/jsp/custom/modules/plannings/anonymous_cal.jsp?resources=18783&projectId=1&calType=ical&firstDate=2025-12-08&lastDate=2025-12-14 to src/calendars/nextweek/aspeb.ics
[2025-12-07T17:50:01.183Z] info: ICS file downloaded successfully to src/calendars/nextweek/aspeb.ics
[2025-12-07T17:50:01.184Z] info: ICS file for aspeb downloaded successfully.
[2025-12-07T17:50:01.184Z] info: Downloading ICS file from https://edt.univ-lyon1.fr/jsp/custom/modules/plannings/anonymous_cal.jsp?resources=12096&projectId=1&calType=ical&firstDate=2025-12-08&lastDate=2025-12-14 to src/calendars/nextweek/g1s1a.ics
[2025-12-07T17:50:01.665Z] info: ICS file downloaded successfully to src/calendars/nextweek/g1s1a.ics
[2025-12-07T17:50:01.666Z] info: ICS file for g1s1a downloaded successfully.
[2025-12-07T17:50:01.666Z] info: Downloading ICS file from https://edt.univ-lyon1.fr/jsp/custom/modules/plannings/anonymous_cal.jsp?resources=12102&projectId=1&calType=ical&firstDate=2025-12-08&lastDate=2025-12-14 to src/calendars/nextweek/g1s1b.ics
[2025-12-07T17:50:02.003Z] info: ICS file downloaded successfully to src/calendars/nextweek/g1s1b.ics
[2025-12-07T17:50:02.004Z] info: ICS file for g1s1b downloaded successfully.
[2025-12-07T17:50:02.004Z] info: Downloading ICS file from https://edt.univ-lyon1.fr/jsp/custom/modules/plannings/anonymous_cal.jsp?resources=12403&projectId=1&calType=ical&firstDate=2025-12-08&lastDate=2025-12-14 to src/calendars/nextweek/g2s1a.ics
[2025-12-07T17:50:02.342Z] info: ICS file downloaded successfully to src/calendars/nextweek/g2s1a.ics
[2025-12-07T17:50:02.342Z] info: ICS file for g2s1a downloaded successfully.
[2025-12-07T17:50:02.343Z] info: Downloading ICS file from https://edt.univ-lyon1.fr/jsp/custom/modules/plannings/anonymous_cal.jsp?resources=12406&projectId=1&calType=ical&firstDate=2025-12-08&lastDate=2025-12-14 to src/calendars/nextweek/g2s1b.ics
[2025-12-07T17:50:02.580Z] info: ICS file downloaded successfully to src/calendars/nextweek/g2s1b.ics
[2025-12-07T17:50:02.581Z] info: ICS file for g2s1b downloaded successfully.
[2025-12-07T17:50:02.581Z] info: Downloading ICS file from https://edt.univ-lyon1.fr/jsp/custom/modules/plannings/anonymous_cal.jsp?resources=12419&projectId=1&calType=ical&firstDate=2025-12-08&lastDate=2025-12-14 to src/calendars/nextweek/g3s1a.ics
[2025-12-07T17:50:02.682Z] info: ICS file downloaded successfully to src/calendars/nextweek/g3s1a.ics
[2025-12-07T17:50:02.683Z] info: ICS file for g3s1a downloaded successfully.
[2025-12-07T17:50:02.683Z] info: Downloading ICS file from https://edt.univ-lyon1.fr/jsp/custom/modules/plannings/anonymous_cal.jsp?resources=12425&projectId=1&calType=ical&firstDate=2025-12-08&lastDate=2025-12-14 to src/calendars/nextweek/g3s1b.ics
[2025-12-07T17:50:02.804Z] info: ICS file downloaded successfully to src/calendars/nextweek/g3s1b.ics
[2025-12-07T17:50:02.805Z] info: ICS file for g3s1b downloaded successfully.
[2025-12-07T17:50:02.805Z] info: Downloading ICS file from https://edt.univ-lyon1.fr/jsp/custom/modules/plannings/anonymous_cal.jsp?resources=12424&projectId=1&calType=ical&firstDate=2025-12-08&lastDate=2025-12-14 to src/calendars/nextweek/g4s1a.ics
[2025-12-07T17:50:02.960Z] info: ICS file downloaded successfully to src/calendars/nextweek/g4s1a.ics
[2025-12-07T17:50:02.961Z] info: ICS file for g4s1a downloaded successfully.
[2025-12-07T17:50:02.961Z] info: Downloading ICS file from https://edt.univ-lyon1.fr/jsp/custom/modules/plannings/anonymous_cal.jsp?resources=12444&projectId=1&calType=ical&firstDate=2025-12-08&lastDate=2025-12-14 to src/calendars/nextweek/g4s1b.ics
[2025-12-07T17:50:03.072Z] info: ICS file downloaded successfully to src/calendars/nextweek/g4s1b.ics
[2025-12-07T17:50:03.073Z] info: ICS file for g4s1b downloaded successfully.
[2025-12-07T17:50:03.073Z] info: Downloading ICS file from https://edt.univ-lyon1.fr/jsp/custom/modules/plannings/anonymous_cal.jsp?resources=12460&projectId=1&calType=ical&firstDate=2025-12-08&lastDate=2025-12-14 to src/calendars/nextweek/g5s1a.ics
[2025-12-07T17:50:03.192Z] info: ICS file downloaded successfully to src/calendars/nextweek/g5s1a.ics
[2025-12-07T17:50:03.192Z] info: ICS file for g5s1a downloaded successfully.
[2025-12-07T17:50:03.193Z] info: Downloading ICS file from https://edt.univ-lyon1.fr/jsp/custom/modules/plannings/anonymous_cal.jsp?resources=12461&projectId=1&calType=ical&firstDate=2025-12-08&lastDate=2025-12-14 to src/calendars/nextweek/g5s1b.ics
[2025-12-07T17:50:03.313Z] info: ICS file downloaded successfully to src/calendars/nextweek/g5s1b.ics
[2025-12-07T17:50:03.314Z] info: ICS file for g5s1b downloaded successfully.
[2025-12-07T17:50:03.314Z] info: Downloading ICS file from https://edt.univ-lyon1.fr/jsp/custom/modules/plannings/anonymous_cal.jsp?resources=35708&projectId=1&calType=ical&firstDate=2025-12-08&lastDate=2025-12-14 to src/calendars/nextweek/g1s3a.ics
[2025-12-07T17:50:03.415Z] info: ICS file downloaded successfully to src/calendars/nextweek/g1s3a.ics
[2025-12-07T17:50:03.416Z] info: ICS file for g1s3a downloaded successfully.
[2025-12-07T17:50:03.416Z] info: Downloading ICS file from https://edt.univ-lyon1.fr/jsp/custom/modules/plannings/anonymous_cal.jsp?resources=35709&projectId=1&calType=ical&firstDate=2025-12-08&lastDate=2025-12-14 to src/calendars/nextweek/g1s3b.ics
[2025-12-07T17:50:03.517Z] info: ICS file downloaded successfully to src/calendars/nextweek/g1s3b.ics
[2025-12-07T17:50:03.517Z] info: ICS file for g1s3b downloaded successfully.
[2025-12-07T17:50:03.518Z] info: Downloading ICS file from https://edt.univ-lyon1.fr/jsp/custom/modules/plannings/anonymous_cal.jsp?resources=35710&projectId=1&calType=ical&firstDate=2025-12-08&lastDate=2025-12-14 to src/calendars/nextweek/g2s3a.ics
[2025-12-07T17:50:03.611Z] info: ICS file downloaded successfully to src/calendars/nextweek/g2s3a.ics
[2025-12-07T17:50:03.611Z] info: ICS file for g2s3a downloaded successfully.
[2025-12-07T17:50:03.613Z] info: Downloading ICS file from https://edt.univ-lyon1.fr/jsp/custom/modules/plannings/anonymous_cal.jsp?resources=35713&projectId=1&calType=ical&firstDate=2025-12-08&lastDate=2025-12-14 to src/calendars/nextweek/g2s3b.ics
[2025-12-07T17:50:03.730Z] info: ICS file downloaded successfully to src/calendars/nextweek/g2s3b.ics
[2025-12-07T17:50:03.731Z] info: ICS file for g2s3b downloaded successfully.
[2025-12-07T17:50:03.731Z] info: Downloading ICS file from https://edt.univ-lyon1.fr/jsp/custom/modules/plannings/anonymous_cal.jsp?resources=35714&projectId=1&calType=ical&firstDate=2025-12-08&lastDate=2025-12-14 to src/calendars/nextweek/g3a2.ics
[2025-12-07T17:50:03.859Z] info: ICS file downloaded successfully to src/calendars/nextweek/g3a2.ics
[2025-12-07T17:50:03.859Z] info: ICS file for g3a2 downloaded successfully.
[2025-12-07T17:50:03.859Z] info: Downloading ICS file from https://edt.univ-lyon1.fr/jsp/custom/modules/plannings/anonymous_cal.jsp?resources=35717&projectId=1&calType=ical&firstDate=2025-12-08&lastDate=2025-12-14 to src/calendars/nextweek/g4s3a.ics
[2025-12-07T17:50:03.967Z] info: ICS file downloaded successfully to src/calendars/nextweek/g4s3a.ics
[2025-12-07T17:50:03.967Z] info: ICS file for g4s3a downloaded successfully.
[2025-12-07T17:50:03.967Z] info: Downloading ICS file from https://edt.univ-lyon1.fr/jsp/custom/modules/plannings/anonymous_cal.jsp?resources=35718&projectId=1&calType=ical&firstDate=2025-12-08&lastDate=2025-12-14 to src/calendars/nextweek/g4s3b.ics
[2025-12-07T17:50:04.051Z] info: ICS file downloaded successfully to src/calendars/nextweek/g4s3b.ics
[2025-12-07T17:50:04.051Z] info: ICS file for g4s3b downloaded successfully.
[2025-12-07T17:50:04.051Z] info: Downloading ICS file from https://edt.univ-lyon1.fr/jsp/custom/modules/plannings/anonymous_cal.jsp?resources=6161&projectId=1&calType=ical&firstDate=2025-12-08&lastDate=2025-12-14 to src/calendars/nextweek/but3ra1a.ics
[2025-12-07T17:50:04.152Z] info: ICS file downloaded successfully to src/calendars/nextweek/but3ra1a.ics
[2025-12-07T17:50:04.153Z] info: ICS file for but3ra1a downloaded successfully.
[2025-12-07T17:50:04.153Z] info: Downloading ICS file from https://edt.univ-lyon1.fr/jsp/custom/modules/plannings/anonymous_cal.jsp?resources=6163&projectId=1&calType=ical&firstDate=2025-12-08&lastDate=2025-12-14 to src/calendars/nextweek/but3ra1b.ics
[2025-12-07T17:50:04.264Z] info: ICS file downloaded successfully to src/calendars/nextweek/but3ra1b.ics
[2025-12-07T17:50:04.265Z] info: ICS file for but3ra1b downloaded successfully.
[2025-12-07T17:50:04.265Z] info: Downloading ICS file from https://edt.univ-lyon1.fr/jsp/custom/modules/plannings/anonymous_cal.jsp?resources=6165&projectId=1&calType=ical&firstDate=2025-12-08&lastDate=2025-12-14 to src/calendars/nextweek/but3ra2a.ics
[2025-12-07T17:50:04.364Z] info: ICS file downloaded successfully to src/calendars/nextweek/but3ra2a.ics
[2025-12-07T17:50:04.365Z] info: ICS file for but3ra2a downloaded successfully.
[2025-12-07T17:50:04.365Z] info: Downloading ICS file from https://edt.univ-lyon1.fr/jsp/custom/modules/plannings/anonymous_cal.jsp?resources=6168&projectId=1&calType=ical&firstDate=2025-12-08&lastDate=2025-12-14 to src/calendars/nextweek/but3ra2b.ics
[2025-12-07T17:50:04.480Z] info: ICS file downloaded successfully to src/calendars/nextweek/but3ra2b.ics
[2025-12-07T17:50:04.480Z] info: ICS file for but3ra2b downloaded successfully.
[2025-12-07T17:50:04.481Z] info: Downloading ICS file from https://edt.univ-lyon1.fr/jsp/custom/modules/plannings/anonymous_cal.jsp?resources=14059&projectId=1&calType=ical&firstDate=2025-12-08&lastDate=2025-12-14 to src/calendars/nextweek/but3ra3a.ics
[2025-12-07T17:50:04.576Z] info: ICS file downloaded successfully to src/calendars/nextweek/but3ra3a.ics
[2025-12-07T17:50:04.576Z] info: ICS file for but3ra3a downloaded successfully.
[2025-12-07T17:50:04.576Z] info: Downloading ICS file from https://edt.univ-lyon1.fr/jsp/custom/modules/plannings/anonymous_cal.jsp?resources=14064&projectId=1&calType=ical&firstDate=2025-12-08&lastDate=2025-12-14 to src/calendars/nextweek/but3ra3b.ics
[2025-12-07T17:50:04.664Z] info: ICS file downloaded successfully to src/calendars/nextweek/but3ra3b.ics
[2025-12-07T17:50:04.665Z] info: ICS file for but3ra3b downloaded successfully.
[2025-12-07T17:50:04.665Z] info: Downloading ICS file from https://edt.univ-lyon1.fr/jsp/custom/modules/plannings/anonymous_cal.jsp?resources=6136&projectId=1&calType=ical&firstDate=2025-12-08&lastDate=2025-12-14 to src/calendars/nextweek/but3dacs.ics
[2025-12-07T17:50:04.745Z] info: ICS file downloaded successfully to src/calendars/nextweek/but3dacs.ics
[2025-12-07T17:50:04.745Z] info: ICS file for but3dacs downloaded successfully.
[2025-12-07T17:50:04.745Z] info: Downloading ICS file from https://edt.univ-lyon1.fr/jsp/custom/modules/plannings/anonymous_cal.jsp?resources=6048&projectId=1&calType=ical&firstDate=2025-12-08&lastDate=2025-12-14 to src/calendars/nextweek/but3aged.ics
[2025-12-07T17:50:04.822Z] info: ICS file downloaded successfully to src/calendars/nextweek/but3aged.ics
[2025-12-07T17:50:04.823Z] info: ICS file for but3aged downloaded successfully.
[2025-12-07T17:50:04.823Z] info: Sending weekly timetables
[2025-12-07T17:50:04.839Z] info: Sending message to channel 1395371772550975558: <t:1765177200:D> **IntroDev TD** : DUCHENE ERIC -> <t:1765177200:t> - <t:1765184400:t> en __S27__
<t:1765184400:D> **11Windows** : LEFEBVRE JULIEN -> <t:1765184400:t> - <t:1765191600:t> en __S27__
<t:1765191600:D> **Soutien Java** : VIDAL VINCENT -> <t:1765191600:t> - <t:1765198800:t> en __S27__
<t:1765198800:D> **11Economie durable et numérique** : LAGACHE ALEXANDRA -> <t:1765198800:t> - <t:1765206000:t> en __S15__
<t:1765263600:D> **21Analyse et conception objet** : PERNELLE PHILIPPE -> <t:1765263600:t> - <t:1765270800:t> en __S27__
<t:1765270800:D> **11Analyse et conception objet** : PERNELLE PHILIPPE -> <t:1765270800:t> - <t:1765278000:t> en __S27__
<t:1765285200:D> **11Graphes** : LEROUX STEPHANE -> <t:1765285200:t> - <t:1765292400:t> en __S11__
<t:1765357200:D> **IntroDev2 TD** : DUCHENE ERIC -> <t:1765357200:t> - <t:1765364400:t> en __S17__
<t:1765371600:D> **Java-TP** : VIDAL VINCENT -> <t:1765371600:t> - <t:1765378800:t> en __S27__
<t:1765378800:D> **Communication et service réseaux-TD** : BARON ARIANE -> <t:1765378800:t> - <t:1765386000:t> en __S12__
<t:1765436400:D> **11Java-TD** : VIDAL VINCENT -> <t:1765436400:t> - <t:1765443600:t> en __S27__
<t:1765443600:D> **Anglais TPS3** : CANQUE FLORENCE -> <t:1765443600:t> - <t:1765450800:t> en __026-Langues__
<t:1765456200:D> **Anglais TPS3** : CANQUE FLORENCE -> <t:1765456200:t> - <t:1765463400:t> en __028__
<t:1765530000:D> **21Graphes** : LEROUX STEPHANE -> <t:1765530000:t> - <t:1765537200:t> en __S11__

[2025-12-07T17:50:04.840Z] info: Message sent to channel 1395371772550975558: <t:1765177200:D> **IntroDev TD** : DUCHENE ERIC -> <t:1765177200:t> - <t:1765184400:t> en __S27__
<t:1765184400:D> **11Windows** : LEFEBVRE JULIEN -> <t:1765184400:t> - <t:1765191600:t> en __S27__
<t:1765191600:D> **Soutien Java** : VIDAL VINCENT -> <t:1765191600:t> - <t:1765198800:t> en __S27__
<t:1765198800:D> **11Economie durable et numérique** : LAGACHE ALEXANDRA -> <t:1765198800:t> - <t:1765206000:t> en __S15__
<t:1765263600:D> **21Analyse et conception objet** : PERNELLE PHILIPPE -> <t:1765263600:t> - <t:1765270800:t> en __S27__
<t:1765270800:D> **11Analyse et conception objet** : PERNELLE PHILIPPE -> <t:1765270800:t> - <t:1765278000:t> en __S27__
<t:1765285200:D> **11Graphes** : LEROUX STEPHANE -> <t:1765285200:t> - <t:1765292400:t> en __S11__
<t:1765357200:D> **IntroDev2 TD** : DUCHENE ERIC -> <t:1765357200:t> - <t:1765364400:t> en __S17__
<t:1765371600:D> **Java-TP** : VIDAL VINCENT -> <t:1765371600:t> - <t:1765378800:t> en __S27__
<t:1765378800:D> **Communication et service réseaux-TD** : BARON ARIANE -> <t:1765378800:t> - <t:1765386000:t> en __S12__
<t:1765436400:D> **11Java-TD** : VIDAL VINCENT -> <t:1765436400:t> - <t:1765443600:t> en __S27__
<t:1765443600:D> **Anglais TPS3** : CANQUE FLORENCE -> <t:1765443600:t> - <t:1765450800:t> en __026-Langues__
<t:1765456200:D> **Anglais TPS3** : CANQUE FLORENCE -> <t:1765456200:t> - <t:1765463400:t> en __028__
<t:1765530000:D> **21Graphes** : LEROUX STEPHANE -> <t:1765530000:t> - <t:1765537200:t> en __S11__

[2025-12-07T17:50:04.842Z] info: Sending message to channel 1395052296521646282: <t:1765184400:D> **R1.02-1 Web-PE** : BUYLE-BODIN NICOLAS -> <t:1765184400:t> - <t:1765191600:t> en __S24__
<t:1765198800:D> **SAE 101 102 Initiation Dev** : BUYLE-BODIN NICOLAS -> <t:1765198800:t> - <t:1765206000:t> en __S24__
<t:1765206000:D> **R1.10 Anglais-TPA P2** : CANQUE FLORENCE -> <t:1765206000:t> - <t:1765213200:t> en __026-Langues__
<t:1765270800:D> **11 R1.08 Gestion Proj. Orga-TD** : LAGACHE ALEXANDRA -> <t:1765270800:t> - <t:1765278000:t> en __S10__
<t:1765285200:D> **24 R1.06 Maths discrètes TD** : JALOUX CHRISTOPHE -> <t:1765285200:t> - <t:1765292400:t> en __S10__
<t:1765292400:D> **R1.05-2 SQL DS G1G2** : BARON ARIANE -> <t:1765292400:t> - <t:1765299600:t> en __Amphi1__
<t:1765350000:D> **18 R1.11 Com-PE** : BESSON MATHIEU -> <t:1765350000:t> - <t:1765357200:t> en __037-Conseil__
<t:1765357200:D> **R1.01 initation dev TD P15** : BUYLE-BODIN NICOLAS -> <t:1765357200:t> - <t:1765364400:t> en __S11__
<t:1765371600:D> **SAE Autonomie G1** : G1S1A -> <t:1765371600:t> - <t:1765378800:t> en __S13__
<t:1765378800:D> **R1.08 Gestion Proj. Orga-TD** : LAGACHE ALEXANDRA -> <t:1765378800:t> - <t:1765386000:t> en __S11__
<t:1765436400:D> **R1.01 Initiation dev-TPA** : BUYLE-BODIN NICOLAS -> <t:1765436400:t> - <t:1765443600:t> en __S03__
<t:1765443600:D> **R1.05-2 SQL-PE** : BARON ARIANE -> <t:1765443600:t> - <t:1765450800:t> en __S14__
<t:1765522800:D> **13 R1.06 Maths discrètes TD** : JALOUX CHRISTOPHE -> <t:1765522800:t> - <t:1765530000:t> en __S10__
<t:1765530000:D> **R1.04 Intro Systèmes-TPA** : DAUTRAIX ISABELLE -> <t:1765530000:t> - <t:1765537200:t> en __S24__
<t:1765549800:D> **SAE Autonomie G1** : G1S1A -> <t:1765549800:t> - <t:1765557000:t> en __S24__
<t:1765609200:D> **R1.05-2 SQL-TD** : BARON ARIANE -> <t:1765609200:t> - <t:1765616400:t> en __S14__

[2025-12-07T17:50:04.843Z] info: Message sent to channel 1395052296521646282: <t:1765184400:D> **R1.02-1 Web-PE** : BUYLE-BODIN NICOLAS -> <t:1765184400:t> - <t:1765191600:t> en __S24__
<t:1765198800:D> **SAE 101 102 Initiation Dev** : BUYLE-BODIN NICOLAS -> <t:1765198800:t> - <t:1765206000:t> en __S24__
<t:1765206000:D> **R1.10 Anglais-TPA P2** : CANQUE FLORENCE -> <t:1765206000:t> - <t:1765213200:t> en __026-Langues__
<t:1765270800:D> **11 R1.08 Gestion Proj. Orga-TD** : LAGACHE ALEXANDRA -> <t:1765270800:t> - <t:1765278000:t> en __S10__
<t:1765285200:D> **24 R1.06 Maths discrètes TD** : JALOUX CHRISTOPHE -> <t:1765285200:t> - <t:1765292400:t> en __S10__
<t:1765292400:D> **R1.05-2 SQL DS G1G2** : BARON ARIANE -> <t:1765292400:t> - <t:1765299600:t> en __Amphi1__
<t:1765350000:D> **18 R1.11 Com-PE** : BESSON MATHIEU -> <t:1765350000:t> - <t:1765357200:t> en __037-Conseil__
<t:1765357200:D> **R1.01 initation dev TD P15** : BUYLE-BODIN NICOLAS -> <t:1765357200:t> - <t:1765364400:t> en __S11__
<t:1765371600:D> **SAE Autonomie G1** : G1S1A -> <t:1765371600:t> - <t:1765378800:t> en __S13__
<t:1765378800:D> **R1.08 Gestion Proj. Orga-TD** : LAGACHE ALEXANDRA -> <t:1765378800:t> - <t:1765386000:t> en __S11__
<t:1765436400:D> **R1.01 Initiation dev-TPA** : BUYLE-BODIN NICOLAS -> <t:1765436400:t> - <t:1765443600:t> en __S03__
<t:1765443600:D> **R1.05-2 SQL-PE** : BARON ARIANE -> <t:1765443600:t> - <t:1765450800:t> en __S14__
<t:1765522800:D> **13 R1.06 Maths discrètes TD** : JALOUX CHRISTOPHE -> <t:1765522800:t> - <t:1765530000:t> en __S10__
<t:1765530000:D> **R1.04 Intro Systèmes-TPA** : DAUTRAIX ISABELLE -> <t:1765530000:t> - <t:1765537200:t> en __S24__
<t:1765549800:D> **SAE Autonomie G1** : G1S1A -> <t:1765549800:t> - <t:1765557000:t> en __S24__
<t:1765609200:D> **R1.05-2 SQL-TD** : BARON ARIANE -> <t:1765609200:t> - <t:1765616400:t> en __S14__

[2025-12-07T17:50:04.845Z] info: Sending message to channel 1395052332969885726: <t:1765184400:D> **R1.02-1 Web-PE** : BUYLE-BODIN NICOLAS -> <t:1765184400:t> - <t:1765191600:t> en __S24__
<t:1765198800:D> **SAE 101 102 Initiation Dev** : BUYLE-BODIN NICOLAS -> <t:1765198800:t> - <t:1765206000:t> en __S24__
<t:1765206000:D> **R1.10 Anglais-TPB P2** : BESSAC MARIETTE -> <t:1765206000:t> - <t:1765213200:t> en __028__
<t:1765263600:D> **R1.04 Intro Systèmes-TPB** : DAUTRAIX ISABELLE -> <t:1765263600:t> - <t:1765270800:t> en __S16__
<t:1765270800:D> **11 R1.08 Gestion Proj. Orga-TD** : LAGACHE ALEXANDRA -> <t:1765270800:t> - <t:1765278000:t> en __S10__
<t:1765285200:D> **24 R1.06 Maths discrètes TD** : JALOUX CHRISTOPHE -> <t:1765285200:t> - <t:1765292400:t> en __S10__
<t:1765292400:D> **R1.05-2 SQL DS G1G2** : BARON ARIANE -> <t:1765292400:t> - <t:1765299600:t> en __Amphi1__
<t:1765350000:D> **18 R1.11 Com-PE** : BESSON MATHIEU -> <t:1765350000:t> - <t:1765357200:t> en __037-Conseil__
<t:1765357200:D> **R1.01 initation dev TD P15** : BUYLE-BODIN NICOLAS -> <t:1765357200:t> - <t:1765364400:t> en __S11__
<t:1765371600:D> **SAE Autonomie G1** : G1S1A -> <t:1765371600:t> - <t:1765378800:t> en __S13__
<t:1765378800:D> **R1.08 Gestion Proj. Orga-TD** : LAGACHE ALEXANDRA -> <t:1765378800:t> - <t:1765386000:t> en __S11__
<t:1765443600:D> **R1.05-2 SQL-PE** : BARON ARIANE -> <t:1765443600:t> - <t:1765450800:t> en __S14__
<t:1765522800:D> **13 R1.06 Maths discrètes TD** : JALOUX CHRISTOPHE -> <t:1765522800:t> - <t:1765530000:t> en __S10__
<t:1765530000:D> **R1.01 Initiation dev-TPB** : BUYLE-BODIN NICOLAS -> <t:1765530000:t> - <t:1765537200:t> en __S16__
<t:1765542600:D> **R1.12 PPP-TPB** : DECHAVANNE LAURINE -> <t:1765542600:t> - <t:1765549800:t> en __S16__
<t:1765549800:D> **SAE Autonomie G1** : G1S1A -> <t:1765549800:t> - <t:1765557000:t> en __S24__
<t:1765609200:D> **R1.05-2 SQL-TD** : BARON ARIANE -> <t:1765609200:t> - <t:1765616400:t> en __S14__

[2025-12-07T17:50:04.845Z] info: Message sent to channel 1395052332969885726: <t:1765184400:D> **R1.02-1 Web-PE** : BUYLE-BODIN NICOLAS -> <t:1765184400:t> - <t:1765191600:t> en __S24__
<t:1765198800:D> **SAE 101 102 Initiation Dev** : BUYLE-BODIN NICOLAS -> <t:1765198800:t> - <t:1765206000:t> en __S24__
<t:1765206000:D> **R1.10 Anglais-TPB P2** : BESSAC MARIETTE -> <t:1765206000:t> - <t:1765213200:t> en __028__
<t:1765263600:D> **R1.04 Intro Systèmes-TPB** : DAUTRAIX ISABELLE -> <t:1765263600:t> - <t:1765270800:t> en __S16__
<t:1765270800:D> **11 R1.08 Gestion Proj. Orga-TD** : LAGACHE ALEXANDRA -> <t:1765270800:t> - <t:1765278000:t> en __S10__
<t:1765285200:D> **24 R1.06 Maths discrètes TD** : JALOUX CHRISTOPHE -> <t:1765285200:t> - <t:1765292400:t> en __S10__
<t:1765292400:D> **R1.05-2 SQL DS G1G2** : BARON ARIANE -> <t:1765292400:t> - <t:1765299600:t> en __Amphi1__
<t:1765350000:D> **18 R1.11 Com-PE** : BESSON MATHIEU -> <t:1765350000:t> - <t:1765357200:t> en __037-Conseil__
<t:1765357200:D> **R1.01 initation dev TD P15** : BUYLE-BODIN NICOLAS -> <t:1765357200:t> - <t:1765364400:t> en __S11__
<t:1765371600:D> **SAE Autonomie G1** : G1S1A -> <t:1765371600:t> - <t:1765378800:t> en __S13__
<t:1765378800:D> **R1.08 Gestion Proj. Orga-TD** : LAGACHE ALEXANDRA -> <t:1765378800:t> - <t:1765386000:t> en __S11__
<t:1765443600:D> **R1.05-2 SQL-PE** : BARON ARIANE -> <t:1765443600:t> - <t:1765450800:t> en __S14__
<t:1765522800:D> **13 R1.06 Maths discrètes TD** : JALOUX CHRISTOPHE -> <t:1765522800:t> - <t:1765530000:t> en __S10__
<t:1765530000:D> **R1.01 Initiation dev-TPB** : BUYLE-BODIN NICOLAS -> <t:1765530000:t> - <t:1765537200:t> en __S16__
<t:1765542600:D> **R1.12 PPP-TPB** : DECHAVANNE LAURINE -> <t:1765542600:t> - <t:1765549800:t> en __S16__
<t:1765549800:D> **SAE Autonomie G1** : G1S1A -> <t:1765549800:t> - <t:1765557000:t> en __S24__
<t:1765609200:D> **R1.05-2 SQL-TD** : BARON ARIANE -> <t:1765609200:t> - <t:1765616400:t> en __S14__

[2025-12-07T17:50:04.849Z] info: Sending message to channel 1395052379866660874: <t:1765177200:D> **17 R1.11 Com-TD** : SAUJOT GUILLAUME -> <t:1765177200:t> - <t:1765184400:t> en __037-Conseil__
<t:1765184400:D> **SAE Autonomie G2** : G2S1A -> <t:1765184400:t> - <t:1765191600:t> en __S26__
<t:1765198800:D> **R1.10 Anglais-TPA P2** : CANQUE FLORENCE -> <t:1765198800:t> - <t:1765206000:t> en __026-Langues__
<t:1765263600:D> **24 R1.06 Maths discrètes TD** : JALOUX CHRISTOPHE -> <t:1765263600:t> - <t:1765270800:t> en __S10__
<t:1765270800:D> **R1.04 Intro Systèmes-TPA** : BUYLE-BODIN NICOLAS -> <t:1765270800:t> - <t:1765278000:t> en __S24__
<t:1765285200:D> **SAE 101 102 Initiation Dev** : NDIAYE SAMBA NDOJH -> <t:1765285200:t> - <t:1765292400:t> en __S03__
<t:1765292400:D> **R1.05-2 SQL DS G1G2** : BARON ARIANE -> <t:1765292400:t> - <t:1765299600:t> en __Amphi1__
<t:1765350000:D> **R1.01 Initiation dev-TPA** : DAUTRAIX ISABELLE -> <t:1765350000:t> - <t:1765357200:t> en __S24__
<t:1765357200:D> **R1.01 initation dev TD P15** : DAUTRAIX ISABELLE -> <t:1765357200:t> - <t:1765364400:t> en __S21__
<t:1765371600:D> **11 R1.08 Gestion Proj. Orga-TD** : BOUHADDOUDA ANISSA -> <t:1765371600:t> - <t:1765378800:t> en __S10__
<t:1765378800:D> **R1.08 Gestion Proj. Orga-TD** : BOUHADDOUDA ANISSA -> <t:1765378800:t> - <t:1765386000:t> en __040__
<t:1765436400:D> **R1.05-2 SQL-PE** : BARON ARIANE -> <t:1765436400:t> - <t:1765443600:t> en __S14__
<t:1765522800:D> **SAE Autonomie G2** : G2S1A -> <t:1765522800:t> - <t:1765530000:t> en __S27__
<t:1765530000:D> **13 R1.06 Maths discrètes TD** : JALOUX CHRISTOPHE -> <t:1765530000:t> - <t:1765537200:t> en __S10__
<t:1765542600:D> **R1.02-1 Web-PE** : LEROUX STEPHANE -> <t:1765542600:t> - <t:1765549800:t> en __S24__
<t:1765616400:D> **R1.05-2 SQL-TD** : BARON ARIANE -> <t:1765616400:t> - <t:1765623600:t> en __S14__

[2025-12-07T17:50:04.849Z] info: Message sent to channel 1395052379866660874: <t:1765177200:D> **17 R1.11 Com-TD** : SAUJOT GUILLAUME -> <t:1765177200:t> - <t:1765184400:t> en __037-Conseil__
<t:1765184400:D> **SAE Autonomie G2** : G2S1A -> <t:1765184400:t> - <t:1765191600:t> en __S26__
<t:1765198800:D> **R1.10 Anglais-TPA P2** : CANQUE FLORENCE -> <t:1765198800:t> - <t:1765206000:t> en __026-Langues__
<t:1765263600:D> **24 R1.06 Maths discrètes TD** : JALOUX CHRISTOPHE -> <t:1765263600:t> - <t:1765270800:t> en __S10__
<t:1765270800:D> **R1.04 Intro Systèmes-TPA** : BUYLE-BODIN NICOLAS -> <t:1765270800:t> - <t:1765278000:t> en __S24__
<t:1765285200:D> **SAE 101 102 Initiation Dev** : NDIAYE SAMBA NDOJH -> <t:1765285200:t> - <t:1765292400:t> en __S03__
<t:1765292400:D> **R1.05-2 SQL DS G1G2** : BARON ARIANE -> <t:1765292400:t> - <t:1765299600:t> en __Amphi1__
<t:1765350000:D> **R1.01 Initiation dev-TPA** : DAUTRAIX ISABELLE -> <t:1765350000:t> - <t:1765357200:t> en __S24__
<t:1765357200:D> **R1.01 initation dev TD P15** : DAUTRAIX ISABELLE -> <t:1765357200:t> - <t:1765364400:t> en __S21__
<t:1765371600:D> **11 R1.08 Gestion Proj. Orga-TD** : BOUHADDOUDA ANISSA -> <t:1765371600:t> - <t:1765378800:t> en __S10__
<t:1765378800:D> **R1.08 Gestion Proj. Orga-TD** : BOUHADDOUDA ANISSA -> <t:1765378800:t> - <t:1765386000:t> en __040__
<t:1765436400:D> **R1.05-2 SQL-PE** : BARON ARIANE -> <t:1765436400:t> - <t:1765443600:t> en __S14__
<t:1765522800:D> **SAE Autonomie G2** : G2S1A -> <t:1765522800:t> - <t:1765530000:t> en __S27__
<t:1765530000:D> **13 R1.06 Maths discrètes TD** : JALOUX CHRISTOPHE -> <t:1765530000:t> - <t:1765537200:t> en __S10__
<t:1765542600:D> **R1.02-1 Web-PE** : LEROUX STEPHANE -> <t:1765542600:t> - <t:1765549800:t> en __S24__
<t:1765616400:D> **R1.05-2 SQL-TD** : BARON ARIANE -> <t:1765616400:t> - <t:1765623600:t> en __S14__

[2025-12-07T17:50:04.851Z] info: Sending message to channel 1395052392092930048: <t:1765177200:D> **17 R1.11 Com-TD** : SAUJOT GUILLAUME -> <t:1765177200:t> - <t:1765184400:t> en __037-Conseil__
<t:1765184400:D> **SAE Autonomie G2** : G2S1A -> <t:1765184400:t> - <t:1765191600:t> en __S26__
<t:1765198800:D> **R1.10 Anglais-TPB P2** : BESSAC MARIETTE -> <t:1765198800:t> - <t:1765206000:t> en __028__
<t:1765263600:D> **24 R1.06 Maths discrètes TD** : JALOUX CHRISTOPHE -> <t:1765263600:t> - <t:1765270800:t> en __S10__
<t:1765270800:D> **R1.01 Initiation dev-TPB** : DAUTRAIX ISABELLE -> <t:1765270800:t> - <t:1765278000:t> en __S03__
<t:1765285200:D> **SAE 101 102 Initiation Dev** : NDIAYE SAMBA NDOJH -> <t:1765285200:t> - <t:1765292400:t> en __S03__
<t:1765292400:D> **R1.05-2 SQL DS G1G2** : BARON ARIANE -> <t:1765292400:t> - <t:1765299600:t> en __Amphi1__
<t:1765357200:D> **R1.01 initation dev TD P15** : DAUTRAIX ISABELLE -> <t:1765357200:t> - <t:1765364400:t> en __S21__
<t:1765371600:D> **11 R1.08 Gestion Proj. Orga-TD** : BOUHADDOUDA ANISSA -> <t:1765371600:t> - <t:1765378800:t> en __S10__
<t:1765378800:D> **R1.08 Gestion Proj. Orga-TD** : BOUHADDOUDA ANISSA -> <t:1765378800:t> - <t:1765386000:t> en __040__
<t:1765436400:D> **R1.05-2 SQL-PE** : BARON ARIANE -> <t:1765436400:t> - <t:1765443600:t> en __S14__
<t:1765443600:D> **R1.04 Intro Systèmes-TPB** : BUYLE-BODIN NICOLAS -> <t:1765443600:t> - <t:1765450800:t> en __S24__
<t:1765522800:D> **SAE Autonomie G2** : G2S1A -> <t:1765522800:t> - <t:1765530000:t> en __S27__
<t:1765530000:D> **13 R1.06 Maths discrètes TD** : JALOUX CHRISTOPHE -> <t:1765530000:t> - <t:1765537200:t> en __S10__
<t:1765542600:D> **R1.02-1 Web-PE** : LEROUX STEPHANE -> <t:1765542600:t> - <t:1765549800:t> en __S24__
<t:1765549800:D> **R1.12 PPP-TPB** : DECHAVANNE LAURINE -> <t:1765549800:t> - <t:1765557000:t> en __S14__
<t:1765616400:D> **R1.05-2 SQL-TD** : BARON ARIANE -> <t:1765616400:t> - <t:1765623600:t> en __S14__

[2025-12-07T17:50:04.852Z] info: Message sent to channel 1395052392092930048: <t:1765177200:D> **17 R1.11 Com-TD** : SAUJOT GUILLAUME -> <t:1765177200:t> - <t:1765184400:t> en __037-Conseil__
<t:1765184400:D> **SAE Autonomie G2** : G2S1A -> <t:1765184400:t> - <t:1765191600:t> en __S26__
<t:1765198800:D> **R1.10 Anglais-TPB P2** : BESSAC MARIETTE -> <t:1765198800:t> - <t:1765206000:t> en __028__
<t:1765263600:D> **24 R1.06 Maths discrètes TD** : JALOUX CHRISTOPHE -> <t:1765263600:t> - <t:1765270800:t> en __S10__
<t:1765270800:D> **R1.01 Initiation dev-TPB** : DAUTRAIX ISABELLE -> <t:1765270800:t> - <t:1765278000:t> en __S03__
<t:1765285200:D> **SAE 101 102 Initiation Dev** : NDIAYE SAMBA NDOJH -> <t:1765285200:t> - <t:1765292400:t> en __S03__
<t:1765292400:D> **R1.05-2 SQL DS G1G2** : BARON ARIANE -> <t:1765292400:t> - <t:1765299600:t> en __Amphi1__
<t:1765357200:D> **R1.01 initation dev TD P15** : DAUTRAIX ISABELLE -> <t:1765357200:t> - <t:1765364400:t> en __S21__
<t:1765371600:D> **11 R1.08 Gestion Proj. Orga-TD** : BOUHADDOUDA ANISSA -> <t:1765371600:t> - <t:1765378800:t> en __S10__
<t:1765378800:D> **R1.08 Gestion Proj. Orga-TD** : BOUHADDOUDA ANISSA -> <t:1765378800:t> - <t:1765386000:t> en __040__
<t:1765436400:D> **R1.05-2 SQL-PE** : BARON ARIANE -> <t:1765436400:t> - <t:1765443600:t> en __S14__
<t:1765443600:D> **R1.04 Intro Systèmes-TPB** : BUYLE-BODIN NICOLAS -> <t:1765443600:t> - <t:1765450800:t> en __S24__
<t:1765522800:D> **SAE Autonomie G2** : G2S1A -> <t:1765522800:t> - <t:1765530000:t> en __S27__
<t:1765530000:D> **13 R1.06 Maths discrètes TD** : JALOUX CHRISTOPHE -> <t:1765530000:t> - <t:1765537200:t> en __S10__
<t:1765542600:D> **R1.02-1 Web-PE** : LEROUX STEPHANE -> <t:1765542600:t> - <t:1765549800:t> en __S24__
<t:1765549800:D> **R1.12 PPP-TPB** : DECHAVANNE LAURINE -> <t:1765549800:t> - <t:1765557000:t> en __S14__
<t:1765616400:D> **R1.05-2 SQL-TD** : BARON ARIANE -> <t:1765616400:t> - <t:1765623600:t> en __S14__

[2025-12-07T17:50:04.853Z] info: Sending message to channel 1395056179914473612: <t:1765177200:D> **R1.05-2 SQL-TD** : BENSLIMANE DJAMAL -> <t:1765177200:t> - <t:1765184400:t> en __S16__
<t:1765184400:D> **R1.10 Anglais-TPA P2** : ABAUZIT DUFAUD GISELE -> <t:1765184400:t> - <t:1765191600:t> en __026-Langues__
<t:1765198800:D> **13 R1.06 Maths discrètes TD** : JOUBERT AUDE -> <t:1765198800:t> - <t:1765206000:t> en __S11__
<t:1765206000:D> **R1.08 Gestion Proj. Orga-TD** : LAGACHE ALEXANDRA -> <t:1765206000:t> - <t:1765213200:t> en __S12__
<t:1765263600:D> **24 R1.06 Maths discrètes TD** : JOUBERT AUDE -> <t:1765263600:t> - <t:1765270800:t> en __S11__
<t:1765285200:D> **11 R1.08 Gestion Proj. Orga-TD** : LAGACHE ALEXANDRA -> <t:1765285200:t> - <t:1765292400:t> en __S12__
<t:1765292400:D> **SAE Autonomie G3** : G3S1A -> <t:1765292400:t> - <t:1765299600:t> en __S27__
<t:1765350000:D> **R1.01 Initiation dev-TPA** : VIDAL VINCENT -> <t:1765350000:t> - <t:1765357200:t> en __S03__
<t:1765357200:D> **R1.01 initation dev TD P15** : VIDAL VINCENT -> <t:1765357200:t> - <t:1765364400:t> en __040__
<t:1765371600:D> **R1.02-1 Web-PE** : BUYLE-BODIN NICOLAS -> <t:1765371600:t> - <t:1765378800:t> en __S03__
<t:1765436400:D> **R1.05-2 SQL-PE** : BENSLIMANE DJAMAL -> <t:1765436400:t> - <t:1765443600:t> en __S17__
<t:1765522800:D> **SAE 101 102 Initiation Dev** : BEN HADID AMIRA -> <t:1765522800:t> - <t:1765530000:t> en __S16__
<t:1765530000:D> **18 R1.11 Com-PE** : KOCH SONJA -> <t:1765530000:t> - <t:1765537200:t> en __S15__
<t:1765542600:D> **R1.04 Intro Systèmes-TPA** : PARAUD JEAN-CHRISTOPHE -> <t:1765542600:t> - <t:1765549800:t> en __S17__

[2025-12-07T17:50:04.854Z] info: Message sent to channel 1395056179914473612: <t:1765177200:D> **R1.05-2 SQL-TD** : BENSLIMANE DJAMAL -> <t:1765177200:t> - <t:1765184400:t> en __S16__
<t:1765184400:D> **R1.10 Anglais-TPA P2** : ABAUZIT DUFAUD GISELE -> <t:1765184400:t> - <t:1765191600:t> en __026-Langues__
<t:1765198800:D> **13 R1.06 Maths discrètes TD** : JOUBERT AUDE -> <t:1765198800:t> - <t:1765206000:t> en __S11__
<t:1765206000:D> **R1.08 Gestion Proj. Orga-TD** : LAGACHE ALEXANDRA -> <t:1765206000:t> - <t:1765213200:t> en __S12__
<t:1765263600:D> **24 R1.06 Maths discrètes TD** : JOUBERT AUDE -> <t:1765263600:t> - <t:1765270800:t> en __S11__
<t:1765285200:D> **11 R1.08 Gestion Proj. Orga-TD** : LAGACHE ALEXANDRA -> <t:1765285200:t> - <t:1765292400:t> en __S12__
<t:1765292400:D> **SAE Autonomie G3** : G3S1A -> <t:1765292400:t> - <t:1765299600:t> en __S27__
<t:1765350000:D> **R1.01 Initiation dev-TPA** : VIDAL VINCENT -> <t:1765350000:t> - <t:1765357200:t> en __S03__
<t:1765357200:D> **R1.01 initation dev TD P15** : VIDAL VINCENT -> <t:1765357200:t> - <t:1765364400:t> en __040__
<t:1765371600:D> **R1.02-1 Web-PE** : BUYLE-BODIN NICOLAS -> <t:1765371600:t> - <t:1765378800:t> en __S03__
<t:1765436400:D> **R1.05-2 SQL-PE** : BENSLIMANE DJAMAL -> <t:1765436400:t> - <t:1765443600:t> en __S17__
<t:1765522800:D> **SAE 101 102 Initiation Dev** : BEN HADID AMIRA -> <t:1765522800:t> - <t:1765530000:t> en __S16__
<t:1765530000:D> **18 R1.11 Com-PE** : KOCH SONJA -> <t:1765530000:t> - <t:1765537200:t> en __S15__
<t:1765542600:D> **R1.04 Intro Systèmes-TPA** : PARAUD JEAN-CHRISTOPHE -> <t:1765542600:t> - <t:1765549800:t> en __S17__

[2025-12-07T17:50:04.856Z] info: Sending message to channel 1395052422401101905: <t:1765177200:D> **R1.05-2 SQL-TD** : BENSLIMANE DJAMAL -> <t:1765177200:t> - <t:1765184400:t> en __S16__
<t:1765184400:D> **R1.10 Anglais-TPB P2** : CANQUE FLORENCE -> <t:1765184400:t> - <t:1765191600:t> en __028__
<t:1765198800:D> **13 R1.06 Maths discrètes TD** : JOUBERT AUDE -> <t:1765198800:t> - <t:1765206000:t> en __S11__
<t:1765206000:D> **R1.08 Gestion Proj. Orga-TD** : LAGACHE ALEXANDRA -> <t:1765206000:t> - <t:1765213200:t> en __S12__
<t:1765263600:D> **24 R1.06 Maths discrètes TD** : JOUBERT AUDE -> <t:1765263600:t> - <t:1765270800:t> en __S11__
<t:1765270800:D> **21 SAE 101 102 Initiation Dev-TPB** : BEN HADID AMIRA -> <t:1765270800:t> - <t:1765278000:t> en __S16__
<t:1765285200:D> **11 R1.08 Gestion Proj. Orga-TD** : LAGACHE ALEXANDRA -> <t:1765285200:t> - <t:1765292400:t> en __S12__
<t:1765292400:D> **SAE Autonomie G3** : G3S1A -> <t:1765292400:t> - <t:1765299600:t> en __S27__
<t:1765357200:D> **R1.01 initation dev TD P15** : VIDAL VINCENT -> <t:1765357200:t> - <t:1765364400:t> en __040__
<t:1765371600:D> **R1.02-1 Web-PE** : BUYLE-BODIN NICOLAS -> <t:1765371600:t> - <t:1765378800:t> en __S03__
<t:1765436400:D> **R1.05-2 SQL-PE** : BENSLIMANE DJAMAL -> <t:1765436400:t> - <t:1765443600:t> en __S17__
<t:1765443600:D> **R1.01 Initiation dev-TPB** : VIDAL VINCENT -> <t:1765443600:t> - <t:1765450800:t> en __S17__
<t:1765522800:D> **SAE 101 102 Initiation Dev** : BEN HADID AMIRA -> <t:1765522800:t> - <t:1765530000:t> en __S16__
<t:1765530000:D> **18 R1.11 Com-PE** : KOCH SONJA -> <t:1765530000:t> - <t:1765537200:t> en __S15__
<t:1765549800:D> **R1.04 Intro Systèmes-TPB** : PARAUD JEAN-CHRISTOPHE -> <t:1765549800:t> - <t:1765557000:t> en __S16__

[2025-12-07T17:50:04.857Z] info: Message sent to channel 1395052422401101905: <t:1765177200:D> **R1.05-2 SQL-TD** : BENSLIMANE DJAMAL -> <t:1765177200:t> - <t:1765184400:t> en __S16__
<t:1765184400:D> **R1.10 Anglais-TPB P2** : CANQUE FLORENCE -> <t:1765184400:t> - <t:1765191600:t> en __028__
<t:1765198800:D> **13 R1.06 Maths discrètes TD** : JOUBERT AUDE -> <t:1765198800:t> - <t:1765206000:t> en __S11__
<t:1765206000:D> **R1.08 Gestion Proj. Orga-TD** : LAGACHE ALEXANDRA -> <t:1765206000:t> - <t:1765213200:t> en __S12__
<t:1765263600:D> **24 R1.06 Maths discrètes TD** : JOUBERT AUDE -> <t:1765263600:t> - <t:1765270800:t> en __S11__
<t:1765270800:D> **21 SAE 101 102 Initiation Dev-TPB** : BEN HADID AMIRA -> <t:1765270800:t> - <t:1765278000:t> en __S16__
<t:1765285200:D> **11 R1.08 Gestion Proj. Orga-TD** : LAGACHE ALEXANDRA -> <t:1765285200:t> - <t:1765292400:t> en __S12__
<t:1765292400:D> **SAE Autonomie G3** : G3S1A -> <t:1765292400:t> - <t:1765299600:t> en __S27__
<t:1765357200:D> **R1.01 initation dev TD P15** : VIDAL VINCENT -> <t:1765357200:t> - <t:1765364400:t> en __040__
<t:1765371600:D> **R1.02-1 Web-PE** : BUYLE-BODIN NICOLAS -> <t:1765371600:t> - <t:1765378800:t> en __S03__
<t:1765436400:D> **R1.05-2 SQL-PE** : BENSLIMANE DJAMAL -> <t:1765436400:t> - <t:1765443600:t> en __S17__
<t:1765443600:D> **R1.01 Initiation dev-TPB** : VIDAL VINCENT -> <t:1765443600:t> - <t:1765450800:t> en __S17__
<t:1765522800:D> **SAE 101 102 Initiation Dev** : BEN HADID AMIRA -> <t:1765522800:t> - <t:1765530000:t> en __S16__
<t:1765530000:D> **18 R1.11 Com-PE** : KOCH SONJA -> <t:1765530000:t> - <t:1765537200:t> en __S15__
<t:1765549800:D> **R1.04 Intro Systèmes-TPB** : PARAUD JEAN-CHRISTOPHE -> <t:1765549800:t> - <t:1765557000:t> en __S16__

[2025-12-07T17:50:04.859Z] info: Sending message to channel 1395052443192266916: <t:1765177200:D> **R1.10 Anglais-TPA P2** : ABAUZIT DUFAUD GISELE -> <t:1765177200:t> - <t:1765184400:t> en __026-Langues__
<t:1765184400:D> **13 R1.06 Maths discrètes TD** : JOUBERT AUDE -> <t:1765184400:t> - <t:1765191600:t> en __S11__
<t:1765198800:D> **R1.01 initation dev TD P15** : NDIAYE SAMBA NDOJH -> <t:1765198800:t> - <t:1765206000:t> en __040__
<t:1765206000:D> **R1.04 Intro Systèmes-TPA** : BUYLE-BODIN NICOLAS -> <t:1765206000:t> - <t:1765213200:t> en __S13__
<t:1765263600:D> **SAE 101 102 Initiation Dev** : ZEITOUN SEBASTIEN -> <t:1765263600:t> - <t:1765270800:t> en __S17__
<t:1765270800:D> **24 R1.06 Maths discrètes TD** : JOUBERT AUDE -> <t:1765270800:t> - <t:1765278000:t> en __S11__
<t:1765292400:D> **R1.01 Initiation dev-TPA** : NDIAYE SAMBA NDOJH -> <t:1765292400:t> - <t:1765299600:t> en __S24__
<t:1765350000:D> **SAE Autonomie G4** : G4S1B -> <t:1765350000:t> - <t:1765357200:t> en __S26__
<t:1765357200:D> **11 R1.08 Gestion Proj. Orga-TD** : MAGNIN FLORENCE -> <t:1765357200:t> - <t:1765364400:t> en __S15__
<t:1765371600:D> **R1.08 Gestion Proj. Orga-TD** : MAGNIN FLORENCE -> <t:1765371600:t> - <t:1765378800:t> en __S11__
<t:1765378800:D> **R1.05-2 SQL-TD** : BONNET CHRISTINE -> <t:1765378800:t> - <t:1765386000:t> en __S16__
<t:1765443600:D> **R1.05-2 SQL-PE** : BONNET CHRISTINE -> <t:1765443600:t> - <t:1765450800:t> en __S03__
<t:1765530000:D> **R1.02-1 Web-PE** : BEN HADID AMIRA -> <t:1765530000:t> - <t:1765537200:t> en __S17__
<t:1765542600:D> **18 R1.11 Com-PE** : DEBOUTE JOCELYNE -> <t:1765542600:t> - <t:1765549800:t> en __S10__
<t:1765549800:D> **SAE Autonomie G4** : G4S1B -> <t:1765549800:t> - <t:1765557000:t> en __S03__

[2025-12-07T17:50:04.859Z] info: Message sent to channel 1395052443192266916: <t:1765177200:D> **R1.10 Anglais-TPA P2** : ABAUZIT DUFAUD GISELE -> <t:1765177200:t> - <t:1765184400:t> en __026-Langues__
<t:1765184400:D> **13 R1.06 Maths discrètes TD** : JOUBERT AUDE -> <t:1765184400:t> - <t:1765191600:t> en __S11__
<t:1765198800:D> **R1.01 initation dev TD P15** : NDIAYE SAMBA NDOJH -> <t:1765198800:t> - <t:1765206000:t> en __040__
<t:1765206000:D> **R1.04 Intro Systèmes-TPA** : BUYLE-BODIN NICOLAS -> <t:1765206000:t> - <t:1765213200:t> en __S13__
<t:1765263600:D> **SAE 101 102 Initiation Dev** : ZEITOUN SEBASTIEN -> <t:1765263600:t> - <t:1765270800:t> en __S17__
<t:1765270800:D> **24 R1.06 Maths discrètes TD** : JOUBERT AUDE -> <t:1765270800:t> - <t:1765278000:t> en __S11__
<t:1765292400:D> **R1.01 Initiation dev-TPA** : NDIAYE SAMBA NDOJH -> <t:1765292400:t> - <t:1765299600:t> en __S24__
<t:1765350000:D> **SAE Autonomie G4** : G4S1B -> <t:1765350000:t> - <t:1765357200:t> en __S26__
<t:1765357200:D> **11 R1.08 Gestion Proj. Orga-TD** : MAGNIN FLORENCE -> <t:1765357200:t> - <t:1765364400:t> en __S15__
<t:1765371600:D> **R1.08 Gestion Proj. Orga-TD** : MAGNIN FLORENCE -> <t:1765371600:t> - <t:1765378800:t> en __S11__
<t:1765378800:D> **R1.05-2 SQL-TD** : BONNET CHRISTINE -> <t:1765378800:t> - <t:1765386000:t> en __S16__
<t:1765443600:D> **R1.05-2 SQL-PE** : BONNET CHRISTINE -> <t:1765443600:t> - <t:1765450800:t> en __S03__
<t:1765530000:D> **R1.02-1 Web-PE** : BEN HADID AMIRA -> <t:1765530000:t> - <t:1765537200:t> en __S17__
<t:1765542600:D> **18 R1.11 Com-PE** : DEBOUTE JOCELYNE -> <t:1765542600:t> - <t:1765549800:t> en __S10__
<t:1765549800:D> **SAE Autonomie G4** : G4S1B -> <t:1765549800:t> - <t:1765557000:t> en __S03__

[2025-12-07T17:50:04.861Z] info: Sending message to channel 1395052467070177290: <t:1765177200:D> **R1.10 Anglais-TPB P2** : CANQUE FLORENCE -> <t:1765177200:t> - <t:1765184400:t> en __028__
<t:1765184400:D> **13 R1.06 Maths discrètes TD** : JOUBERT AUDE -> <t:1765184400:t> - <t:1765191600:t> en __S11__
<t:1765198800:D> **R1.01 initation dev TD P15** : NDIAYE SAMBA NDOJH -> <t:1765198800:t> - <t:1765206000:t> en __040__
<t:1765206000:D> **R1.01 Initiation dev-TPB** : NDIAYE SAMBA NDOJH -> <t:1765206000:t> - <t:1765213200:t> en __S24__
<t:1765263600:D> **SAE 101 102 Initiation Dev** : ZEITOUN SEBASTIEN -> <t:1765263600:t> - <t:1765270800:t> en __S17__
<t:1765270800:D> **24 R1.06 Maths discrètes TD** : JOUBERT AUDE -> <t:1765270800:t> - <t:1765278000:t> en __S11__
<t:1765350000:D> **SAE Autonomie G4** : G4S1B -> <t:1765350000:t> - <t:1765357200:t> en __S26__
<t:1765357200:D> **11 R1.08 Gestion Proj. Orga-TD** : MAGNIN FLORENCE -> <t:1765357200:t> - <t:1765364400:t> en __S15__
<t:1765371600:D> **R1.08 Gestion Proj. Orga-TD** : MAGNIN FLORENCE -> <t:1765371600:t> - <t:1765378800:t> en __S11__
<t:1765378800:D> **R1.05-2 SQL-TD** : BONNET CHRISTINE -> <t:1765378800:t> - <t:1765386000:t> en __S16__
<t:1765443600:D> **R1.05-2 SQL-PE** : BONNET CHRISTINE -> <t:1765443600:t> - <t:1765450800:t> en __S03__
<t:1765522800:D> **R1.04 Intro Systèmes-TPB** : BUYLE-BODIN NICOLAS -> <t:1765522800:t> - <t:1765530000:t> en __S13__
<t:1765530000:D> **R1.02-1 Web-PE** : BEN HADID AMIRA -> <t:1765530000:t> - <t:1765537200:t> en __S17__
<t:1765542600:D> **18 R1.11 Com-PE** : DEBOUTE JOCELYNE -> <t:1765542600:t> - <t:1765549800:t> en __S10__
<t:1765549800:D> **SAE Autonomie G4** : G4S1B -> <t:1765549800:t> - <t:1765557000:t> en __S03__

[2025-12-07T17:50:04.862Z] info: Message sent to channel 1395052467070177290: <t:1765177200:D> **R1.10 Anglais-TPB P2** : CANQUE FLORENCE -> <t:1765177200:t> - <t:1765184400:t> en __028__
<t:1765184400:D> **13 R1.06 Maths discrètes TD** : JOUBERT AUDE -> <t:1765184400:t> - <t:1765191600:t> en __S11__
<t:1765198800:D> **R1.01 initation dev TD P15** : NDIAYE SAMBA NDOJH -> <t:1765198800:t> - <t:1765206000:t> en __040__
<t:1765206000:D> **R1.01 Initiation dev-TPB** : NDIAYE SAMBA NDOJH -> <t:1765206000:t> - <t:1765213200:t> en __S24__
<t:1765263600:D> **SAE 101 102 Initiation Dev** : ZEITOUN SEBASTIEN -> <t:1765263600:t> - <t:1765270800:t> en __S17__
<t:1765270800:D> **24 R1.06 Maths discrètes TD** : JOUBERT AUDE -> <t:1765270800:t> - <t:1765278000:t> en __S11__
<t:1765350000:D> **SAE Autonomie G4** : G4S1B -> <t:1765350000:t> - <t:1765357200:t> en __S26__
<t:1765357200:D> **11 R1.08 Gestion Proj. Orga-TD** : MAGNIN FLORENCE -> <t:1765357200:t> - <t:1765364400:t> en __S15__
<t:1765371600:D> **R1.08 Gestion Proj. Orga-TD** : MAGNIN FLORENCE -> <t:1765371600:t> - <t:1765378800:t> en __S11__
<t:1765378800:D> **R1.05-2 SQL-TD** : BONNET CHRISTINE -> <t:1765378800:t> - <t:1765386000:t> en __S16__
<t:1765443600:D> **R1.05-2 SQL-PE** : BONNET CHRISTINE -> <t:1765443600:t> - <t:1765450800:t> en __S03__
<t:1765522800:D> **R1.04 Intro Systèmes-TPB** : BUYLE-BODIN NICOLAS -> <t:1765522800:t> - <t:1765530000:t> en __S13__
<t:1765530000:D> **R1.02-1 Web-PE** : BEN HADID AMIRA -> <t:1765530000:t> - <t:1765537200:t> en __S17__
<t:1765542600:D> **18 R1.11 Com-PE** : DEBOUTE JOCELYNE -> <t:1765542600:t> - <t:1765549800:t> en __S10__
<t:1765549800:D> **SAE Autonomie G4** : G4S1B -> <t:1765549800:t> - <t:1765557000:t> en __S03__

[2025-12-07T17:50:04.863Z] info: Sending message to channel 1395052827985842288: <t:1765177200:D> **R1.05-2 SQL-TD** : BUYLE-BODIN NICOLAS -> <t:1765177200:t> - <t:1765184400:t> en __S14__
<t:1765184400:D> **13 R1.06 Maths discrètes TD** : LEROUX STEPHANE -> <t:1765184400:t> - <t:1765191600:t> en __040__
<t:1765198800:D> **SAE Autonomie G5** : G5S1A -> <t:1765198800:t> - <t:1765206000:t> en __S16__
<t:1765206000:D> **R1.01 initation dev TD P15** : BARON ARIANE -> <t:1765206000:t> - <t:1765213200:t> en __040__
<t:1765263600:D> **R1.02-1 Web-PE** : BEN HADID AMIRA -> <t:1765263600:t> - <t:1765270800:t> en __S24__
<t:1765270800:D> **R1.01 initation dev TD P15** : BARON ARIANE -> <t:1765270800:t> - <t:1765278000:t> en __S12__
<t:1765292400:D> **R1.08 Gestion Proj. Orga-TD** : LAGACHE ALEXANDRA -> <t:1765292400:t> - <t:1765299600:t> en __040__
<t:1765350000:D> **R1.01 Initiation dev-TPA** : ZEITOUN SEBASTIEN -> <t:1765350000:t> - <t:1765357200:t> en __S14__
<t:1765357200:D> **18 R1.11 Com-PE** : BESSON MATHIEU -> <t:1765357200:t> - <t:1765364400:t> en __S10__
<t:1765371600:D> **11 R1.08 Gestion Proj. Orga-TD** : LAGACHE ALEXANDRA -> <t:1765371600:t> - <t:1765378800:t> en __040__
<t:1765378800:D> **R1.05-2 SQL-PE** : BUYLE-BODIN NICOLAS -> <t:1765378800:t> - <t:1765386000:t> en __S03__
<t:1765436400:D> **15R1.04 Intro Systèmes-TPA** : AVRILLON SAMY -> <t:1765436400:t> - <t:1765443600:t> en __S13__
<t:1765443600:D> **24 R1.06 Maths discrètes TD** : LEROUX STEPHANE -> <t:1765443600:t> - <t:1765450800:t> en __040__
<t:1765522800:D> **SAE 101 102 Initiation Dev** : DAUTRAIX ISABELLE -> <t:1765522800:t> - <t:1765530000:t> en __S24__
<t:1765530000:D> **R1.04 Intro Systèmes-PE** : BARON ARIANE -> <t:1765530000:t> - <t:1765537200:t> en __S14__
<t:1765549800:D> **R1.10 Anglais-TPA P2** : BESSAC MARIETTE -> <t:1765549800:t> - <t:1765557000:t> en __028__

[2025-12-07T17:50:04.864Z] info: Message sent to channel 1395052827985842288: <t:1765177200:D> **R1.05-2 SQL-TD** : BUYLE-BODIN NICOLAS -> <t:1765177200:t> - <t:1765184400:t> en __S14__
<t:1765184400:D> **13 R1.06 Maths discrètes TD** : LEROUX STEPHANE -> <t:1765184400:t> - <t:1765191600:t> en __040__
<t:1765198800:D> **SAE Autonomie G5** : G5S1A -> <t:1765198800:t> - <t:1765206000:t> en __S16__
<t:1765206000:D> **R1.01 initation dev TD P15** : BARON ARIANE -> <t:1765206000:t> - <t:1765213200:t> en __040__
<t:1765263600:D> **R1.02-1 Web-PE** : BEN HADID AMIRA -> <t:1765263600:t> - <t:1765270800:t> en __S24__
<t:1765270800:D> **R1.01 initation dev TD P15** : BARON ARIANE -> <t:1765270800:t> - <t:1765278000:t> en __S12__
<t:1765292400:D> **R1.08 Gestion Proj. Orga-TD** : LAGACHE ALEXANDRA -> <t:1765292400:t> - <t:1765299600:t> en __040__
<t:1765350000:D> **R1.01 Initiation dev-TPA** : ZEITOUN SEBASTIEN -> <t:1765350000:t> - <t:1765357200:t> en __S14__
<t:1765357200:D> **18 R1.11 Com-PE** : BESSON MATHIEU -> <t:1765357200:t> - <t:1765364400:t> en __S10__
<t:1765371600:D> **11 R1.08 Gestion Proj. Orga-TD** : LAGACHE ALEXANDRA -> <t:1765371600:t> - <t:1765378800:t> en __040__
<t:1765378800:D> **R1.05-2 SQL-PE** : BUYLE-BODIN NICOLAS -> <t:1765378800:t> - <t:1765386000:t> en __S03__
<t:1765436400:D> **15R1.04 Intro Systèmes-TPA** : AVRILLON SAMY -> <t:1765436400:t> - <t:1765443600:t> en __S13__
<t:1765443600:D> **24 R1.06 Maths discrètes TD** : LEROUX STEPHANE -> <t:1765443600:t> - <t:1765450800:t> en __040__
<t:1765522800:D> **SAE 101 102 Initiation Dev** : DAUTRAIX ISABELLE -> <t:1765522800:t> - <t:1765530000:t> en __S24__
<t:1765530000:D> **R1.04 Intro Systèmes-PE** : BARON ARIANE -> <t:1765530000:t> - <t:1765537200:t> en __S14__
<t:1765549800:D> **R1.10 Anglais-TPA P2** : BESSAC MARIETTE -> <t:1765549800:t> - <t:1765557000:t> en __028__

[2025-12-07T17:50:04.867Z] info: Sending message to channel 1395052882486890707: <t:1765177200:D> **R1.05-2 SQL-TD** : BUYLE-BODIN NICOLAS -> <t:1765177200:t> - <t:1765184400:t> en __S14__
<t:1765184400:D> **13 R1.06 Maths discrètes TD** : LEROUX STEPHANE -> <t:1765184400:t> - <t:1765191600:t> en __040__
<t:1765198800:D> **SAE Autonomie G5** : G5S1A -> <t:1765198800:t> - <t:1765206000:t> en __S16__
<t:1765206000:D> **R1.01 initation dev TD P15** : BARON ARIANE -> <t:1765206000:t> - <t:1765213200:t> en __040__
<t:1765263600:D> **R1.02-1 Web-PE** : BEN HADID AMIRA -> <t:1765263600:t> - <t:1765270800:t> en __S24__
<t:1765270800:D> **R1.01 initation dev TD P15** : BARON ARIANE -> <t:1765270800:t> - <t:1765278000:t> en __S12__
<t:1765285200:D> **R1.12 PPP-TPB** : OLIVESI AURELIE -> <t:1765285200:t> - <t:1765292400:t> en __S21__
<t:1765292400:D> **R1.08 Gestion Proj. Orga-TD** : LAGACHE ALEXANDRA -> <t:1765292400:t> - <t:1765299600:t> en __040__
<t:1765350000:D> **21R1.04 Intro Systèmes-TPB** : AVRILLON SAMY -> <t:1765350000:t> - <t:1765357200:t> en __S16__
<t:1765357200:D> **18 R1.11 Com-PE** : BESSON MATHIEU -> <t:1765357200:t> - <t:1765364400:t> en __S10__
<t:1765371600:D> **11 R1.08 Gestion Proj. Orga-TD** : LAGACHE ALEXANDRA -> <t:1765371600:t> - <t:1765378800:t> en __040__
<t:1765378800:D> **R1.05-2 SQL-PE** : BUYLE-BODIN NICOLAS -> <t:1765378800:t> - <t:1765386000:t> en __S03__
<t:1765436400:D> **R1.10 Anglais-TPB P2** : CANQUE FLORENCE -> <t:1765436400:t> - <t:1765443600:t> en __028__
<t:1765443600:D> **24 R1.06 Maths discrètes TD** : LEROUX STEPHANE -> <t:1765443600:t> - <t:1765450800:t> en __040__
<t:1765522800:D> **SAE 101 102 Initiation Dev** : DAUTRAIX ISABELLE -> <t:1765522800:t> - <t:1765530000:t> en __S24__
<t:1765530000:D> **R1.04 Intro Systèmes-PE** : BARON ARIANE -> <t:1765530000:t> - <t:1765537200:t> en __S14__
<t:1765542600:D> **R1.01 Initiation dev-TPB** : ZEITOUN SEBASTIEN -> <t:1765542600:t> - <t:1765549800:t> en __S14__

[2025-12-07T17:50:04.867Z] info: Message sent to channel 1395052882486890707: <t:1765177200:D> **R1.05-2 SQL-TD** : BUYLE-BODIN NICOLAS -> <t:1765177200:t> - <t:1765184400:t> en __S14__
<t:1765184400:D> **13 R1.06 Maths discrètes TD** : LEROUX STEPHANE -> <t:1765184400:t> - <t:1765191600:t> en __040__
<t:1765198800:D> **SAE Autonomie G5** : G5S1A -> <t:1765198800:t> - <t:1765206000:t> en __S16__
<t:1765206000:D> **R1.01 initation dev TD P15** : BARON ARIANE -> <t:1765206000:t> - <t:1765213200:t> en __040__
<t:1765263600:D> **R1.02-1 Web-PE** : BEN HADID AMIRA -> <t:1765263600:t> - <t:1765270800:t> en __S24__
<t:1765270800:D> **R1.01 initation dev TD P15** : BARON ARIANE -> <t:1765270800:t> - <t:1765278000:t> en __S12__
<t:1765285200:D> **R1.12 PPP-TPB** : OLIVESI AURELIE -> <t:1765285200:t> - <t:1765292400:t> en __S21__
<t:1765292400:D> **R1.08 Gestion Proj. Orga-TD** : LAGACHE ALEXANDRA -> <t:1765292400:t> - <t:1765299600:t> en __040__
<t:1765350000:D> **21R1.04 Intro Systèmes-TPB** : AVRILLON SAMY -> <t:1765350000:t> - <t:1765357200:t> en __S16__
<t:1765357200:D> **18 R1.11 Com-PE** : BESSON MATHIEU -> <t:1765357200:t> - <t:1765364400:t> en __S10__
<t:1765371600:D> **11 R1.08 Gestion Proj. Orga-TD** : LAGACHE ALEXANDRA -> <t:1765371600:t> - <t:1765378800:t> en __040__
<t:1765378800:D> **R1.05-2 SQL-PE** : BUYLE-BODIN NICOLAS -> <t:1765378800:t> - <t:1765386000:t> en __S03__
<t:1765436400:D> **R1.10 Anglais-TPB P2** : CANQUE FLORENCE -> <t:1765436400:t> - <t:1765443600:t> en __028__
<t:1765443600:D> **24 R1.06 Maths discrètes TD** : LEROUX STEPHANE -> <t:1765443600:t> - <t:1765450800:t> en __040__
<t:1765522800:D> **SAE 101 102 Initiation Dev** : DAUTRAIX ISABELLE -> <t:1765522800:t> - <t:1765530000:t> en __S24__
<t:1765530000:D> **R1.04 Intro Systèmes-PE** : BARON ARIANE -> <t:1765530000:t> - <t:1765537200:t> en __S14__
<t:1765542600:D> **R1.01 Initiation dev-TPB** : ZEITOUN SEBASTIEN -> <t:1765542600:t> - <t:1765549800:t> en __S14__

[2025-12-07T17:50:04.871Z] info: Message sent to channel 1395371275643256924 in 17 parts.
[2025-12-07T17:50:04.876Z] info: Sending message to channel 1395371292533723147: <t:1765177200:D> **22 R3.09 Crypto et sécurité-TD** : JALOUX CHRISTOPHE -> <t:1765177200:t> - <t:1765184400:t> en __S17__
<t:1765184400:D> **21 R3.11  Droit des contrats et du numérique-TD** : DUFOUR KARLINE -> <t:1765184400:t> - <t:1765191600:t> en __S12__
<t:1765206000:D> **12 R3.01-2 Développement Web  : Javascript-TD** : YACOUBI AYADI NADIA -> <t:1765206000:t> - <t:1765213200:t> en __S03__
<t:1765263600:D> **11 R3.04-1 Qualité de developpement-Conception-TD G1** : PEYTAVIE ADRIEN -> <t:1765263600:t> - <t:1765270800:t> en __S14__
<t:1765270800:D> **21R3.04-1 Qualité de developpement-Conception-TD** : PEYTAVIE ADRIEN -> <t:1765270800:t> - <t:1765278000:t> en __S14__
<t:1765285200:D> **R3.14 PPP** : DEBOUTE JOCELYNE -> <t:1765285200:t> - <t:1765292400:t> en __040__
<t:1765350000:D> **11 R3.11  Droit des contrats et du numérique-TD** : DUFOUR KARLINE -> <t:1765350000:t> - <t:1765357200:t> en __040__
<t:1765357200:D> **11 R3.02 Dév. Efficace (algo)-TD** : KHEDDOUCI HAMAMACHE -> <t:1765357200:t> - <t:1765364400:t> en __S16__
<t:1765371600:D> **SAE TPB7** : JOUBERT AUDE -> <t:1765371600:t> - <t:1765378800:t> en __S16__
<t:1765436400:D> **R3.09 Crypto et sécurité-DS** : JALOUX CHRISTOPHE -> <t:1765436400:t> - <t:1765443600:t> en __H21__
<t:1765443600:D> **21 R3.01-2 Développement Web  : Javascript-TD** : YACOUBI AYADI NADIA -> <t:1765443600:t> - <t:1765450800:t> en __S13__
<t:1765522800:D> **21 R3.01-2 Développement Web  : Javascript-TD** : YACOUBI AYADI NADIA -> <t:1765522800:t> - <t:1765530000:t> en __S03__
<t:1765530000:D> **15 R3.13 communication professionnelle-TD** : DEBOUTE JOCELYNE -> <t:1765530000:t> - <t:1765537200:t> en __S21__
<t:1765542600:D> **13 R3.07 SQL et Programmation-TD** : BONNET CHRISTINE -> <t:1765542600:t> - <t:1765549800:t> en __S03__
<t:1765549800:D> **12 R3.12 Anglais-TD** : GARACCI DANIEL -> <t:1765549800:t> - <t:1765557000:t> en __026-Langues__

[2025-12-07T17:50:04.877Z] info: Message sent to channel 1395371292533723147: <t:1765177200:D> **22 R3.09 Crypto et sécurité-TD** : JALOUX CHRISTOPHE -> <t:1765177200:t> - <t:1765184400:t> en __S17__
<t:1765184400:D> **21 R3.11  Droit des contrats et du numérique-TD** : DUFOUR KARLINE -> <t:1765184400:t> - <t:1765191600:t> en __S12__
<t:1765206000:D> **12 R3.01-2 Développement Web  : Javascript-TD** : YACOUBI AYADI NADIA -> <t:1765206000:t> - <t:1765213200:t> en __S03__
<t:1765263600:D> **11 R3.04-1 Qualité de developpement-Conception-TD G1** : PEYTAVIE ADRIEN -> <t:1765263600:t> - <t:1765270800:t> en __S14__
<t:1765270800:D> **21R3.04-1 Qualité de developpement-Conception-TD** : PEYTAVIE ADRIEN -> <t:1765270800:t> - <t:1765278000:t> en __S14__
<t:1765285200:D> **R3.14 PPP** : DEBOUTE JOCELYNE -> <t:1765285200:t> - <t:1765292400:t> en __040__
<t:1765350000:D> **11 R3.11  Droit des contrats et du numérique-TD** : DUFOUR KARLINE -> <t:1765350000:t> - <t:1765357200:t> en __040__
<t:1765357200:D> **11 R3.02 Dév. Efficace (algo)-TD** : KHEDDOUCI HAMAMACHE -> <t:1765357200:t> - <t:1765364400:t> en __S16__
<t:1765371600:D> **SAE TPB7** : JOUBERT AUDE -> <t:1765371600:t> - <t:1765378800:t> en __S16__
<t:1765436400:D> **R3.09 Crypto et sécurité-DS** : JALOUX CHRISTOPHE -> <t:1765436400:t> - <t:1765443600:t> en __H21__
<t:1765443600:D> **21 R3.01-2 Développement Web  : Javascript-TD** : YACOUBI AYADI NADIA -> <t:1765443600:t> - <t:1765450800:t> en __S13__
<t:1765522800:D> **21 R3.01-2 Développement Web  : Javascript-TD** : YACOUBI AYADI NADIA -> <t:1765522800:t> - <t:1765530000:t> en __S03__
<t:1765530000:D> **15 R3.13 communication professionnelle-TD** : DEBOUTE JOCELYNE -> <t:1765530000:t> - <t:1765537200:t> en __S21__
<t:1765542600:D> **13 R3.07 SQL et Programmation-TD** : BONNET CHRISTINE -> <t:1765542600:t> - <t:1765549800:t> en __S03__
<t:1765549800:D> **12 R3.12 Anglais-TD** : GARACCI DANIEL -> <t:1765549800:t> - <t:1765557000:t> en __026-Langues__

[2025-12-07T17:50:04.879Z] info: Sending message to channel 1395371451573600287: <t:1765177200:D> **11 R3.04-1 Qualité de developpement-Conception-TD G1** : PEYTAVIE ADRIEN -> <t:1765177200:t> - <t:1765184400:t> en __S24__
<t:1765184400:D> **22 R3.09 Crypto et sécurité-TD** : JALOUX CHRISTOPHE -> <t:1765184400:t> - <t:1765191600:t> en __S17__
<t:1765198800:D> **SAE TPA7** : JALOUX CHRISTOPHE -> <t:1765198800:t> - <t:1765206000:t> en __S17__
<t:1765206000:D> **12 R3.01-2 Développement Web  : Javascript-TD** : LEROUX STEPHANE -> <t:1765206000:t> - <t:1765213200:t> en __S17__
<t:1765285200:D> **11 R3.11  Droit des contrats et du numérique-TD** : DUFOUR KARLINE -> <t:1765285200:t> - <t:1765292400:t> en __S15__
<t:1765292400:D> **R3.14 PPP** : DEBOUTE JOCELYNE -> <t:1765292400:t> - <t:1765299600:t> en __S15__
<t:1765350000:D> **11 R3.02 Dév. Efficace (algo)-TD** : KHEDDOUCI HAMAMACHE -> <t:1765350000:t> - <t:1765357200:t> en __S17__
<t:1765357200:D> **R3.05 Programmation système-TPA** : BUONOMO CAMILLE -> <t:1765357200:t> - <t:1765364400:t> en __S24__
<t:1765371600:D> **15 R3.13 communication professionnelle-TD** : DEBOUTE JOCELYNE -> <t:1765371600:t> - <t:1765378800:t> en __S21__
<t:1765378800:D> **12 R3.12 Anglais-TD** : BESSAC MARIETTE -> <t:1765378800:t> - <t:1765386000:t> en __026-Langues__
<t:1765436400:D> **21R3.04-1 Qualité de developpement-Conception-TD** : PEYTAVIE ADRIEN -> <t:1765436400:t> - <t:1765443600:t> en __S24__
<t:1765443600:D> **R3.09 Crypto et sécurité-DS** : JALOUX CHRISTOPHE -> <t:1765443600:t> - <t:1765450800:t> en __H21__
<t:1765522800:D> **21 R3.01-2 Développement Web  : Javascript-TD** : LEROUX STEPHANE -> <t:1765522800:t> - <t:1765530000:t> en __S17__
<t:1765530000:D> **21 R3.11  Droit des contrats et du numérique-TD** : DUFOUR KARLINE -> <t:1765530000:t> - <t:1765537200:t> en __040__
<t:1765549800:D> **13 R3.07 SQL et Programmation-TD** : BONNET CHRISTINE -> <t:1765549800:t> - <t:1765557000:t> en __S17__

[2025-12-07T17:50:04.879Z] info: Message sent to channel 1395371451573600287: <t:1765177200:D> **11 R3.04-1 Qualité de developpement-Conception-TD G1** : PEYTAVIE ADRIEN -> <t:1765177200:t> - <t:1765184400:t> en __S24__
<t:1765184400:D> **22 R3.09 Crypto et sécurité-TD** : JALOUX CHRISTOPHE -> <t:1765184400:t> - <t:1765191600:t> en __S17__
<t:1765198800:D> **SAE TPA7** : JALOUX CHRISTOPHE -> <t:1765198800:t> - <t:1765206000:t> en __S17__
<t:1765206000:D> **12 R3.01-2 Développement Web  : Javascript-TD** : LEROUX STEPHANE -> <t:1765206000:t> - <t:1765213200:t> en __S17__
<t:1765285200:D> **11 R3.11  Droit des contrats et du numérique-TD** : DUFOUR KARLINE -> <t:1765285200:t> - <t:1765292400:t> en __S15__
<t:1765292400:D> **R3.14 PPP** : DEBOUTE JOCELYNE -> <t:1765292400:t> - <t:1765299600:t> en __S15__
<t:1765350000:D> **11 R3.02 Dév. Efficace (algo)-TD** : KHEDDOUCI HAMAMACHE -> <t:1765350000:t> - <t:1765357200:t> en __S17__
<t:1765357200:D> **R3.05 Programmation système-TPA** : BUONOMO CAMILLE -> <t:1765357200:t> - <t:1765364400:t> en __S24__
<t:1765371600:D> **15 R3.13 communication professionnelle-TD** : DEBOUTE JOCELYNE -> <t:1765371600:t> - <t:1765378800:t> en __S21__
<t:1765378800:D> **12 R3.12 Anglais-TD** : BESSAC MARIETTE -> <t:1765378800:t> - <t:1765386000:t> en __026-Langues__
<t:1765436400:D> **21R3.04-1 Qualité de developpement-Conception-TD** : PEYTAVIE ADRIEN -> <t:1765436400:t> - <t:1765443600:t> en __S24__
<t:1765443600:D> **R3.09 Crypto et sécurité-DS** : JALOUX CHRISTOPHE -> <t:1765443600:t> - <t:1765450800:t> en __H21__
<t:1765522800:D> **21 R3.01-2 Développement Web  : Javascript-TD** : LEROUX STEPHANE -> <t:1765522800:t> - <t:1765530000:t> en __S17__
<t:1765530000:D> **21 R3.11  Droit des contrats et du numérique-TD** : DUFOUR KARLINE -> <t:1765530000:t> - <t:1765537200:t> en __040__
<t:1765549800:D> **13 R3.07 SQL et Programmation-TD** : BONNET CHRISTINE -> <t:1765549800:t> - <t:1765557000:t> en __S17__

[2025-12-07T17:50:04.881Z] info: Sending message to channel 1395371471345553540: <t:1765177200:D> **11 R3.04-1 Qualité de developpement-Conception-TD G1** : PEYTAVIE ADRIEN -> <t:1765177200:t> - <t:1765184400:t> en __S24__
<t:1765184400:D> **22 R3.09 Crypto et sécurité-TD** : JALOUX CHRISTOPHE -> <t:1765184400:t> - <t:1765191600:t> en __S17__
<t:1765198800:D> **R3.06 Archi. Réseaux-TPB** : BARON ARIANE -> <t:1765198800:t> - <t:1765206000:t> en __S27__
<t:1765206000:D> **12 R3.01-2 Développement Web  : Javascript-TD** : LEROUX STEPHANE -> <t:1765206000:t> - <t:1765213200:t> en __S17__
<t:1765270800:D> **SAE TPB7** : JALOUX CHRISTOPHE -> <t:1765270800:t> - <t:1765278000:t> en __S17__
<t:1765285200:D> **11 R3.11  Droit des contrats et du numérique-TD** : DUFOUR KARLINE -> <t:1765285200:t> - <t:1765292400:t> en __S15__
<t:1765292400:D> **R3.14 PPP** : DEBOUTE JOCELYNE -> <t:1765292400:t> - <t:1765299600:t> en __S15__
<t:1765350000:D> **11 R3.02 Dév. Efficace (algo)-TD** : KHEDDOUCI HAMAMACHE -> <t:1765350000:t> - <t:1765357200:t> en __S17__
<t:1765371600:D> **15 R3.13 communication professionnelle-TD** : DEBOUTE JOCELYNE -> <t:1765371600:t> - <t:1765378800:t> en __S21__
<t:1765378800:D> **12 R3.12 Anglais-TD** : BESSAC MARIETTE -> <t:1765378800:t> - <t:1765386000:t> en __026-Langues__
<t:1765436400:D> **21R3.04-1 Qualité de developpement-Conception-TD** : PEYTAVIE ADRIEN -> <t:1765436400:t> - <t:1765443600:t> en __S24__
<t:1765443600:D> **R3.09 Crypto et sécurité-DS** : JALOUX CHRISTOPHE -> <t:1765443600:t> - <t:1765450800:t> en __H21__
<t:1765522800:D> **21 R3.01-2 Développement Web  : Javascript-TD** : LEROUX STEPHANE -> <t:1765522800:t> - <t:1765530000:t> en __S17__
<t:1765530000:D> **21 R3.11  Droit des contrats et du numérique-TD** : DUFOUR KARLINE -> <t:1765530000:t> - <t:1765537200:t> en __040__
<t:1765549800:D> **13 R3.07 SQL et Programmation-TD** : BONNET CHRISTINE -> <t:1765549800:t> - <t:1765557000:t> en __S17__

[2025-12-07T17:50:04.882Z] info: Message sent to channel 1395371471345553540: <t:1765177200:D> **11 R3.04-1 Qualité de developpement-Conception-TD G1** : PEYTAVIE ADRIEN -> <t:1765177200:t> - <t:1765184400:t> en __S24__
<t:1765184400:D> **22 R3.09 Crypto et sécurité-TD** : JALOUX CHRISTOPHE -> <t:1765184400:t> - <t:1765191600:t> en __S17__
<t:1765198800:D> **R3.06 Archi. Réseaux-TPB** : BARON ARIANE -> <t:1765198800:t> - <t:1765206000:t> en __S27__
<t:1765206000:D> **12 R3.01-2 Développement Web  : Javascript-TD** : LEROUX STEPHANE -> <t:1765206000:t> - <t:1765213200:t> en __S17__
<t:1765270800:D> **SAE TPB7** : JALOUX CHRISTOPHE -> <t:1765270800:t> - <t:1765278000:t> en __S17__
<t:1765285200:D> **11 R3.11  Droit des contrats et du numérique-TD** : DUFOUR KARLINE -> <t:1765285200:t> - <t:1765292400:t> en __S15__
<t:1765292400:D> **R3.14 PPP** : DEBOUTE JOCELYNE -> <t:1765292400:t> - <t:1765299600:t> en __S15__
<t:1765350000:D> **11 R3.02 Dév. Efficace (algo)-TD** : KHEDDOUCI HAMAMACHE -> <t:1765350000:t> - <t:1765357200:t> en __S17__
<t:1765371600:D> **15 R3.13 communication professionnelle-TD** : DEBOUTE JOCELYNE -> <t:1765371600:t> - <t:1765378800:t> en __S21__
<t:1765378800:D> **12 R3.12 Anglais-TD** : BESSAC MARIETTE -> <t:1765378800:t> - <t:1765386000:t> en __026-Langues__
<t:1765436400:D> **21R3.04-1 Qualité de developpement-Conception-TD** : PEYTAVIE ADRIEN -> <t:1765436400:t> - <t:1765443600:t> en __S24__
<t:1765443600:D> **R3.09 Crypto et sécurité-DS** : JALOUX CHRISTOPHE -> <t:1765443600:t> - <t:1765450800:t> en __H21__
<t:1765522800:D> **21 R3.01-2 Développement Web  : Javascript-TD** : LEROUX STEPHANE -> <t:1765522800:t> - <t:1765530000:t> en __S17__
<t:1765530000:D> **21 R3.11  Droit des contrats et du numérique-TD** : DUFOUR KARLINE -> <t:1765530000:t> - <t:1765537200:t> en __040__
<t:1765549800:D> **13 R3.07 SQL et Programmation-TD** : BONNET CHRISTINE -> <t:1765549800:t> - <t:1765557000:t> en __S17__

[2025-12-07T17:50:04.887Z] info: Message sent to channel 1395371640291983370 in 18 parts.
[2025-12-07T17:50:04.888Z] info: Sending message to channel 1395371506099425310: <t:1765177200:D> **22 R3.09 Crypto et sécurité-TD** : LEROUX STEPHANE -> <t:1765177200:t> - <t:1765184400:t> en __S03__
<t:1765184400:D> **11 R3.04-1 Qualité de developpement-Conception-TD G1** : DUCHENE ERIC -> <t:1765184400:t> - <t:1765191600:t> en __S03__
<t:1765198800:D> **11 R3.01-2 Développement Web  : Javascript-TD** : YACOUBI AYADI NADIA -> <t:1765198800:t> - <t:1765206000:t> en __S14__
<t:1765263600:D> **R3.05 Programmation système-TPA** : CAPOSIENA JULIEN -> <t:1765263600:t> - <t:1765270800:t> en __S03__
<t:1765270800:D> **15 R3.13 communication professionnelle-TD** : DEBOUTE JOCELYNE -> <t:1765270800:t> - <t:1765278000:t> en __040__
<t:1765285200:D> **13 R3.07 SQL et Programmation-TD** : BARON ARIANE -> <t:1765285200:t> - <t:1765292400:t> en __S14__
<t:1765350000:D> **R3.06 Archi. Réseaux-TPA** : MERRHEIM XAVIER -> <t:1765350000:t> - <t:1765357200:t> en __S18 - TP Réseau__
<t:1765357200:D> **21 R3.11  Droit des contrats et du numérique-TD** : DUFOUR KARLINE -> <t:1765357200:t> - <t:1765364400:t> en __S12__
<t:1765371600:D> **21R3.04-1 Qualité de developpement-Conception-TD** : DUCHENE ERIC -> <t:1765371600:t> - <t:1765378800:t> en __S14__
<t:1765378800:D> **11 R3.02 Dév. Efficace (algo)-TD** : KHEDDOUCI HAMAMACHE -> <t:1765378800:t> - <t:1765386000:t> en __S14__
<t:1765436400:D> **R3.09 Crypto et sécurité-DS** : LEROUX STEPHANE -> <t:1765436400:t> - <t:1765443600:t> en __S11__
<t:1765522800:D> **11 R3.11  Droit des contrats et du numérique-TD** : DUFOUR KARLINE -> <t:1765522800:t> - <t:1765530000:t> en __040__
<t:1765530000:D> **21 R3.01-2 Développement Web  : Javascript-TD** : YACOUBI AYADI NADIA -> <t:1765530000:t> - <t:1765537200:t> en __S03__
<t:1765542600:D> **12 R3.12 Anglais-TD** : GARACCI DANIEL -> <t:1765542600:t> - <t:1765549800:t> en __026-Langues__
<t:1765549800:D> **R3.14 PPP** : DEBOUTE JOCELYNE -> <t:1765549800:t> - <t:1765557000:t> en __S12__

[2025-12-07T17:50:04.889Z] info: Message sent to channel 1395371506099425310: <t:1765177200:D> **22 R3.09 Crypto et sécurité-TD** : LEROUX STEPHANE -> <t:1765177200:t> - <t:1765184400:t> en __S03__
<t:1765184400:D> **11 R3.04-1 Qualité de developpement-Conception-TD G1** : DUCHENE ERIC -> <t:1765184400:t> - <t:1765191600:t> en __S03__
<t:1765198800:D> **11 R3.01-2 Développement Web  : Javascript-TD** : YACOUBI AYADI NADIA -> <t:1765198800:t> - <t:1765206000:t> en __S14__
<t:1765263600:D> **R3.05 Programmation système-TPA** : CAPOSIENA JULIEN -> <t:1765263600:t> - <t:1765270800:t> en __S03__
<t:1765270800:D> **15 R3.13 communication professionnelle-TD** : DEBOUTE JOCELYNE -> <t:1765270800:t> - <t:1765278000:t> en __040__
<t:1765285200:D> **13 R3.07 SQL et Programmation-TD** : BARON ARIANE -> <t:1765285200:t> - <t:1765292400:t> en __S14__
<t:1765350000:D> **R3.06 Archi. Réseaux-TPA** : MERRHEIM XAVIER -> <t:1765350000:t> - <t:1765357200:t> en __S18 - TP Réseau__
<t:1765357200:D> **21 R3.11  Droit des contrats et du numérique-TD** : DUFOUR KARLINE -> <t:1765357200:t> - <t:1765364400:t> en __S12__
<t:1765371600:D> **21R3.04-1 Qualité de developpement-Conception-TD** : DUCHENE ERIC -> <t:1765371600:t> - <t:1765378800:t> en __S14__
<t:1765378800:D> **11 R3.02 Dév. Efficace (algo)-TD** : KHEDDOUCI HAMAMACHE -> <t:1765378800:t> - <t:1765386000:t> en __S14__
<t:1765436400:D> **R3.09 Crypto et sécurité-DS** : LEROUX STEPHANE -> <t:1765436400:t> - <t:1765443600:t> en __S11__
<t:1765522800:D> **11 R3.11  Droit des contrats et du numérique-TD** : DUFOUR KARLINE -> <t:1765522800:t> - <t:1765530000:t> en __040__
<t:1765530000:D> **21 R3.01-2 Développement Web  : Javascript-TD** : YACOUBI AYADI NADIA -> <t:1765530000:t> - <t:1765537200:t> en __S03__
<t:1765542600:D> **12 R3.12 Anglais-TD** : GARACCI DANIEL -> <t:1765542600:t> - <t:1765549800:t> en __026-Langues__
<t:1765549800:D> **R3.14 PPP** : DEBOUTE JOCELYNE -> <t:1765549800:t> - <t:1765557000:t> en __S12__

[2025-12-07T17:50:04.891Z] info: Sending message to channel 1395371591797575750: <t:1765177200:D> **22 R3.09 Crypto et sécurité-TD** : LEROUX STEPHANE -> <t:1765177200:t> - <t:1765184400:t> en __S03__
<t:1765184400:D> **11 R3.04-1 Qualité de developpement-Conception-TD G1** : DUCHENE ERIC -> <t:1765184400:t> - <t:1765191600:t> en __S03__
<t:1765198800:D> **11 R3.01-2 Développement Web  : Javascript-TD** : YACOUBI AYADI NADIA -> <t:1765198800:t> - <t:1765206000:t> en __S14__
<t:1765270800:D> **15 R3.13 communication professionnelle-TD** : DEBOUTE JOCELYNE -> <t:1765270800:t> - <t:1765278000:t> en __040__
<t:1765285200:D> **13 R3.07 SQL et Programmation-TD** : BARON ARIANE -> <t:1765285200:t> - <t:1765292400:t> en __S14__
<t:1765357200:D> **21 R3.11  Droit des contrats et du numérique-TD** : DUFOUR KARLINE -> <t:1765357200:t> - <t:1765364400:t> en __S12__
<t:1765371600:D> **21R3.04-1 Qualité de developpement-Conception-TD** : DUCHENE ERIC -> <t:1765371600:t> - <t:1765378800:t> en __S14__
<t:1765378800:D> **11 R3.02 Dév. Efficace (algo)-TD** : KHEDDOUCI HAMAMACHE -> <t:1765378800:t> - <t:1765386000:t> en __S14__
<t:1765436400:D> **R3.09 Crypto et sécurité-DS** : LEROUX STEPHANE -> <t:1765436400:t> - <t:1765443600:t> en __S11__
<t:1765522800:D> **11 R3.11  Droit des contrats et du numérique-TD** : DUFOUR KARLINE -> <t:1765522800:t> - <t:1765530000:t> en __040__
<t:1765530000:D> **21 R3.01-2 Développement Web  : Javascript-TD** : YACOUBI AYADI NADIA -> <t:1765530000:t> - <t:1765537200:t> en __S03__
<t:1765542600:D> **12 R3.12 Anglais-TD** : GARACCI DANIEL -> <t:1765542600:t> - <t:1765549800:t> en __026-Langues__
<t:1765549800:D> **R3.14 PPP** : DEBOUTE JOCELYNE -> <t:1765549800:t> - <t:1765557000:t> en __S12__

[2025-12-07T17:50:04.892Z] info: Message sent to channel 1395371591797575750: <t:1765177200:D> **22 R3.09 Crypto et sécurité-TD** : LEROUX STEPHANE -> <t:1765177200:t> - <t:1765184400:t> en __S03__
<t:1765184400:D> **11 R3.04-1 Qualité de developpement-Conception-TD G1** : DUCHENE ERIC -> <t:1765184400:t> - <t:1765191600:t> en __S03__
<t:1765198800:D> **11 R3.01-2 Développement Web  : Javascript-TD** : YACOUBI AYADI NADIA -> <t:1765198800:t> - <t:1765206000:t> en __S14__
<t:1765270800:D> **15 R3.13 communication professionnelle-TD** : DEBOUTE JOCELYNE -> <t:1765270800:t> - <t:1765278000:t> en __040__
<t:1765285200:D> **13 R3.07 SQL et Programmation-TD** : BARON ARIANE -> <t:1765285200:t> - <t:1765292400:t> en __S14__
<t:1765357200:D> **21 R3.11  Droit des contrats et du numérique-TD** : DUFOUR KARLINE -> <t:1765357200:t> - <t:1765364400:t> en __S12__
<t:1765371600:D> **21R3.04-1 Qualité de developpement-Conception-TD** : DUCHENE ERIC -> <t:1765371600:t> - <t:1765378800:t> en __S14__
<t:1765378800:D> **11 R3.02 Dév. Efficace (algo)-TD** : KHEDDOUCI HAMAMACHE -> <t:1765378800:t> - <t:1765386000:t> en __S14__
<t:1765436400:D> **R3.09 Crypto et sécurité-DS** : LEROUX STEPHANE -> <t:1765436400:t> - <t:1765443600:t> en __S11__
<t:1765522800:D> **11 R3.11  Droit des contrats et du numérique-TD** : DUFOUR KARLINE -> <t:1765522800:t> - <t:1765530000:t> en __040__
<t:1765530000:D> **21 R3.01-2 Développement Web  : Javascript-TD** : YACOUBI AYADI NADIA -> <t:1765530000:t> - <t:1765537200:t> en __S03__
<t:1765542600:D> **12 R3.12 Anglais-TD** : GARACCI DANIEL -> <t:1765542600:t> - <t:1765549800:t> en __026-Langues__
<t:1765549800:D> **R3.14 PPP** : DEBOUTE JOCELYNE -> <t:1765549800:t> - <t:1765557000:t> en __S12__

[2025-12-07T17:50:04.897Z] info: Message sent to channel 1409494803489488986 in 20 parts.
[2025-12-07T17:50:04.902Z] info: Message sent to channel 1409494819574775808 in 20 parts.
[2025-12-07T17:50:04.904Z] info: Weekly timetables sent
[2025-12-07T18:00:00.277Z] info: Downloading ICS files for tomorrow for groups: aspea, aspeb, g1s1a, g1s1b, g2s1a, g2s1b, g3s1a, g3s1b, g4s1a, g4s1b, g5s1a, g5s1b, g1s3a, g1s3b, g2s3a, g2s3b, g3a2, g4s3a, g4s3b, but3ra1a, but3ra1b, but3ra2a, but3ra2b, but3ra3a, but3ra3b, but3dacs, but3aged
[2025-12-07T18:00:00.278Z] info: Downloading ICS file from https://edt.univ-lyon1.fr/jsp/custom/modules/plannings/anonymous_cal.jsp?resources=9272&projectId=1&calType=ical&firstDate=2025-12-08&lastDate=2025-12-08 to src/calendars/tomorrow/aspea.ics
[2025-12-07T18:00:00.793Z] info: ICS file downloaded successfully to src/calendars/tomorrow/aspea.ics
[2025-12-07T18:00:00.794Z] info: ICS file for aspea downloaded successfully.
[2025-12-07T18:00:00.795Z] info: Downloading ICS file from https://edt.univ-lyon1.fr/jsp/custom/modules/plannings/anonymous_cal.jsp?resources=18783&projectId=1&calType=ical&firstDate=2025-12-08&lastDate=2025-12-08 to src/calendars/tomorrow/aspeb.ics
[2025-12-07T18:00:01.132Z] info: ICS file downloaded successfully to src/calendars/tomorrow/aspeb.ics
[2025-12-07T18:00:01.132Z] info: ICS file for aspeb downloaded successfully.
[2025-12-07T18:00:01.133Z] info: Downloading ICS file from https://edt.univ-lyon1.fr/jsp/custom/modules/plannings/anonymous_cal.jsp?resources=12096&projectId=1&calType=ical&firstDate=2025-12-08&lastDate=2025-12-08 to src/calendars/tomorrow/g1s1a.ics
[2025-12-07T18:00:01.471Z] info: ICS file downloaded successfully to src/calendars/tomorrow/g1s1a.ics
[2025-12-07T18:00:01.471Z] info: ICS file for g1s1a downloaded successfully.
[2025-12-07T18:00:01.472Z] info: Downloading ICS file from https://edt.univ-lyon1.fr/jsp/custom/modules/plannings/anonymous_cal.jsp?resources=12102&projectId=1&calType=ical&firstDate=2025-12-08&lastDate=2025-12-08 to src/calendars/tomorrow/g1s1b.ics
[2025-12-07T18:00:01.810Z] info: ICS file downloaded successfully to src/calendars/tomorrow/g1s1b.ics
[2025-12-07T18:00:01.811Z] info: ICS file for g1s1b downloaded successfully.
[2025-12-07T18:00:01.813Z] info: Downloading ICS file from https://edt.univ-lyon1.fr/jsp/custom/modules/plannings/anonymous_cal.jsp?resources=12403&projectId=1&calType=ical&firstDate=2025-12-08&lastDate=2025-12-08 to src/calendars/tomorrow/g2s1a.ics
[2025-12-07T18:00:02.153Z] info: ICS file downloaded successfully to src/calendars/tomorrow/g2s1a.ics
[2025-12-07T18:00:02.154Z] info: ICS file for g2s1a downloaded successfully.
[2025-12-07T18:00:02.154Z] info: Downloading ICS file from https://edt.univ-lyon1.fr/jsp/custom/modules/plannings/anonymous_cal.jsp?resources=12406&projectId=1&calType=ical&firstDate=2025-12-08&lastDate=2025-12-08 to src/calendars/tomorrow/g2s1b.ics
[2025-12-07T18:00:02.490Z] info: ICS file downloaded successfully to src/calendars/tomorrow/g2s1b.ics
[2025-12-07T18:00:02.491Z] info: ICS file for g2s1b downloaded successfully.
[2025-12-07T18:00:02.491Z] info: Downloading ICS file from https://edt.univ-lyon1.fr/jsp/custom/modules/plannings/anonymous_cal.jsp?resources=12419&projectId=1&calType=ical&firstDate=2025-12-08&lastDate=2025-12-08 to src/calendars/tomorrow/g3s1a.ics
[2025-12-07T18:00:02.605Z] info: ICS file downloaded successfully to src/calendars/tomorrow/g3s1a.ics
[2025-12-07T18:00:02.606Z] info: ICS file for g3s1a downloaded successfully.
[2025-12-07T18:00:02.606Z] info: Downloading ICS file from https://edt.univ-lyon1.fr/jsp/custom/modules/plannings/anonymous_cal.jsp?resources=12425&projectId=1&calType=ical&firstDate=2025-12-08&lastDate=2025-12-08 to src/calendars/tomorrow/g3s1b.ics
[2025-12-07T18:00:02.739Z] info: ICS file downloaded successfully to src/calendars/tomorrow/g3s1b.ics
[2025-12-07T18:00:02.739Z] info: ICS file for g3s1b downloaded successfully.
[2025-12-07T18:00:02.740Z] info: Downloading ICS file from https://edt.univ-lyon1.fr/jsp/custom/modules/plannings/anonymous_cal.jsp?resources=12424&projectId=1&calType=ical&firstDate=2025-12-08&lastDate=2025-12-08 to src/calendars/tomorrow/g4s1a.ics
[2025-12-07T18:00:02.852Z] info: ICS file downloaded successfully to src/calendars/tomorrow/g4s1a.ics
[2025-12-07T18:00:02.852Z] info: ICS file for g4s1a downloaded successfully.
[2025-12-07T18:00:02.852Z] info: Downloading ICS file from https://edt.univ-lyon1.fr/jsp/custom/modules/plannings/anonymous_cal.jsp?resources=12444&projectId=1&calType=ical&firstDate=2025-12-08&lastDate=2025-12-08 to src/calendars/tomorrow/g4s1b.ics
[2025-12-07T18:00:02.932Z] info: ICS file downloaded successfully to src/calendars/tomorrow/g4s1b.ics
[2025-12-07T18:00:02.933Z] info: ICS file for g4s1b downloaded successfully.
[2025-12-07T18:00:02.933Z] info: Downloading ICS file from https://edt.univ-lyon1.fr/jsp/custom/modules/plannings/anonymous_cal.jsp?resources=12460&projectId=1&calType=ical&firstDate=2025-12-08&lastDate=2025-12-08 to src/calendars/tomorrow/g5s1a.ics
[2025-12-07T18:00:03.020Z] info: ICS file downloaded successfully to src/calendars/tomorrow/g5s1a.ics
[2025-12-07T18:00:03.020Z] info: ICS file for g5s1a downloaded successfully.
[2025-12-07T18:00:03.020Z] info: Downloading ICS file from https://edt.univ-lyon1.fr/jsp/custom/modules/plannings/anonymous_cal.jsp?resources=12461&projectId=1&calType=ical&firstDate=2025-12-08&lastDate=2025-12-08 to src/calendars/tomorrow/g5s1b.ics
[2025-12-07T18:00:03.131Z] info: ICS file downloaded successfully to src/calendars/tomorrow/g5s1b.ics
[2025-12-07T18:00:03.131Z] info: ICS file for g5s1b downloaded successfully.
[2025-12-07T18:00:03.132Z] info: Downloading ICS file from https://edt.univ-lyon1.fr/jsp/custom/modules/plannings/anonymous_cal.jsp?resources=35708&projectId=1&calType=ical&firstDate=2025-12-08&lastDate=2025-12-08 to src/calendars/tomorrow/g1s3a.ics
[2025-12-07T18:00:03.207Z] info: ICS file downloaded successfully to src/calendars/tomorrow/g1s3a.ics
[2025-12-07T18:00:03.208Z] info: ICS file for g1s3a downloaded successfully.
[2025-12-07T18:00:03.208Z] info: Downloading ICS file from https://edt.univ-lyon1.fr/jsp/custom/modules/plannings/anonymous_cal.jsp?resources=35709&projectId=1&calType=ical&firstDate=2025-12-08&lastDate=2025-12-08 to src/calendars/tomorrow/g1s3b.ics
[2025-12-07T18:00:03.324Z] info: ICS file downloaded successfully to src/calendars/tomorrow/g1s3b.ics
[2025-12-07T18:00:03.325Z] info: ICS file for g1s3b downloaded successfully.
[2025-12-07T18:00:03.325Z] info: Downloading ICS file from https://edt.univ-lyon1.fr/jsp/custom/modules/plannings/anonymous_cal.jsp?resources=35710&projectId=1&calType=ical&firstDate=2025-12-08&lastDate=2025-12-08 to src/calendars/tomorrow/g2s3a.ics
[2025-12-07T18:00:03.403Z] info: ICS file downloaded successfully to src/calendars/tomorrow/g2s3a.ics
[2025-12-07T18:00:03.404Z] info: ICS file for g2s3a downloaded successfully.
[2025-12-07T18:00:03.404Z] info: Downloading ICS file from https://edt.univ-lyon1.fr/jsp/custom/modules/plannings/anonymous_cal.jsp?resources=35713&projectId=1&calType=ical&firstDate=2025-12-08&lastDate=2025-12-08 to src/calendars/tomorrow/g2s3b.ics
[2025-12-07T18:00:03.517Z] info: ICS file downloaded successfully to src/calendars/tomorrow/g2s3b.ics
[2025-12-07T18:00:03.519Z] info: ICS file for g2s3b downloaded successfully.
[2025-12-07T18:00:03.519Z] info: Downloading ICS file from https://edt.univ-lyon1.fr/jsp/custom/modules/plannings/anonymous_cal.jsp?resources=35714&projectId=1&calType=ical&firstDate=2025-12-08&lastDate=2025-12-08 to src/calendars/tomorrow/g3a2.ics
[2025-12-07T18:00:03.644Z] info: ICS file downloaded successfully to src/calendars/tomorrow/g3a2.ics
[2025-12-07T18:00:03.645Z] info: ICS file for g3a2 downloaded successfully.
[2025-12-07T18:00:03.645Z] info: Downloading ICS file from https://edt.univ-lyon1.fr/jsp/custom/modules/plannings/anonymous_cal.jsp?resources=35717&projectId=1&calType=ical&firstDate=2025-12-08&lastDate=2025-12-08 to src/calendars/tomorrow/g4s3a.ics
[2025-12-07T18:00:03.778Z] info: ICS file downloaded successfully to src/calendars/tomorrow/g4s3a.ics
[2025-12-07T18:00:03.778Z] info: ICS file for g4s3a downloaded successfully.
[2025-12-07T18:00:03.778Z] info: Downloading ICS file from https://edt.univ-lyon1.fr/jsp/custom/modules/plannings/anonymous_cal.jsp?resources=35718&projectId=1&calType=ical&firstDate=2025-12-08&lastDate=2025-12-08 to src/calendars/tomorrow/g4s3b.ics
[2025-12-07T18:00:03.895Z] info: ICS file downloaded successfully to src/calendars/tomorrow/g4s3b.ics
[2025-12-07T18:00:03.896Z] info: ICS file for g4s3b downloaded successfully.
[2025-12-07T18:00:03.896Z] info: Downloading ICS file from https://edt.univ-lyon1.fr/jsp/custom/modules/plannings/anonymous_cal.jsp?resources=6161&projectId=1&calType=ical&firstDate=2025-12-08&lastDate=2025-12-08 to src/calendars/tomorrow/but3ra1a.ics
[2025-12-07T18:00:03.964Z] info: ICS file downloaded successfully to src/calendars/tomorrow/but3ra1a.ics
[2025-12-07T18:00:03.965Z] info: ICS file for but3ra1a downloaded successfully.
[2025-12-07T18:00:03.965Z] info: Downloading ICS file from https://edt.univ-lyon1.fr/jsp/custom/modules/plannings/anonymous_cal.jsp?resources=6163&projectId=1&calType=ical&firstDate=2025-12-08&lastDate=2025-12-08 to src/calendars/tomorrow/but3ra1b.ics
[2025-12-07T18:00:04.040Z] info: ICS file downloaded successfully to src/calendars/tomorrow/but3ra1b.ics
[2025-12-07T18:00:04.040Z] info: ICS file for but3ra1b downloaded successfully.
[2025-12-07T18:00:04.040Z] info: Downloading ICS file from https://edt.univ-lyon1.fr/jsp/custom/modules/plannings/anonymous_cal.jsp?resources=6165&projectId=1&calType=ical&firstDate=2025-12-08&lastDate=2025-12-08 to src/calendars/tomorrow/but3ra2a.ics
[2025-12-07T18:00:04.133Z] info: ICS file downloaded successfully to src/calendars/tomorrow/but3ra2a.ics
[2025-12-07T18:00:04.134Z] info: ICS file for but3ra2a downloaded successfully.
[2025-12-07T18:00:04.134Z] info: Downloading ICS file from https://edt.univ-lyon1.fr/jsp/custom/modules/plannings/anonymous_cal.jsp?resources=6168&projectId=1&calType=ical&firstDate=2025-12-08&lastDate=2025-12-08 to src/calendars/tomorrow/but3ra2b.ics
[2025-12-07T18:00:04.211Z] info: ICS file downloaded successfully to src/calendars/tomorrow/but3ra2b.ics
[2025-12-07T18:00:04.212Z] info: ICS file for but3ra2b downloaded successfully.
[2025-12-07T18:00:04.212Z] info: Downloading ICS file from https://edt.univ-lyon1.fr/jsp/custom/modules/plannings/anonymous_cal.jsp?resources=14059&projectId=1&calType=ical&firstDate=2025-12-08&lastDate=2025-12-08 to src/calendars/tomorrow/but3ra3a.ics
[2025-12-07T18:00:04.332Z] info: ICS file downloaded successfully to src/calendars/tomorrow/but3ra3a.ics
[2025-12-07T18:00:04.333Z] info: ICS file for but3ra3a downloaded successfully.
[2025-12-07T18:00:04.333Z] info: Downloading ICS file from https://edt.univ-lyon1.fr/jsp/custom/modules/plannings/anonymous_cal.jsp?resources=14064&projectId=1&calType=ical&firstDate=2025-12-08&lastDate=2025-12-08 to src/calendars/tomorrow/but3ra3b.ics
[2025-12-07T18:00:04.429Z] info: ICS file downloaded successfully to src/calendars/tomorrow/but3ra3b.ics
[2025-12-07T18:00:04.429Z] info: ICS file for but3ra3b downloaded successfully.
[2025-12-07T18:00:04.429Z] info: Downloading ICS file from https://edt.univ-lyon1.fr/jsp/custom/modules/plannings/anonymous_cal.jsp?resources=6136&projectId=1&calType=ical&firstDate=2025-12-08&lastDate=2025-12-08 to src/calendars/tomorrow/but3dacs.ics
[2025-12-07T18:00:04.518Z] info: ICS file downloaded successfully to src/calendars/tomorrow/but3dacs.ics
[2025-12-07T18:00:04.518Z] info: ICS file for but3dacs downloaded successfully.
[2025-12-07T18:00:04.518Z] info: Downloading ICS file from https://edt.univ-lyon1.fr/jsp/custom/modules/plannings/anonymous_cal.jsp?resources=6048&projectId=1&calType=ical&firstDate=2025-12-08&lastDate=2025-12-08 to src/calendars/tomorrow/but3aged.ics
[2025-12-07T18:00:04.606Z] info: ICS file downloaded successfully to src/calendars/tomorrow/but3aged.ics
[2025-12-07T18:00:04.606Z] info: ICS file for but3aged downloaded successfully.
[2025-12-07T18:00:04.606Z] info: Sending daily timetables
[2025-12-07T18:00:04.620Z] info: Sending message to channel 1395371772550975558: <t:1765177200:D> **IntroDev TD** : DUCHENE ERIC -> <t:1765177200:t> - <t:1765184400:t> en __S27__
<t:1765184400:D> **11Windows** : LEFEBVRE JULIEN -> <t:1765184400:t> - <t:1765191600:t> en __S27__
<t:1765191600:D> **Soutien Java** : VIDAL VINCENT -> <t:1765191600:t> - <t:1765198800:t> en __S27__
<t:1765198800:D> **11Economie durable et numérique** : LAGACHE ALEXANDRA -> <t:1765198800:t> - <t:1765206000:t> en __S15__

[2025-12-07T18:00:04.620Z] info: Message sent to channel 1395371772550975558: <t:1765177200:D> **IntroDev TD** : DUCHENE ERIC -> <t:1765177200:t> - <t:1765184400:t> en __S27__
<t:1765184400:D> **11Windows** : LEFEBVRE JULIEN -> <t:1765184400:t> - <t:1765191600:t> en __S27__
<t:1765191600:D> **Soutien Java** : VIDAL VINCENT -> <t:1765191600:t> - <t:1765198800:t> en __S27__
<t:1765198800:D> **11Economie durable et numérique** : LAGACHE ALEXANDRA -> <t:1765198800:t> - <t:1765206000:t> en __S15__

[2025-12-07T18:00:04.622Z] info: Sending message to channel 1395052296521646282: <t:1765184400:D> **R1.02-1 Web-PE** : BUYLE-BODIN NICOLAS -> <t:1765184400:t> - <t:1765191600:t> en __S24__
<t:1765198800:D> **SAE 101 102 Initiation Dev** : BUYLE-BODIN NICOLAS -> <t:1765198800:t> - <t:1765206000:t> en __S24__
<t:1765206000:D> **R1.10 Anglais-TPA P2** : CANQUE FLORENCE -> <t:1765206000:t> - <t:1765213200:t> en __026-Langues__

[2025-12-07T18:00:04.622Z] info: Message sent to channel 1395052296521646282: <t:1765184400:D> **R1.02-1 Web-PE** : BUYLE-BODIN NICOLAS -> <t:1765184400:t> - <t:1765191600:t> en __S24__
<t:1765198800:D> **SAE 101 102 Initiation Dev** : BUYLE-BODIN NICOLAS -> <t:1765198800:t> - <t:1765206000:t> en __S24__
<t:1765206000:D> **R1.10 Anglais-TPA P2** : CANQUE FLORENCE -> <t:1765206000:t> - <t:1765213200:t> en __026-Langues__

[2025-12-07T18:00:04.623Z] info: Sending message to channel 1395052332969885726: <t:1765184400:D> **R1.02-1 Web-PE** : BUYLE-BODIN NICOLAS -> <t:1765184400:t> - <t:1765191600:t> en __S24__
<t:1765198800:D> **SAE 101 102 Initiation Dev** : BUYLE-BODIN NICOLAS -> <t:1765198800:t> - <t:1765206000:t> en __S24__
<t:1765206000:D> **R1.10 Anglais-TPB P2** : BESSAC MARIETTE -> <t:1765206000:t> - <t:1765213200:t> en __028__

[2025-12-07T18:00:04.624Z] info: Message sent to channel 1395052332969885726: <t:1765184400:D> **R1.02-1 Web-PE** : BUYLE-BODIN NICOLAS -> <t:1765184400:t> - <t:1765191600:t> en __S24__
<t:1765198800:D> **SAE 101 102 Initiation Dev** : BUYLE-BODIN NICOLAS -> <t:1765198800:t> - <t:1765206000:t> en __S24__
<t:1765206000:D> **R1.10 Anglais-TPB P2** : BESSAC MARIETTE -> <t:1765206000:t> - <t:1765213200:t> en __028__

[2025-12-07T18:00:04.625Z] info: Sending message to channel 1395052379866660874: <t:1765177200:D> **17 R1.11 Com-TD** : SAUJOT GUILLAUME -> <t:1765177200:t> - <t:1765184400:t> en __037-Conseil__
<t:1765184400:D> **SAE Autonomie G2** : G2S1A -> <t:1765184400:t> - <t:1765191600:t> en __S26__
<t:1765198800:D> **R1.10 Anglais-TPA P2** : CANQUE FLORENCE -> <t:1765198800:t> - <t:1765206000:t> en __026-Langues__

[2025-12-07T18:00:04.625Z] info: Message sent to channel 1395052379866660874: <t:1765177200:D> **17 R1.11 Com-TD** : SAUJOT GUILLAUME -> <t:1765177200:t> - <t:1765184400:t> en __037-Conseil__
<t:1765184400:D> **SAE Autonomie G2** : G2S1A -> <t:1765184400:t> - <t:1765191600:t> en __S26__
<t:1765198800:D> **R1.10 Anglais-TPA P2** : CANQUE FLORENCE -> <t:1765198800:t> - <t:1765206000:t> en __026-Langues__

[2025-12-07T18:00:04.626Z] info: Sending message to channel 1395052392092930048: <t:1765177200:D> **17 R1.11 Com-TD** : SAUJOT GUILLAUME -> <t:1765177200:t> - <t:1765184400:t> en __037-Conseil__
<t:1765184400:D> **SAE Autonomie G2** : G2S1A -> <t:1765184400:t> - <t:1765191600:t> en __S26__
<t:1765198800:D> **R1.10 Anglais-TPB P2** : BESSAC MARIETTE -> <t:1765198800:t> - <t:1765206000:t> en __028__

[2025-12-07T18:00:04.626Z] info: Message sent to channel 1395052392092930048: <t:1765177200:D> **17 R1.11 Com-TD** : SAUJOT GUILLAUME -> <t:1765177200:t> - <t:1765184400:t> en __037-Conseil__
<t:1765184400:D> **SAE Autonomie G2** : G2S1A -> <t:1765184400:t> - <t:1765191600:t> en __S26__
<t:1765198800:D> **R1.10 Anglais-TPB P2** : BESSAC MARIETTE -> <t:1765198800:t> - <t:1765206000:t> en __028__

[2025-12-07T18:00:04.627Z] info: Sending message to channel 1395056179914473612: <t:1765177200:D> **R1.05-2 SQL-TD** : BENSLIMANE DJAMAL -> <t:1765177200:t> - <t:1765184400:t> en __S16__
<t:1765184400:D> **R1.10 Anglais-TPA P2** : ABAUZIT DUFAUD GISELE -> <t:1765184400:t> - <t:1765191600:t> en __026-Langues__
<t:1765198800:D> **13 R1.06 Maths discrètes TD** : JOUBERT AUDE -> <t:1765198800:t> - <t:1765206000:t> en __S11__
<t:1765206000:D> **R1.08 Gestion Proj. Orga-TD** : LAGACHE ALEXANDRA -> <t:1765206000:t> - <t:1765213200:t> en __S12__

[2025-12-07T18:00:04.630Z] info: Message sent to channel 1395056179914473612: <t:1765177200:D> **R1.05-2 SQL-TD** : BENSLIMANE DJAMAL -> <t:1765177200:t> - <t:1765184400:t> en __S16__
<t:1765184400:D> **R1.10 Anglais-TPA P2** : ABAUZIT DUFAUD GISELE -> <t:1765184400:t> - <t:1765191600:t> en __026-Langues__
<t:1765198800:D> **13 R1.06 Maths discrètes TD** : JOUBERT AUDE -> <t:1765198800:t> - <t:1765206000:t> en __S11__
<t:1765206000:D> **R1.08 Gestion Proj. Orga-TD** : LAGACHE ALEXANDRA -> <t:1765206000:t> - <t:1765213200:t> en __S12__

[2025-12-07T18:00:04.631Z] info: Sending message to channel 1395052422401101905: <t:1765177200:D> **R1.05-2 SQL-TD** : BENSLIMANE DJAMAL -> <t:1765177200:t> - <t:1765184400:t> en __S16__
<t:1765184400:D> **R1.10 Anglais-TPB P2** : CANQUE FLORENCE -> <t:1765184400:t> - <t:1765191600:t> en __028__
<t:1765198800:D> **13 R1.06 Maths discrètes TD** : JOUBERT AUDE -> <t:1765198800:t> - <t:1765206000:t> en __S11__
<t:1765206000:D> **R1.08 Gestion Proj. Orga-TD** : LAGACHE ALEXANDRA -> <t:1765206000:t> - <t:1765213200:t> en __S12__

[2025-12-07T18:00:04.631Z] info: Message sent to channel 1395052422401101905: <t:1765177200:D> **R1.05-2 SQL-TD** : BENSLIMANE DJAMAL -> <t:1765177200:t> - <t:1765184400:t> en __S16__
<t:1765184400:D> **R1.10 Anglais-TPB P2** : CANQUE FLORENCE -> <t:1765184400:t> - <t:1765191600:t> en __028__
<t:1765198800:D> **13 R1.06 Maths discrètes TD** : JOUBERT AUDE -> <t:1765198800:t> - <t:1765206000:t> en __S11__
<t:1765206000:D> **R1.08 Gestion Proj. Orga-TD** : LAGACHE ALEXANDRA -> <t:1765206000:t> - <t:1765213200:t> en __S12__

[2025-12-07T18:00:04.632Z] info: Sending message to channel 1395052443192266916: <t:1765177200:D> **R1.10 Anglais-TPA P2** : ABAUZIT DUFAUD GISELE -> <t:1765177200:t> - <t:1765184400:t> en __026-Langues__
<t:1765184400:D> **13 R1.06 Maths discrètes TD** : JOUBERT AUDE -> <t:1765184400:t> - <t:1765191600:t> en __S11__
<t:1765198800:D> **R1.01 initation dev TD P15** : NDIAYE SAMBA NDOJH -> <t:1765198800:t> - <t:1765206000:t> en __040__
<t:1765206000:D> **R1.04 Intro Systèmes-TPA** : BUYLE-BODIN NICOLAS -> <t:1765206000:t> - <t:1765213200:t> en __S13__

[2025-12-07T18:00:04.632Z] info: Message sent to channel 1395052443192266916: <t:1765177200:D> **R1.10 Anglais-TPA P2** : ABAUZIT DUFAUD GISELE -> <t:1765177200:t> - <t:1765184400:t> en __026-Langues__
<t:1765184400:D> **13 R1.06 Maths discrètes TD** : JOUBERT AUDE -> <t:1765184400:t> - <t:1765191600:t> en __S11__
<t:1765198800:D> **R1.01 initation dev TD P15** : NDIAYE SAMBA NDOJH -> <t:1765198800:t> - <t:1765206000:t> en __040__
<t:1765206000:D> **R1.04 Intro Systèmes-TPA** : BUYLE-BODIN NICOLAS -> <t:1765206000:t> - <t:1765213200:t> en __S13__

[2025-12-07T18:00:04.633Z] info: Sending message to channel 1395052467070177290: <t:1765177200:D> **R1.10 Anglais-TPB P2** : CANQUE FLORENCE -> <t:1765177200:t> - <t:1765184400:t> en __028__
<t:1765184400:D> **13 R1.06 Maths discrètes TD** : JOUBERT AUDE -> <t:1765184400:t> - <t:1765191600:t> en __S11__
<t:1765198800:D> **R1.01 initation dev TD P15** : NDIAYE SAMBA NDOJH -> <t:1765198800:t> - <t:1765206000:t> en __040__
<t:1765206000:D> **R1.01 Initiation dev-TPB** : NDIAYE SAMBA NDOJH -> <t:1765206000:t> - <t:1765213200:t> en __S24__

[2025-12-07T18:00:04.633Z] info: Message sent to channel 1395052467070177290: <t:1765177200:D> **R1.10 Anglais-TPB P2** : CANQUE FLORENCE -> <t:1765177200:t> - <t:1765184400:t> en __028__
<t:1765184400:D> **13 R1.06 Maths discrètes TD** : JOUBERT AUDE -> <t:1765184400:t> - <t:1765191600:t> en __S11__
<t:1765198800:D> **R1.01 initation dev TD P15** : NDIAYE SAMBA NDOJH -> <t:1765198800:t> - <t:1765206000:t> en __040__
<t:1765206000:D> **R1.01 Initiation dev-TPB** : NDIAYE SAMBA NDOJH -> <t:1765206000:t> - <t:1765213200:t> en __S24__

[2025-12-07T18:00:04.634Z] info: Sending message to channel 1395052827985842288: <t:1765177200:D> **R1.05-2 SQL-TD** : BUYLE-BODIN NICOLAS -> <t:1765177200:t> - <t:1765184400:t> en __S14__
<t:1765184400:D> **13 R1.06 Maths discrètes TD** : LEROUX STEPHANE -> <t:1765184400:t> - <t:1765191600:t> en __040__
<t:1765198800:D> **SAE Autonomie G5** : G5S1A -> <t:1765198800:t> - <t:1765206000:t> en __S16__
<t:1765206000:D> **R1.01 initation dev TD P15** : BARON ARIANE -> <t:1765206000:t> - <t:1765213200:t> en __040__

[2025-12-07T18:00:04.634Z] info: Message sent to channel 1395052827985842288: <t:1765177200:D> **R1.05-2 SQL-TD** : BUYLE-BODIN NICOLAS -> <t:1765177200:t> - <t:1765184400:t> en __S14__
<t:1765184400:D> **13 R1.06 Maths discrètes TD** : LEROUX STEPHANE -> <t:1765184400:t> - <t:1765191600:t> en __040__
<t:1765198800:D> **SAE Autonomie G5** : G5S1A -> <t:1765198800:t> - <t:1765206000:t> en __S16__
<t:1765206000:D> **R1.01 initation dev TD P15** : BARON ARIANE -> <t:1765206000:t> - <t:1765213200:t> en __040__

[2025-12-07T18:00:04.635Z] info: Sending message to channel 1395052882486890707: <t:1765177200:D> **R1.05-2 SQL-TD** : BUYLE-BODIN NICOLAS -> <t:1765177200:t> - <t:1765184400:t> en __S14__
<t:1765184400:D> **13 R1.06 Maths discrètes TD** : LEROUX STEPHANE -> <t:1765184400:t> - <t:1765191600:t> en __040__
<t:1765198800:D> **SAE Autonomie G5** : G5S1A -> <t:1765198800:t> - <t:1765206000:t> en __S16__
<t:1765206000:D> **R1.01 initation dev TD P15** : BARON ARIANE -> <t:1765206000:t> - <t:1765213200:t> en __040__

[2025-12-07T18:00:04.635Z] info: Message sent to channel 1395052882486890707: <t:1765177200:D> **R1.05-2 SQL-TD** : BUYLE-BODIN NICOLAS -> <t:1765177200:t> - <t:1765184400:t> en __S14__
<t:1765184400:D> **13 R1.06 Maths discrètes TD** : LEROUX STEPHANE -> <t:1765184400:t> - <t:1765191600:t> en __040__
<t:1765198800:D> **SAE Autonomie G5** : G5S1A -> <t:1765198800:t> - <t:1765206000:t> en __S16__
<t:1765206000:D> **R1.01 initation dev TD P15** : BARON ARIANE -> <t:1765206000:t> - <t:1765213200:t> en __040__

[2025-12-07T18:00:04.636Z] info: Sending message to channel 1395371275643256924: <t:1765177200:D> **22 R3.09 Crypto et sécurité-TD** : JALOUX CHRISTOPHE -> <t:1765177200:t> - <t:1765184400:t> en __S17__
<t:1765184400:D> **21 R3.11  Droit des contrats et du numérique-TD** : DUFOUR KARLINE -> <t:1765184400:t> - <t:1765191600:t> en __S12__
<t:1765198800:D> **R3.05 Programmation système-TPA** : BUONOMO CAMILLE -> <t:1765198800:t> - <t:1765206000:t> en __S03__
<t:1765206000:D> **12 R3.01-2 Développement Web  : Javascript-TD** : YACOUBI AYADI NADIA -> <t:1765206000:t> - <t:1765213200:t> en __S03__

[2025-12-07T18:00:04.636Z] info: Message sent to channel 1395371275643256924: <t:1765177200:D> **22 R3.09 Crypto et sécurité-TD** : JALOUX CHRISTOPHE -> <t:1765177200:t> - <t:1765184400:t> en __S17__
<t:1765184400:D> **21 R3.11  Droit des contrats et du numérique-TD** : DUFOUR KARLINE -> <t:1765184400:t> - <t:1765191600:t> en __S12__
<t:1765198800:D> **R3.05 Programmation système-TPA** : BUONOMO CAMILLE -> <t:1765198800:t> - <t:1765206000:t> en __S03__
<t:1765206000:D> **12 R3.01-2 Développement Web  : Javascript-TD** : YACOUBI AYADI NADIA -> <t:1765206000:t> - <t:1765213200:t> en __S03__

[2025-12-07T18:00:04.638Z] info: Sending message to channel 1395371292533723147: <t:1765177200:D> **22 R3.09 Crypto et sécurité-TD** : JALOUX CHRISTOPHE -> <t:1765177200:t> - <t:1765184400:t> en __S17__
<t:1765184400:D> **21 R3.11  Droit des contrats et du numérique-TD** : DUFOUR KARLINE -> <t:1765184400:t> - <t:1765191600:t> en __S12__
<t:1765206000:D> **12 R3.01-2 Développement Web  : Javascript-TD** : YACOUBI AYADI NADIA -> <t:1765206000:t> - <t:1765213200:t> en __S03__

[2025-12-07T18:00:04.639Z] info: Message sent to channel 1395371292533723147: <t:1765177200:D> **22 R3.09 Crypto et sécurité-TD** : JALOUX CHRISTOPHE -> <t:1765177200:t> - <t:1765184400:t> en __S17__
<t:1765184400:D> **21 R3.11  Droit des contrats et du numérique-TD** : DUFOUR KARLINE -> <t:1765184400:t> - <t:1765191600:t> en __S12__
<t:1765206000:D> **12 R3.01-2 Développement Web  : Javascript-TD** : YACOUBI AYADI NADIA -> <t:1765206000:t> - <t:1765213200:t> en __S03__

[2025-12-07T18:00:04.639Z] info: Sending message to channel 1395371451573600287: <t:1765177200:D> **11 R3.04-1 Qualité de developpement-Conception-TD G1** : PEYTAVIE ADRIEN -> <t:1765177200:t> - <t:1765184400:t> en __S24__
<t:1765184400:D> **22 R3.09 Crypto et sécurité-TD** : JALOUX CHRISTOPHE -> <t:1765184400:t> - <t:1765191600:t> en __S17__
<t:1765198800:D> **SAE TPA7** : JALOUX CHRISTOPHE -> <t:1765198800:t> - <t:1765206000:t> en __S17__
<t:1765206000:D> **12 R3.01-2 Développement Web  : Javascript-TD** : LEROUX STEPHANE -> <t:1765206000:t> - <t:1765213200:t> en __S17__

[2025-12-07T18:00:04.640Z] info: Message sent to channel 1395371451573600287: <t:1765177200:D> **11 R3.04-1 Qualité de developpement-Conception-TD G1** : PEYTAVIE ADRIEN -> <t:1765177200:t> - <t:1765184400:t> en __S24__
<t:1765184400:D> **22 R3.09 Crypto et sécurité-TD** : JALOUX CHRISTOPHE -> <t:1765184400:t> - <t:1765191600:t> en __S17__
<t:1765198800:D> **SAE TPA7** : JALOUX CHRISTOPHE -> <t:1765198800:t> - <t:1765206000:t> en __S17__
<t:1765206000:D> **12 R3.01-2 Développement Web  : Javascript-TD** : LEROUX STEPHANE -> <t:1765206000:t> - <t:1765213200:t> en __S17__

[2025-12-07T18:00:04.641Z] info: Sending message to channel 1395371471345553540: <t:1765177200:D> **11 R3.04-1 Qualité de developpement-Conception-TD G1** : PEYTAVIE ADRIEN -> <t:1765177200:t> - <t:1765184400:t> en __S24__
<t:1765184400:D> **22 R3.09 Crypto et sécurité-TD** : JALOUX CHRISTOPHE -> <t:1765184400:t> - <t:1765191600:t> en __S17__
<t:1765198800:D> **R3.06 Archi. Réseaux-TPB** : BARON ARIANE -> <t:1765198800:t> - <t:1765206000:t> en __S27__
<t:1765206000:D> **12 R3.01-2 Développement Web  : Javascript-TD** : LEROUX STEPHANE -> <t:1765206000:t> - <t:1765213200:t> en __S17__

[2025-12-07T18:00:04.641Z] info: Message sent to channel 1395371471345553540: <t:1765177200:D> **11 R3.04-1 Qualité de developpement-Conception-TD G1** : PEYTAVIE ADRIEN -> <t:1765177200:t> - <t:1765184400:t> en __S24__
<t:1765184400:D> **22 R3.09 Crypto et sécurité-TD** : JALOUX CHRISTOPHE -> <t:1765184400:t> - <t:1765191600:t> en __S17__
<t:1765198800:D> **R3.06 Archi. Réseaux-TPB** : BARON ARIANE -> <t:1765198800:t> - <t:1765206000:t> en __S27__
<t:1765206000:D> **12 R3.01-2 Développement Web  : Javascript-TD** : LEROUX STEPHANE -> <t:1765206000:t> - <t:1765213200:t> en __S17__

[2025-12-07T18:00:04.642Z] info: Sending message to channel 1395371640291983370: <t:1765177200:D> **R3.06 Archi réseaux-TD** : CHEKARI KARIM -> <t:1765177200:t> - <t:1765184400:t> en __S13__
<t:1765184400:D> **R3.06 Archi réseaux-TP** : CHEKARI KARIM -> <t:1765184400:t> - <t:1765191600:t> en __S18 - TP Réseau__
<t:1765198800:D> **12 R3.09 Cryptographie-TP** : LEROUX STEPHANE -> <t:1765198800:t> - <t:1765206000:t> en __S13__
<t:1765206000:D> **21 R3.01-1 Développement Web  : PHP-TP** : CAPOSIENA JULIEN -> <t:1765206000:t> - <t:1765213200:t> en __S22__

[2025-12-07T18:00:04.642Z] info: Message sent to channel 1395371640291983370: <t:1765177200:D> **R3.06 Archi réseaux-TD** : CHEKARI KARIM -> <t:1765177200:t> - <t:1765184400:t> en __S13__
<t:1765184400:D> **R3.06 Archi réseaux-TP** : CHEKARI KARIM -> <t:1765184400:t> - <t:1765191600:t> en __S18 - TP Réseau__
<t:1765198800:D> **12 R3.09 Cryptographie-TP** : LEROUX STEPHANE -> <t:1765198800:t> - <t:1765206000:t> en __S13__
<t:1765206000:D> **21 R3.01-1 Développement Web  : PHP-TP** : CAPOSIENA JULIEN -> <t:1765206000:t> - <t:1765213200:t> en __S22__

[2025-12-07T18:00:04.643Z] info: Sending message to channel 1395371506099425310: <t:1765177200:D> **22 R3.09 Crypto et sécurité-TD** : LEROUX STEPHANE -> <t:1765177200:t> - <t:1765184400:t> en __S03__
<t:1765184400:D> **11 R3.04-1 Qualité de developpement-Conception-TD G1** : DUCHENE ERIC -> <t:1765184400:t> - <t:1765191600:t> en __S03__
<t:1765198800:D> **11 R3.01-2 Développement Web  : Javascript-TD** : YACOUBI AYADI NADIA -> <t:1765198800:t> - <t:1765206000:t> en __S14__

[2025-12-07T18:00:04.643Z] info: Message sent to channel 1395371506099425310: <t:1765177200:D> **22 R3.09 Crypto et sécurité-TD** : LEROUX STEPHANE -> <t:1765177200:t> - <t:1765184400:t> en __S03__
<t:1765184400:D> **11 R3.04-1 Qualité de developpement-Conception-TD G1** : DUCHENE ERIC -> <t:1765184400:t> - <t:1765191600:t> en __S03__
<t:1765198800:D> **11 R3.01-2 Développement Web  : Javascript-TD** : YACOUBI AYADI NADIA -> <t:1765198800:t> - <t:1765206000:t> en __S14__

[2025-12-07T18:00:04.644Z] info: Sending message to channel 1395371591797575750: <t:1765177200:D> **22 R3.09 Crypto et sécurité-TD** : LEROUX STEPHANE -> <t:1765177200:t> - <t:1765184400:t> en __S03__
<t:1765184400:D> **11 R3.04-1 Qualité de developpement-Conception-TD G1** : DUCHENE ERIC -> <t:1765184400:t> - <t:1765191600:t> en __S03__
<t:1765198800:D> **11 R3.01-2 Développement Web  : Javascript-TD** : YACOUBI AYADI NADIA -> <t:1765198800:t> - <t:1765206000:t> en __S14__

[2025-12-07T18:00:04.644Z] info: Message sent to channel 1395371591797575750: <t:1765177200:D> **22 R3.09 Crypto et sécurité-TD** : LEROUX STEPHANE -> <t:1765177200:t> - <t:1765184400:t> en __S03__
<t:1765184400:D> **11 R3.04-1 Qualité de developpement-Conception-TD G1** : DUCHENE ERIC -> <t:1765184400:t> - <t:1765191600:t> en __S03__
<t:1765198800:D> **11 R3.01-2 Développement Web  : Javascript-TD** : YACOUBI AYADI NADIA -> <t:1765198800:t> - <t:1765206000:t> en __S14__

[2025-12-07T18:00:04.645Z] info: Sending message to channel 1409494803489488986: <t:1765177200:D> **11R5.A.10 Neo4J** : FACI NOURA -> <t:1765177200:t> - <t:1765184400:t> en __S26__
<t:1765184400:D> **31R5.A.06 Programmation multimédia TPA** : PEYTAVIE ADRIEN -> <t:1765184400:t> - <t:1765191600:t> en __S16__
<t:1765198800:D> **R5.03 Communication TPA** : DEBOUTE JOCELYNE -> <t:1765198800:t> - <t:1765206000:t> en __S10__
<t:1765206000:D> **13 R5.A.12 Modélisations Math. TD RA SI** : JOUBERT AUDE -> <t:1765206000:t> - <t:1765213200:t> en __S26__

[2025-12-07T18:00:04.645Z] info: Message sent to channel 1409494803489488986: <t:1765177200:D> **11R5.A.10 Neo4J** : FACI NOURA -> <t:1765177200:t> - <t:1765184400:t> en __S26__
<t:1765184400:D> **31R5.A.06 Programmation multimédia TPA** : PEYTAVIE ADRIEN -> <t:1765184400:t> - <t:1765191600:t> en __S16__
<t:1765198800:D> **R5.03 Communication TPA** : DEBOUTE JOCELYNE -> <t:1765198800:t> - <t:1765206000:t> en __S10__
<t:1765206000:D> **13 R5.A.12 Modélisations Math. TD RA SI** : JOUBERT AUDE -> <t:1765206000:t> - <t:1765213200:t> en __S26__

[2025-12-07T18:00:04.646Z] info: Sending message to channel 1409494819574775808: <t:1765177200:D> **11R5.A.10 Neo4J** : FACI NOURA -> <t:1765177200:t> - <t:1765184400:t> en __S26__
<t:1765184400:D> **R5.03 Communication TPB** : DEBOUTE JOCELYNE -> <t:1765184400:t> - <t:1765191600:t> en __S10__
<t:1765198800:D> **41R5.A.06 Programmation multimédia TPB** : PEYTAVIE ADRIEN -> <t:1765198800:t> - <t:1765206000:t> en __S26__
<t:1765206000:D> **13 R5.A.12 Modélisations Math. TD RA SI** : JOUBERT AUDE -> <t:1765206000:t> - <t:1765213200:t> en __S26__

[2025-12-07T18:00:04.647Z] info: Message sent to channel 1409494819574775808: <t:1765177200:D> **11R5.A.10 Neo4J** : FACI NOURA -> <t:1765177200:t> - <t:1765184400:t> en __S26__
<t:1765184400:D> **R5.03 Communication TPB** : DEBOUTE JOCELYNE -> <t:1765184400:t> - <t:1765191600:t> en __S10__
<t:1765198800:D> **41R5.A.06 Programmation multimédia TPB** : PEYTAVIE ADRIEN -> <t:1765198800:t> - <t:1765206000:t> en __S26__
<t:1765206000:D> **13 R5.A.12 Modélisations Math. TD RA SI** : JOUBERT AUDE -> <t:1765206000:t> - <t:1765213200:t> en __S26__

[2025-12-07T18:00:04.647Z] info: Daily timetables sent
[2025-12-08T18:00:00.333Z] info: Downloading ICS files for tomorrow for groups: aspea, aspeb, g1s1a, g1s1b, g2s1a, g2s1b, g3s1a, g3s1b, g4s1a, g4s1b, g5s1a, g5s1b, g1s3a, g1s3b, g2s3a, g2s3b, g3a2, g4s3a, g4s3b, but3ra1a, but3ra1b, but3ra2a, but3ra2b, but3ra3a, but3ra3b, but3dacs, but3aged
[2025-12-08T18:00:00.335Z] info: Downloading ICS file from https://edt.univ-lyon1.fr/jsp/custom/modules/plannings/anonymous_cal.jsp?resources=9272&projectId=1&calType=ical&firstDate=2025-12-09&lastDate=2025-12-09 to src/calendars/tomorrow/aspea.ics
[2025-12-08T18:00:00.529Z] info: ICS file downloaded successfully to src/calendars/tomorrow/aspea.ics
[2025-12-08T18:00:00.529Z] info: ICS file for aspea downloaded successfully.
[2025-12-08T18:00:00.530Z] info: Downloading ICS file from https://edt.univ-lyon1.fr/jsp/custom/modules/plannings/anonymous_cal.jsp?resources=18783&projectId=1&calType=ical&firstDate=2025-12-09&lastDate=2025-12-09 to src/calendars/tomorrow/aspeb.ics
[2025-12-08T18:00:00.699Z] info: ICS file downloaded successfully to src/calendars/tomorrow/aspeb.ics
[2025-12-08T18:00:00.699Z] info: ICS file for aspeb downloaded successfully.
[2025-12-08T18:00:00.700Z] info: Downloading ICS file from https://edt.univ-lyon1.fr/jsp/custom/modules/plannings/anonymous_cal.jsp?resources=12096&projectId=1&calType=ical&firstDate=2025-12-09&lastDate=2025-12-09 to src/calendars/tomorrow/g1s1a.ics
[2025-12-08T18:00:01.036Z] info: ICS file downloaded successfully to src/calendars/tomorrow/g1s1a.ics
[2025-12-08T18:00:01.037Z] info: ICS file for g1s1a downloaded successfully.
[2025-12-08T18:00:01.037Z] info: Downloading ICS file from https://edt.univ-lyon1.fr/jsp/custom/modules/plannings/anonymous_cal.jsp?resources=12102&projectId=1&calType=ical&firstDate=2025-12-09&lastDate=2025-12-09 to src/calendars/tomorrow/g1s1b.ics
[2025-12-08T18:00:01.374Z] info: ICS file downloaded successfully to src/calendars/tomorrow/g1s1b.ics
[2025-12-08T18:00:01.375Z] info: ICS file for g1s1b downloaded successfully.
[2025-12-08T18:00:01.375Z] info: Downloading ICS file from https://edt.univ-lyon1.fr/jsp/custom/modules/plannings/anonymous_cal.jsp?resources=12403&projectId=1&calType=ical&firstDate=2025-12-09&lastDate=2025-12-09 to src/calendars/tomorrow/g2s1a.ics
[2025-12-08T18:00:01.543Z] info: ICS file downloaded successfully to src/calendars/tomorrow/g2s1a.ics
[2025-12-08T18:00:01.544Z] info: ICS file for g2s1a downloaded successfully.
[2025-12-08T18:00:01.544Z] info: Downloading ICS file from https://edt.univ-lyon1.fr/jsp/custom/modules/plannings/anonymous_cal.jsp?resources=12406&projectId=1&calType=ical&firstDate=2025-12-09&lastDate=2025-12-09 to src/calendars/tomorrow/g2s1b.ics
[2025-12-08T18:00:01.885Z] info: ICS file downloaded successfully to src/calendars/tomorrow/g2s1b.ics
[2025-12-08T18:00:01.886Z] info: ICS file for g2s1b downloaded successfully.
[2025-12-08T18:00:01.886Z] info: Downloading ICS file from https://edt.univ-lyon1.fr/jsp/custom/modules/plannings/anonymous_cal.jsp?resources=12419&projectId=1&calType=ical&firstDate=2025-12-09&lastDate=2025-12-09 to src/calendars/tomorrow/g3s1a.ics
[2025-12-08T18:00:02.055Z] info: ICS file downloaded successfully to src/calendars/tomorrow/g3s1a.ics
[2025-12-08T18:00:02.055Z] info: ICS file for g3s1a downloaded successfully.
[2025-12-08T18:00:02.056Z] info: Downloading ICS file from https://edt.univ-lyon1.fr/jsp/custom/modules/plannings/anonymous_cal.jsp?resources=12425&projectId=1&calType=ical&firstDate=2025-12-09&lastDate=2025-12-09 to src/calendars/tomorrow/g3s1b.ics
[2025-12-08T18:00:02.225Z] info: ICS file downloaded successfully to src/calendars/tomorrow/g3s1b.ics
[2025-12-08T18:00:02.226Z] info: ICS file for g3s1b downloaded successfully.
[2025-12-08T18:00:02.226Z] info: Downloading ICS file from https://edt.univ-lyon1.fr/jsp/custom/modules/plannings/anonymous_cal.jsp?resources=12424&projectId=1&calType=ical&firstDate=2025-12-09&lastDate=2025-12-09 to src/calendars/tomorrow/g4s1a.ics
[2025-12-08T18:00:02.562Z] info: ICS file downloaded successfully to src/calendars/tomorrow/g4s1a.ics
[2025-12-08T18:00:02.564Z] info: ICS file for g4s1a downloaded successfully.
[2025-12-08T18:00:02.565Z] info: Downloading ICS file from https://edt.univ-lyon1.fr/jsp/custom/modules/plannings/anonymous_cal.jsp?resources=12444&projectId=1&calType=ical&firstDate=2025-12-09&lastDate=2025-12-09 to src/calendars/tomorrow/g4s1b.ics
[2025-12-08T18:00:02.710Z] info: ICS file downloaded successfully to src/calendars/tomorrow/g4s1b.ics
[2025-12-08T18:00:02.711Z] info: ICS file for g4s1b downloaded successfully.
[2025-12-08T18:00:02.711Z] info: Downloading ICS file from https://edt.univ-lyon1.fr/jsp/custom/modules/plannings/anonymous_cal.jsp?resources=12460&projectId=1&calType=ical&firstDate=2025-12-09&lastDate=2025-12-09 to src/calendars/tomorrow/g5s1a.ics
[2025-12-08T18:00:02.873Z] info: ICS file downloaded successfully to src/calendars/tomorrow/g5s1a.ics
[2025-12-08T18:00:02.874Z] info: ICS file for g5s1a downloaded successfully.
[2025-12-08T18:00:02.874Z] info: Downloading ICS file from https://edt.univ-lyon1.fr/jsp/custom/modules/plannings/anonymous_cal.jsp?resources=12461&projectId=1&calType=ical&firstDate=2025-12-09&lastDate=2025-12-09 to src/calendars/tomorrow/g5s1b.ics
[2025-12-08T18:00:02.981Z] info: ICS file downloaded successfully to src/calendars/tomorrow/g5s1b.ics
[2025-12-08T18:00:02.982Z] info: ICS file for g5s1b downloaded successfully.
[2025-12-08T18:00:02.982Z] info: Downloading ICS file from https://edt.univ-lyon1.fr/jsp/custom/modules/plannings/anonymous_cal.jsp?resources=35708&projectId=1&calType=ical&firstDate=2025-12-09&lastDate=2025-12-09 to src/calendars/tomorrow/g1s3a.ics
[2025-12-08T18:00:03.101Z] info: ICS file downloaded successfully to src/calendars/tomorrow/g1s3a.ics
[2025-12-08T18:00:03.102Z] info: ICS file for g1s3a downloaded successfully.
[2025-12-08T18:00:03.102Z] info: Downloading ICS file from https://edt.univ-lyon1.fr/jsp/custom/modules/plannings/anonymous_cal.jsp?resources=35709&projectId=1&calType=ical&firstDate=2025-12-09&lastDate=2025-12-09 to src/calendars/tomorrow/g1s3b.ics
[2025-12-08T18:00:03.239Z] info: ICS file downloaded successfully to src/calendars/tomorrow/g1s3b.ics
[2025-12-08T18:00:03.239Z] info: ICS file for g1s3b downloaded successfully.
[2025-12-08T18:00:03.240Z] info: Downloading ICS file from https://edt.univ-lyon1.fr/jsp/custom/modules/plannings/anonymous_cal.jsp?resources=35710&projectId=1&calType=ical&firstDate=2025-12-09&lastDate=2025-12-09 to src/calendars/tomorrow/g2s3a.ics
[2025-12-08T18:00:03.334Z] info: ICS file downloaded successfully to src/calendars/tomorrow/g2s3a.ics
[2025-12-08T18:00:03.334Z] info: ICS file for g2s3a downloaded successfully.
[2025-12-08T18:00:03.335Z] info: Downloading ICS file from https://edt.univ-lyon1.fr/jsp/custom/modules/plannings/anonymous_cal.jsp?resources=35713&projectId=1&calType=ical&firstDate=2025-12-09&lastDate=2025-12-09 to src/calendars/tomorrow/g2s3b.ics
[2025-12-08T18:00:03.438Z] info: ICS file downloaded successfully to src/calendars/tomorrow/g2s3b.ics
[2025-12-08T18:00:03.439Z] info: ICS file for g2s3b downloaded successfully.
[2025-12-08T18:00:03.439Z] info: Downloading ICS file from https://edt.univ-lyon1.fr/jsp/custom/modules/plannings/anonymous_cal.jsp?resources=35714&projectId=1&calType=ical&firstDate=2025-12-09&lastDate=2025-12-09 to src/calendars/tomorrow/g3a2.ics
[2025-12-08T18:00:03.587Z] info: ICS file downloaded successfully to src/calendars/tomorrow/g3a2.ics
[2025-12-08T18:00:03.588Z] info: ICS file for g3a2 downloaded successfully.
[2025-12-08T18:00:03.588Z] info: Downloading ICS file from https://edt.univ-lyon1.fr/jsp/custom/modules/plannings/anonymous_cal.jsp?resources=35717&projectId=1&calType=ical&firstDate=2025-12-09&lastDate=2025-12-09 to src/calendars/tomorrow/g4s3a.ics
[2025-12-08T18:00:03.686Z] info: ICS file downloaded successfully to src/calendars/tomorrow/g4s3a.ics
[2025-12-08T18:00:03.687Z] info: ICS file for g4s3a downloaded successfully.
[2025-12-08T18:00:03.687Z] info: Downloading ICS file from https://edt.univ-lyon1.fr/jsp/custom/modules/plannings/anonymous_cal.jsp?resources=35718&projectId=1&calType=ical&firstDate=2025-12-09&lastDate=2025-12-09 to src/calendars/tomorrow/g4s3b.ics
[2025-12-08T18:00:03.828Z] info: ICS file downloaded successfully to src/calendars/tomorrow/g4s3b.ics
[2025-12-08T18:00:03.828Z] info: ICS file for g4s3b downloaded successfully.
[2025-12-08T18:00:03.828Z] info: Downloading ICS file from https://edt.univ-lyon1.fr/jsp/custom/modules/plannings/anonymous_cal.jsp?resources=6161&projectId=1&calType=ical&firstDate=2025-12-09&lastDate=2025-12-09 to src/calendars/tomorrow/but3ra1a.ics
[2025-12-08T18:00:03.899Z] info: ICS file downloaded successfully to src/calendars/tomorrow/but3ra1a.ics
[2025-12-08T18:00:03.899Z] info: ICS file for but3ra1a downloaded successfully.
[2025-12-08T18:00:03.900Z] info: Downloading ICS file from https://edt.univ-lyon1.fr/jsp/custom/modules/plannings/anonymous_cal.jsp?resources=6163&projectId=1&calType=ical&firstDate=2025-12-09&lastDate=2025-12-09 to src/calendars/tomorrow/but3ra1b.ics
[2025-12-08T18:00:03.979Z] info: ICS file downloaded successfully to src/calendars/tomorrow/but3ra1b.ics
[2025-12-08T18:00:03.979Z] info: ICS file for but3ra1b downloaded successfully.
[2025-12-08T18:00:03.979Z] info: Downloading ICS file from https://edt.univ-lyon1.fr/jsp/custom/modules/plannings/anonymous_cal.jsp?resources=6165&projectId=1&calType=ical&firstDate=2025-12-09&lastDate=2025-12-09 to src/calendars/tomorrow/but3ra2a.ics
[2025-12-08T18:00:04.058Z] info: ICS file downloaded successfully to src/calendars/tomorrow/but3ra2a.ics
[2025-12-08T18:00:04.059Z] info: ICS file for but3ra2a downloaded successfully.
[2025-12-08T18:00:04.059Z] info: Downloading ICS file from https://edt.univ-lyon1.fr/jsp/custom/modules/plannings/anonymous_cal.jsp?resources=6168&projectId=1&calType=ical&firstDate=2025-12-09&lastDate=2025-12-09 to src/calendars/tomorrow/but3ra2b.ics
[2025-12-08T18:00:04.165Z] info: ICS file downloaded successfully to src/calendars/tomorrow/but3ra2b.ics
[2025-12-08T18:00:04.166Z] info: ICS file for but3ra2b downloaded successfully.
[2025-12-08T18:00:04.166Z] info: Downloading ICS file from https://edt.univ-lyon1.fr/jsp/custom/modules/plannings/anonymous_cal.jsp?resources=14059&projectId=1&calType=ical&firstDate=2025-12-09&lastDate=2025-12-09 to src/calendars/tomorrow/but3ra3a.ics
[2025-12-08T18:00:04.243Z] info: ICS file downloaded successfully to src/calendars/tomorrow/but3ra3a.ics
[2025-12-08T18:00:04.243Z] info: ICS file for but3ra3a downloaded successfully.
[2025-12-08T18:00:04.244Z] info: Downloading ICS file from https://edt.univ-lyon1.fr/jsp/custom/modules/plannings/anonymous_cal.jsp?resources=14064&projectId=1&calType=ical&firstDate=2025-12-09&lastDate=2025-12-09 to src/calendars/tomorrow/but3ra3b.ics
[2025-12-08T18:00:04.344Z] info: ICS file downloaded successfully to src/calendars/tomorrow/but3ra3b.ics
[2025-12-08T18:00:04.344Z] info: ICS file for but3ra3b downloaded successfully.
[2025-12-08T18:00:04.344Z] info: Downloading ICS file from https://edt.univ-lyon1.fr/jsp/custom/modules/plannings/anonymous_cal.jsp?resources=6136&projectId=1&calType=ical&firstDate=2025-12-09&lastDate=2025-12-09 to src/calendars/tomorrow/but3dacs.ics
[2025-12-08T18:00:04.460Z] info: ICS file downloaded successfully to src/calendars/tomorrow/but3dacs.ics
[2025-12-08T18:00:04.460Z] info: ICS file for but3dacs downloaded successfully.
[2025-12-08T18:00:04.460Z] info: Downloading ICS file from https://edt.univ-lyon1.fr/jsp/custom/modules/plannings/anonymous_cal.jsp?resources=6048&projectId=1&calType=ical&firstDate=2025-12-09&lastDate=2025-12-09 to src/calendars/tomorrow/but3aged.ics
[2025-12-08T18:00:04.569Z] info: ICS file downloaded successfully to src/calendars/tomorrow/but3aged.ics
[2025-12-08T18:00:04.569Z] info: ICS file for but3aged downloaded successfully.
[2025-12-08T18:00:04.569Z] info: Sending daily timetables
[2025-12-08T18:00:04.584Z] info: Sending message to channel 1395371772550975558: <t:1765263600:D> **21Analyse et conception objet** : PERNELLE PHILIPPE -> <t:1765263600:t> - <t:1765270800:t> en __S27__
<t:1765270800:D> **11Analyse et conception objet** : PERNELLE PHILIPPE -> <t:1765270800:t> - <t:1765278000:t> en __S27__
<t:1765285200:D> **11Graphes** : LEROUX STEPHANE -> <t:1765285200:t> - <t:1765292400:t> en __S11__

[2025-12-08T18:00:04.584Z] info: Message sent to channel 1395371772550975558: <t:1765263600:D> **21Analyse et conception objet** : PERNELLE PHILIPPE -> <t:1765263600:t> - <t:1765270800:t> en __S27__
<t:1765270800:D> **11Analyse et conception objet** : PERNELLE PHILIPPE -> <t:1765270800:t> - <t:1765278000:t> en __S27__
<t:1765285200:D> **11Graphes** : LEROUX STEPHANE -> <t:1765285200:t> - <t:1765292400:t> en __S11__

[2025-12-08T18:00:04.585Z] info: Sending message to channel 1395052296521646282: <t:1765270800:D> **11 R1.08 Gestion Proj. Orga-TD** : LAGACHE ALEXANDRA -> <t:1765270800:t> - <t:1765278000:t> en __S10__
<t:1765285200:D> **24 R1.06 Maths discrètes TD** : JALOUX CHRISTOPHE -> <t:1765285200:t> - <t:1765292400:t> en __S10__
<t:1765292400:D> **R1.05-2 SQL DS G1G2** : BARON ARIANE -> <t:1765292400:t> - <t:1765299600:t> en __Amphi1__

[2025-12-08T18:00:04.585Z] info: Message sent to channel 1395052296521646282: <t:1765270800:D> **11 R1.08 Gestion Proj. Orga-TD** : LAGACHE ALEXANDRA -> <t:1765270800:t> - <t:1765278000:t> en __S10__
<t:1765285200:D> **24 R1.06 Maths discrètes TD** : JALOUX CHRISTOPHE -> <t:1765285200:t> - <t:1765292400:t> en __S10__
<t:1765292400:D> **R1.05-2 SQL DS G1G2** : BARON ARIANE -> <t:1765292400:t> - <t:1765299600:t> en __Amphi1__

[2025-12-08T18:00:04.590Z] info: Sending message to channel 1395052332969885726: <t:1765263600:D> **R1.04 Intro Systèmes-TPB** : DAUTRAIX ISABELLE -> <t:1765263600:t> - <t:1765270800:t> en __S16__
<t:1765270800:D> **11 R1.08 Gestion Proj. Orga-TD** : LAGACHE ALEXANDRA -> <t:1765270800:t> - <t:1765278000:t> en __S10__
<t:1765285200:D> **24 R1.06 Maths discrètes TD** : JALOUX CHRISTOPHE -> <t:1765285200:t> - <t:1765292400:t> en __S10__
<t:1765292400:D> **R1.05-2 SQL DS G1G2** : BARON ARIANE -> <t:1765292400:t> - <t:1765299600:t> en __Amphi1__

[2025-12-08T18:00:04.591Z] info: Message sent to channel 1395052332969885726: <t:1765263600:D> **R1.04 Intro Systèmes-TPB** : DAUTRAIX ISABELLE -> <t:1765263600:t> - <t:1765270800:t> en __S16__
<t:1765270800:D> **11 R1.08 Gestion Proj. Orga-TD** : LAGACHE ALEXANDRA -> <t:1765270800:t> - <t:1765278000:t> en __S10__
<t:1765285200:D> **24 R1.06 Maths discrètes TD** : JALOUX CHRISTOPHE -> <t:1765285200:t> - <t:1765292400:t> en __S10__
<t:1765292400:D> **R1.05-2 SQL DS G1G2** : BARON ARIANE -> <t:1765292400:t> - <t:1765299600:t> en __Amphi1__

[2025-12-08T18:00:04.592Z] info: Sending message to channel 1395052379866660874: <t:1765263600:D> **24 R1.06 Maths discrètes TD** : JALOUX CHRISTOPHE -> <t:1765263600:t> - <t:1765270800:t> en __S10__
<t:1765270800:D> **R1.04 Intro Systèmes-TPA** : BUYLE-BODIN NICOLAS -> <t:1765270800:t> - <t:1765278000:t> en __S24__
<t:1765285200:D> **SAE 101 102 Initiation Dev** : NDIAYE SAMBA NDOJH -> <t:1765285200:t> - <t:1765292400:t> en __S03__
<t:1765292400:D> **R1.05-2 SQL DS G1G2** : BARON ARIANE -> <t:1765292400:t> - <t:1765299600:t> en __Amphi1__

[2025-12-08T18:00:04.592Z] info: Message sent to channel 1395052379866660874: <t:1765263600:D> **24 R1.06 Maths discrètes TD** : JALOUX CHRISTOPHE -> <t:1765263600:t> - <t:1765270800:t> en __S10__
<t:1765270800:D> **R1.04 Intro Systèmes-TPA** : BUYLE-BODIN NICOLAS -> <t:1765270800:t> - <t:1765278000:t> en __S24__
<t:1765285200:D> **SAE 101 102 Initiation Dev** : NDIAYE SAMBA NDOJH -> <t:1765285200:t> - <t:1765292400:t> en __S03__
<t:1765292400:D> **R1.05-2 SQL DS G1G2** : BARON ARIANE -> <t:1765292400:t> - <t:1765299600:t> en __Amphi1__

[2025-12-08T18:00:04.593Z] info: Sending message to channel 1395052392092930048: <t:1765263600:D> **24 R1.06 Maths discrètes TD** : JALOUX CHRISTOPHE -> <t:1765263600:t> - <t:1765270800:t> en __S10__
<t:1765270800:D> **R1.01 Initiation dev-TPB** : DAUTRAIX ISABELLE -> <t:1765270800:t> - <t:1765278000:t> en __S03__
<t:1765285200:D> **SAE 101 102 Initiation Dev** : NDIAYE SAMBA NDOJH -> <t:1765285200:t> - <t:1765292400:t> en __S03__
<t:1765292400:D> **R1.05-2 SQL DS G1G2** : BARON ARIANE -> <t:1765292400:t> - <t:1765299600:t> en __Amphi1__

[2025-12-08T18:00:04.593Z] info: Message sent to channel 1395052392092930048: <t:1765263600:D> **24 R1.06 Maths discrètes TD** : JALOUX CHRISTOPHE -> <t:1765263600:t> - <t:1765270800:t> en __S10__
<t:1765270800:D> **R1.01 Initiation dev-TPB** : DAUTRAIX ISABELLE -> <t:1765270800:t> - <t:1765278000:t> en __S03__
<t:1765285200:D> **SAE 101 102 Initiation Dev** : NDIAYE SAMBA NDOJH -> <t:1765285200:t> - <t:1765292400:t> en __S03__
<t:1765292400:D> **R1.05-2 SQL DS G1G2** : BARON ARIANE -> <t:1765292400:t> - <t:1765299600:t> en __Amphi1__

[2025-12-08T18:00:04.594Z] info: Sending message to channel 1395056179914473612: <t:1765263600:D> **24 R1.06 Maths discrètes TD** : JOUBERT AUDE -> <t:1765263600:t> - <t:1765270800:t> en __S11__
<t:1765285200:D> **11 R1.08 Gestion Proj. Orga-TD** : LAGACHE ALEXANDRA -> <t:1765285200:t> - <t:1765292400:t> en __S12__
<t:1765292400:D> **SAE Autonomie G3** : G3S1A -> <t:1765292400:t> - <t:1765299600:t> en __S27__

[2025-12-08T18:00:04.596Z] info: Message sent to channel 1395056179914473612: <t:1765263600:D> **24 R1.06 Maths discrètes TD** : JOUBERT AUDE -> <t:1765263600:t> - <t:1765270800:t> en __S11__
<t:1765285200:D> **11 R1.08 Gestion Proj. Orga-TD** : LAGACHE ALEXANDRA -> <t:1765285200:t> - <t:1765292400:t> en __S12__
<t:1765292400:D> **SAE Autonomie G3** : G3S1A -> <t:1765292400:t> - <t:1765299600:t> en __S27__

[2025-12-08T18:00:04.597Z] info: Sending message to channel 1395052422401101905: <t:1765263600:D> **24 R1.06 Maths discrètes TD** : JOUBERT AUDE -> <t:1765263600:t> - <t:1765270800:t> en __S11__
<t:1765270800:D> **21 SAE 101 102 Initiation Dev-TPB** : BEN HADID AMIRA -> <t:1765270800:t> - <t:1765278000:t> en __S16__
<t:1765285200:D> **11 R1.08 Gestion Proj. Orga-TD** : LAGACHE ALEXANDRA -> <t:1765285200:t> - <t:1765292400:t> en __S12__
<t:1765292400:D> **SAE Autonomie G3** : G3S1A -> <t:1765292400:t> - <t:1765299600:t> en __S27__

[2025-12-08T18:00:04.597Z] info: Message sent to channel 1395052422401101905: <t:1765263600:D> **24 R1.06 Maths discrètes TD** : JOUBERT AUDE -> <t:1765263600:t> - <t:1765270800:t> en __S11__
<t:1765270800:D> **21 SAE 101 102 Initiation Dev-TPB** : BEN HADID AMIRA -> <t:1765270800:t> - <t:1765278000:t> en __S16__
<t:1765285200:D> **11 R1.08 Gestion Proj. Orga-TD** : LAGACHE ALEXANDRA -> <t:1765285200:t> - <t:1765292400:t> en __S12__
<t:1765292400:D> **SAE Autonomie G3** : G3S1A -> <t:1765292400:t> - <t:1765299600:t> en __S27__

[2025-12-08T18:00:04.598Z] info: Sending message to channel 1395052443192266916: <t:1765263600:D> **SAE 101 102 Initiation Dev** : ZEITOUN SEBASTIEN -> <t:1765263600:t> - <t:1765270800:t> en __S17__
<t:1765270800:D> **24 R1.06 Maths discrètes TD** : JOUBERT AUDE -> <t:1765270800:t> - <t:1765278000:t> en __S11__
<t:1765292400:D> **R1.01 Initiation dev-TPA** : NDIAYE SAMBA NDOJH -> <t:1765292400:t> - <t:1765299600:t> en __S24__

[2025-12-08T18:00:04.598Z] info: Message sent to channel 1395052443192266916: <t:1765263600:D> **SAE 101 102 Initiation Dev** : ZEITOUN SEBASTIEN -> <t:1765263600:t> - <t:1765270800:t> en __S17__
<t:1765270800:D> **24 R1.06 Maths discrètes TD** : JOUBERT AUDE -> <t:1765270800:t> - <t:1765278000:t> en __S11__
<t:1765292400:D> **R1.01 Initiation dev-TPA** : NDIAYE SAMBA NDOJH -> <t:1765292400:t> - <t:1765299600:t> en __S24__

[2025-12-08T18:00:04.599Z] info: Sending message to channel 1395052467070177290: <t:1765263600:D> **SAE 101 102 Initiation Dev** : ZEITOUN SEBASTIEN -> <t:1765263600:t> - <t:1765270800:t> en __S17__
<t:1765270800:D> **24 R1.06 Maths discrètes TD** : JOUBERT AUDE -> <t:1765270800:t> - <t:1765278000:t> en __S11__

[2025-12-08T18:00:04.599Z] info: Message sent to channel 1395052467070177290: <t:1765263600:D> **SAE 101 102 Initiation Dev** : ZEITOUN SEBASTIEN -> <t:1765263600:t> - <t:1765270800:t> en __S17__
<t:1765270800:D> **24 R1.06 Maths discrètes TD** : JOUBERT AUDE -> <t:1765270800:t> - <t:1765278000:t> en __S11__

[2025-12-08T18:00:04.599Z] info: Sending message to channel 1395052827985842288: <t:1765263600:D> **R1.02-1 Web-PE** : BEN HADID AMIRA -> <t:1765263600:t> - <t:1765270800:t> en __S24__
<t:1765270800:D> **R1.01 initation dev TD P15** : BARON ARIANE -> <t:1765270800:t> - <t:1765278000:t> en __S12__
<t:1765292400:D> **R1.08 Gestion Proj. Orga-TD** : LAGACHE ALEXANDRA -> <t:1765292400:t> - <t:1765299600:t> en __040__

[2025-12-08T18:00:04.599Z] info: Message sent to channel 1395052827985842288: <t:1765263600:D> **R1.02-1 Web-PE** : BEN HADID AMIRA -> <t:1765263600:t> - <t:1765270800:t> en __S24__
<t:1765270800:D> **R1.01 initation dev TD P15** : BARON ARIANE -> <t:1765270800:t> - <t:1765278000:t> en __S12__
<t:1765292400:D> **R1.08 Gestion Proj. Orga-TD** : LAGACHE ALEXANDRA -> <t:1765292400:t> - <t:1765299600:t> en __040__

[2025-12-08T18:00:04.600Z] info: Sending message to channel 1395052882486890707: <t:1765263600:D> **R1.02-1 Web-PE** : BEN HADID AMIRA -> <t:1765263600:t> - <t:1765270800:t> en __S24__
<t:1765270800:D> **R1.01 initation dev TD P15** : BARON ARIANE -> <t:1765270800:t> - <t:1765278000:t> en __S12__
<t:1765285200:D> **R1.12 PPP-TPB** : OLIVESI AURELIE -> <t:1765285200:t> - <t:1765292400:t> en __S21__
<t:1765292400:D> **R1.08 Gestion Proj. Orga-TD** : LAGACHE ALEXANDRA -> <t:1765292400:t> - <t:1765299600:t> en __040__

[2025-12-08T18:00:04.600Z] info: Message sent to channel 1395052882486890707: <t:1765263600:D> **R1.02-1 Web-PE** : BEN HADID AMIRA -> <t:1765263600:t> - <t:1765270800:t> en __S24__
<t:1765270800:D> **R1.01 initation dev TD P15** : BARON ARIANE -> <t:1765270800:t> - <t:1765278000:t> en __S12__
<t:1765285200:D> **R1.12 PPP-TPB** : OLIVESI AURELIE -> <t:1765285200:t> - <t:1765292400:t> en __S21__
<t:1765292400:D> **R1.08 Gestion Proj. Orga-TD** : LAGACHE ALEXANDRA -> <t:1765292400:t> - <t:1765299600:t> en __040__

[2025-12-08T18:00:04.601Z] info: Sending message to channel 1395371275643256924: <t:1765263600:D> **11 R3.04-1 Qualité de developpement-Conception-TD G1** : PEYTAVIE ADRIEN -> <t:1765263600:t> - <t:1765270800:t> en __S14__
<t:1765270800:D> **21R3.04-1 Qualité de developpement-Conception-TD** : PEYTAVIE ADRIEN -> <t:1765270800:t> - <t:1765278000:t> en __S14__
<t:1765285200:D> **R3.14 PPP** : DEBOUTE JOCELYNE -> <t:1765285200:t> - <t:1765292400:t> en __040__

[2025-12-08T18:00:04.602Z] info: Message sent to channel 1395371275643256924: <t:1765263600:D> **11 R3.04-1 Qualité de developpement-Conception-TD G1** : PEYTAVIE ADRIEN -> <t:1765263600:t> - <t:1765270800:t> en __S14__
<t:1765270800:D> **21R3.04-1 Qualité de developpement-Conception-TD** : PEYTAVIE ADRIEN -> <t:1765270800:t> - <t:1765278000:t> en __S14__
<t:1765285200:D> **R3.14 PPP** : DEBOUTE JOCELYNE -> <t:1765285200:t> - <t:1765292400:t> en __040__

[2025-12-08T18:00:04.602Z] info: Sending message to channel 1395371292533723147: <t:1765263600:D> **11 R3.04-1 Qualité de developpement-Conception-TD G1** : PEYTAVIE ADRIEN -> <t:1765263600:t> - <t:1765270800:t> en __S14__
<t:1765270800:D> **21R3.04-1 Qualité de developpement-Conception-TD** : PEYTAVIE ADRIEN -> <t:1765270800:t> - <t:1765278000:t> en __S14__
<t:1765285200:D> **R3.14 PPP** : DEBOUTE JOCELYNE -> <t:1765285200:t> - <t:1765292400:t> en __040__

[2025-12-08T18:00:04.603Z] info: Message sent to channel 1395371292533723147: <t:1765263600:D> **11 R3.04-1 Qualité de developpement-Conception-TD G1** : PEYTAVIE ADRIEN -> <t:1765263600:t> - <t:1765270800:t> en __S14__
<t:1765270800:D> **21R3.04-1 Qualité de developpement-Conception-TD** : PEYTAVIE ADRIEN -> <t:1765270800:t> - <t:1765278000:t> en __S14__
<t:1765285200:D> **R3.14 PPP** : DEBOUTE JOCELYNE -> <t:1765285200:t> - <t:1765292400:t> en __040__

[2025-12-08T18:00:04.603Z] info: Sending message to channel 1395371451573600287: <t:1765285200:D> **11 R3.11  Droit des contrats et du numérique-TD** : DUFOUR KARLINE -> <t:1765285200:t> - <t:1765292400:t> en __S15__
<t:1765292400:D> **R3.14 PPP** : DEBOUTE JOCELYNE -> <t:1765292400:t> - <t:1765299600:t> en __S15__

[2025-12-08T18:00:04.603Z] info: Message sent to channel 1395371451573600287: <t:1765285200:D> **11 R3.11  Droit des contrats et du numérique-TD** : DUFOUR KARLINE -> <t:1765285200:t> - <t:1765292400:t> en __S15__
<t:1765292400:D> **R3.14 PPP** : DEBOUTE JOCELYNE -> <t:1765292400:t> - <t:1765299600:t> en __S15__

[2025-12-08T18:00:04.604Z] info: Sending message to channel 1395371471345553540: <t:1765270800:D> **SAE TPB7** : JALOUX CHRISTOPHE -> <t:1765270800:t> - <t:1765278000:t> en __S17__
<t:1765285200:D> **11 R3.11  Droit des contrats et du numérique-TD** : DUFOUR KARLINE -> <t:1765285200:t> - <t:1765292400:t> en __S15__
<t:1765292400:D> **R3.14 PPP** : DEBOUTE JOCELYNE -> <t:1765292400:t> - <t:1765299600:t> en __S15__

[2025-12-08T18:00:04.604Z] info: Message sent to channel 1395371471345553540: <t:1765270800:D> **SAE TPB7** : JALOUX CHRISTOPHE -> <t:1765270800:t> - <t:1765278000:t> en __S17__
<t:1765285200:D> **11 R3.11  Droit des contrats et du numérique-TD** : DUFOUR KARLINE -> <t:1765285200:t> - <t:1765292400:t> en __S15__
<t:1765292400:D> **R3.14 PPP** : DEBOUTE JOCELYNE -> <t:1765292400:t> - <t:1765299600:t> en __S15__

[2025-12-08T18:00:04.605Z] info: Sending message to channel 1395371640291983370: <t:1765263600:D> **SAES3 encadré** : VIDAL VINCENT -> <t:1765263600:t> - <t:1765270800:t> en __S13__
<t:1765270800:D> **22 R3.01-1 Développement Web  : PHP-TD** : CAPOSIENA JULIEN -> <t:1765270800:t> - <t:1765278000:t> en __S13__
<t:1765285200:D> **21 R3.12 Anglais B-TD** : BESSAC MARIETTE -> <t:1765285200:t> - <t:1765292400:t> en __028__
<t:1765292400:D> **21 R3.09 Cryptographie-TD** : LEROUX STEPHANE -> <t:1765292400:t> - <t:1765299600:t> en __S13__

[2025-12-08T18:00:04.605Z] info: Message sent to channel 1395371640291983370: <t:1765263600:D> **SAES3 encadré** : VIDAL VINCENT -> <t:1765263600:t> - <t:1765270800:t> en __S13__
<t:1765270800:D> **22 R3.01-1 Développement Web  : PHP-TD** : CAPOSIENA JULIEN -> <t:1765270800:t> - <t:1765278000:t> en __S13__
<t:1765285200:D> **21 R3.12 Anglais B-TD** : BESSAC MARIETTE -> <t:1765285200:t> - <t:1765292400:t> en __028__
<t:1765292400:D> **21 R3.09 Cryptographie-TD** : LEROUX STEPHANE -> <t:1765292400:t> - <t:1765299600:t> en __S13__

[2025-12-08T18:00:04.605Z] info: Sending message to channel 1395371506099425310: <t:1765263600:D> **R3.05 Programmation système-TPA** : CAPOSIENA JULIEN -> <t:1765263600:t> - <t:1765270800:t> en __S03__
<t:1765270800:D> **15 R3.13 communication professionnelle-TD** : DEBOUTE JOCELYNE -> <t:1765270800:t> - <t:1765278000:t> en __040__
<t:1765285200:D> **13 R3.07 SQL et Programmation-TD** : BARON ARIANE -> <t:1765285200:t> - <t:1765292400:t> en __S14__

[2025-12-08T18:00:04.606Z] info: Message sent to channel 1395371506099425310: <t:1765263600:D> **R3.05 Programmation système-TPA** : CAPOSIENA JULIEN -> <t:1765263600:t> - <t:1765270800:t> en __S03__
<t:1765270800:D> **15 R3.13 communication professionnelle-TD** : DEBOUTE JOCELYNE -> <t:1765270800:t> - <t:1765278000:t> en __040__
<t:1765285200:D> **13 R3.07 SQL et Programmation-TD** : BARON ARIANE -> <t:1765285200:t> - <t:1765292400:t> en __S14__

[2025-12-08T18:00:04.606Z] info: Sending message to channel 1395371591797575750: <t:1765270800:D> **15 R3.13 communication professionnelle-TD** : DEBOUTE JOCELYNE -> <t:1765270800:t> - <t:1765278000:t> en __040__
<t:1765285200:D> **13 R3.07 SQL et Programmation-TD** : BARON ARIANE -> <t:1765285200:t> - <t:1765292400:t> en __S14__

[2025-12-08T18:00:04.606Z] info: Message sent to channel 1395371591797575750: <t:1765270800:D> **15 R3.13 communication professionnelle-TD** : DEBOUTE JOCELYNE -> <t:1765270800:t> - <t:1765278000:t> en __040__
<t:1765285200:D> **13 R3.07 SQL et Programmation-TD** : BARON ARIANE -> <t:1765285200:t> - <t:1765292400:t> en __S14__

[2025-12-08T18:00:04.607Z] info: Sending message to channel 1409494803489488986: <t:1765263600:D> **11R5.A.08 Qualité de dev** : MBAREK OLIVIER -> <t:1765263600:t> - <t:1765270800:t> en __S25__
<t:1765270800:D> **21R5.A.08 Qualité de dev** : MBAREK OLIVIER -> <t:1765270800:t> - <t:1765278000:t> en __S26__
<t:1765285200:D> **S.A.01 SAE Dev avancé A** : BUT3 RA2A -> <t:1765285200:t> - <t:1765292400:t> en __S26__
<t:1765292400:D> **21R5.A.14 Anglais TD** : BESSAC MARIETTE -> <t:1765292400:t> - <t:1765299600:t> en __028__

[2025-12-08T18:00:04.607Z] info: Message sent to channel 1409494803489488986: <t:1765263600:D> **11R5.A.08 Qualité de dev** : MBAREK OLIVIER -> <t:1765263600:t> - <t:1765270800:t> en __S25__
<t:1765270800:D> **21R5.A.08 Qualité de dev** : MBAREK OLIVIER -> <t:1765270800:t> - <t:1765278000:t> en __S26__
<t:1765285200:D> **S.A.01 SAE Dev avancé A** : BUT3 RA2A -> <t:1765285200:t> - <t:1765292400:t> en __S26__
<t:1765292400:D> **21R5.A.14 Anglais TD** : BESSAC MARIETTE -> <t:1765292400:t> - <t:1765299600:t> en __028__

[2025-12-08T18:00:04.608Z] info: Sending message to channel 1409494819574775808: <t:1765263600:D> **11R5.A.08 Qualité de dev** : MBAREK OLIVIER -> <t:1765263600:t> - <t:1765270800:t> en __S25__
<t:1765270800:D> **21R5.A.08 Qualité de dev** : MBAREK OLIVIER -> <t:1765270800:t> - <t:1765278000:t> en __S26__
<t:1765285200:D> **21R5.A.06 Programmation multimédia TPB** : PEYTAVIE ADRIEN -> <t:1765285200:t> - <t:1765292400:t> en __S24__
<t:1765292400:D> **21R5.A.14 Anglais TD** : BESSAC MARIETTE -> <t:1765292400:t> - <t:1765299600:t> en __028__

[2025-12-08T18:00:04.608Z] info: Message sent to channel 1409494819574775808: <t:1765263600:D> **11R5.A.08 Qualité de dev** : MBAREK OLIVIER -> <t:1765263600:t> - <t:1765270800:t> en __S25__
<t:1765270800:D> **21R5.A.08 Qualité de dev** : MBAREK OLIVIER -> <t:1765270800:t> - <t:1765278000:t> en __S26__
<t:1765285200:D> **21R5.A.06 Programmation multimédia TPB** : PEYTAVIE ADRIEN -> <t:1765285200:t> - <t:1765292400:t> en __S24__
<t:1765292400:D> **21R5.A.14 Anglais TD** : BESSAC MARIETTE -> <t:1765292400:t> - <t:1765299600:t> en __028__

[2025-12-08T18:00:04.609Z] info: Daily timetables sent
[2025-12-09T18:00:00.522Z] info: Downloading ICS files for tomorrow for groups: aspea, aspeb, g1s1a, g1s1b, g2s1a, g2s1b, g3s1a, g3s1b, g4s1a, g4s1b, g5s1a, g5s1b, g1s3a, g1s3b, g2s3a, g2s3b, g3a2, g4s3a, g4s3b, but3ra1a, but3ra1b, but3ra2a, but3ra2b, but3ra3a, but3ra3b, but3dacs, but3aged
[2025-12-09T18:00:00.523Z] info: Downloading ICS file from https://edt.univ-lyon1.fr/jsp/custom/modules/plannings/anonymous_cal.jsp?resources=9272&projectId=1&calType=ical&firstDate=2025-12-10&lastDate=2025-12-10 to src/calendars/tomorrow/aspea.ics
[2025-12-09T18:00:00.865Z] info: ICS file downloaded successfully to src/calendars/tomorrow/aspea.ics
[2025-12-09T18:00:00.866Z] info: ICS file for aspea downloaded successfully.
[2025-12-09T18:00:00.866Z] info: Downloading ICS file from https://edt.univ-lyon1.fr/jsp/custom/modules/plannings/anonymous_cal.jsp?resources=18783&projectId=1&calType=ical&firstDate=2025-12-10&lastDate=2025-12-10 to src/calendars/tomorrow/aspeb.ics
[2025-12-09T18:00:01.204Z] info: ICS file downloaded successfully to src/calendars/tomorrow/aspeb.ics
[2025-12-09T18:00:01.205Z] info: ICS file for aspeb downloaded successfully.
[2025-12-09T18:00:01.205Z] info: Downloading ICS file from https://edt.univ-lyon1.fr/jsp/custom/modules/plannings/anonymous_cal.jsp?resources=12096&projectId=1&calType=ical&firstDate=2025-12-10&lastDate=2025-12-10 to src/calendars/tomorrow/g1s1a.ics
[2025-12-09T18:00:01.544Z] info: ICS file downloaded successfully to src/calendars/tomorrow/g1s1a.ics
[2025-12-09T18:00:01.545Z] info: ICS file for g1s1a downloaded successfully.
[2025-12-09T18:00:01.546Z] info: Downloading ICS file from https://edt.univ-lyon1.fr/jsp/custom/modules/plannings/anonymous_cal.jsp?resources=12102&projectId=1&calType=ical&firstDate=2025-12-10&lastDate=2025-12-10 to src/calendars/tomorrow/g1s1b.ics
[2025-12-09T18:00:01.714Z] info: ICS file downloaded successfully to src/calendars/tomorrow/g1s1b.ics
[2025-12-09T18:00:01.714Z] info: ICS file for g1s1b downloaded successfully.
[2025-12-09T18:00:01.715Z] info: Downloading ICS file from https://edt.univ-lyon1.fr/jsp/custom/modules/plannings/anonymous_cal.jsp?resources=12403&projectId=1&calType=ical&firstDate=2025-12-10&lastDate=2025-12-10 to src/calendars/tomorrow/g2s1a.ics
[2025-12-09T18:00:01.883Z] info: ICS file downloaded successfully to src/calendars/tomorrow/g2s1a.ics
[2025-12-09T18:00:01.884Z] info: ICS file for g2s1a downloaded successfully.
[2025-12-09T18:00:01.884Z] info: Downloading ICS file from https://edt.univ-lyon1.fr/jsp/custom/modules/plannings/anonymous_cal.jsp?resources=12406&projectId=1&calType=ical&firstDate=2025-12-10&lastDate=2025-12-10 to src/calendars/tomorrow/g2s1b.ics
[2025-12-09T18:00:02.054Z] info: ICS file downloaded successfully to src/calendars/tomorrow/g2s1b.ics
[2025-12-09T18:00:02.054Z] info: ICS file for g2s1b downloaded successfully.
[2025-12-09T18:00:02.055Z] info: Downloading ICS file from https://edt.univ-lyon1.fr/jsp/custom/modules/plannings/anonymous_cal.jsp?resources=12419&projectId=1&calType=ical&firstDate=2025-12-10&lastDate=2025-12-10 to src/calendars/tomorrow/g3s1a.ics
[2025-12-09T18:00:02.223Z] info: ICS file downloaded successfully to src/calendars/tomorrow/g3s1a.ics
[2025-12-09T18:00:02.223Z] info: ICS file for g3s1a downloaded successfully.
[2025-12-09T18:00:02.224Z] info: Downloading ICS file from https://edt.univ-lyon1.fr/jsp/custom/modules/plannings/anonymous_cal.jsp?resources=12425&projectId=1&calType=ical&firstDate=2025-12-10&lastDate=2025-12-10 to src/calendars/tomorrow/g3s1b.ics
[2025-12-09T18:00:02.391Z] info: ICS file downloaded successfully to src/calendars/tomorrow/g3s1b.ics
[2025-12-09T18:00:02.392Z] info: ICS file for g3s1b downloaded successfully.
[2025-12-09T18:00:02.392Z] info: Downloading ICS file from https://edt.univ-lyon1.fr/jsp/custom/modules/plannings/anonymous_cal.jsp?resources=12424&projectId=1&calType=ical&firstDate=2025-12-10&lastDate=2025-12-10 to src/calendars/tomorrow/g4s1a.ics
[2025-12-09T18:00:02.561Z] info: ICS file downloaded successfully to src/calendars/tomorrow/g4s1a.ics
[2025-12-09T18:00:02.562Z] info: ICS file for g4s1a downloaded successfully.
[2025-12-09T18:00:02.562Z] info: Downloading ICS file from https://edt.univ-lyon1.fr/jsp/custom/modules/plannings/anonymous_cal.jsp?resources=12444&projectId=1&calType=ical&firstDate=2025-12-10&lastDate=2025-12-10 to src/calendars/tomorrow/g4s1b.ics
[2025-12-09T18:00:02.682Z] info: ICS file downloaded successfully to src/calendars/tomorrow/g4s1b.ics
[2025-12-09T18:00:02.683Z] info: ICS file for g4s1b downloaded successfully.
[2025-12-09T18:00:02.683Z] info: Downloading ICS file from https://edt.univ-lyon1.fr/jsp/custom/modules/plannings/anonymous_cal.jsp?resources=12460&projectId=1&calType=ical&firstDate=2025-12-10&lastDate=2025-12-10 to src/calendars/tomorrow/g5s1a.ics
[2025-12-09T18:00:02.823Z] info: ICS file downloaded successfully to src/calendars/tomorrow/g5s1a.ics
[2025-12-09T18:00:02.824Z] info: ICS file for g5s1a downloaded successfully.
[2025-12-09T18:00:02.824Z] info: Downloading ICS file from https://edt.univ-lyon1.fr/jsp/custom/modules/plannings/anonymous_cal.jsp?resources=12461&projectId=1&calType=ical&firstDate=2025-12-10&lastDate=2025-12-10 to src/calendars/tomorrow/g5s1b.ics
[2025-12-09T18:00:02.982Z] info: ICS file downloaded successfully to src/calendars/tomorrow/g5s1b.ics
[2025-12-09T18:00:02.982Z] info: ICS file for g5s1b downloaded successfully.
[2025-12-09T18:00:02.983Z] info: Downloading ICS file from https://edt.univ-lyon1.fr/jsp/custom/modules/plannings/anonymous_cal.jsp?resources=35708&projectId=1&calType=ical&firstDate=2025-12-10&lastDate=2025-12-10 to src/calendars/tomorrow/g1s3a.ics
[2025-12-09T18:00:03.123Z] info: ICS file downloaded successfully to src/calendars/tomorrow/g1s3a.ics
[2025-12-09T18:00:03.123Z] info: ICS file for g1s3a downloaded successfully.
[2025-12-09T18:00:03.124Z] info: Downloading ICS file from https://edt.univ-lyon1.fr/jsp/custom/modules/plannings/anonymous_cal.jsp?resources=35709&projectId=1&calType=ical&firstDate=2025-12-10&lastDate=2025-12-10 to src/calendars/tomorrow/g1s3b.ics
[2025-12-09T18:00:03.225Z] info: ICS file downloaded successfully to src/calendars/tomorrow/g1s3b.ics
[2025-12-09T18:00:03.226Z] info: ICS file for g1s3b downloaded successfully.
[2025-12-09T18:00:03.226Z] info: Downloading ICS file from https://edt.univ-lyon1.fr/jsp/custom/modules/plannings/anonymous_cal.jsp?resources=35710&projectId=1&calType=ical&firstDate=2025-12-10&lastDate=2025-12-10 to src/calendars/tomorrow/g2s3a.ics
[2025-12-09T18:00:03.336Z] info: ICS file downloaded successfully to src/calendars/tomorrow/g2s3a.ics
[2025-12-09T18:00:03.337Z] info: ICS file for g2s3a downloaded successfully.
[2025-12-09T18:00:03.337Z] info: Downloading ICS file from https://edt.univ-lyon1.fr/jsp/custom/modules/plannings/anonymous_cal.jsp?resources=35713&projectId=1&calType=ical&firstDate=2025-12-10&lastDate=2025-12-10 to src/calendars/tomorrow/g2s3b.ics
[2025-12-09T18:00:03.431Z] info: ICS file downloaded successfully to src/calendars/tomorrow/g2s3b.ics
[2025-12-09T18:00:03.431Z] info: ICS file for g2s3b downloaded successfully.
[2025-12-09T18:00:03.431Z] info: Downloading ICS file from https://edt.univ-lyon1.fr/jsp/custom/modules/plannings/anonymous_cal.jsp?resources=35714&projectId=1&calType=ical&firstDate=2025-12-10&lastDate=2025-12-10 to src/calendars/tomorrow/g3a2.ics
[2025-12-09T18:00:03.563Z] info: ICS file downloaded successfully to src/calendars/tomorrow/g3a2.ics
[2025-12-09T18:00:03.564Z] info: ICS file for g3a2 downloaded successfully.
[2025-12-09T18:00:03.564Z] info: Downloading ICS file from https://edt.univ-lyon1.fr/jsp/custom/modules/plannings/anonymous_cal.jsp?resources=35717&projectId=1&calType=ical&firstDate=2025-12-10&lastDate=2025-12-10 to src/calendars/tomorrow/g4s3a.ics
[2025-12-09T18:00:03.689Z] info: ICS file downloaded successfully to src/calendars/tomorrow/g4s3a.ics
[2025-12-09T18:00:03.689Z] info: ICS file for g4s3a downloaded successfully.
[2025-12-09T18:00:03.689Z] info: Downloading ICS file from https://edt.univ-lyon1.fr/jsp/custom/modules/plannings/anonymous_cal.jsp?resources=35718&projectId=1&calType=ical&firstDate=2025-12-10&lastDate=2025-12-10 to src/calendars/tomorrow/g4s3b.ics
[2025-12-09T18:00:03.823Z] info: ICS file downloaded successfully to src/calendars/tomorrow/g4s3b.ics
[2025-12-09T18:00:03.823Z] info: ICS file for g4s3b downloaded successfully.
[2025-12-09T18:00:03.823Z] info: Downloading ICS file from https://edt.univ-lyon1.fr/jsp/custom/modules/plannings/anonymous_cal.jsp?resources=6161&projectId=1&calType=ical&firstDate=2025-12-10&lastDate=2025-12-10 to src/calendars/tomorrow/but3ra1a.ics
[2025-12-09T18:00:03.920Z] info: ICS file downloaded successfully to src/calendars/tomorrow/but3ra1a.ics
[2025-12-09T18:00:03.920Z] info: ICS file for but3ra1a downloaded successfully.
[2025-12-09T18:00:03.921Z] info: Downloading ICS file from https://edt.univ-lyon1.fr/jsp/custom/modules/plannings/anonymous_cal.jsp?resources=6163&projectId=1&calType=ical&firstDate=2025-12-10&lastDate=2025-12-10 to src/calendars/tomorrow/but3ra1b.ics
[2025-12-09T18:00:03.995Z] info: ICS file downloaded successfully to src/calendars/tomorrow/but3ra1b.ics
[2025-12-09T18:00:03.996Z] info: ICS file for but3ra1b downloaded successfully.
[2025-12-09T18:00:03.996Z] info: Downloading ICS file from https://edt.univ-lyon1.fr/jsp/custom/modules/plannings/anonymous_cal.jsp?resources=6165&projectId=1&calType=ical&firstDate=2025-12-10&lastDate=2025-12-10 to src/calendars/tomorrow/but3ra2a.ics
[2025-12-09T18:00:04.108Z] info: ICS file downloaded successfully to src/calendars/tomorrow/but3ra2a.ics
[2025-12-09T18:00:04.109Z] info: ICS file for but3ra2a downloaded successfully.
[2025-12-09T18:00:04.109Z] info: Downloading ICS file from https://edt.univ-lyon1.fr/jsp/custom/modules/plannings/anonymous_cal.jsp?resources=6168&projectId=1&calType=ical&firstDate=2025-12-10&lastDate=2025-12-10 to src/calendars/tomorrow/but3ra2b.ics
[2025-12-09T18:00:04.190Z] info: ICS file downloaded successfully to src/calendars/tomorrow/but3ra2b.ics
[2025-12-09T18:00:04.190Z] info: ICS file for but3ra2b downloaded successfully.
[2025-12-09T18:00:04.190Z] info: Downloading ICS file from https://edt.univ-lyon1.fr/jsp/custom/modules/plannings/anonymous_cal.jsp?resources=14059&projectId=1&calType=ical&firstDate=2025-12-10&lastDate=2025-12-10 to src/calendars/tomorrow/but3ra3a.ics
[2025-12-09T18:00:04.333Z] info: ICS file downloaded successfully to src/calendars/tomorrow/but3ra3a.ics
[2025-12-09T18:00:04.333Z] info: ICS file for but3ra3a downloaded successfully.
[2025-12-09T18:00:04.333Z] info: Downloading ICS file from https://edt.univ-lyon1.fr/jsp/custom/modules/plannings/anonymous_cal.jsp?resources=14064&projectId=1&calType=ical&firstDate=2025-12-10&lastDate=2025-12-10 to src/calendars/tomorrow/but3ra3b.ics
[2025-12-09T18:00:04.438Z] info: ICS file downloaded successfully to src/calendars/tomorrow/but3ra3b.ics
[2025-12-09T18:00:04.439Z] info: ICS file for but3ra3b downloaded successfully.
[2025-12-09T18:00:04.439Z] info: Downloading ICS file from https://edt.univ-lyon1.fr/jsp/custom/modules/plannings/anonymous_cal.jsp?resources=6136&projectId=1&calType=ical&firstDate=2025-12-10&lastDate=2025-12-10 to src/calendars/tomorrow/but3dacs.ics
[2025-12-09T18:00:04.572Z] info: ICS file downloaded successfully to src/calendars/tomorrow/but3dacs.ics
[2025-12-09T18:00:04.572Z] info: ICS file for but3dacs downloaded successfully.
[2025-12-09T18:00:04.573Z] info: Downloading ICS file from https://edt.univ-lyon1.fr/jsp/custom/modules/plannings/anonymous_cal.jsp?resources=6048&projectId=1&calType=ical&firstDate=2025-12-10&lastDate=2025-12-10 to src/calendars/tomorrow/but3aged.ics
[2025-12-09T18:00:04.721Z] info: ICS file downloaded successfully to src/calendars/tomorrow/but3aged.ics
[2025-12-09T18:00:04.722Z] info: ICS file for but3aged downloaded successfully.
[2025-12-09T18:00:04.722Z] info: Sending daily timetables
[2025-12-09T18:00:04.735Z] info: Sending message to channel 1395371772550975558: <t:1765357200:D> **IntroDev2 TD** : DUCHENE ERIC -> <t:1765357200:t> - <t:1765364400:t> en __S17__
<t:1765371600:D> **Java-TP** : VIDAL VINCENT -> <t:1765371600:t> - <t:1765378800:t> en __S27__
<t:1765378800:D> **Communication et service réseaux-TD** : BARON ARIANE -> <t:1765378800:t> - <t:1765386000:t> en __S12__

[2025-12-09T18:00:04.736Z] info: Message sent to channel 1395371772550975558: <t:1765357200:D> **IntroDev2 TD** : DUCHENE ERIC -> <t:1765357200:t> - <t:1765364400:t> en __S17__
<t:1765371600:D> **Java-TP** : VIDAL VINCENT -> <t:1765371600:t> - <t:1765378800:t> en __S27__
<t:1765378800:D> **Communication et service réseaux-TD** : BARON ARIANE -> <t:1765378800:t> - <t:1765386000:t> en __S12__

[2025-12-09T18:00:04.736Z] info: Sending message to channel 1395052296521646282: <t:1765350000:D> **18 R1.11 Com-PE** : BESSON MATHIEU -> <t:1765350000:t> - <t:1765357200:t> en __037-Conseil__
<t:1765357200:D> **R1.01 initation dev TD P15** : BUYLE-BODIN NICOLAS -> <t:1765357200:t> - <t:1765364400:t> en __S11__
<t:1765371600:D> **SAE Autonomie G1** : G1S1A -> <t:1765371600:t> - <t:1765378800:t> en __S13__
<t:1765378800:D> **R1.08 Gestion Proj. Orga-TD** : LAGACHE ALEXANDRA -> <t:1765378800:t> - <t:1765386000:t> en __S11__

[2025-12-09T18:00:04.737Z] info: Message sent to channel 1395052296521646282: <t:1765350000:D> **18 R1.11 Com-PE** : BESSON MATHIEU -> <t:1765350000:t> - <t:1765357200:t> en __037-Conseil__
<t:1765357200:D> **R1.01 initation dev TD P15** : BUYLE-BODIN NICOLAS -> <t:1765357200:t> - <t:1765364400:t> en __S11__
<t:1765371600:D> **SAE Autonomie G1** : G1S1A -> <t:1765371600:t> - <t:1765378800:t> en __S13__
<t:1765378800:D> **R1.08 Gestion Proj. Orga-TD** : LAGACHE ALEXANDRA -> <t:1765378800:t> - <t:1765386000:t> en __S11__

[2025-12-09T18:00:04.737Z] info: Sending message to channel 1395052332969885726: <t:1765350000:D> **18 R1.11 Com-PE** : BESSON MATHIEU -> <t:1765350000:t> - <t:1765357200:t> en __037-Conseil__
<t:1765357200:D> **R1.01 initation dev TD P15** : BUYLE-BODIN NICOLAS -> <t:1765357200:t> - <t:1765364400:t> en __S11__
<t:1765371600:D> **SAE Autonomie G1** : G1S1A -> <t:1765371600:t> - <t:1765378800:t> en __S13__
<t:1765378800:D> **R1.08 Gestion Proj. Orga-TD** : LAGACHE ALEXANDRA -> <t:1765378800:t> - <t:1765386000:t> en __S11__

[2025-12-09T18:00:04.738Z] info: Message sent to channel 1395052332969885726: <t:1765350000:D> **18 R1.11 Com-PE** : BESSON MATHIEU -> <t:1765350000:t> - <t:1765357200:t> en __037-Conseil__
<t:1765357200:D> **R1.01 initation dev TD P15** : BUYLE-BODIN NICOLAS -> <t:1765357200:t> - <t:1765364400:t> en __S11__
<t:1765371600:D> **SAE Autonomie G1** : G1S1A -> <t:1765371600:t> - <t:1765378800:t> en __S13__
<t:1765378800:D> **R1.08 Gestion Proj. Orga-TD** : LAGACHE ALEXANDRA -> <t:1765378800:t> - <t:1765386000:t> en __S11__

[2025-12-09T18:00:04.738Z] info: Sending message to channel 1395052379866660874: <t:1765350000:D> **R1.01 Initiation dev-TPA** : DAUTRAIX ISABELLE -> <t:1765350000:t> - <t:1765357200:t> en __S24__
<t:1765357200:D> **R1.01 initation dev TD P15** : DAUTRAIX ISABELLE -> <t:1765357200:t> - <t:1765364400:t> en __S21__
<t:1765371600:D> **11 R1.08 Gestion Proj. Orga-TD** : BOUHADDOUDA ANISSA -> <t:1765371600:t> - <t:1765378800:t> en __S10__
<t:1765378800:D> **R1.08 Gestion Proj. Orga-TD** : BOUHADDOUDA ANISSA -> <t:1765378800:t> - <t:1765386000:t> en __040__

[2025-12-09T18:00:04.739Z] info: Message sent to channel 1395052379866660874: <t:1765350000:D> **R1.01 Initiation dev-TPA** : DAUTRAIX ISABELLE -> <t:1765350000:t> - <t:1765357200:t> en __S24__
<t:1765357200:D> **R1.01 initation dev TD P15** : DAUTRAIX ISABELLE -> <t:1765357200:t> - <t:1765364400:t> en __S21__
<t:1765371600:D> **11 R1.08 Gestion Proj. Orga-TD** : BOUHADDOUDA ANISSA -> <t:1765371600:t> - <t:1765378800:t> en __S10__
<t:1765378800:D> **R1.08 Gestion Proj. Orga-TD** : BOUHADDOUDA ANISSA -> <t:1765378800:t> - <t:1765386000:t> en __040__

[2025-12-09T18:00:04.739Z] info: Sending message to channel 1395052392092930048: <t:1765357200:D> **R1.01 initation dev TD P15** : DAUTRAIX ISABELLE -> <t:1765357200:t> - <t:1765364400:t> en __S21__
<t:1765371600:D> **11 R1.08 Gestion Proj. Orga-TD** : BOUHADDOUDA ANISSA -> <t:1765371600:t> - <t:1765378800:t> en __S10__
<t:1765378800:D> **R1.08 Gestion Proj. Orga-TD** : BOUHADDOUDA ANISSA -> <t:1765378800:t> - <t:1765386000:t> en __040__

[2025-12-09T18:00:04.739Z] info: Message sent to channel 1395052392092930048: <t:1765357200:D> **R1.01 initation dev TD P15** : DAUTRAIX ISABELLE -> <t:1765357200:t> - <t:1765364400:t> en __S21__
<t:1765371600:D> **11 R1.08 Gestion Proj. Orga-TD** : BOUHADDOUDA ANISSA -> <t:1765371600:t> - <t:1765378800:t> en __S10__
<t:1765378800:D> **R1.08 Gestion Proj. Orga-TD** : BOUHADDOUDA ANISSA -> <t:1765378800:t> - <t:1765386000:t> en __040__

[2025-12-09T18:00:04.740Z] info: Sending message to channel 1395056179914473612: <t:1765350000:D> **R1.01 Initiation dev-TPA** : VIDAL VINCENT -> <t:1765350000:t> - <t:1765357200:t> en __S03__
<t:1765357200:D> **R1.01 initation dev TD P15** : VIDAL VINCENT -> <t:1765357200:t> - <t:1765364400:t> en __040__
<t:1765371600:D> **R1.02-1 Web-PE** : BUYLE-BODIN NICOLAS -> <t:1765371600:t> - <t:1765378800:t> en __S03__

[2025-12-09T18:00:04.740Z] info: Message sent to channel 1395056179914473612: <t:1765350000:D> **R1.01 Initiation dev-TPA** : VIDAL VINCENT -> <t:1765350000:t> - <t:1765357200:t> en __S03__
<t:1765357200:D> **R1.01 initation dev TD P15** : VIDAL VINCENT -> <t:1765357200:t> - <t:1765364400:t> en __040__
<t:1765371600:D> **R1.02-1 Web-PE** : BUYLE-BODIN NICOLAS -> <t:1765371600:t> - <t:1765378800:t> en __S03__

[2025-12-09T18:00:04.741Z] info: Sending message to channel 1395052422401101905: <t:1765357200:D> **R1.01 initation dev TD P15** : VIDAL VINCENT -> <t:1765357200:t> - <t:1765364400:t> en __040__
<t:1765371600:D> **R1.02-1 Web-PE** : BUYLE-BODIN NICOLAS -> <t:1765371600:t> - <t:1765378800:t> en __S03__

[2025-12-09T18:00:04.741Z] info: Message sent to channel 1395052422401101905: <t:1765357200:D> **R1.01 initation dev TD P15** : VIDAL VINCENT -> <t:1765357200:t> - <t:1765364400:t> en __040__
<t:1765371600:D> **R1.02-1 Web-PE** : BUYLE-BODIN NICOLAS -> <t:1765371600:t> - <t:1765378800:t> en __S03__

[2025-12-09T18:00:04.742Z] info: Sending message to channel 1395052443192266916: <t:1765350000:D> **SAE Autonomie G4** : G4S1B -> <t:1765350000:t> - <t:1765357200:t> en __S26__
<t:1765357200:D> **11 R1.08 Gestion Proj. Orga-TD** : MAGNIN FLORENCE -> <t:1765357200:t> - <t:1765364400:t> en __S15__
<t:1765371600:D> **R1.08 Gestion Proj. Orga-TD** : MAGNIN FLORENCE -> <t:1765371600:t> - <t:1765378800:t> en __S11__
<t:1765378800:D> **R1.05-2 SQL-TD** : BONNET CHRISTINE -> <t:1765378800:t> - <t:1765386000:t> en __S16__

[2025-12-09T18:00:04.742Z] info: Message sent to channel 1395052443192266916: <t:1765350000:D> **SAE Autonomie G4** : G4S1B -> <t:1765350000:t> - <t:1765357200:t> en __S26__
<t:1765357200:D> **11 R1.08 Gestion Proj. Orga-TD** : MAGNIN FLORENCE -> <t:1765357200:t> - <t:1765364400:t> en __S15__
<t:1765371600:D> **R1.08 Gestion Proj. Orga-TD** : MAGNIN FLORENCE -> <t:1765371600:t> - <t:1765378800:t> en __S11__
<t:1765378800:D> **R1.05-2 SQL-TD** : BONNET CHRISTINE -> <t:1765378800:t> - <t:1765386000:t> en __S16__

[2025-12-09T18:00:04.742Z] info: Sending message to channel 1395052467070177290: <t:1765350000:D> **SAE Autonomie G4** : G4S1B -> <t:1765350000:t> - <t:1765357200:t> en __S26__
<t:1765357200:D> **11 R1.08 Gestion Proj. Orga-TD** : MAGNIN FLORENCE -> <t:1765357200:t> - <t:1765364400:t> en __S15__
<t:1765371600:D> **R1.08 Gestion Proj. Orga-TD** : MAGNIN FLORENCE -> <t:1765371600:t> - <t:1765378800:t> en __S11__
<t:1765378800:D> **R1.05-2 SQL-TD** : BONNET CHRISTINE -> <t:1765378800:t> - <t:1765386000:t> en __S16__

[2025-12-09T18:00:04.743Z] info: Message sent to channel 1395052467070177290: <t:1765350000:D> **SAE Autonomie G4** : G4S1B -> <t:1765350000:t> - <t:1765357200:t> en __S26__
<t:1765357200:D> **11 R1.08 Gestion Proj. Orga-TD** : MAGNIN FLORENCE -> <t:1765357200:t> - <t:1765364400:t> en __S15__
<t:1765371600:D> **R1.08 Gestion Proj. Orga-TD** : MAGNIN FLORENCE -> <t:1765371600:t> - <t:1765378800:t> en __S11__
<t:1765378800:D> **R1.05-2 SQL-TD** : BONNET CHRISTINE -> <t:1765378800:t> - <t:1765386000:t> en __S16__

[2025-12-09T18:00:04.743Z] info: Sending message to channel 1395052827985842288: <t:1765350000:D> **R1.01 Initiation dev-TPA** : ZEITOUN SEBASTIEN -> <t:1765350000:t> - <t:1765357200:t> en __S14__
<t:1765357200:D> **18 R1.11 Com-PE** : BESSON MATHIEU -> <t:1765357200:t> - <t:1765364400:t> en __S10__
<t:1765371600:D> **11 R1.08 Gestion Proj. Orga-TD** : LAGACHE ALEXANDRA -> <t:1765371600:t> - <t:1765378800:t> en __040__
<t:1765378800:D> **R1.05-2 SQL-PE** : BUYLE-BODIN NICOLAS -> <t:1765378800:t> - <t:1765386000:t> en __S03__

[2025-12-09T18:00:04.743Z] info: Message sent to channel 1395052827985842288: <t:1765350000:D> **R1.01 Initiation dev-TPA** : ZEITOUN SEBASTIEN -> <t:1765350000:t> - <t:1765357200:t> en __S14__
<t:1765357200:D> **18 R1.11 Com-PE** : BESSON MATHIEU -> <t:1765357200:t> - <t:1765364400:t> en __S10__
<t:1765371600:D> **11 R1.08 Gestion Proj. Orga-TD** : LAGACHE ALEXANDRA -> <t:1765371600:t> - <t:1765378800:t> en __040__
<t:1765378800:D> **R1.05-2 SQL-PE** : BUYLE-BODIN NICOLAS -> <t:1765378800:t> - <t:1765386000:t> en __S03__

[2025-12-09T18:00:04.745Z] info: Sending message to channel 1395052882486890707: <t:1765350000:D> **21R1.04 Intro Systèmes-TPB** : AVRILLON SAMY -> <t:1765350000:t> - <t:1765357200:t> en __S16__
<t:1765357200:D> **18 R1.11 Com-PE** : BESSON MATHIEU -> <t:1765357200:t> - <t:1765364400:t> en __S10__
<t:1765371600:D> **11 R1.08 Gestion Proj. Orga-TD** : LAGACHE ALEXANDRA -> <t:1765371600:t> - <t:1765378800:t> en __040__
<t:1765378800:D> **R1.05-2 SQL-PE** : BUYLE-BODIN NICOLAS -> <t:1765378800:t> - <t:1765386000:t> en __S03__

[2025-12-09T18:00:04.745Z] info: Message sent to channel 1395052882486890707: <t:1765350000:D> **21R1.04 Intro Systèmes-TPB** : AVRILLON SAMY -> <t:1765350000:t> - <t:1765357200:t> en __S16__
<t:1765357200:D> **18 R1.11 Com-PE** : BESSON MATHIEU -> <t:1765357200:t> - <t:1765364400:t> en __S10__
<t:1765371600:D> **11 R1.08 Gestion Proj. Orga-TD** : LAGACHE ALEXANDRA -> <t:1765371600:t> - <t:1765378800:t> en __040__
<t:1765378800:D> **R1.05-2 SQL-PE** : BUYLE-BODIN NICOLAS -> <t:1765378800:t> - <t:1765386000:t> en __S03__

[2025-12-09T18:00:04.746Z] info: Sending message to channel 1395371275643256924: <t:1765350000:D> **11 R3.11  Droit des contrats et du numérique-TD** : DUFOUR KARLINE -> <t:1765350000:t> - <t:1765357200:t> en __040__
<t:1765357200:D> **11 R3.02 Dév. Efficace (algo)-TD** : KHEDDOUCI HAMAMACHE -> <t:1765357200:t> - <t:1765364400:t> en __S16__
<t:1765371600:D> **R3.06 Archi. Réseaux-TPA** : BARON ARIANE -> <t:1765371600:t> - <t:1765378800:t> en __S18 - TP Réseau__
<t:1765378800:D> **SAE TPA7** : JOUBERT AUDE -> <t:1765378800:t> - <t:1765386000:t> en __S17__

[2025-12-09T18:00:04.747Z] info: Message sent to channel 1395371275643256924: <t:1765350000:D> **11 R3.11  Droit des contrats et du numérique-TD** : DUFOUR KARLINE -> <t:1765350000:t> - <t:1765357200:t> en __040__
<t:1765357200:D> **11 R3.02 Dév. Efficace (algo)-TD** : KHEDDOUCI HAMAMACHE -> <t:1765357200:t> - <t:1765364400:t> en __S16__
<t:1765371600:D> **R3.06 Archi. Réseaux-TPA** : BARON ARIANE -> <t:1765371600:t> - <t:1765378800:t> en __S18 - TP Réseau__
<t:1765378800:D> **SAE TPA7** : JOUBERT AUDE -> <t:1765378800:t> - <t:1765386000:t> en __S17__

[2025-12-09T18:00:04.747Z] info: Sending message to channel 1395371292533723147: <t:1765350000:D> **11 R3.11  Droit des contrats et du numérique-TD** : DUFOUR KARLINE -> <t:1765350000:t> - <t:1765357200:t> en __040__
<t:1765357200:D> **11 R3.02 Dév. Efficace (algo)-TD** : KHEDDOUCI HAMAMACHE -> <t:1765357200:t> - <t:1765364400:t> en __S16__
<t:1765371600:D> **SAE TPB7** : JOUBERT AUDE -> <t:1765371600:t> - <t:1765378800:t> en __S16__

[2025-12-09T18:00:04.748Z] info: Message sent to channel 1395371292533723147: <t:1765350000:D> **11 R3.11  Droit des contrats et du numérique-TD** : DUFOUR KARLINE -> <t:1765350000:t> - <t:1765357200:t> en __040__
<t:1765357200:D> **11 R3.02 Dév. Efficace (algo)-TD** : KHEDDOUCI HAMAMACHE -> <t:1765357200:t> - <t:1765364400:t> en __S16__
<t:1765371600:D> **SAE TPB7** : JOUBERT AUDE -> <t:1765371600:t> - <t:1765378800:t> en __S16__

[2025-12-09T18:00:04.748Z] info: Sending message to channel 1395371451573600287: <t:1765350000:D> **11 R3.02 Dév. Efficace (algo)-TD** : KHEDDOUCI HAMAMACHE -> <t:1765350000:t> - <t:1765357200:t> en __S17__
<t:1765357200:D> **R3.05 Programmation système-TPA** : BUONOMO CAMILLE -> <t:1765357200:t> - <t:1765364400:t> en __S24__
<t:1765371600:D> **15 R3.13 communication professionnelle-TD** : DEBOUTE JOCELYNE -> <t:1765371600:t> - <t:1765378800:t> en __S21__
<t:1765378800:D> **12 R3.12 Anglais-TD** : BESSAC MARIETTE -> <t:1765378800:t> - <t:1765386000:t> en __026-Langues__

[2025-12-09T18:00:04.749Z] info: Message sent to channel 1395371451573600287: <t:1765350000:D> **11 R3.02 Dév. Efficace (algo)-TD** : KHEDDOUCI HAMAMACHE -> <t:1765350000:t> - <t:1765357200:t> en __S17__
<t:1765357200:D> **R3.05 Programmation système-TPA** : BUONOMO CAMILLE -> <t:1765357200:t> - <t:1765364400:t> en __S24__
<t:1765371600:D> **15 R3.13 communication professionnelle-TD** : DEBOUTE JOCELYNE -> <t:1765371600:t> - <t:1765378800:t> en __S21__
<t:1765378800:D> **12 R3.12 Anglais-TD** : BESSAC MARIETTE -> <t:1765378800:t> - <t:1765386000:t> en __026-Langues__

[2025-12-09T18:00:04.750Z] info: Sending message to channel 1395371471345553540: <t:1765350000:D> **11 R3.02 Dév. Efficace (algo)-TD** : KHEDDOUCI HAMAMACHE -> <t:1765350000:t> - <t:1765357200:t> en __S17__
<t:1765371600:D> **15 R3.13 communication professionnelle-TD** : DEBOUTE JOCELYNE -> <t:1765371600:t> - <t:1765378800:t> en __S21__
<t:1765378800:D> **12 R3.12 Anglais-TD** : BESSAC MARIETTE -> <t:1765378800:t> - <t:1765386000:t> en __026-Langues__

[2025-12-09T18:00:04.750Z] info: Message sent to channel 1395371471345553540: <t:1765350000:D> **11 R3.02 Dév. Efficace (algo)-TD** : KHEDDOUCI HAMAMACHE -> <t:1765350000:t> - <t:1765357200:t> en __S17__
<t:1765371600:D> **15 R3.13 communication professionnelle-TD** : DEBOUTE JOCELYNE -> <t:1765371600:t> - <t:1765378800:t> en __S21__
<t:1765378800:D> **12 R3.12 Anglais-TD** : BESSAC MARIETTE -> <t:1765378800:t> - <t:1765386000:t> en __026-Langues__

[2025-12-09T18:00:04.751Z] info: Sending message to channel 1395371640291983370: <t:1765350000:D> **11 R3.03 Analyse-TD** : FACI NOURA -> <t:1765350000:t> - <t:1765357200:t> en __S13__
<t:1765357200:D> **22 R3.07 SQL et Programmation TP** : BARON ARIANE -> <t:1765357200:t> - <t:1765364400:t> en __S14__
<t:1765371600:D> **12R3.12 Anglais B-TD** : BESSAC MARIETTE -> <t:1765371600:t> - <t:1765378800:t> en __028__
<t:1765378800:D> **11 R3.13 Communication professionnelle-TD** : DEBOUTE JOCELYNE -> <t:1765378800:t> - <t:1765386000:t> en __S21__

[2025-12-09T18:00:04.752Z] info: Message sent to channel 1395371640291983370: <t:1765350000:D> **11 R3.03 Analyse-TD** : FACI NOURA -> <t:1765350000:t> - <t:1765357200:t> en __S13__
<t:1765357200:D> **22 R3.07 SQL et Programmation TP** : BARON ARIANE -> <t:1765357200:t> - <t:1765364400:t> en __S14__
<t:1765371600:D> **12R3.12 Anglais B-TD** : BESSAC MARIETTE -> <t:1765371600:t> - <t:1765378800:t> en __028__
<t:1765378800:D> **11 R3.13 Communication professionnelle-TD** : DEBOUTE JOCELYNE -> <t:1765378800:t> - <t:1765386000:t> en __S21__

[2025-12-09T18:00:04.753Z] info: Sending message to channel 1395371506099425310: <t:1765350000:D> **R3.06 Archi. Réseaux-TPA** : MERRHEIM XAVIER -> <t:1765350000:t> - <t:1765357200:t> en __S18 - TP Réseau__
<t:1765357200:D> **21 R3.11  Droit des contrats et du numérique-TD** : DUFOUR KARLINE -> <t:1765357200:t> - <t:1765364400:t> en __S12__
<t:1765371600:D> **21R3.04-1 Qualité de developpement-Conception-TD** : DUCHENE ERIC -> <t:1765371600:t> - <t:1765378800:t> en __S14__
<t:1765378800:D> **11 R3.02 Dév. Efficace (algo)-TD** : KHEDDOUCI HAMAMACHE -> <t:1765378800:t> - <t:1765386000:t> en __S14__

[2025-12-09T18:00:04.753Z] info: Message sent to channel 1395371506099425310: <t:1765350000:D> **R3.06 Archi. Réseaux-TPA** : MERRHEIM XAVIER -> <t:1765350000:t> - <t:1765357200:t> en __S18 - TP Réseau__
<t:1765357200:D> **21 R3.11  Droit des contrats et du numérique-TD** : DUFOUR KARLINE -> <t:1765357200:t> - <t:1765364400:t> en __S12__
<t:1765371600:D> **21R3.04-1 Qualité de developpement-Conception-TD** : DUCHENE ERIC -> <t:1765371600:t> - <t:1765378800:t> en __S14__
<t:1765378800:D> **11 R3.02 Dév. Efficace (algo)-TD** : KHEDDOUCI HAMAMACHE -> <t:1765378800:t> - <t:1765386000:t> en __S14__

[2025-12-09T18:00:04.754Z] info: Sending message to channel 1395371591797575750: <t:1765357200:D> **21 R3.11  Droit des contrats et du numérique-TD** : DUFOUR KARLINE -> <t:1765357200:t> - <t:1765364400:t> en __S12__
<t:1765371600:D> **21R3.04-1 Qualité de developpement-Conception-TD** : DUCHENE ERIC -> <t:1765371600:t> - <t:1765378800:t> en __S14__
<t:1765378800:D> **11 R3.02 Dév. Efficace (algo)-TD** : KHEDDOUCI HAMAMACHE -> <t:1765378800:t> - <t:1765386000:t> en __S14__

[2025-12-09T18:00:04.755Z] info: Message sent to channel 1395371591797575750: <t:1765357200:D> **21 R3.11  Droit des contrats et du numérique-TD** : DUFOUR KARLINE -> <t:1765357200:t> - <t:1765364400:t> en __S12__
<t:1765371600:D> **21R3.04-1 Qualité de developpement-Conception-TD** : DUCHENE ERIC -> <t:1765371600:t> - <t:1765378800:t> en __S14__
<t:1765378800:D> **11 R3.02 Dév. Efficace (algo)-TD** : KHEDDOUCI HAMAMACHE -> <t:1765378800:t> - <t:1765386000:t> en __S14__

[2025-12-09T18:00:04.756Z] info: Sending message to channel 1409494803489488986: <t:1765350000:D> **11R5.A.05-2 Angular TD** : YACOUBI AYADI NADIA -> <t:1765350000:t> - <t:1765357200:t> en __S25__
<t:1765357200:D> **21R5.A.10 Neo4J** : FACI NOURA -> <t:1765357200:t> - <t:1765364400:t> en __S26__
<t:1765371600:D> **11R5.A.10 MongoDB avancé** : AIDEL OSMAN -> <t:1765371600:t> - <t:1765378800:t> en __S26__
<t:1765378800:D> **21R5.A.10 MongoDB avancé** : AIDEL OSMAN -> <t:1765378800:t> - <t:1765386000:t> en __S26__

[2025-12-09T18:00:04.757Z] info: Message sent to channel 1409494803489488986: <t:1765350000:D> **11R5.A.05-2 Angular TD** : YACOUBI AYADI NADIA -> <t:1765350000:t> - <t:1765357200:t> en __S25__
<t:1765357200:D> **21R5.A.10 Neo4J** : FACI NOURA -> <t:1765357200:t> - <t:1765364400:t> en __S26__
<t:1765371600:D> **11R5.A.10 MongoDB avancé** : AIDEL OSMAN -> <t:1765371600:t> - <t:1765378800:t> en __S26__
<t:1765378800:D> **21R5.A.10 MongoDB avancé** : AIDEL OSMAN -> <t:1765378800:t> - <t:1765386000:t> en __S26__

[2025-12-09T18:00:04.758Z] info: Sending message to channel 1409494819574775808: <t:1765350000:D> **11R5.A.05-2 Angular TD** : YACOUBI AYADI NADIA -> <t:1765350000:t> - <t:1765357200:t> en __S25__
<t:1765357200:D> **21R5.A.10 Neo4J** : FACI NOURA -> <t:1765357200:t> - <t:1765364400:t> en __S26__
<t:1765371600:D> **11R5.A.10 MongoDB avancé** : AIDEL OSMAN -> <t:1765371600:t> - <t:1765378800:t> en __S26__
<t:1765378800:D> **21R5.A.10 MongoDB avancé** : AIDEL OSMAN -> <t:1765378800:t> - <t:1765386000:t> en __S26__

[2025-12-09T18:00:04.758Z] info: Message sent to channel 1409494819574775808: <t:1765350000:D> **11R5.A.05-2 Angular TD** : YACOUBI AYADI NADIA -> <t:1765350000:t> - <t:1765357200:t> en __S25__
<t:1765357200:D> **21R5.A.10 Neo4J** : FACI NOURA -> <t:1765357200:t> - <t:1765364400:t> en __S26__
<t:1765371600:D> **11R5.A.10 MongoDB avancé** : AIDEL OSMAN -> <t:1765371600:t> - <t:1765378800:t> en __S26__
<t:1765378800:D> **21R5.A.10 MongoDB avancé** : AIDEL OSMAN -> <t:1765378800:t> - <t:1765386000:t> en __S26__

[2025-12-09T18:00:04.763Z] info: Daily timetables sent
[2025-12-10T14:54:00.710Z] info: Received command: group from user: 944274825285890059
[2025-12-10T14:54:00.713Z] info: Received group command: group=g4, semester=s1, composedGroup=g4s1a
[2025-12-10T18:00:00.508Z] info: Downloading ICS files for tomorrow for groups: aspea, aspeb, g1s1a, g1s1b, g2s1a, g2s1b, g3s1a, g3s1b, g4s1a, g4s1b, g5s1a, g5s1b, g1s3a, g1s3b, g2s3a, g2s3b, g3a2, g4s3a, g4s3b, but3ra1a, but3ra1b, but3ra2a, but3ra2b, but3ra3a, but3ra3b, but3dacs, but3aged
[2025-12-10T18:00:00.509Z] info: Downloading ICS file from https://edt.univ-lyon1.fr/jsp/custom/modules/plannings/anonymous_cal.jsp?resources=9272&projectId=1&calType=ical&firstDate=2025-12-11&lastDate=2025-12-11 to src/calendars/tomorrow/aspea.ics
[2025-12-10T18:00:00.846Z] info: ICS file downloaded successfully to src/calendars/tomorrow/aspea.ics
[2025-12-10T18:00:00.846Z] info: ICS file for aspea downloaded successfully.
[2025-12-10T18:00:00.847Z] info: Downloading ICS file from https://edt.univ-lyon1.fr/jsp/custom/modules/plannings/anonymous_cal.jsp?resources=18783&projectId=1&calType=ical&firstDate=2025-12-11&lastDate=2025-12-11 to src/calendars/tomorrow/aspeb.ics
[2025-12-10T18:00:01.013Z] info: ICS file downloaded successfully to src/calendars/tomorrow/aspeb.ics
[2025-12-10T18:00:01.014Z] info: ICS file for aspeb downloaded successfully.
[2025-12-10T18:00:01.014Z] info: Downloading ICS file from https://edt.univ-lyon1.fr/jsp/custom/modules/plannings/anonymous_cal.jsp?resources=12096&projectId=1&calType=ical&firstDate=2025-12-11&lastDate=2025-12-11 to src/calendars/tomorrow/g1s1a.ics
[2025-12-10T18:00:01.353Z] info: ICS file downloaded successfully to src/calendars/tomorrow/g1s1a.ics
[2025-12-10T18:00:01.353Z] info: ICS file for g1s1a downloaded successfully.
[2025-12-10T18:00:01.353Z] info: Downloading ICS file from https://edt.univ-lyon1.fr/jsp/custom/modules/plannings/anonymous_cal.jsp?resources=12102&projectId=1&calType=ical&firstDate=2025-12-11&lastDate=2025-12-11 to src/calendars/tomorrow/g1s1b.ics
[2025-12-10T18:00:01.522Z] info: ICS file downloaded successfully to src/calendars/tomorrow/g1s1b.ics
[2025-12-10T18:00:01.522Z] info: ICS file for g1s1b downloaded successfully.
[2025-12-10T18:00:01.523Z] info: Downloading ICS file from https://edt.univ-lyon1.fr/jsp/custom/modules/plannings/anonymous_cal.jsp?resources=12403&projectId=1&calType=ical&firstDate=2025-12-11&lastDate=2025-12-11 to src/calendars/tomorrow/g2s1a.ics
[2025-12-10T18:00:01.692Z] info: ICS file downloaded successfully to src/calendars/tomorrow/g2s1a.ics
[2025-12-10T18:00:01.693Z] info: ICS file for g2s1a downloaded successfully.
[2025-12-10T18:00:01.693Z] info: Downloading ICS file from https://edt.univ-lyon1.fr/jsp/custom/modules/plannings/anonymous_cal.jsp?resources=12406&projectId=1&calType=ical&firstDate=2025-12-11&lastDate=2025-12-11 to src/calendars/tomorrow/g2s1b.ics
[2025-12-10T18:00:01.862Z] info: ICS file downloaded successfully to src/calendars/tomorrow/g2s1b.ics
[2025-12-10T18:00:01.862Z] info: ICS file for g2s1b downloaded successfully.
[2025-12-10T18:00:01.863Z] info: Downloading ICS file from https://edt.univ-lyon1.fr/jsp/custom/modules/plannings/anonymous_cal.jsp?resources=12419&projectId=1&calType=ical&firstDate=2025-12-11&lastDate=2025-12-11 to src/calendars/tomorrow/g3s1a.ics
[2025-12-10T18:00:02.030Z] info: ICS file downloaded successfully to src/calendars/tomorrow/g3s1a.ics
[2025-12-10T18:00:02.030Z] info: ICS file for g3s1a downloaded successfully.
[2025-12-10T18:00:02.031Z] info: Downloading ICS file from https://edt.univ-lyon1.fr/jsp/custom/modules/plannings/anonymous_cal.jsp?resources=12425&projectId=1&calType=ical&firstDate=2025-12-11&lastDate=2025-12-11 to src/calendars/tomorrow/g3s1b.ics
[2025-12-10T18:00:02.199Z] info: ICS file downloaded successfully to src/calendars/tomorrow/g3s1b.ics
[2025-12-10T18:00:02.200Z] info: ICS file for g3s1b downloaded successfully.
[2025-12-10T18:00:02.200Z] info: Downloading ICS file from https://edt.univ-lyon1.fr/jsp/custom/modules/plannings/anonymous_cal.jsp?resources=12424&projectId=1&calType=ical&firstDate=2025-12-11&lastDate=2025-12-11 to src/calendars/tomorrow/g4s1a.ics
[2025-12-10T18:00:02.368Z] info: ICS file downloaded successfully to src/calendars/tomorrow/g4s1a.ics
[2025-12-10T18:00:02.368Z] info: ICS file for g4s1a downloaded successfully.
[2025-12-10T18:00:02.370Z] info: Downloading ICS file from https://edt.univ-lyon1.fr/jsp/custom/modules/plannings/anonymous_cal.jsp?resources=12444&projectId=1&calType=ical&firstDate=2025-12-11&lastDate=2025-12-11 to src/calendars/tomorrow/g4s1b.ics
[2025-12-10T18:00:02.538Z] info: ICS file downloaded successfully to src/calendars/tomorrow/g4s1b.ics
[2025-12-10T18:00:02.538Z] info: ICS file for g4s1b downloaded successfully.
[2025-12-10T18:00:02.539Z] info: Downloading ICS file from https://edt.univ-lyon1.fr/jsp/custom/modules/plannings/anonymous_cal.jsp?resources=12460&projectId=1&calType=ical&firstDate=2025-12-11&lastDate=2025-12-11 to src/calendars/tomorrow/g5s1a.ics
[2025-12-10T18:00:02.641Z] info: ICS file downloaded successfully to src/calendars/tomorrow/g5s1a.ics
[2025-12-10T18:00:02.642Z] info: ICS file for g5s1a downloaded successfully.
[2025-12-10T18:00:02.642Z] info: Downloading ICS file from https://edt.univ-lyon1.fr/jsp/custom/modules/plannings/anonymous_cal.jsp?resources=12461&projectId=1&calType=ical&firstDate=2025-12-11&lastDate=2025-12-11 to src/calendars/tomorrow/g5s1b.ics
[2025-12-10T18:00:02.748Z] info: ICS file downloaded successfully to src/calendars/tomorrow/g5s1b.ics
[2025-12-10T18:00:02.748Z] info: ICS file for g5s1b downloaded successfully.
[2025-12-10T18:00:02.748Z] info: Downloading ICS file from https://edt.univ-lyon1.fr/jsp/custom/modules/plannings/anonymous_cal.jsp?resources=35708&projectId=1&calType=ical&firstDate=2025-12-11&lastDate=2025-12-11 to src/calendars/tomorrow/g1s3a.ics
[2025-12-10T18:00:02.862Z] info: ICS file downloaded successfully to src/calendars/tomorrow/g1s3a.ics
[2025-12-10T18:00:02.863Z] info: ICS file for g1s3a downloaded successfully.
[2025-12-10T18:00:02.863Z] info: Downloading ICS file from https://edt.univ-lyon1.fr/jsp/custom/modules/plannings/anonymous_cal.jsp?resources=35709&projectId=1&calType=ical&firstDate=2025-12-11&lastDate=2025-12-11 to src/calendars/tomorrow/g1s3b.ics
[2025-12-10T18:00:03.002Z] info: ICS file downloaded successfully to src/calendars/tomorrow/g1s3b.ics
[2025-12-10T18:00:03.002Z] info: ICS file for g1s3b downloaded successfully.
[2025-12-10T18:00:03.002Z] info: Downloading ICS file from https://edt.univ-lyon1.fr/jsp/custom/modules/plannings/anonymous_cal.jsp?resources=35710&projectId=1&calType=ical&firstDate=2025-12-11&lastDate=2025-12-11 to src/calendars/tomorrow/g2s3a.ics
[2025-12-10T18:00:03.141Z] info: ICS file downloaded successfully to src/calendars/tomorrow/g2s3a.ics
[2025-12-10T18:00:03.141Z] info: ICS file for g2s3a downloaded successfully.
[2025-12-10T18:00:03.141Z] info: Downloading ICS file from https://edt.univ-lyon1.fr/jsp/custom/modules/plannings/anonymous_cal.jsp?resources=35713&projectId=1&calType=ical&firstDate=2025-12-11&lastDate=2025-12-11 to src/calendars/tomorrow/g2s3b.ics
[2025-12-10T18:00:03.283Z] info: ICS file downloaded successfully to src/calendars/tomorrow/g2s3b.ics
[2025-12-10T18:00:03.283Z] info: ICS file for g2s3b downloaded successfully.
[2025-12-10T18:00:03.283Z] info: Downloading ICS file from https://edt.univ-lyon1.fr/jsp/custom/modules/plannings/anonymous_cal.jsp?resources=35714&projectId=1&calType=ical&firstDate=2025-12-11&lastDate=2025-12-11 to src/calendars/tomorrow/g3a2.ics
[2025-12-10T18:00:03.406Z] info: ICS file downloaded successfully to src/calendars/tomorrow/g3a2.ics
[2025-12-10T18:00:03.406Z] info: ICS file for g3a2 downloaded successfully.
[2025-12-10T18:00:03.407Z] info: Downloading ICS file from https://edt.univ-lyon1.fr/jsp/custom/modules/plannings/anonymous_cal.jsp?resources=35717&projectId=1&calType=ical&firstDate=2025-12-11&lastDate=2025-12-11 to src/calendars/tomorrow/g4s3a.ics
[2025-12-10T18:00:03.555Z] info: ICS file downloaded successfully to src/calendars/tomorrow/g4s3a.ics
[2025-12-10T18:00:03.556Z] info: ICS file for g4s3a downloaded successfully.
[2025-12-10T18:00:03.556Z] info: Downloading ICS file from https://edt.univ-lyon1.fr/jsp/custom/modules/plannings/anonymous_cal.jsp?resources=35718&projectId=1&calType=ical&firstDate=2025-12-11&lastDate=2025-12-11 to src/calendars/tomorrow/g4s3b.ics
[2025-12-10T18:00:03.641Z] info: ICS file downloaded successfully to src/calendars/tomorrow/g4s3b.ics
[2025-12-10T18:00:03.642Z] info: ICS file for g4s3b downloaded successfully.
[2025-12-10T18:00:03.642Z] info: Downloading ICS file from https://edt.univ-lyon1.fr/jsp/custom/modules/plannings/anonymous_cal.jsp?resources=6161&projectId=1&calType=ical&firstDate=2025-12-11&lastDate=2025-12-11 to src/calendars/tomorrow/but3ra1a.ics
[2025-12-10T18:00:03.768Z] info: ICS file downloaded successfully to src/calendars/tomorrow/but3ra1a.ics
[2025-12-10T18:00:03.769Z] info: ICS file for but3ra1a downloaded successfully.
[2025-12-10T18:00:03.769Z] info: Downloading ICS file from https://edt.univ-lyon1.fr/jsp/custom/modules/plannings/anonymous_cal.jsp?resources=6163&projectId=1&calType=ical&firstDate=2025-12-11&lastDate=2025-12-11 to src/calendars/tomorrow/but3ra1b.ics
[2025-12-10T18:00:03.896Z] info: ICS file downloaded successfully to src/calendars/tomorrow/but3ra1b.ics
[2025-12-10T18:00:03.896Z] info: ICS file for but3ra1b downloaded successfully.
[2025-12-10T18:00:03.896Z] info: Downloading ICS file from https://edt.univ-lyon1.fr/jsp/custom/modules/plannings/anonymous_cal.jsp?resources=6165&projectId=1&calType=ical&firstDate=2025-12-11&lastDate=2025-12-11 to src/calendars/tomorrow/but3ra2a.ics
[2025-12-10T18:00:04.025Z] info: ICS file downloaded successfully to src/calendars/tomorrow/but3ra2a.ics
[2025-12-10T18:00:04.025Z] info: ICS file for but3ra2a downloaded successfully.
[2025-12-10T18:00:04.027Z] info: Downloading ICS file from https://edt.univ-lyon1.fr/jsp/custom/modules/plannings/anonymous_cal.jsp?resources=6168&projectId=1&calType=ical&firstDate=2025-12-11&lastDate=2025-12-11 to src/calendars/tomorrow/but3ra2b.ics
[2025-12-10T18:00:04.171Z] info: ICS file downloaded successfully to src/calendars/tomorrow/but3ra2b.ics
[2025-12-10T18:00:04.171Z] info: ICS file for but3ra2b downloaded successfully.
[2025-12-10T18:00:04.171Z] info: Downloading ICS file from https://edt.univ-lyon1.fr/jsp/custom/modules/plannings/anonymous_cal.jsp?resources=14059&projectId=1&calType=ical&firstDate=2025-12-11&lastDate=2025-12-11 to src/calendars/tomorrow/but3ra3a.ics
[2025-12-10T18:00:04.319Z] info: ICS file downloaded successfully to src/calendars/tomorrow/but3ra3a.ics
[2025-12-10T18:00:04.320Z] info: ICS file for but3ra3a downloaded successfully.
[2025-12-10T18:00:04.320Z] info: Downloading ICS file from https://edt.univ-lyon1.fr/jsp/custom/modules/plannings/anonymous_cal.jsp?resources=14064&projectId=1&calType=ical&firstDate=2025-12-11&lastDate=2025-12-11 to src/calendars/tomorrow/but3ra3b.ics
[2025-12-10T18:00:04.411Z] info: ICS file downloaded successfully to src/calendars/tomorrow/but3ra3b.ics
[2025-12-10T18:00:04.412Z] info: ICS file for but3ra3b downloaded successfully.
[2025-12-10T18:00:04.412Z] info: Downloading ICS file from https://edt.univ-lyon1.fr/jsp/custom/modules/plannings/anonymous_cal.jsp?resources=6136&projectId=1&calType=ical&firstDate=2025-12-11&lastDate=2025-12-11 to src/calendars/tomorrow/but3dacs.ics
[2025-12-10T18:00:04.479Z] info: ICS file downloaded successfully to src/calendars/tomorrow/but3dacs.ics
[2025-12-10T18:00:04.479Z] info: ICS file for but3dacs downloaded successfully.
[2025-12-10T18:00:04.479Z] info: Downloading ICS file from https://edt.univ-lyon1.fr/jsp/custom/modules/plannings/anonymous_cal.jsp?resources=6048&projectId=1&calType=ical&firstDate=2025-12-11&lastDate=2025-12-11 to src/calendars/tomorrow/but3aged.ics
[2025-12-10T18:00:04.574Z] info: ICS file downloaded successfully to src/calendars/tomorrow/but3aged.ics
[2025-12-10T18:00:04.575Z] info: ICS file for but3aged downloaded successfully.
[2025-12-10T18:00:04.575Z] info: Sending daily timetables
[2025-12-10T18:00:04.584Z] info: Sending message to channel 1395371772550975558: <t:1765436400:D> **11Java-TD** : VIDAL VINCENT -> <t:1765436400:t> - <t:1765443600:t> en __S27__
<t:1765443600:D> **Anglais TPS3** : CANQUE FLORENCE -> <t:1765443600:t> - <t:1765450800:t> en __026-Langues__
<t:1765456200:D> **Anglais TPS3** : CANQUE FLORENCE -> <t:1765456200:t> - <t:1765463400:t> en __028__

[2025-12-10T18:00:04.585Z] info: Message sent to channel 1395371772550975558: <t:1765436400:D> **11Java-TD** : VIDAL VINCENT -> <t:1765436400:t> - <t:1765443600:t> en __S27__
<t:1765443600:D> **Anglais TPS3** : CANQUE FLORENCE -> <t:1765443600:t> - <t:1765450800:t> en __026-Langues__
<t:1765456200:D> **Anglais TPS3** : CANQUE FLORENCE -> <t:1765456200:t> - <t:1765463400:t> en __028__

[2025-12-10T18:00:04.586Z] info: Sending message to channel 1395052296521646282: <t:1765436400:D> **R1.01 Initiation dev-TPA** : BUYLE-BODIN NICOLAS -> <t:1765436400:t> - <t:1765443600:t> en __S03__
<t:1765443600:D> **R1.05-2 SQL-PE** : BARON ARIANE -> <t:1765443600:t> - <t:1765450800:t> en __S14__

[2025-12-10T18:00:04.586Z] info: Message sent to channel 1395052296521646282: <t:1765436400:D> **R1.01 Initiation dev-TPA** : BUYLE-BODIN NICOLAS -> <t:1765436400:t> - <t:1765443600:t> en __S03__
<t:1765443600:D> **R1.05-2 SQL-PE** : BARON ARIANE -> <t:1765443600:t> - <t:1765450800:t> en __S14__

[2025-12-10T18:00:04.587Z] info: Sending message to channel 1395052332969885726: <t:1765443600:D> **R1.05-2 SQL-PE** : BARON ARIANE -> <t:1765443600:t> - <t:1765450800:t> en __S14__

[2025-12-10T18:00:04.587Z] info: Message sent to channel 1395052332969885726: <t:1765443600:D> **R1.05-2 SQL-PE** : BARON ARIANE -> <t:1765443600:t> - <t:1765450800:t> en __S14__

[2025-12-10T18:00:04.587Z] info: Sending message to channel 1395052379866660874: <t:1765436400:D> **R1.05-2 SQL-PE** : BARON ARIANE -> <t:1765436400:t> - <t:1765443600:t> en __S14__

[2025-12-10T18:00:04.588Z] info: Message sent to channel 1395052379866660874: <t:1765436400:D> **R1.05-2 SQL-PE** : BARON ARIANE -> <t:1765436400:t> - <t:1765443600:t> en __S14__

[2025-12-10T18:00:04.588Z] info: Sending message to channel 1395052392092930048: <t:1765436400:D> **R1.05-2 SQL-PE** : BARON ARIANE -> <t:1765436400:t> - <t:1765443600:t> en __S14__
<t:1765443600:D> **R1.04 Intro Systèmes-TPB** : BUYLE-BODIN NICOLAS -> <t:1765443600:t> - <t:1765450800:t> en __S24__

[2025-12-10T18:00:04.588Z] info: Message sent to channel 1395052392092930048: <t:1765436400:D> **R1.05-2 SQL-PE** : BARON ARIANE -> <t:1765436400:t> - <t:1765443600:t> en __S14__
<t:1765443600:D> **R1.04 Intro Systèmes-TPB** : BUYLE-BODIN NICOLAS -> <t:1765443600:t> - <t:1765450800:t> en __S24__

[2025-12-10T18:00:04.589Z] info: Sending message to channel 1395056179914473612: <t:1765436400:D> **R1.05-2 SQL-PE** : BENSLIMANE DJAMAL -> <t:1765436400:t> - <t:1765443600:t> en __S17__

[2025-12-10T18:00:04.589Z] info: Message sent to channel 1395056179914473612: <t:1765436400:D> **R1.05-2 SQL-PE** : BENSLIMANE DJAMAL -> <t:1765436400:t> - <t:1765443600:t> en __S17__

[2025-12-10T18:00:04.589Z] info: Sending message to channel 1395052422401101905: <t:1765436400:D> **R1.05-2 SQL-PE** : BENSLIMANE DJAMAL -> <t:1765436400:t> - <t:1765443600:t> en __S17__
<t:1765443600:D> **R1.01 Initiation dev-TPB** : VIDAL VINCENT -> <t:1765443600:t> - <t:1765450800:t> en __S17__

[2025-12-10T18:00:04.590Z] info: Message sent to channel 1395052422401101905: <t:1765436400:D> **R1.05-2 SQL-PE** : BENSLIMANE DJAMAL -> <t:1765436400:t> - <t:1765443600:t> en __S17__
<t:1765443600:D> **R1.01 Initiation dev-TPB** : VIDAL VINCENT -> <t:1765443600:t> - <t:1765450800:t> en __S17__

[2025-12-10T18:00:04.590Z] info: Sending message to channel 1395052443192266916: <t:1765443600:D> **R1.05-2 SQL-PE** : BONNET CHRISTINE -> <t:1765443600:t> - <t:1765450800:t> en __S03__

[2025-12-10T18:00:04.590Z] info: Message sent to channel 1395052443192266916: <t:1765443600:D> **R1.05-2 SQL-PE** : BONNET CHRISTINE -> <t:1765443600:t> - <t:1765450800:t> en __S03__

[2025-12-10T18:00:04.591Z] info: Sending message to channel 1395052467070177290: <t:1765443600:D> **R1.05-2 SQL-PE** : BONNET CHRISTINE -> <t:1765443600:t> - <t:1765450800:t> en __S03__

[2025-12-10T18:00:04.591Z] info: Message sent to channel 1395052467070177290: <t:1765443600:D> **R1.05-2 SQL-PE** : BONNET CHRISTINE -> <t:1765443600:t> - <t:1765450800:t> en __S03__

[2025-12-10T18:00:04.591Z] info: Sending message to channel 1395052827985842288: <t:1765436400:D> **15R1.04 Intro Systèmes-TPA** : AVRILLON SAMY -> <t:1765436400:t> - <t:1765443600:t> en __S13__
<t:1765443600:D> **24 R1.06 Maths discrètes TD** : LEROUX STEPHANE -> <t:1765443600:t> - <t:1765450800:t> en __040__

[2025-12-10T18:00:04.592Z] info: Message sent to channel 1395052827985842288: <t:1765436400:D> **15R1.04 Intro Systèmes-TPA** : AVRILLON SAMY -> <t:1765436400:t> - <t:1765443600:t> en __S13__
<t:1765443600:D> **24 R1.06 Maths discrètes TD** : LEROUX STEPHANE -> <t:1765443600:t> - <t:1765450800:t> en __040__

[2025-12-10T18:00:04.592Z] info: Sending message to channel 1395052882486890707: <t:1765436400:D> **R1.10 Anglais-TPB P2** : CANQUE FLORENCE -> <t:1765436400:t> - <t:1765443600:t> en __028__
<t:1765443600:D> **24 R1.06 Maths discrètes TD** : LEROUX STEPHANE -> <t:1765443600:t> - <t:1765450800:t> en __040__

[2025-12-10T18:00:04.592Z] info: Message sent to channel 1395052882486890707: <t:1765436400:D> **R1.10 Anglais-TPB P2** : CANQUE FLORENCE -> <t:1765436400:t> - <t:1765443600:t> en __028__
<t:1765443600:D> **24 R1.06 Maths discrètes TD** : LEROUX STEPHANE -> <t:1765443600:t> - <t:1765450800:t> en __040__

[2025-12-10T18:00:04.593Z] info: Sending message to channel 1395371275643256924: <t:1765436400:D> **R3.09 Crypto et sécurité-DS** : JALOUX CHRISTOPHE -> <t:1765436400:t> - <t:1765443600:t> en __H21__
<t:1765443600:D> **21 R3.01-2 Développement Web  : Javascript-TD** : YACOUBI AYADI NADIA -> <t:1765443600:t> - <t:1765450800:t> en __S13__

[2025-12-10T18:00:04.593Z] info: Message sent to channel 1395371275643256924: <t:1765436400:D> **R3.09 Crypto et sécurité-DS** : JALOUX CHRISTOPHE -> <t:1765436400:t> - <t:1765443600:t> en __H21__
<t:1765443600:D> **21 R3.01-2 Développement Web  : Javascript-TD** : YACOUBI AYADI NADIA -> <t:1765443600:t> - <t:1765450800:t> en __S13__

[2025-12-10T18:00:04.593Z] info: Sending message to channel 1395371292533723147: <t:1765436400:D> **R3.09 Crypto et sécurité-DS** : JALOUX CHRISTOPHE -> <t:1765436400:t> - <t:1765443600:t> en __H21__
<t:1765443600:D> **21 R3.01-2 Développement Web  : Javascript-TD** : YACOUBI AYADI NADIA -> <t:1765443600:t> - <t:1765450800:t> en __S13__

[2025-12-10T18:00:04.594Z] info: Message sent to channel 1395371292533723147: <t:1765436400:D> **R3.09 Crypto et sécurité-DS** : JALOUX CHRISTOPHE -> <t:1765436400:t> - <t:1765443600:t> en __H21__
<t:1765443600:D> **21 R3.01-2 Développement Web  : Javascript-TD** : YACOUBI AYADI NADIA -> <t:1765443600:t> - <t:1765450800:t> en __S13__

[2025-12-10T18:00:04.596Z] info: Sending message to channel 1395371451573600287: <t:1765436400:D> **21R3.04-1 Qualité de developpement-Conception-TD** : PEYTAVIE ADRIEN -> <t:1765436400:t> - <t:1765443600:t> en __S24__
<t:1765443600:D> **R3.09 Crypto et sécurité-DS** : JALOUX CHRISTOPHE -> <t:1765443600:t> - <t:1765450800:t> en __H21__

[2025-12-10T18:00:04.596Z] info: Message sent to channel 1395371451573600287: <t:1765436400:D> **21R3.04-1 Qualité de developpement-Conception-TD** : PEYTAVIE ADRIEN -> <t:1765436400:t> - <t:1765443600:t> en __S24__
<t:1765443600:D> **R3.09 Crypto et sécurité-DS** : JALOUX CHRISTOPHE -> <t:1765443600:t> - <t:1765450800:t> en __H21__

[2025-12-10T18:00:04.597Z] info: Sending message to channel 1395371471345553540: <t:1765436400:D> **21R3.04-1 Qualité de developpement-Conception-TD** : PEYTAVIE ADRIEN -> <t:1765436400:t> - <t:1765443600:t> en __S24__
<t:1765443600:D> **R3.09 Crypto et sécurité-DS** : JALOUX CHRISTOPHE -> <t:1765443600:t> - <t:1765450800:t> en __H21__

[2025-12-10T18:00:04.597Z] info: Message sent to channel 1395371471345553540: <t:1765436400:D> **21R3.04-1 Qualité de developpement-Conception-TD** : PEYTAVIE ADRIEN -> <t:1765436400:t> - <t:1765443600:t> en __S24__
<t:1765443600:D> **R3.09 Crypto et sécurité-DS** : JALOUX CHRISTOPHE -> <t:1765443600:t> - <t:1765450800:t> en __H21__

[2025-12-10T18:00:04.598Z] info: Sending message to channel 1395371640291983370: <t:1765436400:D> **11 R3.11 Droit des contrats et du numérique-TD** : DUFOUR KARLINE -> <t:1765436400:t> - <t:1765443600:t> en __040__
<t:1765443600:D> **21 R3.11 Droit des contrats et du numérique-TD** : DUFOUR KARLINE -> <t:1765443600:t> - <t:1765450800:t> en __S11__

[2025-12-10T18:00:04.598Z] info: Message sent to channel 1395371640291983370: <t:1765436400:D> **11 R3.11 Droit des contrats et du numérique-TD** : DUFOUR KARLINE -> <t:1765436400:t> - <t:1765443600:t> en __040__
<t:1765443600:D> **21 R3.11 Droit des contrats et du numérique-TD** : DUFOUR KARLINE -> <t:1765443600:t> - <t:1765450800:t> en __S11__

[2025-12-10T18:00:04.598Z] info: Sending message to channel 1395371506099425310: <t:1765436400:D> **R3.09 Crypto et sécurité-DS** : LEROUX STEPHANE -> <t:1765436400:t> - <t:1765443600:t> en __S11__

[2025-12-10T18:00:04.599Z] info: Message sent to channel 1395371506099425310: <t:1765436400:D> **R3.09 Crypto et sécurité-DS** : LEROUX STEPHANE -> <t:1765436400:t> - <t:1765443600:t> en __S11__

[2025-12-10T18:00:04.599Z] info: Sending message to channel 1395371591797575750: <t:1765436400:D> **R3.09 Crypto et sécurité-DS** : LEROUX STEPHANE -> <t:1765436400:t> - <t:1765443600:t> en __S11__

[2025-12-10T18:00:04.599Z] info: Message sent to channel 1395371591797575750: <t:1765436400:D> **R3.09 Crypto et sécurité-DS** : LEROUX STEPHANE -> <t:1765436400:t> - <t:1765443600:t> en __S11__

[2025-12-10T18:00:04.601Z] info: Sending message to channel 1409494803489488986: <t:1765436400:D> **24 R5.A.12 Modélisations Math. TP RA-A** : JOUBERT AUDE -> <t:1765436400:t> - <t:1765443600:t> en __S26__
<t:1765443600:D> **R5.A.06 Programmation multimédia TPA** : PEYTAVIE ADRIEN -> <t:1765443600:t> - <t:1765450800:t> en __S26__
<t:1765456200:D> **S.A.01 SAE Dev avancé SN** : NDIAYE SAMBA NDOJH -> <t:1765456200:t> - <t:1765463400:t> en __S26__
<t:1765463400:D> **11R5.A.13 Ecoconception** : MIKAIEL MAYA -> <t:1765463400:t> - <t:1765470600:t> en __S26__

[2025-12-10T18:00:04.601Z] info: Message sent to channel 1409494803489488986: <t:1765436400:D> **24 R5.A.12 Modélisations Math. TP RA-A** : JOUBERT AUDE -> <t:1765436400:t> - <t:1765443600:t> en __S26__
<t:1765443600:D> **R5.A.06 Programmation multimédia TPA** : PEYTAVIE ADRIEN -> <t:1765443600:t> - <t:1765450800:t> en __S26__
<t:1765456200:D> **S.A.01 SAE Dev avancé SN** : NDIAYE SAMBA NDOJH -> <t:1765456200:t> - <t:1765463400:t> en __S26__
<t:1765463400:D> **11R5.A.13 Ecoconception** : MIKAIEL MAYA -> <t:1765463400:t> - <t:1765470600:t> en __S26__

[2025-12-10T18:00:04.602Z] info: Sending message to channel 1409494819574775808: <t:1765436400:D> **S.A.01 SAE Dev avancé B** : BUT3 RA2B -> <t:1765436400:t> - <t:1765443600:t> en __S16__
<t:1765443600:D> **33 R5.A.12 Modélisations Math. TP RA-B** : JOUBERT AUDE -> <t:1765443600:t> - <t:1765450800:t> en __S16__
<t:1765456200:D> **S.A.01 SAE Dev avancé SN** : NDIAYE SAMBA NDOJH -> <t:1765456200:t> - <t:1765463400:t> en __S26__
<t:1765463400:D> **11R5.A.13 Ecoconception** : MIKAIEL MAYA -> <t:1765463400:t> - <t:1765470600:t> en __S26__

[2025-12-10T18:00:04.602Z] info: Message sent to channel 1409494819574775808: <t:1765436400:D> **S.A.01 SAE Dev avancé B** : BUT3 RA2B -> <t:1765436400:t> - <t:1765443600:t> en __S16__
<t:1765443600:D> **33 R5.A.12 Modélisations Math. TP RA-B** : JOUBERT AUDE -> <t:1765443600:t> - <t:1765450800:t> en __S16__
<t:1765456200:D> **S.A.01 SAE Dev avancé SN** : NDIAYE SAMBA NDOJH -> <t:1765456200:t> - <t:1765463400:t> en __S26__
<t:1765463400:D> **11R5.A.13 Ecoconception** : MIKAIEL MAYA -> <t:1765463400:t> - <t:1765470600:t> en __S26__

[2025-12-10T18:00:04.602Z] info: Daily timetables sent
[2025-12-11T08:28:24.334Z] info: Received command: repo from user: 1027941942916546630
[2025-12-11T08:28:24.432Z] info: Received command: repo from user: 1027941942916546630
[2025-12-11T16:39:22.299Z] info: Received command: repo from user: 360042754723807232
[2025-12-11T18:00:00.375Z] info: Downloading ICS files for tomorrow for groups: aspea, aspeb, g1s1a, g1s1b, g2s1a, g2s1b, g3s1a, g3s1b, g4s1a, g4s1b, g5s1a, g5s1b, g1s3a, g1s3b, g2s3a, g2s3b, g3a2, g4s3a, g4s3b, but3ra1a, but3ra1b, but3ra2a, but3ra2b, but3ra3a, but3ra3b, but3dacs, but3aged
[2025-12-11T18:00:00.376Z] info: Downloading ICS file from https://edt.univ-lyon1.fr/jsp/custom/modules/plannings/anonymous_cal.jsp?resources=9272&projectId=1&calType=ical&firstDate=2025-12-12&lastDate=2025-12-12 to src/calendars/tomorrow/aspea.ics
[2025-12-11T18:00:00.699Z] info: ICS file downloaded successfully to src/calendars/tomorrow/aspea.ics
[2025-12-11T18:00:00.699Z] info: ICS file for aspea downloaded successfully.
[2025-12-11T18:00:00.700Z] info: Downloading ICS file from https://edt.univ-lyon1.fr/jsp/custom/modules/plannings/anonymous_cal.jsp?resources=18783&projectId=1&calType=ical&firstDate=2025-12-12&lastDate=2025-12-12 to src/calendars/tomorrow/aspeb.ics
[2025-12-11T18:00:00.866Z] info: ICS file downloaded successfully to src/calendars/tomorrow/aspeb.ics
[2025-12-11T18:00:00.867Z] info: ICS file for aspeb downloaded successfully.
[2025-12-11T18:00:00.867Z] info: Downloading ICS file from https://edt.univ-lyon1.fr/jsp/custom/modules/plannings/anonymous_cal.jsp?resources=12096&projectId=1&calType=ical&firstDate=2025-12-12&lastDate=2025-12-12 to src/calendars/tomorrow/g1s1a.ics
[2025-12-11T18:00:01.038Z] info: ICS file downloaded successfully to src/calendars/tomorrow/g1s1a.ics
[2025-12-11T18:00:01.038Z] info: ICS file for g1s1a downloaded successfully.
[2025-12-11T18:00:01.039Z] info: Downloading ICS file from https://edt.univ-lyon1.fr/jsp/custom/modules/plannings/anonymous_cal.jsp?resources=12102&projectId=1&calType=ical&firstDate=2025-12-12&lastDate=2025-12-12 to src/calendars/tomorrow/g1s1b.ics
[2025-12-11T18:00:01.206Z] info: ICS file downloaded successfully to src/calendars/tomorrow/g1s1b.ics
[2025-12-11T18:00:01.207Z] info: ICS file for g1s1b downloaded successfully.
[2025-12-11T18:00:01.207Z] info: Downloading ICS file from https://edt.univ-lyon1.fr/jsp/custom/modules/plannings/anonymous_cal.jsp?resources=12403&projectId=1&calType=ical&firstDate=2025-12-12&lastDate=2025-12-12 to src/calendars/tomorrow/g2s1a.ics
[2025-12-11T18:00:01.375Z] info: ICS file downloaded successfully to src/calendars/tomorrow/g2s1a.ics
[2025-12-11T18:00:01.376Z] info: ICS file for g2s1a downloaded successfully.
[2025-12-11T18:00:01.376Z] info: Downloading ICS file from https://edt.univ-lyon1.fr/jsp/custom/modules/plannings/anonymous_cal.jsp?resources=12406&projectId=1&calType=ical&firstDate=2025-12-12&lastDate=2025-12-12 to src/calendars/tomorrow/g2s1b.ics
[2025-12-11T18:00:01.544Z] info: ICS file downloaded successfully to src/calendars/tomorrow/g2s1b.ics
[2025-12-11T18:00:01.545Z] info: ICS file for g2s1b downloaded successfully.
[2025-12-11T18:00:01.545Z] info: Downloading ICS file from https://edt.univ-lyon1.fr/jsp/custom/modules/plannings/anonymous_cal.jsp?resources=12419&projectId=1&calType=ical&firstDate=2025-12-12&lastDate=2025-12-12 to src/calendars/tomorrow/g3s1a.ics
[2025-12-11T18:00:01.714Z] info: ICS file downloaded successfully to src/calendars/tomorrow/g3s1a.ics
[2025-12-11T18:00:01.714Z] info: ICS file for g3s1a downloaded successfully.
[2025-12-11T18:00:01.715Z] info: Downloading ICS file from https://edt.univ-lyon1.fr/jsp/custom/modules/plannings/anonymous_cal.jsp?resources=12425&projectId=1&calType=ical&firstDate=2025-12-12&lastDate=2025-12-12 to src/calendars/tomorrow/g3s1b.ics
[2025-12-11T18:00:01.883Z] info: ICS file downloaded successfully to src/calendars/tomorrow/g3s1b.ics
[2025-12-11T18:00:01.883Z] info: ICS file for g3s1b downloaded successfully.
[2025-12-11T18:00:01.884Z] info: Downloading ICS file from https://edt.univ-lyon1.fr/jsp/custom/modules/plannings/anonymous_cal.jsp?resources=12424&projectId=1&calType=ical&firstDate=2025-12-12&lastDate=2025-12-12 to src/calendars/tomorrow/g4s1a.ics
[2025-12-11T18:00:02.051Z] info: ICS file downloaded successfully to src/calendars/tomorrow/g4s1a.ics
[2025-12-11T18:00:02.052Z] info: ICS file for g4s1a downloaded successfully.
[2025-12-11T18:00:02.052Z] info: Downloading ICS file from https://edt.univ-lyon1.fr/jsp/custom/modules/plannings/anonymous_cal.jsp?resources=12444&projectId=1&calType=ical&firstDate=2025-12-12&lastDate=2025-12-12 to src/calendars/tomorrow/g4s1b.ics
[2025-12-11T18:00:02.221Z] info: ICS file downloaded successfully to src/calendars/tomorrow/g4s1b.ics
[2025-12-11T18:00:02.221Z] info: ICS file for g4s1b downloaded successfully.
[2025-12-11T18:00:02.221Z] info: Downloading ICS file from https://edt.univ-lyon1.fr/jsp/custom/modules/plannings/anonymous_cal.jsp?resources=12460&projectId=1&calType=ical&firstDate=2025-12-12&lastDate=2025-12-12 to src/calendars/tomorrow/g5s1a.ics
[2025-12-11T18:00:02.392Z] info: ICS file downloaded successfully to src/calendars/tomorrow/g5s1a.ics
[2025-12-11T18:00:02.392Z] info: ICS file for g5s1a downloaded successfully.
[2025-12-11T18:00:02.393Z] info: Downloading ICS file from https://edt.univ-lyon1.fr/jsp/custom/modules/plannings/anonymous_cal.jsp?resources=12461&projectId=1&calType=ical&firstDate=2025-12-12&lastDate=2025-12-12 to src/calendars/tomorrow/g5s1b.ics
[2025-12-11T18:00:02.561Z] info: ICS file downloaded successfully to src/calendars/tomorrow/g5s1b.ics
[2025-12-11T18:00:02.561Z] info: ICS file for g5s1b downloaded successfully.
[2025-12-11T18:00:02.562Z] info: Downloading ICS file from https://edt.univ-lyon1.fr/jsp/custom/modules/plannings/anonymous_cal.jsp?resources=35708&projectId=1&calType=ical&firstDate=2025-12-12&lastDate=2025-12-12 to src/calendars/tomorrow/g1s3a.ics
[2025-12-11T18:00:02.660Z] info: ICS file downloaded successfully to src/calendars/tomorrow/g1s3a.ics
[2025-12-11T18:00:02.661Z] info: ICS file for g1s3a downloaded successfully.
[2025-12-11T18:00:02.661Z] info: Downloading ICS file from https://edt.univ-lyon1.fr/jsp/custom/modules/plannings/anonymous_cal.jsp?resources=35709&projectId=1&calType=ical&firstDate=2025-12-12&lastDate=2025-12-12 to src/calendars/tomorrow/g1s3b.ics
[2025-12-11T18:00:02.788Z] info: ICS file downloaded successfully to src/calendars/tomorrow/g1s3b.ics
[2025-12-11T18:00:02.788Z] info: ICS file for g1s3b downloaded successfully.
[2025-12-11T18:00:02.789Z] info: Downloading ICS file from https://edt.univ-lyon1.fr/jsp/custom/modules/plannings/anonymous_cal.jsp?resources=35710&projectId=1&calType=ical&firstDate=2025-12-12&lastDate=2025-12-12 to src/calendars/tomorrow/g2s3a.ics
[2025-12-11T18:00:02.864Z] info: ICS file downloaded successfully to src/calendars/tomorrow/g2s3a.ics
[2025-12-11T18:00:02.864Z] info: ICS file for g2s3a downloaded successfully.
[2025-12-11T18:00:02.864Z] info: Downloading ICS file from https://edt.univ-lyon1.fr/jsp/custom/modules/plannings/anonymous_cal.jsp?resources=35713&projectId=1&calType=ical&firstDate=2025-12-12&lastDate=2025-12-12 to src/calendars/tomorrow/g2s3b.ics
[2025-12-11T18:00:02.942Z] info: ICS file downloaded successfully to src/calendars/tomorrow/g2s3b.ics
[2025-12-11T18:00:02.943Z] info: ICS file for g2s3b downloaded successfully.
[2025-12-11T18:00:02.943Z] info: Downloading ICS file from https://edt.univ-lyon1.fr/jsp/custom/modules/plannings/anonymous_cal.jsp?resources=35714&projectId=1&calType=ical&firstDate=2025-12-12&lastDate=2025-12-12 to src/calendars/tomorrow/g3a2.ics
[2025-12-11T18:00:03.042Z] info: ICS file downloaded successfully to src/calendars/tomorrow/g3a2.ics
[2025-12-11T18:00:03.043Z] info: ICS file for g3a2 downloaded successfully.
[2025-12-11T18:00:03.043Z] info: Downloading ICS file from https://edt.univ-lyon1.fr/jsp/custom/modules/plannings/anonymous_cal.jsp?resources=35717&projectId=1&calType=ical&firstDate=2025-12-12&lastDate=2025-12-12 to src/calendars/tomorrow/g4s3a.ics
[2025-12-11T18:00:03.108Z] info: ICS file downloaded successfully to src/calendars/tomorrow/g4s3a.ics
[2025-12-11T18:00:03.109Z] info: ICS file for g4s3a downloaded successfully.
[2025-12-11T18:00:03.109Z] info: Downloading ICS file from https://edt.univ-lyon1.fr/jsp/custom/modules/plannings/anonymous_cal.jsp?resources=35718&projectId=1&calType=ical&firstDate=2025-12-12&lastDate=2025-12-12 to src/calendars/tomorrow/g4s3b.ics
[2025-12-11T18:00:03.215Z] info: ICS file downloaded successfully to src/calendars/tomorrow/g4s3b.ics
[2025-12-11T18:00:03.216Z] info: ICS file for g4s3b downloaded successfully.
[2025-12-11T18:00:03.216Z] info: Downloading ICS file from https://edt.univ-lyon1.fr/jsp/custom/modules/plannings/anonymous_cal.jsp?resources=6161&projectId=1&calType=ical&firstDate=2025-12-12&lastDate=2025-12-12 to src/calendars/tomorrow/but3ra1a.ics
[2025-12-11T18:00:03.308Z] info: ICS file downloaded successfully to src/calendars/tomorrow/but3ra1a.ics
[2025-12-11T18:00:03.308Z] info: ICS file for but3ra1a downloaded successfully.
[2025-12-11T18:00:03.309Z] info: Downloading ICS file from https://edt.univ-lyon1.fr/jsp/custom/modules/plannings/anonymous_cal.jsp?resources=6163&projectId=1&calType=ical&firstDate=2025-12-12&lastDate=2025-12-12 to src/calendars/tomorrow/but3ra1b.ics
[2025-12-11T18:00:03.399Z] info: ICS file downloaded successfully to src/calendars/tomorrow/but3ra1b.ics
[2025-12-11T18:00:03.400Z] info: ICS file for but3ra1b downloaded successfully.
[2025-12-11T18:00:03.400Z] info: Downloading ICS file from https://edt.univ-lyon1.fr/jsp/custom/modules/plannings/anonymous_cal.jsp?resources=6165&projectId=1&calType=ical&firstDate=2025-12-12&lastDate=2025-12-12 to src/calendars/tomorrow/but3ra2a.ics
[2025-12-11T18:00:03.528Z] info: ICS file downloaded successfully to src/calendars/tomorrow/but3ra2a.ics
[2025-12-11T18:00:03.528Z] info: ICS file for but3ra2a downloaded successfully.
[2025-12-11T18:00:03.529Z] info: Downloading ICS file from https://edt.univ-lyon1.fr/jsp/custom/modules/plannings/anonymous_cal.jsp?resources=6168&projectId=1&calType=ical&firstDate=2025-12-12&lastDate=2025-12-12 to src/calendars/tomorrow/but3ra2b.ics
[2025-12-11T18:00:03.624Z] info: ICS file downloaded successfully to src/calendars/tomorrow/but3ra2b.ics
[2025-12-11T18:00:03.625Z] info: ICS file for but3ra2b downloaded successfully.
[2025-12-11T18:00:03.625Z] info: Downloading ICS file from https://edt.univ-lyon1.fr/jsp/custom/modules/plannings/anonymous_cal.jsp?resources=14059&projectId=1&calType=ical&firstDate=2025-12-12&lastDate=2025-12-12 to src/calendars/tomorrow/but3ra3a.ics
[2025-12-11T18:00:03.702Z] info: ICS file downloaded successfully to src/calendars/tomorrow/but3ra3a.ics
[2025-12-11T18:00:03.702Z] info: ICS file for but3ra3a downloaded successfully.
[2025-12-11T18:00:03.703Z] info: Downloading ICS file from https://edt.univ-lyon1.fr/jsp/custom/modules/plannings/anonymous_cal.jsp?resources=14064&projectId=1&calType=ical&firstDate=2025-12-12&lastDate=2025-12-12 to src/calendars/tomorrow/but3ra3b.ics
[2025-12-11T18:00:03.793Z] info: ICS file downloaded successfully to src/calendars/tomorrow/but3ra3b.ics
[2025-12-11T18:00:03.793Z] info: ICS file for but3ra3b downloaded successfully.
[2025-12-11T18:00:03.794Z] info: Downloading ICS file from https://edt.univ-lyon1.fr/jsp/custom/modules/plannings/anonymous_cal.jsp?resources=6136&projectId=1&calType=ical&firstDate=2025-12-12&lastDate=2025-12-12 to src/calendars/tomorrow/but3dacs.ics
[2025-12-11T18:00:03.892Z] info: ICS file downloaded successfully to src/calendars/tomorrow/but3dacs.ics
[2025-12-11T18:00:03.893Z] info: ICS file for but3dacs downloaded successfully.
[2025-12-11T18:00:03.893Z] info: Downloading ICS file from https://edt.univ-lyon1.fr/jsp/custom/modules/plannings/anonymous_cal.jsp?resources=6048&projectId=1&calType=ical&firstDate=2025-12-12&lastDate=2025-12-12 to src/calendars/tomorrow/but3aged.ics
[2025-12-11T18:00:03.981Z] info: ICS file downloaded successfully to src/calendars/tomorrow/but3aged.ics
[2025-12-11T18:00:03.981Z] info: ICS file for but3aged downloaded successfully.
[2025-12-11T18:00:03.982Z] info: Sending daily timetables
[2025-12-11T18:00:03.993Z] info: Sending message to channel 1395371772550975558: <t:1765530000:D> **21Graphes** : LEROUX STEPHANE -> <t:1765530000:t> - <t:1765537200:t> en __S25__

[2025-12-11T18:00:03.993Z] info: Message sent to channel 1395371772550975558: <t:1765530000:D> **21Graphes** : LEROUX STEPHANE -> <t:1765530000:t> - <t:1765537200:t> en __S25__

[2025-12-11T18:00:03.994Z] info: Sending message to channel 1395052296521646282: <t:1765522800:D> **13 R1.06 Maths discrètes TD** : JALOUX CHRISTOPHE -> <t:1765522800:t> - <t:1765530000:t> en __S10__
<t:1765530000:D> **R1.04 Intro Systèmes-TPA** : DAUTRAIX ISABELLE -> <t:1765530000:t> - <t:1765537200:t> en __S24__
<t:1765549800:D> **SAE Autonomie G1** : G1S1A -> <t:1765549800:t> - <t:1765557000:t> en __S24__

[2025-12-11T18:00:03.995Z] info: Message sent to channel 1395052296521646282: <t:1765522800:D> **13 R1.06 Maths discrètes TD** : JALOUX CHRISTOPHE -> <t:1765522800:t> - <t:1765530000:t> en __S10__
<t:1765530000:D> **R1.04 Intro Systèmes-TPA** : DAUTRAIX ISABELLE -> <t:1765530000:t> - <t:1765537200:t> en __S24__
<t:1765549800:D> **SAE Autonomie G1** : G1S1A -> <t:1765549800:t> - <t:1765557000:t> en __S24__

[2025-12-11T18:00:03.996Z] info: Sending message to channel 1395052332969885726: <t:1765522800:D> **13 R1.06 Maths discrètes TD** : JALOUX CHRISTOPHE -> <t:1765522800:t> - <t:1765530000:t> en __S10__
<t:1765530000:D> **R1.01 Initiation dev-TPB** : BUYLE-BODIN NICOLAS -> <t:1765530000:t> - <t:1765537200:t> en __S16__
<t:1765542600:D> **R1.12 PPP-TPB** : DECHAVANNE LAURINE -> <t:1765542600:t> - <t:1765549800:t> en __S16__
<t:1765549800:D> **SAE Autonomie G1** : G1S1A -> <t:1765549800:t> - <t:1765557000:t> en __S24__

[2025-12-11T18:00:03.996Z] info: Message sent to channel 1395052332969885726: <t:1765522800:D> **13 R1.06 Maths discrètes TD** : JALOUX CHRISTOPHE -> <t:1765522800:t> - <t:1765530000:t> en __S10__
<t:1765530000:D> **R1.01 Initiation dev-TPB** : BUYLE-BODIN NICOLAS -> <t:1765530000:t> - <t:1765537200:t> en __S16__
<t:1765542600:D> **R1.12 PPP-TPB** : DECHAVANNE LAURINE -> <t:1765542600:t> - <t:1765549800:t> en __S16__
<t:1765549800:D> **SAE Autonomie G1** : G1S1A -> <t:1765549800:t> - <t:1765557000:t> en __S24__

[2025-12-11T18:00:03.999Z] info: Sending message to channel 1395052379866660874: <t:1765522800:D> **SAE Autonomie G2** : G2S1A -> <t:1765522800:t> - <t:1765530000:t> en __S14__
<t:1765530000:D> **13 R1.06 Maths discrètes TD** : JALOUX CHRISTOPHE -> <t:1765530000:t> - <t:1765537200:t> en __S10__
<t:1765542600:D> **R1.02-1 Web-PE** : LEROUX STEPHANE -> <t:1765542600:t> - <t:1765549800:t> en __S24__

[2025-12-11T18:00:03.999Z] info: Message sent to channel 1395052379866660874: <t:1765522800:D> **SAE Autonomie G2** : G2S1A -> <t:1765522800:t> - <t:1765530000:t> en __S14__
<t:1765530000:D> **13 R1.06 Maths discrètes TD** : JALOUX CHRISTOPHE -> <t:1765530000:t> - <t:1765537200:t> en __S10__
<t:1765542600:D> **R1.02-1 Web-PE** : LEROUX STEPHANE -> <t:1765542600:t> - <t:1765549800:t> en __S24__

[2025-12-11T18:00:04.001Z] info: Sending message to channel 1395052392092930048: <t:1765522800:D> **SAE Autonomie G2** : G2S1A -> <t:1765522800:t> - <t:1765530000:t> en __S14__
<t:1765530000:D> **13 R1.06 Maths discrètes TD** : JALOUX CHRISTOPHE -> <t:1765530000:t> - <t:1765537200:t> en __S10__
<t:1765542600:D> **R1.02-1 Web-PE** : LEROUX STEPHANE -> <t:1765542600:t> - <t:1765549800:t> en __S24__
<t:1765549800:D> **R1.12 PPP-TPB** : DECHAVANNE LAURINE -> <t:1765549800:t> - <t:1765557000:t> en __S14__

[2025-12-11T18:00:04.001Z] info: Message sent to channel 1395052392092930048: <t:1765522800:D> **SAE Autonomie G2** : G2S1A -> <t:1765522800:t> - <t:1765530000:t> en __S14__
<t:1765530000:D> **13 R1.06 Maths discrètes TD** : JALOUX CHRISTOPHE -> <t:1765530000:t> - <t:1765537200:t> en __S10__
<t:1765542600:D> **R1.02-1 Web-PE** : LEROUX STEPHANE -> <t:1765542600:t> - <t:1765549800:t> en __S24__
<t:1765549800:D> **R1.12 PPP-TPB** : DECHAVANNE LAURINE -> <t:1765549800:t> - <t:1765557000:t> en __S14__

[2025-12-11T18:00:04.002Z] info: Sending message to channel 1395056179914473612: <t:1765522800:D> **SAE 101 102 Initiation Dev** : BEN HADID AMIRA -> <t:1765522800:t> - <t:1765530000:t> en __S16__
<t:1765530000:D> **18 R1.11 Com-PE** : KOCH SONJA -> <t:1765530000:t> - <t:1765537200:t> en __S15__
<t:1765542600:D> **R1.04 Intro Systèmes-TPA** : PARAUD JEAN-CHRISTOPHE -> <t:1765542600:t> - <t:1765549800:t> en __S17__

[2025-12-11T18:00:04.002Z] info: Message sent to channel 1395056179914473612: <t:1765522800:D> **SAE 101 102 Initiation Dev** : BEN HADID AMIRA -> <t:1765522800:t> - <t:1765530000:t> en __S16__
<t:1765530000:D> **18 R1.11 Com-PE** : KOCH SONJA -> <t:1765530000:t> - <t:1765537200:t> en __S15__
<t:1765542600:D> **R1.04 Intro Systèmes-TPA** : PARAUD JEAN-CHRISTOPHE -> <t:1765542600:t> - <t:1765549800:t> en __S17__

[2025-12-11T18:00:04.004Z] info: Sending message to channel 1395052422401101905: <t:1765522800:D> **SAE 101 102 Initiation Dev** : BEN HADID AMIRA -> <t:1765522800:t> - <t:1765530000:t> en __S16__
<t:1765530000:D> **18 R1.11 Com-PE** : KOCH SONJA -> <t:1765530000:t> - <t:1765537200:t> en __S15__
<t:1765549800:D> **R1.04 Intro Systèmes-TPB** : PARAUD JEAN-CHRISTOPHE -> <t:1765549800:t> - <t:1765557000:t> en __S16__

[2025-12-11T18:00:04.004Z] info: Message sent to channel 1395052422401101905: <t:1765522800:D> **SAE 101 102 Initiation Dev** : BEN HADID AMIRA -> <t:1765522800:t> - <t:1765530000:t> en __S16__
<t:1765530000:D> **18 R1.11 Com-PE** : KOCH SONJA -> <t:1765530000:t> - <t:1765537200:t> en __S15__
<t:1765549800:D> **R1.04 Intro Systèmes-TPB** : PARAUD JEAN-CHRISTOPHE -> <t:1765549800:t> - <t:1765557000:t> en __S16__

[2025-12-11T18:00:04.005Z] info: Sending message to channel 1395052443192266916: <t:1765530000:D> **R1.02-1 Web-PE** : BEN HADID AMIRA -> <t:1765530000:t> - <t:1765537200:t> en __S17__
<t:1765542600:D> **18 R1.11 Com-PE** : DEBOUTE JOCELYNE -> <t:1765542600:t> - <t:1765549800:t> en __S10__
<t:1765549800:D> **SAE Autonomie G4** : G4S1B -> <t:1765549800:t> - <t:1765557000:t> en __S03__

[2025-12-11T18:00:04.005Z] info: Message sent to channel 1395052443192266916: <t:1765530000:D> **R1.02-1 Web-PE** : BEN HADID AMIRA -> <t:1765530000:t> - <t:1765537200:t> en __S17__
<t:1765542600:D> **18 R1.11 Com-PE** : DEBOUTE JOCELYNE -> <t:1765542600:t> - <t:1765549800:t> en __S10__
<t:1765549800:D> **SAE Autonomie G4** : G4S1B -> <t:1765549800:t> - <t:1765557000:t> en __S03__

[2025-12-11T18:00:04.006Z] info: Sending message to channel 1395052467070177290: <t:1765522800:D> **R1.04 Intro Systèmes-TPB** : BUYLE-BODIN NICOLAS -> <t:1765522800:t> - <t:1765530000:t> en __S13__
<t:1765530000:D> **R1.02-1 Web-PE** : BEN HADID AMIRA -> <t:1765530000:t> - <t:1765537200:t> en __S17__
<t:1765542600:D> **18 R1.11 Com-PE** : DEBOUTE JOCELYNE -> <t:1765542600:t> - <t:1765549800:t> en __S10__
<t:1765549800:D> **SAE Autonomie G4** : G4S1B -> <t:1765549800:t> - <t:1765557000:t> en __S03__

[2025-12-11T18:00:04.007Z] info: Message sent to channel 1395052467070177290: <t:1765522800:D> **R1.04 Intro Systèmes-TPB** : BUYLE-BODIN NICOLAS -> <t:1765522800:t> - <t:1765530000:t> en __S13__
<t:1765530000:D> **R1.02-1 Web-PE** : BEN HADID AMIRA -> <t:1765530000:t> - <t:1765537200:t> en __S17__
<t:1765542600:D> **18 R1.11 Com-PE** : DEBOUTE JOCELYNE -> <t:1765542600:t> - <t:1765549800:t> en __S10__
<t:1765549800:D> **SAE Autonomie G4** : G4S1B -> <t:1765549800:t> - <t:1765557000:t> en __S03__

[2025-12-11T18:00:04.007Z] info: Sending message to channel 1395052827985842288: <t:1765522800:D> **SAE 101 102 Initiation Dev** : DAUTRAIX ISABELLE -> <t:1765522800:t> - <t:1765530000:t> en __S24__
<t:1765530000:D> **R1.04 Intro Systèmes-PE** : BARON ARIANE -> <t:1765530000:t> - <t:1765537200:t> en __S14__
<t:1765549800:D> **R1.10 Anglais-TPA P2** : BESSAC MARIETTE -> <t:1765549800:t> - <t:1765557000:t> en __028__

[2025-12-11T18:00:04.008Z] info: Message sent to channel 1395052827985842288: <t:1765522800:D> **SAE 101 102 Initiation Dev** : DAUTRAIX ISABELLE -> <t:1765522800:t> - <t:1765530000:t> en __S24__
<t:1765530000:D> **R1.04 Intro Systèmes-PE** : BARON ARIANE -> <t:1765530000:t> - <t:1765537200:t> en __S14__
<t:1765549800:D> **R1.10 Anglais-TPA P2** : BESSAC MARIETTE -> <t:1765549800:t> - <t:1765557000:t> en __028__

[2025-12-11T18:00:04.008Z] info: Sending message to channel 1395052882486890707: <t:1765522800:D> **SAE 101 102 Initiation Dev** : DAUTRAIX ISABELLE -> <t:1765522800:t> - <t:1765530000:t> en __S24__
<t:1765530000:D> **R1.04 Intro Systèmes-PE** : BARON ARIANE -> <t:1765530000:t> - <t:1765537200:t> en __S14__
<t:1765542600:D> **R1.01 Initiation dev-TPB** : ZEITOUN SEBASTIEN -> <t:1765542600:t> - <t:1765549800:t> en __S14__

[2025-12-11T18:00:04.009Z] info: Message sent to channel 1395052882486890707: <t:1765522800:D> **SAE 101 102 Initiation Dev** : DAUTRAIX ISABELLE -> <t:1765522800:t> - <t:1765530000:t> en __S24__
<t:1765530000:D> **R1.04 Intro Systèmes-PE** : BARON ARIANE -> <t:1765530000:t> - <t:1765537200:t> en __S14__
<t:1765542600:D> **R1.01 Initiation dev-TPB** : ZEITOUN SEBASTIEN -> <t:1765542600:t> - <t:1765549800:t> en __S14__

[2025-12-11T18:00:04.009Z] info: Sending message to channel 1395371275643256924: <t:1765522800:D> **21 R3.01-2 Développement Web  : Javascript-TD** : YACOUBI AYADI NADIA -> <t:1765522800:t> - <t:1765530000:t> en __S03__
<t:1765530000:D> **15 R3.13 communication professionnelle-TD** : DEBOUTE JOCELYNE -> <t:1765530000:t> - <t:1765537200:t> en __S21__
<t:1765542600:D> **13 R3.07 SQL et Programmation-TD** : BONNET CHRISTINE -> <t:1765542600:t> - <t:1765549800:t> en __S03__
<t:1765549800:D> **12 R3.12 Anglais-TD** : GARACCI DANIEL -> <t:1765549800:t> - <t:1765557000:t> en __026-Langues__

[2025-12-11T18:00:04.010Z] info: Message sent to channel 1395371275643256924: <t:1765522800:D> **21 R3.01-2 Développement Web  : Javascript-TD** : YACOUBI AYADI NADIA -> <t:1765522800:t> - <t:1765530000:t> en __S03__
<t:1765530000:D> **15 R3.13 communication professionnelle-TD** : DEBOUTE JOCELYNE -> <t:1765530000:t> - <t:1765537200:t> en __S21__
<t:1765542600:D> **13 R3.07 SQL et Programmation-TD** : BONNET CHRISTINE -> <t:1765542600:t> - <t:1765549800:t> en __S03__
<t:1765549800:D> **12 R3.12 Anglais-TD** : GARACCI DANIEL -> <t:1765549800:t> - <t:1765557000:t> en __026-Langues__

[2025-12-11T18:00:04.011Z] info: Sending message to channel 1395371292533723147: <t:1765522800:D> **21 R3.01-2 Développement Web  : Javascript-TD** : YACOUBI AYADI NADIA -> <t:1765522800:t> - <t:1765530000:t> en __S03__
<t:1765530000:D> **15 R3.13 communication professionnelle-TD** : DEBOUTE JOCELYNE -> <t:1765530000:t> - <t:1765537200:t> en __S21__
<t:1765542600:D> **13 R3.07 SQL et Programmation-TD** : BONNET CHRISTINE -> <t:1765542600:t> - <t:1765549800:t> en __S03__
<t:1765549800:D> **12 R3.12 Anglais-TD** : GARACCI DANIEL -> <t:1765549800:t> - <t:1765557000:t> en __026-Langues__

[2025-12-11T18:00:04.011Z] info: Message sent to channel 1395371292533723147: <t:1765522800:D> **21 R3.01-2 Développement Web  : Javascript-TD** : YACOUBI AYADI NADIA -> <t:1765522800:t> - <t:1765530000:t> en __S03__
<t:1765530000:D> **15 R3.13 communication professionnelle-TD** : DEBOUTE JOCELYNE -> <t:1765530000:t> - <t:1765537200:t> en __S21__
<t:1765542600:D> **13 R3.07 SQL et Programmation-TD** : BONNET CHRISTINE -> <t:1765542600:t> - <t:1765549800:t> en __S03__
<t:1765549800:D> **12 R3.12 Anglais-TD** : GARACCI DANIEL -> <t:1765549800:t> - <t:1765557000:t> en __026-Langues__

[2025-12-11T18:00:04.011Z] info: Sending message to channel 1395371451573600287: <t:1765522800:D> **21 R3.01-2 Développement Web  : Javascript-TD** : LEROUX STEPHANE -> <t:1765522800:t> - <t:1765530000:t> en __S17__
<t:1765530000:D> **21 R3.11  Droit des contrats et du numérique-TD** : DUFOUR KARLINE -> <t:1765530000:t> - <t:1765537200:t> en __040__
<t:1765549800:D> **13 R3.07 SQL et Programmation-TD** : BONNET CHRISTINE -> <t:1765549800:t> - <t:1765557000:t> en __S17__

[2025-12-11T18:00:04.015Z] info: Message sent to channel 1395371451573600287: <t:1765522800:D> **21 R3.01-2 Développement Web  : Javascript-TD** : LEROUX STEPHANE -> <t:1765522800:t> - <t:1765530000:t> en __S17__
<t:1765530000:D> **21 R3.11  Droit des contrats et du numérique-TD** : DUFOUR KARLINE -> <t:1765530000:t> - <t:1765537200:t> en __040__
<t:1765549800:D> **13 R3.07 SQL et Programmation-TD** : BONNET CHRISTINE -> <t:1765549800:t> - <t:1765557000:t> en __S17__

[2025-12-11T18:00:04.016Z] info: Sending message to channel 1395371471345553540: <t:1765522800:D> **21 R3.01-2 Développement Web  : Javascript-TD** : LEROUX STEPHANE -> <t:1765522800:t> - <t:1765530000:t> en __S17__
<t:1765530000:D> **21 R3.11  Droit des contrats et du numérique-TD** : DUFOUR KARLINE -> <t:1765530000:t> - <t:1765537200:t> en __040__
<t:1765549800:D> **13 R3.07 SQL et Programmation-TD** : BONNET CHRISTINE -> <t:1765549800:t> - <t:1765557000:t> en __S17__

[2025-12-11T18:00:04.016Z] info: Message sent to channel 1395371471345553540: <t:1765522800:D> **21 R3.01-2 Développement Web  : Javascript-TD** : LEROUX STEPHANE -> <t:1765522800:t> - <t:1765530000:t> en __S17__
<t:1765530000:D> **21 R3.11  Droit des contrats et du numérique-TD** : DUFOUR KARLINE -> <t:1765530000:t> - <t:1765537200:t> en __040__
<t:1765549800:D> **13 R3.07 SQL et Programmation-TD** : BONNET CHRISTINE -> <t:1765549800:t> - <t:1765557000:t> en __S17__

[2025-12-11T18:00:04.017Z] info: Sending message to channel 1395371640291983370: <t:1765522800:D> **R3.07 SQL et Programmation TD** : BARON ARIANE -> <t:1765522800:t> - <t:1765530000:t> en __S27__
<t:1765530000:D> **11 R3.01-1 Développement Web  : PHP-TD** : CAPOSIENA JULIEN -> <t:1765530000:t> - <t:1765537200:t> en __S13__
<t:1765542600:D> **12 R3.05 Programmation système-TD** : BUSSON ANTHONY -> <t:1765542600:t> - <t:1765549800:t> en __S13__
<t:1765549800:D> **R3.05 Programmation système-TP** : BUSSON ANTHONY -> <t:1765549800:t> - <t:1765557000:t> en __S13__

[2025-12-11T18:00:04.017Z] info: Message sent to channel 1395371640291983370: <t:1765522800:D> **R3.07 SQL et Programmation TD** : BARON ARIANE -> <t:1765522800:t> - <t:1765530000:t> en __S27__
<t:1765530000:D> **11 R3.01-1 Développement Web  : PHP-TD** : CAPOSIENA JULIEN -> <t:1765530000:t> - <t:1765537200:t> en __S13__
<t:1765542600:D> **12 R3.05 Programmation système-TD** : BUSSON ANTHONY -> <t:1765542600:t> - <t:1765549800:t> en __S13__
<t:1765549800:D> **R3.05 Programmation système-TP** : BUSSON ANTHONY -> <t:1765549800:t> - <t:1765557000:t> en __S13__

[2025-12-11T18:00:04.018Z] info: Sending message to channel 1395371506099425310: <t:1765522800:D> **11 R3.11  Droit des contrats et du numérique-TD** : DUFOUR KARLINE -> <t:1765522800:t> - <t:1765530000:t> en __040__
<t:1765530000:D> **21 R3.01-2 Développement Web  : Javascript-TD** : YACOUBI AYADI NADIA -> <t:1765530000:t> - <t:1765537200:t> en __S03__
<t:1765542600:D> **12 R3.12 Anglais-TD** : GARACCI DANIEL -> <t:1765542600:t> - <t:1765549800:t> en __026-Langues__
<t:1765549800:D> **R3.14 PPP** : DEBOUTE JOCELYNE -> <t:1765549800:t> - <t:1765557000:t> en __S12__

[2025-12-11T18:00:04.019Z] info: Message sent to channel 1395371506099425310: <t:1765522800:D> **11 R3.11  Droit des contrats et du numérique-TD** : DUFOUR KARLINE -> <t:1765522800:t> - <t:1765530000:t> en __040__
<t:1765530000:D> **21 R3.01-2 Développement Web  : Javascript-TD** : YACOUBI AYADI NADIA -> <t:1765530000:t> - <t:1765537200:t> en __S03__
<t:1765542600:D> **12 R3.12 Anglais-TD** : GARACCI DANIEL -> <t:1765542600:t> - <t:1765549800:t> en __026-Langues__
<t:1765549800:D> **R3.14 PPP** : DEBOUTE JOCELYNE -> <t:1765549800:t> - <t:1765557000:t> en __S12__

[2025-12-11T18:00:04.020Z] info: Sending message to channel 1395371591797575750: <t:1765522800:D> **11 R3.11  Droit des contrats et du numérique-TD** : DUFOUR KARLINE -> <t:1765522800:t> - <t:1765530000:t> en __040__
<t:1765530000:D> **21 R3.01-2 Développement Web  : Javascript-TD** : YACOUBI AYADI NADIA -> <t:1765530000:t> - <t:1765537200:t> en __S03__
<t:1765542600:D> **12 R3.12 Anglais-TD** : GARACCI DANIEL -> <t:1765542600:t> - <t:1765549800:t> en __026-Langues__
<t:1765549800:D> **R3.14 PPP** : DEBOUTE JOCELYNE -> <t:1765549800:t> - <t:1765557000:t> en __S12__

[2025-12-11T18:00:04.020Z] info: Message sent to channel 1395371591797575750: <t:1765522800:D> **11 R3.11  Droit des contrats et du numérique-TD** : DUFOUR KARLINE -> <t:1765522800:t> - <t:1765530000:t> en __040__
<t:1765530000:D> **21 R3.01-2 Développement Web  : Javascript-TD** : YACOUBI AYADI NADIA -> <t:1765530000:t> - <t:1765537200:t> en __S03__
<t:1765542600:D> **12 R3.12 Anglais-TD** : GARACCI DANIEL -> <t:1765542600:t> - <t:1765549800:t> en __026-Langues__
<t:1765549800:D> **R3.14 PPP** : DEBOUTE JOCELYNE -> <t:1765549800:t> - <t:1765557000:t> en __S12__

[2025-12-11T18:00:04.022Z] info: Sending message to channel 1409494803489488986: <t:1765522800:D> **S.A.01 SAE Dev avancé** : BUT3 RA2A -> <t:1765522800:t> - <t:1765530000:t> en __S26__
<t:1765530000:D> **21R5.A.07 Automatisation** : BUSSON ANTHONY -> <t:1765530000:t> - <t:1765537200:t> en __S26__
<t:1765542600:D> **11R5.A.14 Anglais TD** : BESSAC MARIETTE -> <t:1765542600:t> - <t:1765549800:t> en __S25__
<t:1765549800:D> **S.A.01 SAE Dev avancé** : BUT3 RA2A -> <t:1765549800:t> - <t:1765557000:t> en __S26__

[2025-12-11T18:00:04.022Z] info: Message sent to channel 1409494803489488986: <t:1765522800:D> **S.A.01 SAE Dev avancé** : BUT3 RA2A -> <t:1765522800:t> - <t:1765530000:t> en __S26__
<t:1765530000:D> **21R5.A.07 Automatisation** : BUSSON ANTHONY -> <t:1765530000:t> - <t:1765537200:t> en __S26__
<t:1765542600:D> **11R5.A.14 Anglais TD** : BESSAC MARIETTE -> <t:1765542600:t> - <t:1765549800:t> en __S25__
<t:1765549800:D> **S.A.01 SAE Dev avancé** : BUT3 RA2A -> <t:1765549800:t> - <t:1765557000:t> en __S26__

[2025-12-11T18:00:04.023Z] info: Sending message to channel 1409494819574775808: <t:1765522800:D> **S.A.01 SAE Dev avancé** : BUT3 RA2A -> <t:1765522800:t> - <t:1765530000:t> en __S26__
<t:1765530000:D> **21R5.A.07 Automatisation** : BUSSON ANTHONY -> <t:1765530000:t> - <t:1765537200:t> en __S26__
<t:1765542600:D> **11R5.A.14 Anglais TD** : BESSAC MARIETTE -> <t:1765542600:t> - <t:1765549800:t> en __S25__
<t:1765549800:D> **S.A.01 SAE Dev avancé** : BUT3 RA2A -> <t:1765549800:t> - <t:1765557000:t> en __S26__

[2025-12-11T18:00:04.024Z] info: Message sent to channel 1409494819574775808: <t:1765522800:D> **S.A.01 SAE Dev avancé** : BUT3 RA2A -> <t:1765522800:t> - <t:1765530000:t> en __S26__
<t:1765530000:D> **21R5.A.07 Automatisation** : BUSSON ANTHONY -> <t:1765530000:t> - <t:1765537200:t> en __S26__
<t:1765542600:D> **11R5.A.14 Anglais TD** : BESSAC MARIETTE -> <t:1765542600:t> - <t:1765549800:t> en __S25__
<t:1765549800:D> **S.A.01 SAE Dev avancé** : BUT3 RA2A -> <t:1765549800:t> - <t:1765557000:t> en __S26__

[2025-12-11T18:00:04.024Z] info: Daily timetables sent
[2025-12-11T21:00:48.168Z] info: Received command: repo from user: 274146578191876096
[2025-12-14T17:50:00.028Z] info: Downloading ICS files for next week for groups: aspea, aspeb, g1s1a, g1s1b, g2s1a, g2s1b, g3s1a, g3s1b, g4s1a, g4s1b, g5s1a, g5s1b, g1s3a, g1s3b, g2s3a, g2s3b, g3a2, g4s3a, g4s3b, but3ra1a, but3ra1b, but3ra2a, but3ra2b, but3ra3a, but3ra3b, but3dacs, but3aged
[2025-12-14T17:50:00.031Z] info: Downloading ICS file from https://edt.univ-lyon1.fr/jsp/custom/modules/plannings/anonymous_cal.jsp?resources=9272&projectId=1&calType=ical&firstDate=2025-12-15&lastDate=2025-12-21 to src/calendars/nextweek/aspea.ics
[2025-12-14T17:50:31.882Z] info: ICS file downloaded successfully to src/calendars/nextweek/aspea.ics
[2025-12-14T17:50:31.883Z] info: ICS file for aspea downloaded successfully.
[2025-12-14T17:50:31.883Z] info: Downloading ICS file from https://edt.univ-lyon1.fr/jsp/custom/modules/plannings/anonymous_cal.jsp?resources=18783&projectId=1&calType=ical&firstDate=2025-12-15&lastDate=2025-12-21 to src/calendars/nextweek/aspeb.ics
[2025-12-14T17:50:32.214Z] info: ICS file downloaded successfully to src/calendars/nextweek/aspeb.ics
[2025-12-14T17:50:32.215Z] info: ICS file for aspeb downloaded successfully.
[2025-12-14T17:50:32.215Z] info: Downloading ICS file from https://edt.univ-lyon1.fr/jsp/custom/modules/plannings/anonymous_cal.jsp?resources=12096&projectId=1&calType=ical&firstDate=2025-12-15&lastDate=2025-12-21 to src/calendars/nextweek/g1s1a.ics
[2025-12-14T17:50:32.386Z] info: ICS file downloaded successfully to src/calendars/nextweek/g1s1a.ics
[2025-12-14T17:50:32.387Z] info: ICS file for g1s1a downloaded successfully.
[2025-12-14T17:50:32.387Z] info: Downloading ICS file from https://edt.univ-lyon1.fr/jsp/custom/modules/plannings/anonymous_cal.jsp?resources=12102&projectId=1&calType=ical&firstDate=2025-12-15&lastDate=2025-12-21 to src/calendars/nextweek/g1s1b.ics
[2025-12-14T17:50:32.553Z] info: ICS file downloaded successfully to src/calendars/nextweek/g1s1b.ics
[2025-12-14T17:50:32.554Z] info: ICS file for g1s1b downloaded successfully.
[2025-12-14T17:50:32.555Z] info: Downloading ICS file from https://edt.univ-lyon1.fr/jsp/custom/modules/plannings/anonymous_cal.jsp?resources=12403&projectId=1&calType=ical&firstDate=2025-12-15&lastDate=2025-12-21 to src/calendars/nextweek/g2s1a.ics
[2025-12-14T17:50:32.630Z] info: ICS file downloaded successfully to src/calendars/nextweek/g2s1a.ics
[2025-12-14T17:50:32.630Z] info: ICS file for g2s1a downloaded successfully.
[2025-12-14T17:50:32.631Z] info: Downloading ICS file from https://edt.univ-lyon1.fr/jsp/custom/modules/plannings/anonymous_cal.jsp?resources=12406&projectId=1&calType=ical&firstDate=2025-12-15&lastDate=2025-12-21 to src/calendars/nextweek/g2s1b.ics
[2025-12-14T17:50:32.734Z] info: ICS file downloaded successfully to src/calendars/nextweek/g2s1b.ics
[2025-12-14T17:50:32.735Z] info: ICS file for g2s1b downloaded successfully.
[2025-12-14T17:50:32.735Z] info: Downloading ICS file from https://edt.univ-lyon1.fr/jsp/custom/modules/plannings/anonymous_cal.jsp?resources=12419&projectId=1&calType=ical&firstDate=2025-12-15&lastDate=2025-12-21 to src/calendars/nextweek/g3s1a.ics
[2025-12-14T17:50:32.856Z] info: ICS file downloaded successfully to src/calendars/nextweek/g3s1a.ics
[2025-12-14T17:50:32.856Z] info: ICS file for g3s1a downloaded successfully.
[2025-12-14T17:50:32.856Z] info: Downloading ICS file from https://edt.univ-lyon1.fr/jsp/custom/modules/plannings/anonymous_cal.jsp?resources=12425&projectId=1&calType=ical&firstDate=2025-12-15&lastDate=2025-12-21 to src/calendars/nextweek/g3s1b.ics
[2025-12-14T17:50:32.946Z] info: ICS file downloaded successfully to src/calendars/nextweek/g3s1b.ics
[2025-12-14T17:50:32.947Z] info: ICS file for g3s1b downloaded successfully.
[2025-12-14T17:50:32.947Z] info: Downloading ICS file from https://edt.univ-lyon1.fr/jsp/custom/modules/plannings/anonymous_cal.jsp?resources=12424&projectId=1&calType=ical&firstDate=2025-12-15&lastDate=2025-12-21 to src/calendars/nextweek/g4s1a.ics
[2025-12-14T17:50:33.050Z] info: ICS file downloaded successfully to src/calendars/nextweek/g4s1a.ics
[2025-12-14T17:50:33.051Z] info: ICS file for g4s1a downloaded successfully.
[2025-12-14T17:50:33.051Z] info: Downloading ICS file from https://edt.univ-lyon1.fr/jsp/custom/modules/plannings/anonymous_cal.jsp?resources=12444&projectId=1&calType=ical&firstDate=2025-12-15&lastDate=2025-12-21 to src/calendars/nextweek/g4s1b.ics
[2025-12-14T17:50:33.126Z] info: ICS file downloaded successfully to src/calendars/nextweek/g4s1b.ics
[2025-12-14T17:50:33.126Z] info: ICS file for g4s1b downloaded successfully.
[2025-12-14T17:50:33.127Z] info: Downloading ICS file from https://edt.univ-lyon1.fr/jsp/custom/modules/plannings/anonymous_cal.jsp?resources=12460&projectId=1&calType=ical&firstDate=2025-12-15&lastDate=2025-12-21 to src/calendars/nextweek/g5s1a.ics
[2025-12-14T17:50:33.232Z] info: ICS file downloaded successfully to src/calendars/nextweek/g5s1a.ics
[2025-12-14T17:50:33.233Z] info: ICS file for g5s1a downloaded successfully.
[2025-12-14T17:50:33.233Z] info: Downloading ICS file from https://edt.univ-lyon1.fr/jsp/custom/modules/plannings/anonymous_cal.jsp?resources=12461&projectId=1&calType=ical&firstDate=2025-12-15&lastDate=2025-12-21 to src/calendars/nextweek/g5s1b.ics
[2025-12-14T17:50:33.318Z] info: ICS file downloaded successfully to src/calendars/nextweek/g5s1b.ics
[2025-12-14T17:50:33.318Z] info: ICS file for g5s1b downloaded successfully.
[2025-12-14T17:50:33.318Z] info: Downloading ICS file from https://edt.univ-lyon1.fr/jsp/custom/modules/plannings/anonymous_cal.jsp?resources=35708&projectId=1&calType=ical&firstDate=2025-12-15&lastDate=2025-12-21 to src/calendars/nextweek/g1s3a.ics
[2025-12-14T17:50:33.419Z] info: ICS file downloaded successfully to src/calendars/nextweek/g1s3a.ics
[2025-12-14T17:50:33.420Z] info: ICS file for g1s3a downloaded successfully.
[2025-12-14T17:50:33.420Z] info: Downloading ICS file from https://edt.univ-lyon1.fr/jsp/custom/modules/plannings/anonymous_cal.jsp?resources=35709&projectId=1&calType=ical&firstDate=2025-12-15&lastDate=2025-12-21 to src/calendars/nextweek/g1s3b.ics
[2025-12-14T17:50:33.506Z] info: ICS file downloaded successfully to src/calendars/nextweek/g1s3b.ics
[2025-12-14T17:50:33.506Z] info: ICS file for g1s3b downloaded successfully.
[2025-12-14T17:50:33.507Z] info: Downloading ICS file from https://edt.univ-lyon1.fr/jsp/custom/modules/plannings/anonymous_cal.jsp?resources=35710&projectId=1&calType=ical&firstDate=2025-12-15&lastDate=2025-12-21 to src/calendars/nextweek/g2s3a.ics
[2025-12-14T17:50:33.612Z] info: ICS file downloaded successfully to src/calendars/nextweek/g2s3a.ics
[2025-12-14T17:50:33.612Z] info: ICS file for g2s3a downloaded successfully.
[2025-12-14T17:50:33.613Z] info: Downloading ICS file from https://edt.univ-lyon1.fr/jsp/custom/modules/plannings/anonymous_cal.jsp?resources=35713&projectId=1&calType=ical&firstDate=2025-12-15&lastDate=2025-12-21 to src/calendars/nextweek/g2s3b.ics
[2025-12-14T17:50:33.713Z] info: ICS file downloaded successfully to src/calendars/nextweek/g2s3b.ics
[2025-12-14T17:50:33.714Z] info: ICS file for g2s3b downloaded successfully.
[2025-12-14T17:50:33.714Z] info: Downloading ICS file from https://edt.univ-lyon1.fr/jsp/custom/modules/plannings/anonymous_cal.jsp?resources=35714&projectId=1&calType=ical&firstDate=2025-12-15&lastDate=2025-12-21 to src/calendars/nextweek/g3a2.ics
[2025-12-14T17:50:33.804Z] info: ICS file downloaded successfully to src/calendars/nextweek/g3a2.ics
[2025-12-14T17:50:33.804Z] info: ICS file for g3a2 downloaded successfully.
[2025-12-14T17:50:33.805Z] info: Downloading ICS file from https://edt.univ-lyon1.fr/jsp/custom/modules/plannings/anonymous_cal.jsp?resources=35717&projectId=1&calType=ical&firstDate=2025-12-15&lastDate=2025-12-21 to src/calendars/nextweek/g4s3a.ics
[2025-12-14T17:50:33.892Z] info: ICS file downloaded successfully to src/calendars/nextweek/g4s3a.ics
[2025-12-14T17:50:33.892Z] info: ICS file for g4s3a downloaded successfully.
[2025-12-14T17:50:33.892Z] info: Downloading ICS file from https://edt.univ-lyon1.fr/jsp/custom/modules/plannings/anonymous_cal.jsp?resources=35718&projectId=1&calType=ical&firstDate=2025-12-15&lastDate=2025-12-21 to src/calendars/nextweek/g4s3b.ics
[2025-12-14T17:50:33.979Z] info: ICS file downloaded successfully to src/calendars/nextweek/g4s3b.ics
[2025-12-14T17:50:33.979Z] info: ICS file for g4s3b downloaded successfully.
[2025-12-14T17:50:33.979Z] info: Downloading ICS file from https://edt.univ-lyon1.fr/jsp/custom/modules/plannings/anonymous_cal.jsp?resources=6161&projectId=1&calType=ical&firstDate=2025-12-15&lastDate=2025-12-21 to src/calendars/nextweek/but3ra1a.ics
[2025-12-14T17:50:34.084Z] info: ICS file downloaded successfully to src/calendars/nextweek/but3ra1a.ics
[2025-12-14T17:50:34.084Z] info: ICS file for but3ra1a downloaded successfully.
[2025-12-14T17:50:34.085Z] info: Downloading ICS file from https://edt.univ-lyon1.fr/jsp/custom/modules/plannings/anonymous_cal.jsp?resources=6163&projectId=1&calType=ical&firstDate=2025-12-15&lastDate=2025-12-21 to src/calendars/nextweek/but3ra1b.ics
[2025-12-14T17:50:34.191Z] info: ICS file downloaded successfully to src/calendars/nextweek/but3ra1b.ics
[2025-12-14T17:50:34.191Z] info: ICS file for but3ra1b downloaded successfully.
[2025-12-14T17:50:34.192Z] info: Downloading ICS file from https://edt.univ-lyon1.fr/jsp/custom/modules/plannings/anonymous_cal.jsp?resources=6165&projectId=1&calType=ical&firstDate=2025-12-15&lastDate=2025-12-21 to src/calendars/nextweek/but3ra2a.ics
[2025-12-14T17:50:34.258Z] info: ICS file downloaded successfully to src/calendars/nextweek/but3ra2a.ics
[2025-12-14T17:50:34.259Z] info: ICS file for but3ra2a downloaded successfully.
[2025-12-14T17:50:34.259Z] info: Downloading ICS file from https://edt.univ-lyon1.fr/jsp/custom/modules/plannings/anonymous_cal.jsp?resources=6168&projectId=1&calType=ical&firstDate=2025-12-15&lastDate=2025-12-21 to src/calendars/nextweek/but3ra2b.ics
[2025-12-14T17:50:34.338Z] info: ICS file downloaded successfully to src/calendars/nextweek/but3ra2b.ics
[2025-12-14T17:50:34.338Z] info: ICS file for but3ra2b downloaded successfully.
[2025-12-14T17:50:34.338Z] info: Downloading ICS file from https://edt.univ-lyon1.fr/jsp/custom/modules/plannings/anonymous_cal.jsp?resources=14059&projectId=1&calType=ical&firstDate=2025-12-15&lastDate=2025-12-21 to src/calendars/nextweek/but3ra3a.ics
[2025-12-14T17:50:34.439Z] info: ICS file downloaded successfully to src/calendars/nextweek/but3ra3a.ics
[2025-12-14T17:50:34.440Z] info: ICS file for but3ra3a downloaded successfully.
[2025-12-14T17:50:34.440Z] info: Downloading ICS file from https://edt.univ-lyon1.fr/jsp/custom/modules/plannings/anonymous_cal.jsp?resources=14064&projectId=1&calType=ical&firstDate=2025-12-15&lastDate=2025-12-21 to src/calendars/nextweek/but3ra3b.ics
[2025-12-14T17:50:34.559Z] info: ICS file downloaded successfully to src/calendars/nextweek/but3ra3b.ics
[2025-12-14T17:50:34.559Z] info: ICS file for but3ra3b downloaded successfully.
[2025-12-14T17:50:34.560Z] info: Downloading ICS file from https://edt.univ-lyon1.fr/jsp/custom/modules/plannings/anonymous_cal.jsp?resources=6136&projectId=1&calType=ical&firstDate=2025-12-15&lastDate=2025-12-21 to src/calendars/nextweek/but3dacs.ics
[2025-12-14T17:50:34.670Z] info: ICS file downloaded successfully to src/calendars/nextweek/but3dacs.ics
[2025-12-14T17:50:34.670Z] info: ICS file for but3dacs downloaded successfully.
[2025-12-14T17:50:34.672Z] info: Downloading ICS file from https://edt.univ-lyon1.fr/jsp/custom/modules/plannings/anonymous_cal.jsp?resources=6048&projectId=1&calType=ical&firstDate=2025-12-15&lastDate=2025-12-21 to src/calendars/nextweek/but3aged.ics
[2025-12-14T17:50:34.766Z] info: ICS file downloaded successfully to src/calendars/nextweek/but3aged.ics
[2025-12-14T17:50:34.766Z] info: ICS file for but3aged downloaded successfully.
[2025-12-14T17:50:34.766Z] info: Sending weekly timetables
[2025-12-14T17:50:34.772Z] info: Sending message to channel 1395371772550975558: <t:1765782000:D> **11Graphes** : LEROUX STEPHANE -> <t:1765782000:t> - <t:1765789200:t> en __S15__
<t:1765789200:D> **IntroDev2 TP** : DUCHENE ERIC -> <t:1765789200:t> - <t:1765796400:t> en __S16__
<t:1765803600:D> **21Communication et service réseaux-TP** : BARON ARIANE -> <t:1765803600:t> - <t:1765810800:t> en __S18 - TP Réseau__
<t:1765868400:D> **11Java-TD** : VIDAL VINCENT -> <t:1765868400:t> - <t:1765875600:t> en __S27__
<t:1765875600:D> **21Communication et service réseaux-TP** : BARON ARIANE -> <t:1765875600:t> - <t:1765882800:t> en __S18 - TP Réseau__
<t:1765897200:D> **21Graphes** : LEROUX STEPHANE -> <t:1765897200:t> - <t:1765904400:t> en __S25__
<t:1765954800:D> **11Economie durable et numérique** : LAGACHE ALEXANDRA -> <t:1765954800:t> - <t:1765962000:t> en __S10__
<t:1765962000:D> **11Windows** : LEFEBVRE JULIEN -> <t:1765962000:t> - <t:1765969200:t> en __S25__
<t:1765976400:D> **IntroDev1 TD4** : WATRIGANT REMI -> <t:1765976400:t> - <t:1765983600:t> en __S16__
<t:1765983600:D> **IntroDev1 TD4** : WATRIGANT REMI -> <t:1765983600:t> - <t:1765990800:t> en __S16__
<t:1766048400:D> **Anglais TPS3** : CANQUE FLORENCE -> <t:1766048400:t> - <t:1766055600:t> en __026-Langues__
<t:1766127600:D> **21Analyse et conception objet** : PERNELLE PHILIPPE -> <t:1766127600:t> - <t:1766134800:t> en __S27__
<t:1766134800:D> **11Analyse et conception objet** : PERNELLE PHILIPPE -> <t:1766134800:t> - <t:1766142000:t> en __S27__
<t:1766147400:D> **Java-TP** : VIDAL VINCENT -> <t:1766147400:t> - <t:1766154600:t> en __S26__

[2025-12-14T17:50:34.774Z] info: Message sent to channel 1395371772550975558: <t:1765782000:D> **11Graphes** : LEROUX STEPHANE -> <t:1765782000:t> - <t:1765789200:t> en __S15__
<t:1765789200:D> **IntroDev2 TP** : DUCHENE ERIC -> <t:1765789200:t> - <t:1765796400:t> en __S16__
<t:1765803600:D> **21Communication et service réseaux-TP** : BARON ARIANE -> <t:1765803600:t> - <t:1765810800:t> en __S18 - TP Réseau__
<t:1765868400:D> **11Java-TD** : VIDAL VINCENT -> <t:1765868400:t> - <t:1765875600:t> en __S27__
<t:1765875600:D> **21Communication et service réseaux-TP** : BARON ARIANE -> <t:1765875600:t> - <t:1765882800:t> en __S18 - TP Réseau__
<t:1765897200:D> **21Graphes** : LEROUX STEPHANE -> <t:1765897200:t> - <t:1765904400:t> en __S25__
<t:1765954800:D> **11Economie durable et numérique** : LAGACHE ALEXANDRA -> <t:1765954800:t> - <t:1765962000:t> en __S10__
<t:1765962000:D> **11Windows** : LEFEBVRE JULIEN -> <t:1765962000:t> - <t:1765969200:t> en __S25__
<t:1765976400:D> **IntroDev1 TD4** : WATRIGANT REMI -> <t:1765976400:t> - <t:1765983600:t> en __S16__
<t:1765983600:D> **IntroDev1 TD4** : WATRIGANT REMI -> <t:1765983600:t> - <t:1765990800:t> en __S16__
<t:1766048400:D> **Anglais TPS3** : CANQUE FLORENCE -> <t:1766048400:t> - <t:1766055600:t> en __026-Langues__
<t:1766127600:D> **21Analyse et conception objet** : PERNELLE PHILIPPE -> <t:1766127600:t> - <t:1766134800:t> en __S27__
<t:1766134800:D> **11Analyse et conception objet** : PERNELLE PHILIPPE -> <t:1766134800:t> - <t:1766142000:t> en __S27__
<t:1766147400:D> **Java-TP** : VIDAL VINCENT -> <t:1766147400:t> - <t:1766154600:t> en __S26__

[2025-12-14T17:50:34.776Z] info: Sending message to channel 1395052296521646282: <t:1765782000:D> **13 R1.06 Maths discrètes TD** : JALOUX CHRISTOPHE -> <t:1765782000:t> - <t:1765789200:t> en __S10__
<t:1765803600:D> **11 R1.08 Gestion Proj. Orga-TD** : LAGACHE ALEXANDRA -> <t:1765803600:t> - <t:1765810800:t> en __S10__
<t:1765810800:D> **R1.10 Anglais-TPA P2** : CANQUE FLORENCE -> <t:1765810800:t> - <t:1765818000:t> en __026-Langues__
<t:1765868400:D> **15 R1.04 Intro Systèmes-TD** : DAUTRAIX ISABELLE -> <t:1765868400:t> - <t:1765875600:t> en __S14__
<t:1765875600:D> **R1.01 initation dev TD P15** : BUYLE-BODIN NICOLAS -> <t:1765875600:t> - <t:1765882800:t> en __040__
<t:1765890000:D> **24 R1.06 Maths discrètes TD** : JALOUX CHRISTOPHE -> <t:1765890000:t> - <t:1765897200:t> en __S10__
<t:1765897200:D> **R1.08 Gestion Proj. Orga-TD** : LAGACHE ALEXANDRA -> <t:1765897200:t> - <t:1765904400:t> en __S11__
<t:1765962000:D> **R1.01 Initiation dev-TPA** : BUYLE-BODIN NICOLAS -> <t:1765962000:t> - <t:1765969200:t> en __S03__
<t:1765976400:D> **SAE Autonomie G1** : G1S1A -> <t:1765976400:t> - <t:1765983600:t> en __S13__
<t:1765983600:D> **R1.05-2 SQL-TD** : BARON ARIANE -> <t:1765983600:t> - <t:1765990800:t> en __S14__
<t:1766041200:D> **R1.05-2 SQL-TPA** : BARON ARIANE -> <t:1766041200:t> - <t:1766048400:t> en __S14__
<t:1766127600:D> **SAE Autonomie G1** : G1S1A -> <t:1766127600:t> - <t:1766134800:t> en __S24__
<t:1766134800:D> **SAE 101 102 Initiation Dev** : BUYLE-BODIN NICOLAS -> <t:1766134800:t> - <t:1766142000:t> en __S03__
<t:1766147400:D> **R1.12 PPP-TPA** : DECHAVANNE LAURINE -> <t:1766147400:t> - <t:1766154600:t> en __S17__
<t:1766154600:D> **R1.02-1 Web-TPA** : BUYLE-BODIN NICOLAS -> <t:1766154600:t> - <t:1766161800:t> en __S22__

[2025-12-14T17:50:34.776Z] info: Message sent to channel 1395052296521646282: <t:1765782000:D> **13 R1.06 Maths discrètes TD** : JALOUX CHRISTOPHE -> <t:1765782000:t> - <t:1765789200:t> en __S10__
<t:1765803600:D> **11 R1.08 Gestion Proj. Orga-TD** : LAGACHE ALEXANDRA -> <t:1765803600:t> - <t:1765810800:t> en __S10__
<t:1765810800:D> **R1.10 Anglais-TPA P2** : CANQUE FLORENCE -> <t:1765810800:t> - <t:1765818000:t> en __026-Langues__
<t:1765868400:D> **15 R1.04 Intro Systèmes-TD** : DAUTRAIX ISABELLE -> <t:1765868400:t> - <t:1765875600:t> en __S14__
<t:1765875600:D> **R1.01 initation dev TD P15** : BUYLE-BODIN NICOLAS -> <t:1765875600:t> - <t:1765882800:t> en __040__
<t:1765890000:D> **24 R1.06 Maths discrètes TD** : JALOUX CHRISTOPHE -> <t:1765890000:t> - <t:1765897200:t> en __S10__
<t:1765897200:D> **R1.08 Gestion Proj. Orga-TD** : LAGACHE ALEXANDRA -> <t:1765897200:t> - <t:1765904400:t> en __S11__
<t:1765962000:D> **R1.01 Initiation dev-TPA** : BUYLE-BODIN NICOLAS -> <t:1765962000:t> - <t:1765969200:t> en __S03__
<t:1765976400:D> **SAE Autonomie G1** : G1S1A -> <t:1765976400:t> - <t:1765983600:t> en __S13__
<t:1765983600:D> **R1.05-2 SQL-TD** : BARON ARIANE -> <t:1765983600:t> - <t:1765990800:t> en __S14__
<t:1766041200:D> **R1.05-2 SQL-TPA** : BARON ARIANE -> <t:1766041200:t> - <t:1766048400:t> en __S14__
<t:1766127600:D> **SAE Autonomie G1** : G1S1A -> <t:1766127600:t> - <t:1766134800:t> en __S24__
<t:1766134800:D> **SAE 101 102 Initiation Dev** : BUYLE-BODIN NICOLAS -> <t:1766134800:t> - <t:1766142000:t> en __S03__
<t:1766147400:D> **R1.12 PPP-TPA** : DECHAVANNE LAURINE -> <t:1766147400:t> - <t:1766154600:t> en __S17__
<t:1766154600:D> **R1.02-1 Web-TPA** : BUYLE-BODIN NICOLAS -> <t:1766154600:t> - <t:1766161800:t> en __S22__

[2025-12-14T17:50:34.778Z] info: Sending message to channel 1395052332969885726: <t:1765782000:D> **13 R1.06 Maths discrètes TD** : JALOUX CHRISTOPHE -> <t:1765782000:t> - <t:1765789200:t> en __S10__
<t:1765789200:D> **R1.01 Initiation dev-TPB** : BUYLE-BODIN NICOLAS -> <t:1765789200:t> - <t:1765796400:t> en __S03__
<t:1765803600:D> **11 R1.08 Gestion Proj. Orga-TD** : LAGACHE ALEXANDRA -> <t:1765803600:t> - <t:1765810800:t> en __S10__
<t:1765810800:D> **R1.10 Anglais-TPB P2** : BESSAC MARIETTE -> <t:1765810800:t> - <t:1765818000:t> en __028__
<t:1765868400:D> **15 R1.04 Intro Systèmes-TD** : DAUTRAIX ISABELLE -> <t:1765868400:t> - <t:1765875600:t> en __S14__
<t:1765875600:D> **R1.01 initation dev TD P15** : BUYLE-BODIN NICOLAS -> <t:1765875600:t> - <t:1765882800:t> en __040__
<t:1765890000:D> **24 R1.06 Maths discrètes TD** : JALOUX CHRISTOPHE -> <t:1765890000:t> - <t:1765897200:t> en __S10__
<t:1765897200:D> **R1.08 Gestion Proj. Orga-TD** : LAGACHE ALEXANDRA -> <t:1765897200:t> - <t:1765904400:t> en __S11__
<t:1765976400:D> **SAE Autonomie G1** : G1S1A -> <t:1765976400:t> - <t:1765983600:t> en __S13__
<t:1765983600:D> **R1.05-2 SQL-TD** : BARON ARIANE -> <t:1765983600:t> - <t:1765990800:t> en __S14__
<t:1766127600:D> **SAE Autonomie G1** : G1S1A -> <t:1766127600:t> - <t:1766134800:t> en __S24__
<t:1766134800:D> **SAE 101 102 Initiation Dev** : BUYLE-BODIN NICOLAS -> <t:1766134800:t> - <t:1766142000:t> en __S03__
<t:1766147400:D> **R1.02-1 Web-TPB** : BUYLE-BODIN NICOLAS -> <t:1766147400:t> - <t:1766154600:t> en __S22__

[2025-12-14T17:50:34.778Z] info: Message sent to channel 1395052332969885726: <t:1765782000:D> **13 R1.06 Maths discrètes TD** : JALOUX CHRISTOPHE -> <t:1765782000:t> - <t:1765789200:t> en __S10__
<t:1765789200:D> **R1.01 Initiation dev-TPB** : BUYLE-BODIN NICOLAS -> <t:1765789200:t> - <t:1765796400:t> en __S03__
<t:1765803600:D> **11 R1.08 Gestion Proj. Orga-TD** : LAGACHE ALEXANDRA -> <t:1765803600:t> - <t:1765810800:t> en __S10__
<t:1765810800:D> **R1.10 Anglais-TPB P2** : BESSAC MARIETTE -> <t:1765810800:t> - <t:1765818000:t> en __028__
<t:1765868400:D> **15 R1.04 Intro Systèmes-TD** : DAUTRAIX ISABELLE -> <t:1765868400:t> - <t:1765875600:t> en __S14__
<t:1765875600:D> **R1.01 initation dev TD P15** : BUYLE-BODIN NICOLAS -> <t:1765875600:t> - <t:1765882800:t> en __040__
<t:1765890000:D> **24 R1.06 Maths discrètes TD** : JALOUX CHRISTOPHE -> <t:1765890000:t> - <t:1765897200:t> en __S10__
<t:1765897200:D> **R1.08 Gestion Proj. Orga-TD** : LAGACHE ALEXANDRA -> <t:1765897200:t> - <t:1765904400:t> en __S11__
<t:1765976400:D> **SAE Autonomie G1** : G1S1A -> <t:1765976400:t> - <t:1765983600:t> en __S13__
<t:1765983600:D> **R1.05-2 SQL-TD** : BARON ARIANE -> <t:1765983600:t> - <t:1765990800:t> en __S14__
<t:1766127600:D> **SAE Autonomie G1** : G1S1A -> <t:1766127600:t> - <t:1766134800:t> en __S24__
<t:1766134800:D> **SAE 101 102 Initiation Dev** : BUYLE-BODIN NICOLAS -> <t:1766134800:t> - <t:1766142000:t> en __S03__
<t:1766147400:D> **R1.02-1 Web-TPB** : BUYLE-BODIN NICOLAS -> <t:1766147400:t> - <t:1766154600:t> en __S22__

[2025-12-14T17:50:34.779Z] info: Sending message to channel 1395052379866660874: <t:1765782000:D> **18 R1.11 Com-PE** : SAUJOT GUILLAUME -> <t:1765782000:t> - <t:1765789200:t> en __037-Conseil__
<t:1765789200:D> **13 R1.06 Maths discrètes TD** : JALOUX CHRISTOPHE -> <t:1765789200:t> - <t:1765796400:t> en __S10__
<t:1765803600:D> **R1.10 Anglais-TPA P2** : CANQUE FLORENCE -> <t:1765803600:t> - <t:1765810800:t> en __026-Langues__
<t:1765810800:D> **SAE 101 102 Initiation Dev** : NDIAYE SAMBA NDOJH -> <t:1765810800:t> - <t:1765818000:t> en __S17__
<t:1765868400:D> **24 R1.06 Maths discrètes TD** : JALOUX CHRISTOPHE -> <t:1765868400:t> - <t:1765875600:t> en __S10__
<t:1765875600:D> **R1.01 initation dev TD P15** : DAUTRAIX ISABELLE -> <t:1765875600:t> - <t:1765882800:t> en __S10__
<t:1765890000:D> **R1.04 Intro Systèmes-PE** : BUYLE-BODIN NICOLAS -> <t:1765890000:t> - <t:1765897200:t> en __S24__
<t:1765897200:D> **R1.05-2 SQL-TD** : BARON ARIANE -> <t:1765897200:t> - <t:1765904400:t> en __S14__
<t:1765954800:D> **R1.01 Initiation dev-TPA** : DAUTRAIX ISABELLE -> <t:1765954800:t> - <t:1765962000:t> en __S24__
<t:1765976400:D> **11 R1.08 Gestion Proj. Orga-TD** : BOUHADDOUDA ANISSA -> <t:1765976400:t> - <t:1765983600:t> en __040__
<t:1765983600:D> **R1.08 Gestion Proj. Orga-TD** : BOUHADDOUDA ANISSA -> <t:1765983600:t> - <t:1765990800:t> en __S11__
<t:1766048400:D> **R1.05-2 SQL-TPA** : BARON ARIANE -> <t:1766048400:t> - <t:1766055600:t> en __S14__
<t:1766134800:D> **SAE Autonomie G2** : G2S1A -> <t:1766134800:t> - <t:1766142000:t> en __S26__
<t:1766147400:D> **R1.02-1 Web-TPA** : LEROUX STEPHANE -> <t:1766147400:t> - <t:1766154600:t> en __S16__
<t:1766154600:D> **R1.12 PPP-TPA** : DECHAVANNE LAURINE -> <t:1766154600:t> - <t:1766161800:t> en __S14__

[2025-12-14T17:50:34.779Z] info: Message sent to channel 1395052379866660874: <t:1765782000:D> **18 R1.11 Com-PE** : SAUJOT GUILLAUME -> <t:1765782000:t> - <t:1765789200:t> en __037-Conseil__
<t:1765789200:D> **13 R1.06 Maths discrètes TD** : JALOUX CHRISTOPHE -> <t:1765789200:t> - <t:1765796400:t> en __S10__
<t:1765803600:D> **R1.10 Anglais-TPA P2** : CANQUE FLORENCE -> <t:1765803600:t> - <t:1765810800:t> en __026-Langues__
<t:1765810800:D> **SAE 101 102 Initiation Dev** : NDIAYE SAMBA NDOJH -> <t:1765810800:t> - <t:1765818000:t> en __S17__
<t:1765868400:D> **24 R1.06 Maths discrètes TD** : JALOUX CHRISTOPHE -> <t:1765868400:t> - <t:1765875600:t> en __S10__
<t:1765875600:D> **R1.01 initation dev TD P15** : DAUTRAIX ISABELLE -> <t:1765875600:t> - <t:1765882800:t> en __S10__
<t:1765890000:D> **R1.04 Intro Systèmes-PE** : BUYLE-BODIN NICOLAS -> <t:1765890000:t> - <t:1765897200:t> en __S24__
<t:1765897200:D> **R1.05-2 SQL-TD** : BARON ARIANE -> <t:1765897200:t> - <t:1765904400:t> en __S14__
<t:1765954800:D> **R1.01 Initiation dev-TPA** : DAUTRAIX ISABELLE -> <t:1765954800:t> - <t:1765962000:t> en __S24__
<t:1765976400:D> **11 R1.08 Gestion Proj. Orga-TD** : BOUHADDOUDA ANISSA -> <t:1765976400:t> - <t:1765983600:t> en __040__
<t:1765983600:D> **R1.08 Gestion Proj. Orga-TD** : BOUHADDOUDA ANISSA -> <t:1765983600:t> - <t:1765990800:t> en __S11__
<t:1766048400:D> **R1.05-2 SQL-TPA** : BARON ARIANE -> <t:1766048400:t> - <t:1766055600:t> en __S14__
<t:1766134800:D> **SAE Autonomie G2** : G2S1A -> <t:1766134800:t> - <t:1766142000:t> en __S26__
<t:1766147400:D> **R1.02-1 Web-TPA** : LEROUX STEPHANE -> <t:1766147400:t> - <t:1766154600:t> en __S16__
<t:1766154600:D> **R1.12 PPP-TPA** : DECHAVANNE LAURINE -> <t:1766154600:t> - <t:1766161800:t> en __S14__

[2025-12-14T17:50:34.782Z] info: Sending message to channel 1395052392092930048: <t:1765782000:D> **18 R1.11 Com-PE** : SAUJOT GUILLAUME -> <t:1765782000:t> - <t:1765789200:t> en __037-Conseil__
<t:1765789200:D> **13 R1.06 Maths discrètes TD** : JALOUX CHRISTOPHE -> <t:1765789200:t> - <t:1765796400:t> en __S10__
<t:1765803600:D> **R1.10 Anglais-TPB P2** : BESSAC MARIETTE -> <t:1765803600:t> - <t:1765810800:t> en __028__
<t:1765810800:D> **SAE 101 102 Initiation Dev** : NDIAYE SAMBA NDOJH -> <t:1765810800:t> - <t:1765818000:t> en __S17__
<t:1765868400:D> **24 R1.06 Maths discrètes TD** : JALOUX CHRISTOPHE -> <t:1765868400:t> - <t:1765875600:t> en __S10__
<t:1765875600:D> **R1.01 initation dev TD P15** : DAUTRAIX ISABELLE -> <t:1765875600:t> - <t:1765882800:t> en __S10__
<t:1765890000:D> **R1.04 Intro Systèmes-PE** : BUYLE-BODIN NICOLAS -> <t:1765890000:t> - <t:1765897200:t> en __S24__
<t:1765897200:D> **R1.05-2 SQL-TD** : BARON ARIANE -> <t:1765897200:t> - <t:1765904400:t> en __S14__
<t:1765962000:D> **R1.01 Initiation dev-TPB** : DAUTRAIX ISABELLE -> <t:1765962000:t> - <t:1765969200:t> en __S24__
<t:1765976400:D> **11 R1.08 Gestion Proj. Orga-TD** : BOUHADDOUDA ANISSA -> <t:1765976400:t> - <t:1765983600:t> en __040__
<t:1765983600:D> **R1.08 Gestion Proj. Orga-TD** : BOUHADDOUDA ANISSA -> <t:1765983600:t> - <t:1765990800:t> en __S11__
<t:1766048400:D> **R1.02-1 Web-TPB** : LEROUX STEPHANE -> <t:1766048400:t> - <t:1766055600:t> en __S03__
<t:1766134800:D> **SAE Autonomie G2** : G2S1A -> <t:1766134800:t> - <t:1766142000:t> en __S26__

[2025-12-14T17:50:34.782Z] info: Message sent to channel 1395052392092930048: <t:1765782000:D> **18 R1.11 Com-PE** : SAUJOT GUILLAUME -> <t:1765782000:t> - <t:1765789200:t> en __037-Conseil__
<t:1765789200:D> **13 R1.06 Maths discrètes TD** : JALOUX CHRISTOPHE -> <t:1765789200:t> - <t:1765796400:t> en __S10__
<t:1765803600:D> **R1.10 Anglais-TPB P2** : BESSAC MARIETTE -> <t:1765803600:t> - <t:1765810800:t> en __028__
<t:1765810800:D> **SAE 101 102 Initiation Dev** : NDIAYE SAMBA NDOJH -> <t:1765810800:t> - <t:1765818000:t> en __S17__
<t:1765868400:D> **24 R1.06 Maths discrètes TD** : JALOUX CHRISTOPHE -> <t:1765868400:t> - <t:1765875600:t> en __S10__
<t:1765875600:D> **R1.01 initation dev TD P15** : DAUTRAIX ISABELLE -> <t:1765875600:t> - <t:1765882800:t> en __S10__
<t:1765890000:D> **R1.04 Intro Systèmes-PE** : BUYLE-BODIN NICOLAS -> <t:1765890000:t> - <t:1765897200:t> en __S24__
<t:1765897200:D> **R1.05-2 SQL-TD** : BARON ARIANE -> <t:1765897200:t> - <t:1765904400:t> en __S14__
<t:1765962000:D> **R1.01 Initiation dev-TPB** : DAUTRAIX ISABELLE -> <t:1765962000:t> - <t:1765969200:t> en __S24__
<t:1765976400:D> **11 R1.08 Gestion Proj. Orga-TD** : BOUHADDOUDA ANISSA -> <t:1765976400:t> - <t:1765983600:t> en __040__
<t:1765983600:D> **R1.08 Gestion Proj. Orga-TD** : BOUHADDOUDA ANISSA -> <t:1765983600:t> - <t:1765990800:t> en __S11__
<t:1766048400:D> **R1.02-1 Web-TPB** : LEROUX STEPHANE -> <t:1766048400:t> - <t:1766055600:t> en __S03__
<t:1766134800:D> **SAE Autonomie G2** : G2S1A -> <t:1766134800:t> - <t:1766142000:t> en __S26__

[2025-12-14T17:50:34.783Z] info: Sending message to channel 1395056179914473612: <t:1765782000:D> **SAE Autonomie G3** : G3S1A -> <t:1765782000:t> - <t:1765789200:t> en __S27__
<t:1765789200:D> **R1.10 Anglais-TPA P2** : ABAUZIT DUFAUD GISELE -> <t:1765789200:t> - <t:1765796400:t> en __028__
<t:1765803600:D> **13 R1.06 Maths discrètes TD** : JOUBERT AUDE -> <t:1765803600:t> - <t:1765810800:t> en __S11__
<t:1765810800:D> **R1.08 Gestion Proj. Orga-TD** : LAGACHE ALEXANDRA -> <t:1765810800:t> - <t:1765818000:t> en __040__
<t:1765868400:D> **24 R1.06 Maths discrètes TD** : JOUBERT AUDE -> <t:1765868400:t> - <t:1765875600:t> en __S11__
<t:1765875600:D> **R1.12 PPP-TPA** : VIZET PONCET CECILE -> <t:1765875600:t> - <t:1765882800:t> en __S25__
<t:1765890000:D> **11 R1.08 Gestion Proj. Orga-TD** : LAGACHE ALEXANDRA -> <t:1765890000:t> - <t:1765897200:t> en __S11__
<t:1765897200:D> **SAE 101 102 Initiation Dev** : BEN HADID AMIRA -> <t:1765897200:t> - <t:1765904400:t> en __S03__
<t:1765954800:D> **SAE Autonomie G3** : G3S1A -> <t:1765954800:t> - <t:1765962000:t> en __S27__
<t:1765976400:D> **R1.01 Initiation dev-TPA** : VIDAL VINCENT -> <t:1765976400:t> - <t:1765983600:t> en __S24__
<t:1765983600:D> **SAE Autonomie G3** : G3S1A -> <t:1765983600:t> - <t:1765990800:t> en __S26__
<t:1766041200:D> **R1.05-2 SQL-TPA** : BENSLIMANE DJAMAL -> <t:1766041200:t> - <t:1766048400:t> en __S26__
<t:1766048400:D> **R1.02-1 Web-TPA** : BUYLE-BODIN NICOLAS -> <t:1766048400:t> - <t:1766055600:t> en __S24__
<t:1766062800:D> **SAE Autonomie G3** : G3S1A -> <t:1766062800:t> - <t:1766070000:t> en __S27__
<t:1766134800:D> **R1.01 initation dev TD P15** : VIDAL VINCENT -> <t:1766134800:t> - <t:1766142000:t> en __040__
<t:1766154600:D> **R1.04 Intro Systèmes-PE** : PARAUD JEAN-CHRISTOPHE -> <t:1766154600:t> - <t:1766161800:t> en __S17__

[2025-12-14T17:50:34.783Z] info: Message sent to channel 1395056179914473612: <t:1765782000:D> **SAE Autonomie G3** : G3S1A -> <t:1765782000:t> - <t:1765789200:t> en __S27__
<t:1765789200:D> **R1.10 Anglais-TPA P2** : ABAUZIT DUFAUD GISELE -> <t:1765789200:t> - <t:1765796400:t> en __028__
<t:1765803600:D> **13 R1.06 Maths discrètes TD** : JOUBERT AUDE -> <t:1765803600:t> - <t:1765810800:t> en __S11__
<t:1765810800:D> **R1.08 Gestion Proj. Orga-TD** : LAGACHE ALEXANDRA -> <t:1765810800:t> - <t:1765818000:t> en __040__
<t:1765868400:D> **24 R1.06 Maths discrètes TD** : JOUBERT AUDE -> <t:1765868400:t> - <t:1765875600:t> en __S11__
<t:1765875600:D> **R1.12 PPP-TPA** : VIZET PONCET CECILE -> <t:1765875600:t> - <t:1765882800:t> en __S25__
<t:1765890000:D> **11 R1.08 Gestion Proj. Orga-TD** : LAGACHE ALEXANDRA -> <t:1765890000:t> - <t:1765897200:t> en __S11__
<t:1765897200:D> **SAE 101 102 Initiation Dev** : BEN HADID AMIRA -> <t:1765897200:t> - <t:1765904400:t> en __S03__
<t:1765954800:D> **SAE Autonomie G3** : G3S1A -> <t:1765954800:t> - <t:1765962000:t> en __S27__
<t:1765976400:D> **R1.01 Initiation dev-TPA** : VIDAL VINCENT -> <t:1765976400:t> - <t:1765983600:t> en __S24__
<t:1765983600:D> **SAE Autonomie G3** : G3S1A -> <t:1765983600:t> - <t:1765990800:t> en __S26__
<t:1766041200:D> **R1.05-2 SQL-TPA** : BENSLIMANE DJAMAL -> <t:1766041200:t> - <t:1766048400:t> en __S26__
<t:1766048400:D> **R1.02-1 Web-TPA** : BUYLE-BODIN NICOLAS -> <t:1766048400:t> - <t:1766055600:t> en __S24__
<t:1766062800:D> **SAE Autonomie G3** : G3S1A -> <t:1766062800:t> - <t:1766070000:t> en __S27__
<t:1766134800:D> **R1.01 initation dev TD P15** : VIDAL VINCENT -> <t:1766134800:t> - <t:1766142000:t> en __040__
<t:1766154600:D> **R1.04 Intro Systèmes-PE** : PARAUD JEAN-CHRISTOPHE -> <t:1766154600:t> - <t:1766161800:t> en __S17__

[2025-12-14T17:50:34.785Z] info: Sending message to channel 1395052422401101905: <t:1765782000:D> **SAE Autonomie G3** : G3S1A -> <t:1765782000:t> - <t:1765789200:t> en __S27__
<t:1765789200:D> **R1.10 Anglais-TPB P2** : CANQUE FLORENCE -> <t:1765789200:t> - <t:1765796400:t> en __026-Langues__
<t:1765803600:D> **13 R1.06 Maths discrètes TD** : JOUBERT AUDE -> <t:1765803600:t> - <t:1765810800:t> en __S11__
<t:1765810800:D> **R1.08 Gestion Proj. Orga-TD** : LAGACHE ALEXANDRA -> <t:1765810800:t> - <t:1765818000:t> en __040__
<t:1765868400:D> **24 R1.06 Maths discrètes TD** : JOUBERT AUDE -> <t:1765868400:t> - <t:1765875600:t> en __S11__
<t:1765875600:D> **R1.01 Initiation dev-TPB** : VIDAL VINCENT -> <t:1765875600:t> - <t:1765882800:t> en __S16__
<t:1765890000:D> **11 R1.08 Gestion Proj. Orga-TD** : LAGACHE ALEXANDRA -> <t:1765890000:t> - <t:1765897200:t> en __S11__
<t:1765897200:D> **SAE 101 102 Initiation Dev** : BEN HADID AMIRA -> <t:1765897200:t> - <t:1765904400:t> en __S03__
<t:1765954800:D> **SAE Autonomie G3** : G3S1A -> <t:1765954800:t> - <t:1765962000:t> en __S27__
<t:1765983600:D> **SAE Autonomie G3** : G3S1A -> <t:1765983600:t> - <t:1765990800:t> en __S26__
<t:1766041200:D> **R1.02-1 Web-TPB** : BUYLE-BODIN NICOLAS -> <t:1766041200:t> - <t:1766048400:t> en __S24__
<t:1766048400:D> **R1.05-2 SQL-TPB** : BENSLIMANE DJAMAL -> <t:1766048400:t> - <t:1766055600:t> en __S22__
<t:1766062800:D> **SAE Autonomie G3** : G3S1A -> <t:1766062800:t> - <t:1766070000:t> en __S27__
<t:1766134800:D> **R1.01 initation dev TD P15** : VIDAL VINCENT -> <t:1766134800:t> - <t:1766142000:t> en __040__
<t:1766154600:D> **R1.04 Intro Systèmes-PE** : PARAUD JEAN-CHRISTOPHE -> <t:1766154600:t> - <t:1766161800:t> en __S17__

[2025-12-14T17:50:34.785Z] info: Message sent to channel 1395052422401101905: <t:1765782000:D> **SAE Autonomie G3** : G3S1A -> <t:1765782000:t> - <t:1765789200:t> en __S27__
<t:1765789200:D> **R1.10 Anglais-TPB P2** : CANQUE FLORENCE -> <t:1765789200:t> - <t:1765796400:t> en __026-Langues__
<t:1765803600:D> **13 R1.06 Maths discrètes TD** : JOUBERT AUDE -> <t:1765803600:t> - <t:1765810800:t> en __S11__
<t:1765810800:D> **R1.08 Gestion Proj. Orga-TD** : LAGACHE ALEXANDRA -> <t:1765810800:t> - <t:1765818000:t> en __040__
<t:1765868400:D> **24 R1.06 Maths discrètes TD** : JOUBERT AUDE -> <t:1765868400:t> - <t:1765875600:t> en __S11__
<t:1765875600:D> **R1.01 Initiation dev-TPB** : VIDAL VINCENT -> <t:1765875600:t> - <t:1765882800:t> en __S16__
<t:1765890000:D> **11 R1.08 Gestion Proj. Orga-TD** : LAGACHE ALEXANDRA -> <t:1765890000:t> - <t:1765897200:t> en __S11__
<t:1765897200:D> **SAE 101 102 Initiation Dev** : BEN HADID AMIRA -> <t:1765897200:t> - <t:1765904400:t> en __S03__
<t:1765954800:D> **SAE Autonomie G3** : G3S1A -> <t:1765954800:t> - <t:1765962000:t> en __S27__
<t:1765983600:D> **SAE Autonomie G3** : G3S1A -> <t:1765983600:t> - <t:1765990800:t> en __S26__
<t:1766041200:D> **R1.02-1 Web-TPB** : BUYLE-BODIN NICOLAS -> <t:1766041200:t> - <t:1766048400:t> en __S24__
<t:1766048400:D> **R1.05-2 SQL-TPB** : BENSLIMANE DJAMAL -> <t:1766048400:t> - <t:1766055600:t> en __S22__
<t:1766062800:D> **SAE Autonomie G3** : G3S1A -> <t:1766062800:t> - <t:1766070000:t> en __S27__
<t:1766134800:D> **R1.01 initation dev TD P15** : VIDAL VINCENT -> <t:1766134800:t> - <t:1766142000:t> en __040__
<t:1766154600:D> **R1.04 Intro Systèmes-PE** : PARAUD JEAN-CHRISTOPHE -> <t:1766154600:t> - <t:1766161800:t> en __S17__

[2025-12-14T17:50:34.786Z] info: Sending message to channel 1395052443192266916: <t:1765782000:D> **R1.10 Anglais-TPA P2** : ABAUZIT DUFAUD GISELE -> <t:1765782000:t> - <t:1765789200:t> en __026-Langues__
<t:1765789200:D> **13 R1.06 Maths discrètes TD** : JOUBERT AUDE -> <t:1765789200:t> - <t:1765796400:t> en __S11__
<t:1765803600:D> **R1.01 initation dev TD P15** : NDIAYE SAMBA NDOJH -> <t:1765803600:t> - <t:1765810800:t> en __040__
<t:1765810800:D> **SAE Autonomie G4** : G4S1B -> <t:1765810800:t> - <t:1765818000:t> en __S24__
<t:1765875600:D> **24 R1.06 Maths discrètes TD** : JOUBERT AUDE -> <t:1765875600:t> - <t:1765882800:t> en __S11__
<t:1765890000:D> **R1.12 PPP-TPA** : VIZET PONCET CECILE -> <t:1765890000:t> - <t:1765897200:t> en __037-Conseil__
<t:1765897200:D> **SAE Autonomie G4** : G4S1B -> <t:1765897200:t> - <t:1765904400:t> en __S16__
<t:1765954800:D> **SAE 101 102 Initiation Dev** : ZEITOUN SEBASTIEN -> <t:1765954800:t> - <t:1765962000:t> en __S17__
<t:1765962000:D> **11 R1.08 Gestion Proj. Orga-TD** : MAGNIN FLORENCE -> <t:1765962000:t> - <t:1765969200:t> en __S11__
<t:1765976400:D> **R1.08 Gestion Proj. Orga-TD** : MAGNIN FLORENCE -> <t:1765976400:t> - <t:1765983600:t> en __S11__
<t:1765983600:D> **SAE Autonomie G4** : G4S1B -> <t:1765983600:t> - <t:1765990800:t> en __S27__
<t:1766041200:D> **R1.02-1 Web-TPA** : BEN HADID AMIRA -> <t:1766041200:t> - <t:1766048400:t> en __S27__
<t:1766048400:D> **R1.05-2 SQL-TPA** : BONNET CHRISTINE -> <t:1766048400:t> - <t:1766055600:t> en __S17__
<t:1766127600:D> **R1.04 Intro Systèmes-PE** : BUYLE-BODIN NICOLAS -> <t:1766127600:t> - <t:1766134800:t> en __S16__
<t:1766154600:D> **R1.01 Initiation dev-TPA** : NDIAYE SAMBA NDOJH -> <t:1766154600:t> - <t:1766161800:t> en __S24__

[2025-12-14T17:50:34.787Z] info: Message sent to channel 1395052443192266916: <t:1765782000:D> **R1.10 Anglais-TPA P2** : ABAUZIT DUFAUD GISELE -> <t:1765782000:t> - <t:1765789200:t> en __026-Langues__
<t:1765789200:D> **13 R1.06 Maths discrètes TD** : JOUBERT AUDE -> <t:1765789200:t> - <t:1765796400:t> en __S11__
<t:1765803600:D> **R1.01 initation dev TD P15** : NDIAYE SAMBA NDOJH -> <t:1765803600:t> - <t:1765810800:t> en __040__
<t:1765810800:D> **SAE Autonomie G4** : G4S1B -> <t:1765810800:t> - <t:1765818000:t> en __S24__
<t:1765875600:D> **24 R1.06 Maths discrètes TD** : JOUBERT AUDE -> <t:1765875600:t> - <t:1765882800:t> en __S11__
<t:1765890000:D> **R1.12 PPP-TPA** : VIZET PONCET CECILE -> <t:1765890000:t> - <t:1765897200:t> en __037-Conseil__
<t:1765897200:D> **SAE Autonomie G4** : G4S1B -> <t:1765897200:t> - <t:1765904400:t> en __S16__
<t:1765954800:D> **SAE 101 102 Initiation Dev** : ZEITOUN SEBASTIEN -> <t:1765954800:t> - <t:1765962000:t> en __S17__
<t:1765962000:D> **11 R1.08 Gestion Proj. Orga-TD** : MAGNIN FLORENCE -> <t:1765962000:t> - <t:1765969200:t> en __S11__
<t:1765976400:D> **R1.08 Gestion Proj. Orga-TD** : MAGNIN FLORENCE -> <t:1765976400:t> - <t:1765983600:t> en __S11__
<t:1765983600:D> **SAE Autonomie G4** : G4S1B -> <t:1765983600:t> - <t:1765990800:t> en __S27__
<t:1766041200:D> **R1.02-1 Web-TPA** : BEN HADID AMIRA -> <t:1766041200:t> - <t:1766048400:t> en __S27__
<t:1766048400:D> **R1.05-2 SQL-TPA** : BONNET CHRISTINE -> <t:1766048400:t> - <t:1766055600:t> en __S17__
<t:1766127600:D> **R1.04 Intro Systèmes-PE** : BUYLE-BODIN NICOLAS -> <t:1766127600:t> - <t:1766134800:t> en __S16__
<t:1766154600:D> **R1.01 Initiation dev-TPA** : NDIAYE SAMBA NDOJH -> <t:1766154600:t> - <t:1766161800:t> en __S24__

[2025-12-14T17:50:34.788Z] info: Sending message to channel 1395052467070177290: <t:1765782000:D> **R1.12 PPP-TPB** : VIZET PONCET CECILE -> <t:1765782000:t> - <t:1765789200:t> en __S21__
<t:1765789200:D> **13 R1.06 Maths discrètes TD** : JOUBERT AUDE -> <t:1765789200:t> - <t:1765796400:t> en __S11__
<t:1765803600:D> **R1.01 initation dev TD P15** : NDIAYE SAMBA NDOJH -> <t:1765803600:t> - <t:1765810800:t> en __040__
<t:1765810800:D> **SAE Autonomie G4** : G4S1B -> <t:1765810800:t> - <t:1765818000:t> en __S24__
<t:1765875600:D> **24 R1.06 Maths discrètes TD** : JOUBERT AUDE -> <t:1765875600:t> - <t:1765882800:t> en __S11__
<t:1765897200:D> **SAE Autonomie G4** : G4S1B -> <t:1765897200:t> - <t:1765904400:t> en __S16__
<t:1765954800:D> **SAE 101 102 Initiation Dev** : ZEITOUN SEBASTIEN -> <t:1765954800:t> - <t:1765962000:t> en __S17__
<t:1765962000:D> **11 R1.08 Gestion Proj. Orga-TD** : MAGNIN FLORENCE -> <t:1765962000:t> - <t:1765969200:t> en __S11__
<t:1765976400:D> **R1.08 Gestion Proj. Orga-TD** : MAGNIN FLORENCE -> <t:1765976400:t> - <t:1765983600:t> en __S11__
<t:1765983600:D> **SAE Autonomie G4** : G4S1B -> <t:1765983600:t> - <t:1765990800:t> en __S27__
<t:1766041200:D> **R1.10 Anglais-TPB P2** : CANQUE FLORENCE -> <t:1766041200:t> - <t:1766048400:t> en __028__
<t:1766048400:D> **R1.02-1 Web-TPB** : BEN HADID AMIRA -> <t:1766048400:t> - <t:1766055600:t> en __S27__
<t:1766127600:D> **R1.04 Intro Systèmes-PE** : BUYLE-BODIN NICOLAS -> <t:1766127600:t> - <t:1766134800:t> en __S16__
<t:1766134800:D> **R1.05-2 SQL-TPB** : BONNET CHRISTINE -> <t:1766134800:t> - <t:1766142000:t> en __S24__
<t:1766147400:D> **R1.01 Initiation dev-TPB** : NDIAYE SAMBA NDOJH -> <t:1766147400:t> - <t:1766154600:t> en __S24__

[2025-12-14T17:50:34.789Z] info: Message sent to channel 1395052467070177290: <t:1765782000:D> **R1.12 PPP-TPB** : VIZET PONCET CECILE -> <t:1765782000:t> - <t:1765789200:t> en __S21__
<t:1765789200:D> **13 R1.06 Maths discrètes TD** : JOUBERT AUDE -> <t:1765789200:t> - <t:1765796400:t> en __S11__
<t:1765803600:D> **R1.01 initation dev TD P15** : NDIAYE SAMBA NDOJH -> <t:1765803600:t> - <t:1765810800:t> en __040__
<t:1765810800:D> **SAE Autonomie G4** : G4S1B -> <t:1765810800:t> - <t:1765818000:t> en __S24__
<t:1765875600:D> **24 R1.06 Maths discrètes TD** : JOUBERT AUDE -> <t:1765875600:t> - <t:1765882800:t> en __S11__
<t:1765897200:D> **SAE Autonomie G4** : G4S1B -> <t:1765897200:t> - <t:1765904400:t> en __S16__
<t:1765954800:D> **SAE 101 102 Initiation Dev** : ZEITOUN SEBASTIEN -> <t:1765954800:t> - <t:1765962000:t> en __S17__
<t:1765962000:D> **11 R1.08 Gestion Proj. Orga-TD** : MAGNIN FLORENCE -> <t:1765962000:t> - <t:1765969200:t> en __S11__
<t:1765976400:D> **R1.08 Gestion Proj. Orga-TD** : MAGNIN FLORENCE -> <t:1765976400:t> - <t:1765983600:t> en __S11__
<t:1765983600:D> **SAE Autonomie G4** : G4S1B -> <t:1765983600:t> - <t:1765990800:t> en __S27__
<t:1766041200:D> **R1.10 Anglais-TPB P2** : CANQUE FLORENCE -> <t:1766041200:t> - <t:1766048400:t> en __028__
<t:1766048400:D> **R1.02-1 Web-TPB** : BEN HADID AMIRA -> <t:1766048400:t> - <t:1766055600:t> en __S27__
<t:1766127600:D> **R1.04 Intro Systèmes-PE** : BUYLE-BODIN NICOLAS -> <t:1766127600:t> - <t:1766134800:t> en __S16__
<t:1766134800:D> **R1.05-2 SQL-TPB** : BONNET CHRISTINE -> <t:1766134800:t> - <t:1766142000:t> en __S24__
<t:1766147400:D> **R1.01 Initiation dev-TPB** : NDIAYE SAMBA NDOJH -> <t:1766147400:t> - <t:1766154600:t> en __S24__

[2025-12-14T17:50:34.790Z] info: Sending message to channel 1395052827985842288: <t:1765782000:D> **R1.05-2 SQL-TPA** : BUYLE-BODIN NICOLAS -> <t:1765782000:t> - <t:1765789200:t> en __S16__
<t:1765789200:D> **13 R1.06 Maths discrètes TD** : LEROUX STEPHANE -> <t:1765789200:t> - <t:1765796400:t> en __040__
<t:1765803600:D> **R1.12 PPP-TPA** : OLIVESI AURELIE -> <t:1765803600:t> - <t:1765810800:t> en __S13__
<t:1765810800:D> **SAE Autonomie G5** : G5S1A -> <t:1765810800:t> - <t:1765818000:t> en __S26__
<t:1765868400:D> **SAE Autonomie G5** : G5S1A -> <t:1765868400:t> - <t:1765875600:t> en __S03__
<t:1765890000:D> **14R1.04 Intro Systèmes-TD P2** : AVRILLON SAMY -> <t:1765890000:t> - <t:1765897200:t> en __S14__
<t:1765962000:D> **R1.08 Gestion Proj. Orga-TD** : LAGACHE ALEXANDRA -> <t:1765962000:t> - <t:1765969200:t> en __S10__
<t:1765976400:D> **11 R1.08 Gestion Proj. Orga-TD** : LAGACHE ALEXANDRA -> <t:1765976400:t> - <t:1765983600:t> en __S12__
<t:1765983600:D> **R1.01 Initiation dev-TPA** : ZEITOUN SEBASTIEN -> <t:1765983600:t> - <t:1765990800:t> en __S13__
<t:1766127600:D> **SAE 101 102 Initiation Dev** : DAUTRAIX ISABELLE -> <t:1766127600:t> - <t:1766134800:t> en __S03__
<t:1766134800:D> **24 R1.06 Maths discrètes TD** : LEROUX STEPHANE -> <t:1766134800:t> - <t:1766142000:t> en __S12__
<t:1766147400:D> **R1.02-1 Web-TPA** : BEN HADID AMIRA -> <t:1766147400:t> - <t:1766154600:t> en __S03__
<t:1766154600:D> **R1.10 Anglais-TPA P2** : BESSAC MARIETTE -> <t:1766154600:t> - <t:1766161800:t> en __028__

[2025-12-14T17:50:34.790Z] info: Message sent to channel 1395052827985842288: <t:1765782000:D> **R1.05-2 SQL-TPA** : BUYLE-BODIN NICOLAS -> <t:1765782000:t> - <t:1765789200:t> en __S16__
<t:1765789200:D> **13 R1.06 Maths discrètes TD** : LEROUX STEPHANE -> <t:1765789200:t> - <t:1765796400:t> en __040__
<t:1765803600:D> **R1.12 PPP-TPA** : OLIVESI AURELIE -> <t:1765803600:t> - <t:1765810800:t> en __S13__
<t:1765810800:D> **SAE Autonomie G5** : G5S1A -> <t:1765810800:t> - <t:1765818000:t> en __S26__
<t:1765868400:D> **SAE Autonomie G5** : G5S1A -> <t:1765868400:t> - <t:1765875600:t> en __S03__
<t:1765890000:D> **14R1.04 Intro Systèmes-TD P2** : AVRILLON SAMY -> <t:1765890000:t> - <t:1765897200:t> en __S14__
<t:1765962000:D> **R1.08 Gestion Proj. Orga-TD** : LAGACHE ALEXANDRA -> <t:1765962000:t> - <t:1765969200:t> en __S10__
<t:1765976400:D> **11 R1.08 Gestion Proj. Orga-TD** : LAGACHE ALEXANDRA -> <t:1765976400:t> - <t:1765983600:t> en __S12__
<t:1765983600:D> **R1.01 Initiation dev-TPA** : ZEITOUN SEBASTIEN -> <t:1765983600:t> - <t:1765990800:t> en __S13__
<t:1766127600:D> **SAE 101 102 Initiation Dev** : DAUTRAIX ISABELLE -> <t:1766127600:t> - <t:1766134800:t> en __S03__
<t:1766134800:D> **24 R1.06 Maths discrètes TD** : LEROUX STEPHANE -> <t:1766134800:t> - <t:1766142000:t> en __S12__
<t:1766147400:D> **R1.02-1 Web-TPA** : BEN HADID AMIRA -> <t:1766147400:t> - <t:1766154600:t> en __S03__
<t:1766154600:D> **R1.10 Anglais-TPA P2** : BESSAC MARIETTE -> <t:1766154600:t> - <t:1766161800:t> en __028__

[2025-12-14T17:50:34.791Z] info: Sending message to channel 1395052882486890707: <t:1765782000:D> **R1.10 Anglais-TPB P2** : CANQUE FLORENCE -> <t:1765782000:t> - <t:1765789200:t> en __028__
<t:1765789200:D> **13 R1.06 Maths discrètes TD** : LEROUX STEPHANE -> <t:1765789200:t> - <t:1765796400:t> en __040__
<t:1765810800:D> **SAE Autonomie G5** : G5S1A -> <t:1765810800:t> - <t:1765818000:t> en __S26__
<t:1765868400:D> **SAE Autonomie G5** : G5S1A -> <t:1765868400:t> - <t:1765875600:t> en __S03__
<t:1765890000:D> **14R1.04 Intro Systèmes-TD P2** : AVRILLON SAMY -> <t:1765890000:t> - <t:1765897200:t> en __S14__
<t:1765962000:D> **R1.08 Gestion Proj. Orga-TD** : LAGACHE ALEXANDRA -> <t:1765962000:t> - <t:1765969200:t> en __S10__
<t:1765976400:D> **11 R1.08 Gestion Proj. Orga-TD** : LAGACHE ALEXANDRA -> <t:1765976400:t> - <t:1765983600:t> en __S12__
<t:1765983600:D> **R1.05-2 SQL-TPB** : BUYLE-BODIN NICOLAS -> <t:1765983600:t> - <t:1765990800:t> en __S03__
<t:1766127600:D> **SAE 101 102 Initiation Dev** : DAUTRAIX ISABELLE -> <t:1766127600:t> - <t:1766134800:t> en __S03__
<t:1766134800:D> **24 R1.06 Maths discrètes TD** : LEROUX STEPHANE -> <t:1766134800:t> - <t:1766142000:t> en __S12__
<t:1766147400:D> **R1.01 Initiation dev-TPB** : ZEITOUN SEBASTIEN -> <t:1766147400:t> - <t:1766154600:t> en __S27__
<t:1766154600:D> **R1.02-1 Web-TPB** : BEN HADID AMIRA -> <t:1766154600:t> - <t:1766161800:t> en __S03__

[2025-12-14T17:50:34.791Z] info: Message sent to channel 1395052882486890707: <t:1765782000:D> **R1.10 Anglais-TPB P2** : CANQUE FLORENCE -> <t:1765782000:t> - <t:1765789200:t> en __028__
<t:1765789200:D> **13 R1.06 Maths discrètes TD** : LEROUX STEPHANE -> <t:1765789200:t> - <t:1765796400:t> en __040__
<t:1765810800:D> **SAE Autonomie G5** : G5S1A -> <t:1765810800:t> - <t:1765818000:t> en __S26__
<t:1765868400:D> **SAE Autonomie G5** : G5S1A -> <t:1765868400:t> - <t:1765875600:t> en __S03__
<t:1765890000:D> **14R1.04 Intro Systèmes-TD P2** : AVRILLON SAMY -> <t:1765890000:t> - <t:1765897200:t> en __S14__
<t:1765962000:D> **R1.08 Gestion Proj. Orga-TD** : LAGACHE ALEXANDRA -> <t:1765962000:t> - <t:1765969200:t> en __S10__
<t:1765976400:D> **11 R1.08 Gestion Proj. Orga-TD** : LAGACHE ALEXANDRA -> <t:1765976400:t> - <t:1765983600:t> en __S12__
<t:1765983600:D> **R1.05-2 SQL-TPB** : BUYLE-BODIN NICOLAS -> <t:1765983600:t> - <t:1765990800:t> en __S03__
<t:1766127600:D> **SAE 101 102 Initiation Dev** : DAUTRAIX ISABELLE -> <t:1766127600:t> - <t:1766134800:t> en __S03__
<t:1766134800:D> **24 R1.06 Maths discrètes TD** : LEROUX STEPHANE -> <t:1766134800:t> - <t:1766142000:t> en __S12__
<t:1766147400:D> **R1.01 Initiation dev-TPB** : ZEITOUN SEBASTIEN -> <t:1766147400:t> - <t:1766154600:t> en __S27__
<t:1766154600:D> **R1.02-1 Web-TPB** : BEN HADID AMIRA -> <t:1766154600:t> - <t:1766161800:t> en __S03__

[2025-12-14T17:50:34.793Z] info: Sending message to channel 1395371275643256924: <t:1765782000:D> **11 R3.02 Dév. Efficace (algo)-TD** : KHEDDOUCI HAMAMACHE -> <t:1765782000:t> - <t:1765789200:t> en __S03__
<t:1765789200:D> **21 R3.11  Droit des contrats et du numérique-TD** : DUFOUR KARLINE -> <t:1765789200:t> - <t:1765796400:t> en __S15__
<t:1765810800:D> **11 R3.04-1 Qualité de developpement-Conception-TD G1** : PEYTAVIE ADRIEN -> <t:1765810800:t> - <t:1765818000:t> en __S03__
<t:1765875600:D> **21 R3.02 Dév. Efficace (algo)-TD** : KHEDDOUCI HAMAMACHE -> <t:1765875600:t> - <t:1765882800:t> en __S03__
<t:1765890000:D> **R3.14 PPP** : DEBOUTE JOCELYNE -> <t:1765890000:t> - <t:1765897200:t> en __040__
<t:1765897200:D> **21R3.04-1 Qualité de developpement-Conception-TD** : PEYTAVIE ADRIEN -> <t:1765897200:t> - <t:1765904400:t> en __S24__
<t:1765954800:D> **11 R3.11  Droit des contrats et du numérique-TD** : DUFOUR KARLINE -> <t:1765954800:t> - <t:1765962000:t> en __040__
<t:1765962000:D> **13 R3.07 SQL et Programmation-TD** : BONNET CHRISTINE -> <t:1765962000:t> - <t:1765969200:t> en __S14__
<t:1766048400:D> **21 R3.01-2 Développement Web  : Javascript-TD** : YACOUBI AYADI NADIA -> <t:1766048400:t> - <t:1766055600:t> en __S16__
<t:1766127600:D> **12 R3.01-2 Développement Web  : Javascript-TD** : YACOUBI AYADI NADIA -> <t:1766127600:t> - <t:1766134800:t> en __S17__
<t:1766140200:D> **12 R3.12 Anglais-TD** : GARACCI DANIEL -> <t:1766140200:t> - <t:1766147400:t> en __026-Langues__

[2025-12-14T17:50:34.793Z] info: Message sent to channel 1395371275643256924: <t:1765782000:D> **11 R3.02 Dév. Efficace (algo)-TD** : KHEDDOUCI HAMAMACHE -> <t:1765782000:t> - <t:1765789200:t> en __S03__
<t:1765789200:D> **21 R3.11  Droit des contrats et du numérique-TD** : DUFOUR KARLINE -> <t:1765789200:t> - <t:1765796400:t> en __S15__
<t:1765810800:D> **11 R3.04-1 Qualité de developpement-Conception-TD G1** : PEYTAVIE ADRIEN -> <t:1765810800:t> - <t:1765818000:t> en __S03__
<t:1765875600:D> **21 R3.02 Dév. Efficace (algo)-TD** : KHEDDOUCI HAMAMACHE -> <t:1765875600:t> - <t:1765882800:t> en __S03__
<t:1765890000:D> **R3.14 PPP** : DEBOUTE JOCELYNE -> <t:1765890000:t> - <t:1765897200:t> en __040__
<t:1765897200:D> **21R3.04-1 Qualité de developpement-Conception-TD** : PEYTAVIE ADRIEN -> <t:1765897200:t> - <t:1765904400:t> en __S24__
<t:1765954800:D> **11 R3.11  Droit des contrats et du numérique-TD** : DUFOUR KARLINE -> <t:1765954800:t> - <t:1765962000:t> en __040__
<t:1765962000:D> **13 R3.07 SQL et Programmation-TD** : BONNET CHRISTINE -> <t:1765962000:t> - <t:1765969200:t> en __S14__
<t:1766048400:D> **21 R3.01-2 Développement Web  : Javascript-TD** : YACOUBI AYADI NADIA -> <t:1766048400:t> - <t:1766055600:t> en __S16__
<t:1766127600:D> **12 R3.01-2 Développement Web  : Javascript-TD** : YACOUBI AYADI NADIA -> <t:1766127600:t> - <t:1766134800:t> en __S17__
<t:1766140200:D> **12 R3.12 Anglais-TD** : GARACCI DANIEL -> <t:1766140200:t> - <t:1766147400:t> en __026-Langues__

[2025-12-14T17:50:34.794Z] info: Sending message to channel 1395371292533723147: <t:1765782000:D> **11 R3.02 Dév. Efficace (algo)-TD** : KHEDDOUCI HAMAMACHE -> <t:1765782000:t> - <t:1765789200:t> en __S03__
<t:1765789200:D> **21 R3.11  Droit des contrats et du numérique-TD** : DUFOUR KARLINE -> <t:1765789200:t> - <t:1765796400:t> en __S15__
<t:1765803600:D> **R3.05 Programmation système-TPB** : BUONOMO CAMILLE -> <t:1765803600:t> - <t:1765810800:t> en __S03__
<t:1765810800:D> **11 R3.04-1 Qualité de developpement-Conception-TD G1** : PEYTAVIE ADRIEN -> <t:1765810800:t> - <t:1765818000:t> en __S03__
<t:1765875600:D> **21 R3.02 Dév. Efficace (algo)-TD** : KHEDDOUCI HAMAMACHE -> <t:1765875600:t> - <t:1765882800:t> en __S03__
<t:1765890000:D> **R3.14 PPP** : DEBOUTE JOCELYNE -> <t:1765890000:t> - <t:1765897200:t> en __040__
<t:1765897200:D> **21R3.04-1 Qualité de developpement-Conception-TD** : PEYTAVIE ADRIEN -> <t:1765897200:t> - <t:1765904400:t> en __S24__
<t:1765954800:D> **11 R3.11  Droit des contrats et du numérique-TD** : DUFOUR KARLINE -> <t:1765954800:t> - <t:1765962000:t> en __040__
<t:1765962000:D> **13 R3.07 SQL et Programmation-TD** : BONNET CHRISTINE -> <t:1765962000:t> - <t:1765969200:t> en __S14__
<t:1765976400:D> **R3.06 Archi. Réseaux-TPB** : BARON ARIANE -> <t:1765976400:t> - <t:1765983600:t> en __S14__
<t:1766048400:D> **21 R3.01-2 Développement Web  : Javascript-TD** : YACOUBI AYADI NADIA -> <t:1766048400:t> - <t:1766055600:t> en __S16__
<t:1766127600:D> **12 R3.01-2 Développement Web  : Javascript-TD** : YACOUBI AYADI NADIA -> <t:1766127600:t> - <t:1766134800:t> en __S17__
<t:1766140200:D> **12 R3.12 Anglais-TD** : GARACCI DANIEL -> <t:1766140200:t> - <t:1766147400:t> en __026-Langues__

[2025-12-14T17:50:34.794Z] info: Message sent to channel 1395371292533723147: <t:1765782000:D> **11 R3.02 Dév. Efficace (algo)-TD** : KHEDDOUCI HAMAMACHE -> <t:1765782000:t> - <t:1765789200:t> en __S03__
<t:1765789200:D> **21 R3.11  Droit des contrats et du numérique-TD** : DUFOUR KARLINE -> <t:1765789200:t> - <t:1765796400:t> en __S15__
<t:1765803600:D> **R3.05 Programmation système-TPB** : BUONOMO CAMILLE -> <t:1765803600:t> - <t:1765810800:t> en __S03__
<t:1765810800:D> **11 R3.04-1 Qualité de developpement-Conception-TD G1** : PEYTAVIE ADRIEN -> <t:1765810800:t> - <t:1765818000:t> en __S03__
<t:1765875600:D> **21 R3.02 Dév. Efficace (algo)-TD** : KHEDDOUCI HAMAMACHE -> <t:1765875600:t> - <t:1765882800:t> en __S03__
<t:1765890000:D> **R3.14 PPP** : DEBOUTE JOCELYNE -> <t:1765890000:t> - <t:1765897200:t> en __040__
<t:1765897200:D> **21R3.04-1 Qualité de developpement-Conception-TD** : PEYTAVIE ADRIEN -> <t:1765897200:t> - <t:1765904400:t> en __S24__
<t:1765954800:D> **11 R3.11  Droit des contrats et du numérique-TD** : DUFOUR KARLINE -> <t:1765954800:t> - <t:1765962000:t> en __040__
<t:1765962000:D> **13 R3.07 SQL et Programmation-TD** : BONNET CHRISTINE -> <t:1765962000:t> - <t:1765969200:t> en __S14__
<t:1765976400:D> **R3.06 Archi. Réseaux-TPB** : BARON ARIANE -> <t:1765976400:t> - <t:1765983600:t> en __S14__
<t:1766048400:D> **21 R3.01-2 Développement Web  : Javascript-TD** : YACOUBI AYADI NADIA -> <t:1766048400:t> - <t:1766055600:t> en __S16__
<t:1766127600:D> **12 R3.01-2 Développement Web  : Javascript-TD** : YACOUBI AYADI NADIA -> <t:1766127600:t> - <t:1766134800:t> en __S17__
<t:1766140200:D> **12 R3.12 Anglais-TD** : GARACCI DANIEL -> <t:1766140200:t> - <t:1766147400:t> en __026-Langues__

[2025-12-14T17:50:34.795Z] info: Sending message to channel 1395371451573600287: <t:1765782000:D> **21 R3.11  Droit des contrats et du numérique-TD** : DUFOUR KARLINE -> <t:1765782000:t> - <t:1765789200:t> en __040__
<t:1765789200:D> **11 R3.04-1 Qualité de developpement-Conception-TD G1** : PEYTAVIE ADRIEN -> <t:1765789200:t> - <t:1765796400:t> en __S17__
<t:1765803600:D> **21 R3.01-2 Développement Web  : Javascript-TD** : LEROUX STEPHANE -> <t:1765803600:t> - <t:1765810800:t> en __S16__
<t:1765810800:D> **21 R3.02 Dév. Efficace (algo)-TD** : KHEDDOUCI HAMAMACHE -> <t:1765810800:t> - <t:1765818000:t> en __S16__
<t:1765868400:D> **11 R3.02 Dév. Efficace (algo)-TD** : KHEDDOUCI HAMAMACHE -> <t:1765868400:t> - <t:1765875600:t> en __S24__
<t:1765875600:D> **11 R3.11  Droit des contrats et du numérique-TD** : DUFOUR KARLINE -> <t:1765875600:t> - <t:1765882800:t> en __S15__
<t:1765890000:D> **12 R3.01-2 Développement Web  : Javascript-TD** : LEROUX STEPHANE -> <t:1765890000:t> - <t:1765897200:t> en __S16__
<t:1765897200:D> **R3.14 PPP** : DEBOUTE JOCELYNE -> <t:1765897200:t> - <t:1765904400:t> en __S15__
<t:1765976400:D> **12 R3.12 Anglais-TD** : BESSAC MARIETTE -> <t:1765976400:t> - <t:1765983600:t> en __026-Langues__
<t:1765983600:D> **13 R3.07 SQL et Programmation-TD** : BONNET CHRISTINE -> <t:1765983600:t> - <t:1765990800:t> en __S17__
<t:1766041200:D> **21R3.04-1 Qualité de developpement-Conception-TD** : PEYTAVIE ADRIEN -> <t:1766041200:t> - <t:1766048400:t> en __S16__

[2025-12-14T17:50:34.795Z] info: Message sent to channel 1395371451573600287: <t:1765782000:D> **21 R3.11  Droit des contrats et du numérique-TD** : DUFOUR KARLINE -> <t:1765782000:t> - <t:1765789200:t> en __040__
<t:1765789200:D> **11 R3.04-1 Qualité de developpement-Conception-TD G1** : PEYTAVIE ADRIEN -> <t:1765789200:t> - <t:1765796400:t> en __S17__
<t:1765803600:D> **21 R3.01-2 Développement Web  : Javascript-TD** : LEROUX STEPHANE -> <t:1765803600:t> - <t:1765810800:t> en __S16__
<t:1765810800:D> **21 R3.02 Dév. Efficace (algo)-TD** : KHEDDOUCI HAMAMACHE -> <t:1765810800:t> - <t:1765818000:t> en __S16__
<t:1765868400:D> **11 R3.02 Dév. Efficace (algo)-TD** : KHEDDOUCI HAMAMACHE -> <t:1765868400:t> - <t:1765875600:t> en __S24__
<t:1765875600:D> **11 R3.11  Droit des contrats et du numérique-TD** : DUFOUR KARLINE -> <t:1765875600:t> - <t:1765882800:t> en __S15__
<t:1765890000:D> **12 R3.01-2 Développement Web  : Javascript-TD** : LEROUX STEPHANE -> <t:1765890000:t> - <t:1765897200:t> en __S16__
<t:1765897200:D> **R3.14 PPP** : DEBOUTE JOCELYNE -> <t:1765897200:t> - <t:1765904400:t> en __S15__
<t:1765976400:D> **12 R3.12 Anglais-TD** : BESSAC MARIETTE -> <t:1765976400:t> - <t:1765983600:t> en __026-Langues__
<t:1765983600:D> **13 R3.07 SQL et Programmation-TD** : BONNET CHRISTINE -> <t:1765983600:t> - <t:1765990800:t> en __S17__
<t:1766041200:D> **21R3.04-1 Qualité de developpement-Conception-TD** : PEYTAVIE ADRIEN -> <t:1766041200:t> - <t:1766048400:t> en __S16__

[2025-12-14T17:50:34.796Z] info: Sending message to channel 1395371471345553540: <t:1765782000:D> **21 R3.11  Droit des contrats et du numérique-TD** : DUFOUR KARLINE -> <t:1765782000:t> - <t:1765789200:t> en __040__
<t:1765789200:D> **11 R3.04-1 Qualité de developpement-Conception-TD G1** : PEYTAVIE ADRIEN -> <t:1765789200:t> - <t:1765796400:t> en __S17__
<t:1765803600:D> **21 R3.01-2 Développement Web  : Javascript-TD** : LEROUX STEPHANE -> <t:1765803600:t> - <t:1765810800:t> en __S16__
<t:1765810800:D> **21 R3.02 Dév. Efficace (algo)-TD** : KHEDDOUCI HAMAMACHE -> <t:1765810800:t> - <t:1765818000:t> en __S16__
<t:1765868400:D> **11 R3.02 Dév. Efficace (algo)-TD** : KHEDDOUCI HAMAMACHE -> <t:1765868400:t> - <t:1765875600:t> en __S24__
<t:1765875600:D> **11 R3.11  Droit des contrats et du numérique-TD** : DUFOUR KARLINE -> <t:1765875600:t> - <t:1765882800:t> en __S15__
<t:1765890000:D> **12 R3.01-2 Développement Web  : Javascript-TD** : LEROUX STEPHANE -> <t:1765890000:t> - <t:1765897200:t> en __S16__
<t:1765897200:D> **R3.14 PPP** : DEBOUTE JOCELYNE -> <t:1765897200:t> - <t:1765904400:t> en __S15__
<t:1765962000:D> **R3.05 Programmation système-TPB** : BUONOMO CAMILLE -> <t:1765962000:t> - <t:1765969200:t> en __S16__
<t:1765976400:D> **12 R3.12 Anglais-TD** : BESSAC MARIETTE -> <t:1765976400:t> - <t:1765983600:t> en __026-Langues__
<t:1765983600:D> **13 R3.07 SQL et Programmation-TD** : BONNET CHRISTINE -> <t:1765983600:t> - <t:1765990800:t> en __S17__
<t:1766041200:D> **21R3.04-1 Qualité de developpement-Conception-TD** : PEYTAVIE ADRIEN -> <t:1766041200:t> - <t:1766048400:t> en __S16__

[2025-12-14T17:50:34.797Z] info: Message sent to channel 1395371471345553540: <t:1765782000:D> **21 R3.11  Droit des contrats et du numérique-TD** : DUFOUR KARLINE -> <t:1765782000:t> - <t:1765789200:t> en __040__
<t:1765789200:D> **11 R3.04-1 Qualité de developpement-Conception-TD G1** : PEYTAVIE ADRIEN -> <t:1765789200:t> - <t:1765796400:t> en __S17__
<t:1765803600:D> **21 R3.01-2 Développement Web  : Javascript-TD** : LEROUX STEPHANE -> <t:1765803600:t> - <t:1765810800:t> en __S16__
<t:1765810800:D> **21 R3.02 Dév. Efficace (algo)-TD** : KHEDDOUCI HAMAMACHE -> <t:1765810800:t> - <t:1765818000:t> en __S16__
<t:1765868400:D> **11 R3.02 Dév. Efficace (algo)-TD** : KHEDDOUCI HAMAMACHE -> <t:1765868400:t> - <t:1765875600:t> en __S24__
<t:1765875600:D> **11 R3.11  Droit des contrats et du numérique-TD** : DUFOUR KARLINE -> <t:1765875600:t> - <t:1765882800:t> en __S15__
<t:1765890000:D> **12 R3.01-2 Développement Web  : Javascript-TD** : LEROUX STEPHANE -> <t:1765890000:t> - <t:1765897200:t> en __S16__
<t:1765897200:D> **R3.14 PPP** : DEBOUTE JOCELYNE -> <t:1765897200:t> - <t:1765904400:t> en __S15__
<t:1765962000:D> **R3.05 Programmation système-TPB** : BUONOMO CAMILLE -> <t:1765962000:t> - <t:1765969200:t> en __S16__
<t:1765976400:D> **12 R3.12 Anglais-TD** : BESSAC MARIETTE -> <t:1765976400:t> - <t:1765983600:t> en __026-Langues__
<t:1765983600:D> **13 R3.07 SQL et Programmation-TD** : BONNET CHRISTINE -> <t:1765983600:t> - <t:1765990800:t> en __S17__
<t:1766041200:D> **21R3.04-1 Qualité de developpement-Conception-TD** : PEYTAVIE ADRIEN -> <t:1766041200:t> - <t:1766048400:t> en __S16__

[2025-12-14T17:50:34.799Z] info: Sending message to channel 1395371506099425310: <t:1765782000:D> **SAE TPA7** : PEYTAVIE ADRIEN -> <t:1765782000:t> - <t:1765789200:t> en __S17__
<t:1765789200:D> **13 R3.07 SQL et Programmation-TD** : BARON ARIANE -> <t:1765789200:t> - <t:1765796400:t> en __S14__
<t:1765868400:D> **21 R3.11  Droit des contrats et du numérique-TD** : DUFOUR KARLINE -> <t:1765868400:t> - <t:1765875600:t> en __S12__
<t:1765875600:D> **12 R3.09 Crypto et sécurité-TD** : LEROUX STEPHANE -> <t:1765875600:t> - <t:1765882800:t> en __S17__
<t:1765890000:D> **21 R3.02 Dév. Efficace (algo)-TD** : KHEDDOUCI HAMAMACHE -> <t:1765890000:t> - <t:1765897200:t> en __S17__
<t:1765897200:D> **13 R3.06 Archi. Réseaux-TD** : MERRHEIM XAVIER -> <t:1765897200:t> - <t:1765904400:t> en __040__
<t:1765962000:D> **21R3.04-1 Qualité de developpement-Conception-TD** : DUCHENE ERIC -> <t:1765962000:t> - <t:1765969200:t> en __S17__
<t:1765976400:D> **11 R3.02 Dév. Efficace (algo)-TD** : KHEDDOUCI HAMAMACHE -> <t:1765976400:t> - <t:1765983600:t> en __S03__
<t:1765983600:D> **11 R3.04-1 Qualité de developpement-Conception-TD G1** : DUCHENE ERIC -> <t:1765983600:t> - <t:1765990800:t> en __S24__
<t:1766041200:D> **12 R3.01-2 Développement Web  : Javascript-TD** : YACOUBI AYADI NADIA -> <t:1766041200:t> - <t:1766048400:t> en __S03__
<t:1766048400:D> **11 R3.11  Droit des contrats et du numérique-TD** : DUFOUR KARLINE -> <t:1766048400:t> - <t:1766055600:t> en __040__
<t:1766134800:D> **21 R3.01-2 Développement Web  : Javascript-TD** : YACOUBI AYADI NADIA -> <t:1766134800:t> - <t:1766142000:t> en __S17__
<t:1766147400:D> **12 R3.12 Anglais-TD** : GARACCI DANIEL -> <t:1766147400:t> - <t:1766154600:t> en __026-Langues__
<t:1766154600:D> **R3.14 PPP** : DEBOUTE JOCELYNE -> <t:1766154600:t> - <t:1766161800:t> en __040__

[2025-12-14T17:50:34.799Z] info: Message sent to channel 1395371506099425310: <t:1765782000:D> **SAE TPA7** : PEYTAVIE ADRIEN -> <t:1765782000:t> - <t:1765789200:t> en __S17__
<t:1765789200:D> **13 R3.07 SQL et Programmation-TD** : BARON ARIANE -> <t:1765789200:t> - <t:1765796400:t> en __S14__
<t:1765868400:D> **21 R3.11  Droit des contrats et du numérique-TD** : DUFOUR KARLINE -> <t:1765868400:t> - <t:1765875600:t> en __S12__
<t:1765875600:D> **12 R3.09 Crypto et sécurité-TD** : LEROUX STEPHANE -> <t:1765875600:t> - <t:1765882800:t> en __S17__
<t:1765890000:D> **21 R3.02 Dév. Efficace (algo)-TD** : KHEDDOUCI HAMAMACHE -> <t:1765890000:t> - <t:1765897200:t> en __S17__
<t:1765897200:D> **13 R3.06 Archi. Réseaux-TD** : MERRHEIM XAVIER -> <t:1765897200:t> - <t:1765904400:t> en __040__
<t:1765962000:D> **21R3.04-1 Qualité de developpement-Conception-TD** : DUCHENE ERIC -> <t:1765962000:t> - <t:1765969200:t> en __S17__
<t:1765976400:D> **11 R3.02 Dév. Efficace (algo)-TD** : KHEDDOUCI HAMAMACHE -> <t:1765976400:t> - <t:1765983600:t> en __S03__
<t:1765983600:D> **11 R3.04-1 Qualité de developpement-Conception-TD G1** : DUCHENE ERIC -> <t:1765983600:t> - <t:1765990800:t> en __S24__
<t:1766041200:D> **12 R3.01-2 Développement Web  : Javascript-TD** : YACOUBI AYADI NADIA -> <t:1766041200:t> - <t:1766048400:t> en __S03__
<t:1766048400:D> **11 R3.11  Droit des contrats et du numérique-TD** : DUFOUR KARLINE -> <t:1766048400:t> - <t:1766055600:t> en __040__
<t:1766134800:D> **21 R3.01-2 Développement Web  : Javascript-TD** : YACOUBI AYADI NADIA -> <t:1766134800:t> - <t:1766142000:t> en __S17__
<t:1766147400:D> **12 R3.12 Anglais-TD** : GARACCI DANIEL -> <t:1766147400:t> - <t:1766154600:t> en __026-Langues__
<t:1766154600:D> **R3.14 PPP** : DEBOUTE JOCELYNE -> <t:1766154600:t> - <t:1766161800:t> en __040__

[2025-12-14T17:50:34.800Z] info: Sending message to channel 1395371591797575750: <t:1765789200:D> **13 R3.07 SQL et Programmation-TD** : BARON ARIANE -> <t:1765789200:t> - <t:1765796400:t> en __S14__
<t:1765803600:D> **SAE TPB7** : PEYTAVIE ADRIEN -> <t:1765803600:t> - <t:1765810800:t> en __S17__
<t:1765810800:D> **R3.05 Programmation système-TPB** : CAPOSIENA JULIEN -> <t:1765810800:t> - <t:1765818000:t> en __S14__
<t:1765868400:D> **21 R3.11  Droit des contrats et du numérique-TD** : DUFOUR KARLINE -> <t:1765868400:t> - <t:1765875600:t> en __S12__
<t:1765875600:D> **12 R3.09 Crypto et sécurité-TD** : LEROUX STEPHANE -> <t:1765875600:t> - <t:1765882800:t> en __S17__
<t:1765890000:D> **21 R3.02 Dév. Efficace (algo)-TD** : KHEDDOUCI HAMAMACHE -> <t:1765890000:t> - <t:1765897200:t> en __S17__
<t:1765897200:D> **13 R3.06 Archi. Réseaux-TD** : MERRHEIM XAVIER -> <t:1765897200:t> - <t:1765904400:t> en __040__
<t:1765954800:D> **R3.06 Archi. Réseaux-TPB** : MERRHEIM XAVIER -> <t:1765954800:t> - <t:1765962000:t> en __S18 - TP Réseau__
<t:1765962000:D> **21R3.04-1 Qualité de developpement-Conception-TD** : DUCHENE ERIC -> <t:1765962000:t> - <t:1765969200:t> en __S17__
<t:1765976400:D> **11 R3.02 Dév. Efficace (algo)-TD** : KHEDDOUCI HAMAMACHE -> <t:1765976400:t> - <t:1765983600:t> en __S03__
<t:1765983600:D> **11 R3.04-1 Qualité de developpement-Conception-TD G1** : DUCHENE ERIC -> <t:1765983600:t> - <t:1765990800:t> en __S24__
<t:1766041200:D> **12 R3.01-2 Développement Web  : Javascript-TD** : YACOUBI AYADI NADIA -> <t:1766041200:t> - <t:1766048400:t> en __S03__
<t:1766048400:D> **11 R3.11  Droit des contrats et du numérique-TD** : DUFOUR KARLINE -> <t:1766048400:t> - <t:1766055600:t> en __040__
<t:1766134800:D> **21 R3.01-2 Développement Web  : Javascript-TD** : YACOUBI AYADI NADIA -> <t:1766134800:t> - <t:1766142000:t> en __S17__
<t:1766147400:D> **12 R3.12 Anglais-TD** : GARACCI DANIEL -> <t:1766147400:t> - <t:1766154600:t> en __026-Langues__
<t:1766154600:D> **R3.14 PPP** : DEBOUTE JOCELYNE -> <t:1766154600:t> - <t:1766161800:t> en __040__

[2025-12-14T17:50:34.800Z] info: Message sent to channel 1395371591797575750: <t:1765789200:D> **13 R3.07 SQL et Programmation-TD** : BARON ARIANE -> <t:1765789200:t> - <t:1765796400:t> en __S14__
<t:1765803600:D> **SAE TPB7** : PEYTAVIE ADRIEN -> <t:1765803600:t> - <t:1765810800:t> en __S17__
<t:1765810800:D> **R3.05 Programmation système-TPB** : CAPOSIENA JULIEN -> <t:1765810800:t> - <t:1765818000:t> en __S14__
<t:1765868400:D> **21 R3.11  Droit des contrats et du numérique-TD** : DUFOUR KARLINE -> <t:1765868400:t> - <t:1765875600:t> en __S12__
<t:1765875600:D> **12 R3.09 Crypto et sécurité-TD** : LEROUX STEPHANE -> <t:1765875600:t> - <t:1765882800:t> en __S17__
<t:1765890000:D> **21 R3.02 Dév. Efficace (algo)-TD** : KHEDDOUCI HAMAMACHE -> <t:1765890000:t> - <t:1765897200:t> en __S17__
<t:1765897200:D> **13 R3.06 Archi. Réseaux-TD** : MERRHEIM XAVIER -> <t:1765897200:t> - <t:1765904400:t> en __040__
<t:1765954800:D> **R3.06 Archi. Réseaux-TPB** : MERRHEIM XAVIER -> <t:1765954800:t> - <t:1765962000:t> en __S18 - TP Réseau__
<t:1765962000:D> **21R3.04-1 Qualité de developpement-Conception-TD** : DUCHENE ERIC -> <t:1765962000:t> - <t:1765969200:t> en __S17__
<t:1765976400:D> **11 R3.02 Dév. Efficace (algo)-TD** : KHEDDOUCI HAMAMACHE -> <t:1765976400:t> - <t:1765983600:t> en __S03__
<t:1765983600:D> **11 R3.04-1 Qualité de developpement-Conception-TD G1** : DUCHENE ERIC -> <t:1765983600:t> - <t:1765990800:t> en __S24__
<t:1766041200:D> **12 R3.01-2 Développement Web  : Javascript-TD** : YACOUBI AYADI NADIA -> <t:1766041200:t> - <t:1766048400:t> en __S03__
<t:1766048400:D> **11 R3.11  Droit des contrats et du numérique-TD** : DUFOUR KARLINE -> <t:1766048400:t> - <t:1766055600:t> en __040__
<t:1766134800:D> **21 R3.01-2 Développement Web  : Javascript-TD** : YACOUBI AYADI NADIA -> <t:1766134800:t> - <t:1766142000:t> en __S17__
<t:1766147400:D> **12 R3.12 Anglais-TD** : GARACCI DANIEL -> <t:1766147400:t> - <t:1766154600:t> en __026-Langues__
<t:1766154600:D> **R3.14 PPP** : DEBOUTE JOCELYNE -> <t:1766154600:t> - <t:1766161800:t> en __040__

[2025-12-14T17:50:34.802Z] info: Sending message to channel 1409494181839376455: <t:1765782000:D> **21R5.A.10 Neo4J** : FACI NOURA -> <t:1765782000:t> - <t:1765789200:t> en __S26__
<t:1765789200:D> **11R5.A.10 Neo4J** : FACI NOURA -> <t:1765789200:t> - <t:1765796400:t> en __S26__
<t:1765803600:D> **21 R5.A.11 Aide à la décision TD RA** : JALOUX CHRISTOPHE -> <t:1765803600:t> - <t:1765810800:t> en __S26__
<t:1765810800:D> **R5.03 Communication TD** : DEBOUTE JOCELYNE -> <t:1765810800:t> - <t:1765818000:t> en __S10__
<t:1765868400:D> **S5.A.01 SAE Dev avancé AP** : PEYTAVIE ADRIEN -> <t:1765868400:t> - <t:1765875600:t> en __S26__
<t:1765875600:D> **11 R5.A.11 Aide à la décision TD RA** : JALOUX CHRISTOPHE -> <t:1765875600:t> - <t:1765882800:t> en __S26__
<t:1765897200:D> **11R5.A.02 PPP TD** : VIZET PONCET CECILE -> <t:1765897200:t> - <t:1765904400:t> en __S26__
<t:1765954800:D> **11R5.A.07 Automatisation TPA** : BUSSON ANTHONY -> <t:1765954800:t> - <t:1765962000:t> en __S26__
<t:1765962000:D> **21R5.A.07 Automatisation** : BUSSON ANTHONY -> <t:1765962000:t> - <t:1765969200:t> en __S26__
<t:1765976400:D> **S5.A.01 SAE Dev avancé** : BUT3 RA1B -> <t:1765976400:t> - <t:1765983600:t> en __S26__
<t:1765983600:D> **R5.A.14 Anglais TPA** : BESSAC MARIETTE -> <t:1765983600:t> - <t:1765990800:t> en __026-Langues__
<t:1766048400:D> **21R5.A.04 Qualité algo** : WATRIGANT REMI -> <t:1766048400:t> - <t:1766055600:t> en __S26__
<t:1766061000:D> **11R5.A.04 Qualité algo** : WATRIGANT REMI -> <t:1766061000:t> - <t:1766068200:t> en __S26__
<t:1766068200:D> **R5.A.06 Programmation multimédia TPA** : PEYTAVIE ADRIEN -> <t:1766068200:t> - <t:1766075400:t> en __S26__
<t:1766127600:D> **S5.A.01 SAE Dev avancé** : BUT3 RA1B -> <t:1766127600:t> - <t:1766134800:t> en __S26__
<t:1766134800:D> **S5.A.01 SAE Dev avancé** : BUT3 RA1B -> <t:1766134800:t> - <t:1766142000:t> en __S16__
<t:1766147400:D> **31R5.03 Communication TPA** : DEBOUTE JOCELYNE -> <t:1766147400:t> - <t:1766154600:t> en __040__

[2025-12-14T17:50:34.802Z] info: Message sent to channel 1409494181839376455: <t:1765782000:D> **21R5.A.10 Neo4J** : FACI NOURA -> <t:1765782000:t> - <t:1765789200:t> en __S26__
<t:1765789200:D> **11R5.A.10 Neo4J** : FACI NOURA -> <t:1765789200:t> - <t:1765796400:t> en __S26__
<t:1765803600:D> **21 R5.A.11 Aide à la décision TD RA** : JALOUX CHRISTOPHE -> <t:1765803600:t> - <t:1765810800:t> en __S26__
<t:1765810800:D> **R5.03 Communication TD** : DEBOUTE JOCELYNE -> <t:1765810800:t> - <t:1765818000:t> en __S10__
<t:1765868400:D> **S5.A.01 SAE Dev avancé AP** : PEYTAVIE ADRIEN -> <t:1765868400:t> - <t:1765875600:t> en __S26__
<t:1765875600:D> **11 R5.A.11 Aide à la décision TD RA** : JALOUX CHRISTOPHE -> <t:1765875600:t> - <t:1765882800:t> en __S26__
<t:1765897200:D> **11R5.A.02 PPP TD** : VIZET PONCET CECILE -> <t:1765897200:t> - <t:1765904400:t> en __S26__
<t:1765954800:D> **11R5.A.07 Automatisation TPA** : BUSSON ANTHONY -> <t:1765954800:t> - <t:1765962000:t> en __S26__
<t:1765962000:D> **21R5.A.07 Automatisation** : BUSSON ANTHONY -> <t:1765962000:t> - <t:1765969200:t> en __S26__
<t:1765976400:D> **S5.A.01 SAE Dev avancé** : BUT3 RA1B -> <t:1765976400:t> - <t:1765983600:t> en __S26__
<t:1765983600:D> **R5.A.14 Anglais TPA** : BESSAC MARIETTE -> <t:1765983600:t> - <t:1765990800:t> en __026-Langues__
<t:1766048400:D> **21R5.A.04 Qualité algo** : WATRIGANT REMI -> <t:1766048400:t> - <t:1766055600:t> en __S26__
<t:1766061000:D> **11R5.A.04 Qualité algo** : WATRIGANT REMI -> <t:1766061000:t> - <t:1766068200:t> en __S26__
<t:1766068200:D> **R5.A.06 Programmation multimédia TPA** : PEYTAVIE ADRIEN -> <t:1766068200:t> - <t:1766075400:t> en __S26__
<t:1766127600:D> **S5.A.01 SAE Dev avancé** : BUT3 RA1B -> <t:1766127600:t> - <t:1766134800:t> en __S26__
<t:1766134800:D> **S5.A.01 SAE Dev avancé** : BUT3 RA1B -> <t:1766134800:t> - <t:1766142000:t> en __S16__
<t:1766147400:D> **31R5.03 Communication TPA** : DEBOUTE JOCELYNE -> <t:1766147400:t> - <t:1766154600:t> en __040__

[2025-12-14T17:50:34.805Z] info: Message sent to channel 1409494206942286006 in 18 parts.
[2025-12-14T17:50:34.809Z] info: Message sent to channel 1409495503292338257 in 19 parts.
[2025-12-14T17:50:34.812Z] info: Message sent to channel 1409495513891344426 in 19 parts.
[2025-12-14T17:50:34.817Z] info: Message sent to channel 1409495882436706366 in 20 parts.
[2025-12-14T17:50:34.821Z] info: Message sent to channel 1409496113396060181 in 17 parts.
[2025-12-14T17:50:34.821Z] info: Weekly timetables sent
[2025-12-14T18:00:00.657Z] info: Downloading ICS files for tomorrow for groups: aspea, aspeb, g1s1a, g1s1b, g2s1a, g2s1b, g3s1a, g3s1b, g4s1a, g4s1b, g5s1a, g5s1b, g1s3a, g1s3b, g2s3a, g2s3b, g3a2, g4s3a, g4s3b, but3ra1a, but3ra1b, but3ra2a, but3ra2b, but3ra3a, but3ra3b, but3dacs, but3aged
[2025-12-14T18:00:00.658Z] info: Downloading ICS file from https://edt.univ-lyon1.fr/jsp/custom/modules/plannings/anonymous_cal.jsp?resources=9272&projectId=1&calType=ical&firstDate=2025-12-15&lastDate=2025-12-15 to src/calendars/tomorrow/aspea.ics
[2025-12-14T18:00:01.030Z] info: ICS file downloaded successfully to src/calendars/tomorrow/aspea.ics
[2025-12-14T18:00:01.031Z] info: ICS file for aspea downloaded successfully.
[2025-12-14T18:00:01.031Z] info: Downloading ICS file from https://edt.univ-lyon1.fr/jsp/custom/modules/plannings/anonymous_cal.jsp?resources=18783&projectId=1&calType=ical&firstDate=2025-12-15&lastDate=2025-12-15 to src/calendars/tomorrow/aspeb.ics
[2025-12-14T18:00:01.368Z] info: ICS file downloaded successfully to src/calendars/tomorrow/aspeb.ics
[2025-12-14T18:00:01.369Z] info: ICS file for aspeb downloaded successfully.
[2025-12-14T18:00:01.369Z] info: Downloading ICS file from https://edt.univ-lyon1.fr/jsp/custom/modules/plannings/anonymous_cal.jsp?resources=12096&projectId=1&calType=ical&firstDate=2025-12-15&lastDate=2025-12-15 to src/calendars/tomorrow/g1s1a.ics
[2025-12-14T18:00:01.537Z] info: ICS file downloaded successfully to src/calendars/tomorrow/g1s1a.ics
[2025-12-14T18:00:01.538Z] info: ICS file for g1s1a downloaded successfully.
[2025-12-14T18:00:01.538Z] info: Downloading ICS file from https://edt.univ-lyon1.fr/jsp/custom/modules/plannings/anonymous_cal.jsp?resources=12102&projectId=1&calType=ical&firstDate=2025-12-15&lastDate=2025-12-15 to src/calendars/tomorrow/g1s1b.ics
[2025-12-14T18:00:01.707Z] info: ICS file downloaded successfully to src/calendars/tomorrow/g1s1b.ics
[2025-12-14T18:00:01.707Z] info: ICS file for g1s1b downloaded successfully.
[2025-12-14T18:00:01.708Z] info: Downloading ICS file from https://edt.univ-lyon1.fr/jsp/custom/modules/plannings/anonymous_cal.jsp?resources=12403&projectId=1&calType=ical&firstDate=2025-12-15&lastDate=2025-12-15 to src/calendars/tomorrow/g2s1a.ics
[2025-12-14T18:00:01.875Z] info: ICS file downloaded successfully to src/calendars/tomorrow/g2s1a.ics
[2025-12-14T18:00:01.876Z] info: ICS file for g2s1a downloaded successfully.
[2025-12-14T18:00:01.876Z] info: Downloading ICS file from https://edt.univ-lyon1.fr/jsp/custom/modules/plannings/anonymous_cal.jsp?resources=12406&projectId=1&calType=ical&firstDate=2025-12-15&lastDate=2025-12-15 to src/calendars/tomorrow/g2s1b.ics
[2025-12-14T18:00:02.214Z] info: ICS file downloaded successfully to src/calendars/tomorrow/g2s1b.ics
[2025-12-14T18:00:02.215Z] info: ICS file for g2s1b downloaded successfully.
[2025-12-14T18:00:02.216Z] info: Downloading ICS file from https://edt.univ-lyon1.fr/jsp/custom/modules/plannings/anonymous_cal.jsp?resources=12419&projectId=1&calType=ical&firstDate=2025-12-15&lastDate=2025-12-15 to src/calendars/tomorrow/g3s1a.ics
[2025-12-14T18:00:02.554Z] info: ICS file downloaded successfully to src/calendars/tomorrow/g3s1a.ics
[2025-12-14T18:00:02.555Z] info: ICS file for g3s1a downloaded successfully.
[2025-12-14T18:00:02.555Z] info: Downloading ICS file from https://edt.univ-lyon1.fr/jsp/custom/modules/plannings/anonymous_cal.jsp?resources=12425&projectId=1&calType=ical&firstDate=2025-12-15&lastDate=2025-12-15 to src/calendars/tomorrow/g3s1b.ics
[2025-12-14T18:00:02.645Z] info: ICS file downloaded successfully to src/calendars/tomorrow/g3s1b.ics
[2025-12-14T18:00:02.645Z] info: ICS file for g3s1b downloaded successfully.
[2025-12-14T18:00:02.646Z] info: Downloading ICS file from https://edt.univ-lyon1.fr/jsp/custom/modules/plannings/anonymous_cal.jsp?resources=12424&projectId=1&calType=ical&firstDate=2025-12-15&lastDate=2025-12-15 to src/calendars/tomorrow/g4s1a.ics
[2025-12-14T18:00:02.757Z] info: ICS file downloaded successfully to src/calendars/tomorrow/g4s1a.ics
[2025-12-14T18:00:02.758Z] info: ICS file for g4s1a downloaded successfully.
[2025-12-14T18:00:02.758Z] info: Downloading ICS file from https://edt.univ-lyon1.fr/jsp/custom/modules/plannings/anonymous_cal.jsp?resources=12444&projectId=1&calType=ical&firstDate=2025-12-15&lastDate=2025-12-15 to src/calendars/tomorrow/g4s1b.ics
[2025-12-14T18:00:02.850Z] info: ICS file downloaded successfully to src/calendars/tomorrow/g4s1b.ics
[2025-12-14T18:00:02.851Z] info: ICS file for g4s1b downloaded successfully.
[2025-12-14T18:00:02.851Z] info: Downloading ICS file from https://edt.univ-lyon1.fr/jsp/custom/modules/plannings/anonymous_cal.jsp?resources=12460&projectId=1&calType=ical&firstDate=2025-12-15&lastDate=2025-12-15 to src/calendars/tomorrow/g5s1a.ics
[2025-12-14T18:00:02.969Z] info: ICS file downloaded successfully to src/calendars/tomorrow/g5s1a.ics
[2025-12-14T18:00:02.970Z] info: ICS file for g5s1a downloaded successfully.
[2025-12-14T18:00:02.970Z] info: Downloading ICS file from https://edt.univ-lyon1.fr/jsp/custom/modules/plannings/anonymous_cal.jsp?resources=12461&projectId=1&calType=ical&firstDate=2025-12-15&lastDate=2025-12-15 to src/calendars/tomorrow/g5s1b.ics
[2025-12-14T18:00:03.075Z] info: ICS file downloaded successfully to src/calendars/tomorrow/g5s1b.ics
[2025-12-14T18:00:03.076Z] info: ICS file for g5s1b downloaded successfully.
[2025-12-14T18:00:03.076Z] info: Downloading ICS file from https://edt.univ-lyon1.fr/jsp/custom/modules/plannings/anonymous_cal.jsp?resources=35708&projectId=1&calType=ical&firstDate=2025-12-15&lastDate=2025-12-15 to src/calendars/tomorrow/g1s3a.ics
[2025-12-14T18:00:03.166Z] info: ICS file downloaded successfully to src/calendars/tomorrow/g1s3a.ics
[2025-12-14T18:00:03.167Z] info: ICS file for g1s3a downloaded successfully.
[2025-12-14T18:00:03.167Z] info: Downloading ICS file from https://edt.univ-lyon1.fr/jsp/custom/modules/plannings/anonymous_cal.jsp?resources=35709&projectId=1&calType=ical&firstDate=2025-12-15&lastDate=2025-12-15 to src/calendars/tomorrow/g1s3b.ics
[2025-12-14T18:00:03.257Z] info: ICS file downloaded successfully to src/calendars/tomorrow/g1s3b.ics
[2025-12-14T18:00:03.258Z] info: ICS file for g1s3b downloaded successfully.
[2025-12-14T18:00:03.258Z] info: Downloading ICS file from https://edt.univ-lyon1.fr/jsp/custom/modules/plannings/anonymous_cal.jsp?resources=35710&projectId=1&calType=ical&firstDate=2025-12-15&lastDate=2025-12-15 to src/calendars/tomorrow/g2s3a.ics
[2025-12-14T18:00:03.343Z] info: ICS file downloaded successfully to src/calendars/tomorrow/g2s3a.ics
[2025-12-14T18:00:03.344Z] info: ICS file for g2s3a downloaded successfully.
[2025-12-14T18:00:03.344Z] info: Downloading ICS file from https://edt.univ-lyon1.fr/jsp/custom/modules/plannings/anonymous_cal.jsp?resources=35713&projectId=1&calType=ical&firstDate=2025-12-15&lastDate=2025-12-15 to src/calendars/tomorrow/g2s3b.ics
[2025-12-14T18:00:03.438Z] info: ICS file downloaded successfully to src/calendars/tomorrow/g2s3b.ics
[2025-12-14T18:00:03.438Z] info: ICS file for g2s3b downloaded successfully.
[2025-12-14T18:00:03.438Z] info: Downloading ICS file from https://edt.univ-lyon1.fr/jsp/custom/modules/plannings/anonymous_cal.jsp?resources=35714&projectId=1&calType=ical&firstDate=2025-12-15&lastDate=2025-12-15 to src/calendars/tomorrow/g3a2.ics
[2025-12-14T18:00:03.542Z] info: ICS file downloaded successfully to src/calendars/tomorrow/g3a2.ics
[2025-12-14T18:00:03.542Z] info: ICS file for g3a2 downloaded successfully.
[2025-12-14T18:00:03.543Z] info: Downloading ICS file from https://edt.univ-lyon1.fr/jsp/custom/modules/plannings/anonymous_cal.jsp?resources=35717&projectId=1&calType=ical&firstDate=2025-12-15&lastDate=2025-12-15 to src/calendars/tomorrow/g4s3a.ics
[2025-12-14T18:00:03.643Z] info: ICS file downloaded successfully to src/calendars/tomorrow/g4s3a.ics
[2025-12-14T18:00:03.643Z] info: ICS file for g4s3a downloaded successfully.
[2025-12-14T18:00:03.644Z] info: Downloading ICS file from https://edt.univ-lyon1.fr/jsp/custom/modules/plannings/anonymous_cal.jsp?resources=35718&projectId=1&calType=ical&firstDate=2025-12-15&lastDate=2025-12-15 to src/calendars/tomorrow/g4s3b.ics
[2025-12-14T18:00:03.760Z] info: ICS file downloaded successfully to src/calendars/tomorrow/g4s3b.ics
[2025-12-14T18:00:03.760Z] info: ICS file for g4s3b downloaded successfully.
[2025-12-14T18:00:03.761Z] info: Downloading ICS file from https://edt.univ-lyon1.fr/jsp/custom/modules/plannings/anonymous_cal.jsp?resources=6161&projectId=1&calType=ical&firstDate=2025-12-15&lastDate=2025-12-15 to src/calendars/tomorrow/but3ra1a.ics
[2025-12-14T18:00:03.843Z] info: ICS file downloaded successfully to src/calendars/tomorrow/but3ra1a.ics
[2025-12-14T18:00:03.844Z] info: ICS file for but3ra1a downloaded successfully.
[2025-12-14T18:00:03.844Z] info: Downloading ICS file from https://edt.univ-lyon1.fr/jsp/custom/modules/plannings/anonymous_cal.jsp?resources=6163&projectId=1&calType=ical&firstDate=2025-12-15&lastDate=2025-12-15 to src/calendars/tomorrow/but3ra1b.ics
[2025-12-14T18:00:03.960Z] info: ICS file downloaded successfully to src/calendars/tomorrow/but3ra1b.ics
[2025-12-14T18:00:03.960Z] info: ICS file for but3ra1b downloaded successfully.
[2025-12-14T18:00:03.960Z] info: Downloading ICS file from https://edt.univ-lyon1.fr/jsp/custom/modules/plannings/anonymous_cal.jsp?resources=6165&projectId=1&calType=ical&firstDate=2025-12-15&lastDate=2025-12-15 to src/calendars/tomorrow/but3ra2a.ics
[2025-12-14T18:00:04.024Z] info: ICS file downloaded successfully to src/calendars/tomorrow/but3ra2a.ics
[2025-12-14T18:00:04.024Z] info: ICS file for but3ra2a downloaded successfully.
[2025-12-14T18:00:04.025Z] info: Downloading ICS file from https://edt.univ-lyon1.fr/jsp/custom/modules/plannings/anonymous_cal.jsp?resources=6168&projectId=1&calType=ical&firstDate=2025-12-15&lastDate=2025-12-15 to src/calendars/tomorrow/but3ra2b.ics
[2025-12-14T18:00:04.127Z] info: ICS file downloaded successfully to src/calendars/tomorrow/but3ra2b.ics
[2025-12-14T18:00:04.127Z] info: ICS file for but3ra2b downloaded successfully.
[2025-12-14T18:00:04.128Z] info: Downloading ICS file from https://edt.univ-lyon1.fr/jsp/custom/modules/plannings/anonymous_cal.jsp?resources=14059&projectId=1&calType=ical&firstDate=2025-12-15&lastDate=2025-12-15 to src/calendars/tomorrow/but3ra3a.ics
[2025-12-14T18:00:04.216Z] info: ICS file downloaded successfully to src/calendars/tomorrow/but3ra3a.ics
[2025-12-14T18:00:04.216Z] info: ICS file for but3ra3a downloaded successfully.
[2025-12-14T18:00:04.216Z] info: Downloading ICS file from https://edt.univ-lyon1.fr/jsp/custom/modules/plannings/anonymous_cal.jsp?resources=14064&projectId=1&calType=ical&firstDate=2025-12-15&lastDate=2025-12-15 to src/calendars/tomorrow/but3ra3b.ics
[2025-12-14T18:00:04.319Z] info: ICS file downloaded successfully to src/calendars/tomorrow/but3ra3b.ics
[2025-12-14T18:00:04.320Z] info: ICS file for but3ra3b downloaded successfully.
[2025-12-14T18:00:04.320Z] info: Downloading ICS file from https://edt.univ-lyon1.fr/jsp/custom/modules/plannings/anonymous_cal.jsp?resources=6136&projectId=1&calType=ical&firstDate=2025-12-15&lastDate=2025-12-15 to src/calendars/tomorrow/but3dacs.ics
[2025-12-14T18:00:04.425Z] info: ICS file downloaded successfully to src/calendars/tomorrow/but3dacs.ics
[2025-12-14T18:00:04.426Z] info: ICS file for but3dacs downloaded successfully.
[2025-12-14T18:00:04.426Z] info: Downloading ICS file from https://edt.univ-lyon1.fr/jsp/custom/modules/plannings/anonymous_cal.jsp?resources=6048&projectId=1&calType=ical&firstDate=2025-12-15&lastDate=2025-12-15 to src/calendars/tomorrow/but3aged.ics
[2025-12-14T18:00:04.531Z] info: ICS file downloaded successfully to src/calendars/tomorrow/but3aged.ics
[2025-12-14T18:00:04.532Z] info: ICS file for but3aged downloaded successfully.
[2025-12-14T18:00:04.532Z] info: Sending daily timetables
[2025-12-14T18:00:04.539Z] info: Sending message to channel 1395371772550975558: <t:1765782000:D> **11Graphes** : LEROUX STEPHANE -> <t:1765782000:t> - <t:1765789200:t> en __S15__
<t:1765789200:D> **IntroDev2 TP** : DUCHENE ERIC -> <t:1765789200:t> - <t:1765796400:t> en __S16__
<t:1765803600:D> **21Communication et service réseaux-TP** : BARON ARIANE -> <t:1765803600:t> - <t:1765810800:t> en __S18 - TP Réseau__

[2025-12-14T18:00:04.540Z] info: Message sent to channel 1395371772550975558: <t:1765782000:D> **11Graphes** : LEROUX STEPHANE -> <t:1765782000:t> - <t:1765789200:t> en __S15__
<t:1765789200:D> **IntroDev2 TP** : DUCHENE ERIC -> <t:1765789200:t> - <t:1765796400:t> en __S16__
<t:1765803600:D> **21Communication et service réseaux-TP** : BARON ARIANE -> <t:1765803600:t> - <t:1765810800:t> en __S18 - TP Réseau__

[2025-12-14T18:00:04.542Z] info: Sending message to channel 1395052296521646282: <t:1765782000:D> **13 R1.06 Maths discrètes TD** : JALOUX CHRISTOPHE -> <t:1765782000:t> - <t:1765789200:t> en __S10__
<t:1765803600:D> **11 R1.08 Gestion Proj. Orga-TD** : LAGACHE ALEXANDRA -> <t:1765803600:t> - <t:1765810800:t> en __S10__
<t:1765810800:D> **R1.10 Anglais-TPA P2** : CANQUE FLORENCE -> <t:1765810800:t> - <t:1765818000:t> en __026-Langues__

[2025-12-14T18:00:04.542Z] info: Message sent to channel 1395052296521646282: <t:1765782000:D> **13 R1.06 Maths discrètes TD** : JALOUX CHRISTOPHE -> <t:1765782000:t> - <t:1765789200:t> en __S10__
<t:1765803600:D> **11 R1.08 Gestion Proj. Orga-TD** : LAGACHE ALEXANDRA -> <t:1765803600:t> - <t:1765810800:t> en __S10__
<t:1765810800:D> **R1.10 Anglais-TPA P2** : CANQUE FLORENCE -> <t:1765810800:t> - <t:1765818000:t> en __026-Langues__

[2025-12-14T18:00:04.543Z] info: Sending message to channel 1395052332969885726: <t:1765782000:D> **13 R1.06 Maths discrètes TD** : JALOUX CHRISTOPHE -> <t:1765782000:t> - <t:1765789200:t> en __S10__
<t:1765789200:D> **R1.01 Initiation dev-TPB** : BUYLE-BODIN NICOLAS -> <t:1765789200:t> - <t:1765796400:t> en __S03__
<t:1765803600:D> **11 R1.08 Gestion Proj. Orga-TD** : LAGACHE ALEXANDRA -> <t:1765803600:t> - <t:1765810800:t> en __S10__
<t:1765810800:D> **R1.10 Anglais-TPB P2** : BESSAC MARIETTE -> <t:1765810800:t> - <t:1765818000:t> en __028__

[2025-12-14T18:00:04.543Z] info: Message sent to channel 1395052332969885726: <t:1765782000:D> **13 R1.06 Maths discrètes TD** : JALOUX CHRISTOPHE -> <t:1765782000:t> - <t:1765789200:t> en __S10__
<t:1765789200:D> **R1.01 Initiation dev-TPB** : BUYLE-BODIN NICOLAS -> <t:1765789200:t> - <t:1765796400:t> en __S03__
<t:1765803600:D> **11 R1.08 Gestion Proj. Orga-TD** : LAGACHE ALEXANDRA -> <t:1765803600:t> - <t:1765810800:t> en __S10__
<t:1765810800:D> **R1.10 Anglais-TPB P2** : BESSAC MARIETTE -> <t:1765810800:t> - <t:1765818000:t> en __028__

[2025-12-14T18:00:04.544Z] info: Sending message to channel 1395052379866660874: <t:1765782000:D> **18 R1.11 Com-PE** : SAUJOT GUILLAUME -> <t:1765782000:t> - <t:1765789200:t> en __037-Conseil__
<t:1765789200:D> **13 R1.06 Maths discrètes TD** : JALOUX CHRISTOPHE -> <t:1765789200:t> - <t:1765796400:t> en __S10__
<t:1765803600:D> **R1.10 Anglais-TPA P2** : CANQUE FLORENCE -> <t:1765803600:t> - <t:1765810800:t> en __026-Langues__
<t:1765810800:D> **SAE 101 102 Initiation Dev** : NDIAYE SAMBA NDOJH -> <t:1765810800:t> - <t:1765818000:t> en __S17__

[2025-12-14T18:00:04.544Z] info: Message sent to channel 1395052379866660874: <t:1765782000:D> **18 R1.11 Com-PE** : SAUJOT GUILLAUME -> <t:1765782000:t> - <t:1765789200:t> en __037-Conseil__
<t:1765789200:D> **13 R1.06 Maths discrètes TD** : JALOUX CHRISTOPHE -> <t:1765789200:t> - <t:1765796400:t> en __S10__
<t:1765803600:D> **R1.10 Anglais-TPA P2** : CANQUE FLORENCE -> <t:1765803600:t> - <t:1765810800:t> en __026-Langues__
<t:1765810800:D> **SAE 101 102 Initiation Dev** : NDIAYE SAMBA NDOJH -> <t:1765810800:t> - <t:1765818000:t> en __S17__

[2025-12-14T18:00:04.545Z] info: Sending message to channel 1395052392092930048: <t:1765782000:D> **18 R1.11 Com-PE** : SAUJOT GUILLAUME -> <t:1765782000:t> - <t:1765789200:t> en __037-Conseil__
<t:1765789200:D> **13 R1.06 Maths discrètes TD** : JALOUX CHRISTOPHE -> <t:1765789200:t> - <t:1765796400:t> en __S10__
<t:1765803600:D> **R1.10 Anglais-TPB P2** : BESSAC MARIETTE -> <t:1765803600:t> - <t:1765810800:t> en __028__
<t:1765810800:D> **SAE 101 102 Initiation Dev** : NDIAYE SAMBA NDOJH -> <t:1765810800:t> - <t:1765818000:t> en __S17__

[2025-12-14T18:00:04.545Z] info: Message sent to channel 1395052392092930048: <t:1765782000:D> **18 R1.11 Com-PE** : SAUJOT GUILLAUME -> <t:1765782000:t> - <t:1765789200:t> en __037-Conseil__
<t:1765789200:D> **13 R1.06 Maths discrètes TD** : JALOUX CHRISTOPHE -> <t:1765789200:t> - <t:1765796400:t> en __S10__
<t:1765803600:D> **R1.10 Anglais-TPB P2** : BESSAC MARIETTE -> <t:1765803600:t> - <t:1765810800:t> en __028__
<t:1765810800:D> **SAE 101 102 Initiation Dev** : NDIAYE SAMBA NDOJH -> <t:1765810800:t> - <t:1765818000:t> en __S17__

[2025-12-14T18:00:04.545Z] info: Sending message to channel 1395056179914473612: <t:1765782000:D> **SAE Autonomie G3** : G3S1A -> <t:1765782000:t> - <t:1765789200:t> en __S27__
<t:1765789200:D> **R1.10 Anglais-TPA P2** : ABAUZIT DUFAUD GISELE -> <t:1765789200:t> - <t:1765796400:t> en __028__
<t:1765803600:D> **13 R1.06 Maths discrètes TD** : JOUBERT AUDE -> <t:1765803600:t> - <t:1765810800:t> en __S11__
<t:1765810800:D> **R1.08 Gestion Proj. Orga-TD** : LAGACHE ALEXANDRA -> <t:1765810800:t> - <t:1765818000:t> en __040__

[2025-12-14T18:00:04.546Z] info: Message sent to channel 1395056179914473612: <t:1765782000:D> **SAE Autonomie G3** : G3S1A -> <t:1765782000:t> - <t:1765789200:t> en __S27__
<t:1765789200:D> **R1.10 Anglais-TPA P2** : ABAUZIT DUFAUD GISELE -> <t:1765789200:t> - <t:1765796400:t> en __028__
<t:1765803600:D> **13 R1.06 Maths discrètes TD** : JOUBERT AUDE -> <t:1765803600:t> - <t:1765810800:t> en __S11__
<t:1765810800:D> **R1.08 Gestion Proj. Orga-TD** : LAGACHE ALEXANDRA -> <t:1765810800:t> - <t:1765818000:t> en __040__

[2025-12-14T18:00:04.546Z] info: Sending message to channel 1395052422401101905: <t:1765782000:D> **SAE Autonomie G3** : G3S1A -> <t:1765782000:t> - <t:1765789200:t> en __S27__
<t:1765789200:D> **R1.10 Anglais-TPB P2** : CANQUE FLORENCE -> <t:1765789200:t> - <t:1765796400:t> en __026-Langues__
<t:1765803600:D> **13 R1.06 Maths discrètes TD** : JOUBERT AUDE -> <t:1765803600:t> - <t:1765810800:t> en __S11__
<t:1765810800:D> **R1.08 Gestion Proj. Orga-TD** : LAGACHE ALEXANDRA -> <t:1765810800:t> - <t:1765818000:t> en __040__

[2025-12-14T18:00:04.546Z] info: Message sent to channel 1395052422401101905: <t:1765782000:D> **SAE Autonomie G3** : G3S1A -> <t:1765782000:t> - <t:1765789200:t> en __S27__
<t:1765789200:D> **R1.10 Anglais-TPB P2** : CANQUE FLORENCE -> <t:1765789200:t> - <t:1765796400:t> en __026-Langues__
<t:1765803600:D> **13 R1.06 Maths discrètes TD** : JOUBERT AUDE -> <t:1765803600:t> - <t:1765810800:t> en __S11__
<t:1765810800:D> **R1.08 Gestion Proj. Orga-TD** : LAGACHE ALEXANDRA -> <t:1765810800:t> - <t:1765818000:t> en __040__

[2025-12-14T18:00:04.547Z] info: Sending message to channel 1395052443192266916: <t:1765782000:D> **R1.10 Anglais-TPA P2** : ABAUZIT DUFAUD GISELE -> <t:1765782000:t> - <t:1765789200:t> en __026-Langues__
<t:1765789200:D> **13 R1.06 Maths discrètes TD** : JOUBERT AUDE -> <t:1765789200:t> - <t:1765796400:t> en __S11__
<t:1765803600:D> **R1.01 initation dev TD P15** : NDIAYE SAMBA NDOJH -> <t:1765803600:t> - <t:1765810800:t> en __040__
<t:1765810800:D> **SAE Autonomie G4** : G4S1B -> <t:1765810800:t> - <t:1765818000:t> en __S24__

[2025-12-14T18:00:04.547Z] info: Message sent to channel 1395052443192266916: <t:1765782000:D> **R1.10 Anglais-TPA P2** : ABAUZIT DUFAUD GISELE -> <t:1765782000:t> - <t:1765789200:t> en __026-Langues__
<t:1765789200:D> **13 R1.06 Maths discrètes TD** : JOUBERT AUDE -> <t:1765789200:t> - <t:1765796400:t> en __S11__
<t:1765803600:D> **R1.01 initation dev TD P15** : NDIAYE SAMBA NDOJH -> <t:1765803600:t> - <t:1765810800:t> en __040__
<t:1765810800:D> **SAE Autonomie G4** : G4S1B -> <t:1765810800:t> - <t:1765818000:t> en __S24__

[2025-12-14T18:00:04.548Z] info: Sending message to channel 1395052467070177290: <t:1765782000:D> **R1.12 PPP-TPB** : VIZET PONCET CECILE -> <t:1765782000:t> - <t:1765789200:t> en __S21__
<t:1765789200:D> **13 R1.06 Maths discrètes TD** : JOUBERT AUDE -> <t:1765789200:t> - <t:1765796400:t> en __S11__
<t:1765803600:D> **R1.01 initation dev TD P15** : NDIAYE SAMBA NDOJH -> <t:1765803600:t> - <t:1765810800:t> en __040__
<t:1765810800:D> **SAE Autonomie G4** : G4S1B -> <t:1765810800:t> - <t:1765818000:t> en __S24__

[2025-12-14T18:00:04.548Z] info: Message sent to channel 1395052467070177290: <t:1765782000:D> **R1.12 PPP-TPB** : VIZET PONCET CECILE -> <t:1765782000:t> - <t:1765789200:t> en __S21__
<t:1765789200:D> **13 R1.06 Maths discrètes TD** : JOUBERT AUDE -> <t:1765789200:t> - <t:1765796400:t> en __S11__
<t:1765803600:D> **R1.01 initation dev TD P15** : NDIAYE SAMBA NDOJH -> <t:1765803600:t> - <t:1765810800:t> en __040__
<t:1765810800:D> **SAE Autonomie G4** : G4S1B -> <t:1765810800:t> - <t:1765818000:t> en __S24__

[2025-12-14T18:00:04.548Z] info: Sending message to channel 1395052827985842288: <t:1765782000:D> **R1.05-2 SQL-TPA** : BUYLE-BODIN NICOLAS -> <t:1765782000:t> - <t:1765789200:t> en __S16__
<t:1765789200:D> **13 R1.06 Maths discrètes TD** : LEROUX STEPHANE -> <t:1765789200:t> - <t:1765796400:t> en __040__
<t:1765803600:D> **R1.12 PPP-TPA** : OLIVESI AURELIE -> <t:1765803600:t> - <t:1765810800:t> en __S13__
<t:1765810800:D> **SAE Autonomie G5** : G5S1A -> <t:1765810800:t> - <t:1765818000:t> en __S26__

[2025-12-14T18:00:04.549Z] info: Message sent to channel 1395052827985842288: <t:1765782000:D> **R1.05-2 SQL-TPA** : BUYLE-BODIN NICOLAS -> <t:1765782000:t> - <t:1765789200:t> en __S16__
<t:1765789200:D> **13 R1.06 Maths discrètes TD** : LEROUX STEPHANE -> <t:1765789200:t> - <t:1765796400:t> en __040__
<t:1765803600:D> **R1.12 PPP-TPA** : OLIVESI AURELIE -> <t:1765803600:t> - <t:1765810800:t> en __S13__
<t:1765810800:D> **SAE Autonomie G5** : G5S1A -> <t:1765810800:t> - <t:1765818000:t> en __S26__

[2025-12-14T18:00:04.549Z] info: Sending message to channel 1395052882486890707: <t:1765782000:D> **R1.10 Anglais-TPB P2** : CANQUE FLORENCE -> <t:1765782000:t> - <t:1765789200:t> en __028__
<t:1765789200:D> **13 R1.06 Maths discrètes TD** : LEROUX STEPHANE -> <t:1765789200:t> - <t:1765796400:t> en __040__
<t:1765810800:D> **SAE Autonomie G5** : G5S1A -> <t:1765810800:t> - <t:1765818000:t> en __S26__

[2025-12-14T18:00:04.549Z] info: Message sent to channel 1395052882486890707: <t:1765782000:D> **R1.10 Anglais-TPB P2** : CANQUE FLORENCE -> <t:1765782000:t> - <t:1765789200:t> en __028__
<t:1765789200:D> **13 R1.06 Maths discrètes TD** : LEROUX STEPHANE -> <t:1765789200:t> - <t:1765796400:t> en __040__
<t:1765810800:D> **SAE Autonomie G5** : G5S1A -> <t:1765810800:t> - <t:1765818000:t> en __S26__

[2025-12-14T18:00:04.550Z] info: Sending message to channel 1395371275643256924: <t:1765782000:D> **11 R3.02 Dév. Efficace (algo)-TD** : KHEDDOUCI HAMAMACHE -> <t:1765782000:t> - <t:1765789200:t> en __S03__
<t:1765789200:D> **21 R3.11  Droit des contrats et du numérique-TD** : DUFOUR KARLINE -> <t:1765789200:t> - <t:1765796400:t> en __S15__
<t:1765810800:D> **11 R3.04-1 Qualité de developpement-Conception-TD G1** : PEYTAVIE ADRIEN -> <t:1765810800:t> - <t:1765818000:t> en __S03__

[2025-12-14T18:00:04.550Z] info: Message sent to channel 1395371275643256924: <t:1765782000:D> **11 R3.02 Dév. Efficace (algo)-TD** : KHEDDOUCI HAMAMACHE -> <t:1765782000:t> - <t:1765789200:t> en __S03__
<t:1765789200:D> **21 R3.11  Droit des contrats et du numérique-TD** : DUFOUR KARLINE -> <t:1765789200:t> - <t:1765796400:t> en __S15__
<t:1765810800:D> **11 R3.04-1 Qualité de developpement-Conception-TD G1** : PEYTAVIE ADRIEN -> <t:1765810800:t> - <t:1765818000:t> en __S03__

[2025-12-14T18:00:04.552Z] info: Sending message to channel 1395371292533723147: <t:1765782000:D> **11 R3.02 Dév. Efficace (algo)-TD** : KHEDDOUCI HAMAMACHE -> <t:1765782000:t> - <t:1765789200:t> en __S03__
<t:1765789200:D> **21 R3.11  Droit des contrats et du numérique-TD** : DUFOUR KARLINE -> <t:1765789200:t> - <t:1765796400:t> en __S15__
<t:1765803600:D> **R3.05 Programmation système-TPB** : BUONOMO CAMILLE -> <t:1765803600:t> - <t:1765810800:t> en __S03__
<t:1765810800:D> **11 R3.04-1 Qualité de developpement-Conception-TD G1** : PEYTAVIE ADRIEN -> <t:1765810800:t> - <t:1765818000:t> en __S03__

[2025-12-14T18:00:04.552Z] info: Message sent to channel 1395371292533723147: <t:1765782000:D> **11 R3.02 Dév. Efficace (algo)-TD** : KHEDDOUCI HAMAMACHE -> <t:1765782000:t> - <t:1765789200:t> en __S03__
<t:1765789200:D> **21 R3.11  Droit des contrats et du numérique-TD** : DUFOUR KARLINE -> <t:1765789200:t> - <t:1765796400:t> en __S15__
<t:1765803600:D> **R3.05 Programmation système-TPB** : BUONOMO CAMILLE -> <t:1765803600:t> - <t:1765810800:t> en __S03__
<t:1765810800:D> **11 R3.04-1 Qualité de developpement-Conception-TD G1** : PEYTAVIE ADRIEN -> <t:1765810800:t> - <t:1765818000:t> en __S03__

[2025-12-14T18:00:04.553Z] info: Sending message to channel 1395371451573600287: <t:1765782000:D> **21 R3.11  Droit des contrats et du numérique-TD** : DUFOUR KARLINE -> <t:1765782000:t> - <t:1765789200:t> en __040__
<t:1765789200:D> **11 R3.04-1 Qualité de developpement-Conception-TD G1** : PEYTAVIE ADRIEN -> <t:1765789200:t> - <t:1765796400:t> en __S17__
<t:1765803600:D> **21 R3.01-2 Développement Web  : Javascript-TD** : LEROUX STEPHANE -> <t:1765803600:t> - <t:1765810800:t> en __S16__
<t:1765810800:D> **21 R3.02 Dév. Efficace (algo)-TD** : KHEDDOUCI HAMAMACHE -> <t:1765810800:t> - <t:1765818000:t> en __S16__

[2025-12-14T18:00:04.553Z] info: Message sent to channel 1395371451573600287: <t:1765782000:D> **21 R3.11  Droit des contrats et du numérique-TD** : DUFOUR KARLINE -> <t:1765782000:t> - <t:1765789200:t> en __040__
<t:1765789200:D> **11 R3.04-1 Qualité de developpement-Conception-TD G1** : PEYTAVIE ADRIEN -> <t:1765789200:t> - <t:1765796400:t> en __S17__
<t:1765803600:D> **21 R3.01-2 Développement Web  : Javascript-TD** : LEROUX STEPHANE -> <t:1765803600:t> - <t:1765810800:t> en __S16__
<t:1765810800:D> **21 R3.02 Dév. Efficace (algo)-TD** : KHEDDOUCI HAMAMACHE -> <t:1765810800:t> - <t:1765818000:t> en __S16__

[2025-12-14T18:00:04.553Z] info: Sending message to channel 1395371471345553540: <t:1765782000:D> **21 R3.11  Droit des contrats et du numérique-TD** : DUFOUR KARLINE -> <t:1765782000:t> - <t:1765789200:t> en __040__
<t:1765789200:D> **11 R3.04-1 Qualité de developpement-Conception-TD G1** : PEYTAVIE ADRIEN -> <t:1765789200:t> - <t:1765796400:t> en __S17__
<t:1765803600:D> **21 R3.01-2 Développement Web  : Javascript-TD** : LEROUX STEPHANE -> <t:1765803600:t> - <t:1765810800:t> en __S16__
<t:1765810800:D> **21 R3.02 Dév. Efficace (algo)-TD** : KHEDDOUCI HAMAMACHE -> <t:1765810800:t> - <t:1765818000:t> en __S16__

[2025-12-14T18:00:04.554Z] info: Message sent to channel 1395371471345553540: <t:1765782000:D> **21 R3.11  Droit des contrats et du numérique-TD** : DUFOUR KARLINE -> <t:1765782000:t> - <t:1765789200:t> en __040__
<t:1765789200:D> **11 R3.04-1 Qualité de developpement-Conception-TD G1** : PEYTAVIE ADRIEN -> <t:1765789200:t> - <t:1765796400:t> en __S17__
<t:1765803600:D> **21 R3.01-2 Développement Web  : Javascript-TD** : LEROUX STEPHANE -> <t:1765803600:t> - <t:1765810800:t> en __S16__
<t:1765810800:D> **21 R3.02 Dév. Efficace (algo)-TD** : KHEDDOUCI HAMAMACHE -> <t:1765810800:t> - <t:1765818000:t> en __S16__

[2025-12-14T18:00:04.554Z] info: Sending message to channel 1395371506099425310: <t:1765782000:D> **SAE TPA7** : PEYTAVIE ADRIEN -> <t:1765782000:t> - <t:1765789200:t> en __S17__
<t:1765789200:D> **13 R3.07 SQL et Programmation-TD** : BARON ARIANE -> <t:1765789200:t> - <t:1765796400:t> en __S14__

[2025-12-14T18:00:04.554Z] info: Message sent to channel 1395371506099425310: <t:1765782000:D> **SAE TPA7** : PEYTAVIE ADRIEN -> <t:1765782000:t> - <t:1765789200:t> en __S17__
<t:1765789200:D> **13 R3.07 SQL et Programmation-TD** : BARON ARIANE -> <t:1765789200:t> - <t:1765796400:t> en __S14__

[2025-12-14T18:00:04.555Z] info: Sending message to channel 1395371591797575750: <t:1765789200:D> **13 R3.07 SQL et Programmation-TD** : BARON ARIANE -> <t:1765789200:t> - <t:1765796400:t> en __S14__
<t:1765803600:D> **SAE TPB7** : PEYTAVIE ADRIEN -> <t:1765803600:t> - <t:1765810800:t> en __S17__
<t:1765810800:D> **R3.05 Programmation système-TPB** : CAPOSIENA JULIEN -> <t:1765810800:t> - <t:1765818000:t> en __S14__

[2025-12-14T18:00:04.555Z] info: Message sent to channel 1395371591797575750: <t:1765789200:D> **13 R3.07 SQL et Programmation-TD** : BARON ARIANE -> <t:1765789200:t> - <t:1765796400:t> en __S14__
<t:1765803600:D> **SAE TPB7** : PEYTAVIE ADRIEN -> <t:1765803600:t> - <t:1765810800:t> en __S17__
<t:1765810800:D> **R3.05 Programmation système-TPB** : CAPOSIENA JULIEN -> <t:1765810800:t> - <t:1765818000:t> en __S14__

[2025-12-14T18:00:04.556Z] info: Sending message to channel 1409494181839376455: <t:1765782000:D> **21R5.A.10 Neo4J** : FACI NOURA -> <t:1765782000:t> - <t:1765789200:t> en __S26__
<t:1765789200:D> **11R5.A.10 Neo4J** : FACI NOURA -> <t:1765789200:t> - <t:1765796400:t> en __S26__
<t:1765803600:D> **21 R5.A.11 Aide à la décision TD RA** : JALOUX CHRISTOPHE -> <t:1765803600:t> - <t:1765810800:t> en __S26__
<t:1765810800:D> **R5.03 Communication TD** : DEBOUTE JOCELYNE -> <t:1765810800:t> - <t:1765818000:t> en __S10__

[2025-12-14T18:00:04.556Z] info: Message sent to channel 1409494181839376455: <t:1765782000:D> **21R5.A.10 Neo4J** : FACI NOURA -> <t:1765782000:t> - <t:1765789200:t> en __S26__
<t:1765789200:D> **11R5.A.10 Neo4J** : FACI NOURA -> <t:1765789200:t> - <t:1765796400:t> en __S26__
<t:1765803600:D> **21 R5.A.11 Aide à la décision TD RA** : JALOUX CHRISTOPHE -> <t:1765803600:t> - <t:1765810800:t> en __S26__
<t:1765810800:D> **R5.03 Communication TD** : DEBOUTE JOCELYNE -> <t:1765810800:t> - <t:1765818000:t> en __S10__

[2025-12-14T18:00:04.556Z] info: Sending message to channel 1409494206942286006: <t:1765782000:D> **21R5.A.10 Neo4J** : FACI NOURA -> <t:1765782000:t> - <t:1765789200:t> en __S26__
<t:1765789200:D> **11R5.A.10 Neo4J** : FACI NOURA -> <t:1765789200:t> - <t:1765796400:t> en __S26__
<t:1765803600:D> **21 R5.A.11 Aide à la décision TD RA** : JALOUX CHRISTOPHE -> <t:1765803600:t> - <t:1765810800:t> en __S26__
<t:1765810800:D> **R5.03 Communication TD** : DEBOUTE JOCELYNE -> <t:1765810800:t> - <t:1765818000:t> en __S10__

[2025-12-14T18:00:04.557Z] info: Message sent to channel 1409494206942286006: <t:1765782000:D> **21R5.A.10 Neo4J** : FACI NOURA -> <t:1765782000:t> - <t:1765789200:t> en __S26__
<t:1765789200:D> **11R5.A.10 Neo4J** : FACI NOURA -> <t:1765789200:t> - <t:1765796400:t> en __S26__
<t:1765803600:D> **21 R5.A.11 Aide à la décision TD RA** : JALOUX CHRISTOPHE -> <t:1765803600:t> - <t:1765810800:t> en __S26__
<t:1765810800:D> **R5.03 Communication TD** : DEBOUTE JOCELYNE -> <t:1765810800:t> - <t:1765818000:t> en __S10__

[2025-12-14T18:00:04.557Z] info: Sending message to channel 1409495503292338257: <t:1765782000:D> **21R5.A.04 Qualité algo** : PARREAU ALINE -> <t:1765782000:t> - <t:1765789200:t> en __S13__
<t:1765789200:D> **S5.A.01 SAE Dev avancé A** : BUT3 RA3A -> <t:1765789200:t> - <t:1765796400:t> en __S13__
<t:1765803600:D> **R5.03 Communication TD** : DEBOUTE JOCELYNE -> <t:1765803600:t> - <t:1765810800:t> en __S15__
<t:1765810800:D> **11R5.A.02 PPP TD** : OLIVESI AURELIE -> <t:1765810800:t> - <t:1765818000:t> en __S13__

[2025-12-14T18:00:04.558Z] info: Message sent to channel 1409495503292338257: <t:1765782000:D> **21R5.A.04 Qualité algo** : PARREAU ALINE -> <t:1765782000:t> - <t:1765789200:t> en __S13__
<t:1765789200:D> **S5.A.01 SAE Dev avancé A** : BUT3 RA3A -> <t:1765789200:t> - <t:1765796400:t> en __S13__
<t:1765803600:D> **R5.03 Communication TD** : DEBOUTE JOCELYNE -> <t:1765803600:t> - <t:1765810800:t> en __S15__
<t:1765810800:D> **11R5.A.02 PPP TD** : OLIVESI AURELIE -> <t:1765810800:t> - <t:1765818000:t> en __S13__

[2025-12-14T18:00:04.558Z] info: Sending message to channel 1409495513891344426: <t:1765782000:D> **21R5.A.04 Qualité algo** : PARREAU ALINE -> <t:1765782000:t> - <t:1765789200:t> en __S13__
<t:1765789200:D> **R5.03 Communication TPB** : DEBOUTE JOCELYNE -> <t:1765789200:t> - <t:1765796400:t> en __S21__
<t:1765803600:D> **R5.03 Communication TD** : DEBOUTE JOCELYNE -> <t:1765803600:t> - <t:1765810800:t> en __S15__
<t:1765810800:D> **11R5.A.02 PPP TD** : OLIVESI AURELIE -> <t:1765810800:t> - <t:1765818000:t> en __S13__

[2025-12-14T18:00:04.558Z] info: Message sent to channel 1409495513891344426: <t:1765782000:D> **21R5.A.04 Qualité algo** : PARREAU ALINE -> <t:1765782000:t> - <t:1765789200:t> en __S13__
<t:1765789200:D> **R5.03 Communication TPB** : DEBOUTE JOCELYNE -> <t:1765789200:t> - <t:1765796400:t> en __S21__
<t:1765803600:D> **R5.03 Communication TD** : DEBOUTE JOCELYNE -> <t:1765803600:t> - <t:1765810800:t> en __S15__
<t:1765810800:D> **11R5.A.02 PPP TD** : OLIVESI AURELIE -> <t:1765810800:t> - <t:1765818000:t> en __S13__

[2025-12-14T18:00:04.560Z] info: Sending message to channel 1409495882436706366: <t:1765782000:D> **11 R5.B.08 Continuité de service Sauvegarde KC** : CHEKARI KARIM -> <t:1765782000:t> - <t:1765789200:t> en __S01__
<t:1765789200:D> **21 R5.B.08 Continuité de service Sauvegarde KC** : CHEKARI KARIM -> <t:1765789200:t> - <t:1765796400:t> en __S01__
<t:1765800000:D> **31 R5.B.08 Continuité de service Sauvegarde KC** : CHEKARI KARIM -> <t:1765800000:t> - <t:1765807200:t> en __S01__
<t:1765807200:D> **41 R5.B.08 Continuité de service Sauvegarde KC** : CHEKARI KARIM -> <t:1765807200:t> - <t:1765814400:t> en __S01__

[2025-12-14T18:00:04.561Z] info: Message sent to channel 1409495882436706366: <t:1765782000:D> **11 R5.B.08 Continuité de service Sauvegarde KC** : CHEKARI KARIM -> <t:1765782000:t> - <t:1765789200:t> en __S01__
<t:1765789200:D> **21 R5.B.08 Continuité de service Sauvegarde KC** : CHEKARI KARIM -> <t:1765789200:t> - <t:1765796400:t> en __S01__
<t:1765800000:D> **31 R5.B.08 Continuité de service Sauvegarde KC** : CHEKARI KARIM -> <t:1765800000:t> - <t:1765807200:t> en __S01__
<t:1765807200:D> **41 R5.B.08 Continuité de service Sauvegarde KC** : CHEKARI KARIM -> <t:1765807200:t> - <t:1765814400:t> en __S01__

[2025-12-14T18:00:04.562Z] info: Sending message to channel 1409496113396060181: <t:1765782000:D> **21 R5.C.09 Statistiques Inférentielles** : JOUBERT AUDE -> <t:1765782000:t> - <t:1765789200:t> en __S24__
<t:1765789200:D> **21 R5.C.05-2 Base de données orientées graph** : KHEDDOUCI HAMAMACHE -> <t:1765789200:t> - <t:1765796400:t> en __S22__
<t:1765803600:D> **11R5.C.05-1 Modélisation décisionnelle P1** : LEFAURE CLEMENT -> <t:1765803600:t> - <t:1765810800:t> en __S22__
<t:1765810800:D> **21R5.C.05-1 Modélisation décisionnelle P1** : LEFAURE CLEMENT -> <t:1765810800:t> - <t:1765818000:t> en __S22__

[2025-12-14T18:00:04.562Z] info: Message sent to channel 1409496113396060181: <t:1765782000:D> **21 R5.C.09 Statistiques Inférentielles** : JOUBERT AUDE -> <t:1765782000:t> - <t:1765789200:t> en __S24__
<t:1765789200:D> **21 R5.C.05-2 Base de données orientées graph** : KHEDDOUCI HAMAMACHE -> <t:1765789200:t> - <t:1765796400:t> en __S22__
<t:1765803600:D> **11R5.C.05-1 Modélisation décisionnelle P1** : LEFAURE CLEMENT -> <t:1765803600:t> - <t:1765810800:t> en __S22__
<t:1765810800:D> **21R5.C.05-1 Modélisation décisionnelle P1** : LEFAURE CLEMENT -> <t:1765810800:t> - <t:1765818000:t> en __S22__

[2025-12-14T18:00:04.562Z] info: Daily timetables sent
[2025-12-15T18:00:00.350Z] info: Downloading ICS files for tomorrow for groups: aspea, aspeb, g1s1a, g1s1b, g2s1a, g2s1b, g3s1a, g3s1b, g4s1a, g4s1b, g5s1a, g5s1b, g1s3a, g1s3b, g2s3a, g2s3b, g3a2, g4s3a, g4s3b, but3ra1a, but3ra1b, but3ra2a, but3ra2b, but3ra3a, but3ra3b, but3dacs, but3aged
[2025-12-15T18:00:00.350Z] info: Downloading ICS file from https://edt.univ-lyon1.fr/jsp/custom/modules/plannings/anonymous_cal.jsp?resources=9272&projectId=1&calType=ical&firstDate=2025-12-16&lastDate=2025-12-16 to src/calendars/tomorrow/aspea.ics
[2025-12-15T18:00:00.692Z] info: ICS file downloaded successfully to src/calendars/tomorrow/aspea.ics
[2025-12-15T18:00:00.693Z] info: ICS file for aspea downloaded successfully.
[2025-12-15T18:00:00.693Z] info: Downloading ICS file from https://edt.univ-lyon1.fr/jsp/custom/modules/plannings/anonymous_cal.jsp?resources=18783&projectId=1&calType=ical&firstDate=2025-12-16&lastDate=2025-12-16 to src/calendars/tomorrow/aspeb.ics
[2025-12-15T18:00:01.031Z] info: ICS file downloaded successfully to src/calendars/tomorrow/aspeb.ics
[2025-12-15T18:00:01.032Z] info: ICS file for aspeb downloaded successfully.
[2025-12-15T18:00:01.032Z] info: Downloading ICS file from https://edt.univ-lyon1.fr/jsp/custom/modules/plannings/anonymous_cal.jsp?resources=12096&projectId=1&calType=ical&firstDate=2025-12-16&lastDate=2025-12-16 to src/calendars/tomorrow/g1s1a.ics
[2025-12-15T18:00:01.367Z] info: ICS file downloaded successfully to src/calendars/tomorrow/g1s1a.ics
[2025-12-15T18:00:01.368Z] info: ICS file for g1s1a downloaded successfully.
[2025-12-15T18:00:01.369Z] info: Downloading ICS file from https://edt.univ-lyon1.fr/jsp/custom/modules/plannings/anonymous_cal.jsp?resources=12102&projectId=1&calType=ical&firstDate=2025-12-16&lastDate=2025-12-16 to src/calendars/tomorrow/g1s1b.ics
[2025-12-15T18:00:01.538Z] info: ICS file downloaded successfully to src/calendars/tomorrow/g1s1b.ics
[2025-12-15T18:00:01.539Z] info: ICS file for g1s1b downloaded successfully.
[2025-12-15T18:00:01.539Z] info: Downloading ICS file from https://edt.univ-lyon1.fr/jsp/custom/modules/plannings/anonymous_cal.jsp?resources=12403&projectId=1&calType=ical&firstDate=2025-12-16&lastDate=2025-12-16 to src/calendars/tomorrow/g2s1a.ics
[2025-12-15T18:00:01.706Z] info: ICS file downloaded successfully to src/calendars/tomorrow/g2s1a.ics
[2025-12-15T18:00:01.707Z] info: ICS file for g2s1a downloaded successfully.
[2025-12-15T18:00:01.707Z] info: Downloading ICS file from https://edt.univ-lyon1.fr/jsp/custom/modules/plannings/anonymous_cal.jsp?resources=12406&projectId=1&calType=ical&firstDate=2025-12-16&lastDate=2025-12-16 to src/calendars/tomorrow/g2s1b.ics
[2025-12-15T18:00:01.875Z] info: ICS file downloaded successfully to src/calendars/tomorrow/g2s1b.ics
[2025-12-15T18:00:01.875Z] info: ICS file for g2s1b downloaded successfully.
[2025-12-15T18:00:01.876Z] info: Downloading ICS file from https://edt.univ-lyon1.fr/jsp/custom/modules/plannings/anonymous_cal.jsp?resources=12419&projectId=1&calType=ical&firstDate=2025-12-16&lastDate=2025-12-16 to src/calendars/tomorrow/g3s1a.ics
[2025-12-15T18:00:02.044Z] info: ICS file downloaded successfully to src/calendars/tomorrow/g3s1a.ics
[2025-12-15T18:00:02.045Z] info: ICS file for g3s1a downloaded successfully.
[2025-12-15T18:00:02.045Z] info: Downloading ICS file from https://edt.univ-lyon1.fr/jsp/custom/modules/plannings/anonymous_cal.jsp?resources=12425&projectId=1&calType=ical&firstDate=2025-12-16&lastDate=2025-12-16 to src/calendars/tomorrow/g3s1b.ics
[2025-12-15T18:00:02.214Z] info: ICS file downloaded successfully to src/calendars/tomorrow/g3s1b.ics
[2025-12-15T18:00:02.215Z] info: ICS file for g3s1b downloaded successfully.
[2025-12-15T18:00:02.215Z] info: Downloading ICS file from https://edt.univ-lyon1.fr/jsp/custom/modules/plannings/anonymous_cal.jsp?resources=12424&projectId=1&calType=ical&firstDate=2025-12-16&lastDate=2025-12-16 to src/calendars/tomorrow/g4s1a.ics
[2025-12-15T18:00:02.383Z] info: ICS file downloaded successfully to src/calendars/tomorrow/g4s1a.ics
[2025-12-15T18:00:02.384Z] info: ICS file for g4s1a downloaded successfully.
[2025-12-15T18:00:02.384Z] info: Downloading ICS file from https://edt.univ-lyon1.fr/jsp/custom/modules/plannings/anonymous_cal.jsp?resources=12444&projectId=1&calType=ical&firstDate=2025-12-16&lastDate=2025-12-16 to src/calendars/tomorrow/g4s1b.ics
[2025-12-15T18:00:02.552Z] info: ICS file downloaded successfully to src/calendars/tomorrow/g4s1b.ics
[2025-12-15T18:00:02.553Z] info: ICS file for g4s1b downloaded successfully.
[2025-12-15T18:00:02.553Z] info: Downloading ICS file from https://edt.univ-lyon1.fr/jsp/custom/modules/plannings/anonymous_cal.jsp?resources=12460&projectId=1&calType=ical&firstDate=2025-12-16&lastDate=2025-12-16 to src/calendars/tomorrow/g5s1a.ics
[2025-12-15T18:00:02.633Z] info: ICS file downloaded successfully to src/calendars/tomorrow/g5s1a.ics
[2025-12-15T18:00:02.634Z] info: ICS file for g5s1a downloaded successfully.
[2025-12-15T18:00:02.634Z] info: Downloading ICS file from https://edt.univ-lyon1.fr/jsp/custom/modules/plannings/anonymous_cal.jsp?resources=12461&projectId=1&calType=ical&firstDate=2025-12-16&lastDate=2025-12-16 to src/calendars/tomorrow/g5s1b.ics
[2025-12-15T18:00:02.777Z] info: ICS file downloaded successfully to src/calendars/tomorrow/g5s1b.ics
[2025-12-15T18:00:02.778Z] info: ICS file for g5s1b downloaded successfully.
[2025-12-15T18:00:02.778Z] info: Downloading ICS file from https://edt.univ-lyon1.fr/jsp/custom/modules/plannings/anonymous_cal.jsp?resources=35708&projectId=1&calType=ical&firstDate=2025-12-16&lastDate=2025-12-16 to src/calendars/tomorrow/g1s3a.ics
[2025-12-15T18:00:02.902Z] info: ICS file downloaded successfully to src/calendars/tomorrow/g1s3a.ics
[2025-12-15T18:00:02.903Z] info: ICS file for g1s3a downloaded successfully.
[2025-12-15T18:00:02.903Z] info: Downloading ICS file from https://edt.univ-lyon1.fr/jsp/custom/modules/plannings/anonymous_cal.jsp?resources=35709&projectId=1&calType=ical&firstDate=2025-12-16&lastDate=2025-12-16 to src/calendars/tomorrow/g1s3b.ics
[2025-12-15T18:00:03.048Z] info: ICS file downloaded successfully to src/calendars/tomorrow/g1s3b.ics
[2025-12-15T18:00:03.049Z] info: ICS file for g1s3b downloaded successfully.
[2025-12-15T18:00:03.049Z] info: Downloading ICS file from https://edt.univ-lyon1.fr/jsp/custom/modules/plannings/anonymous_cal.jsp?resources=35710&projectId=1&calType=ical&firstDate=2025-12-16&lastDate=2025-12-16 to src/calendars/tomorrow/g2s3a.ics
[2025-12-15T18:00:03.212Z] info: ICS file downloaded successfully to src/calendars/tomorrow/g2s3a.ics
[2025-12-15T18:00:03.213Z] info: ICS file for g2s3a downloaded successfully.
[2025-12-15T18:00:03.213Z] info: Downloading ICS file from https://edt.univ-lyon1.fr/jsp/custom/modules/plannings/anonymous_cal.jsp?resources=35713&projectId=1&calType=ical&firstDate=2025-12-16&lastDate=2025-12-16 to src/calendars/tomorrow/g2s3b.ics
[2025-12-15T18:00:03.331Z] info: ICS file downloaded successfully to src/calendars/tomorrow/g2s3b.ics
[2025-12-15T18:00:03.332Z] info: ICS file for g2s3b downloaded successfully.
[2025-12-15T18:00:03.332Z] info: Downloading ICS file from https://edt.univ-lyon1.fr/jsp/custom/modules/plannings/anonymous_cal.jsp?resources=35714&projectId=1&calType=ical&firstDate=2025-12-16&lastDate=2025-12-16 to src/calendars/tomorrow/g3a2.ics
[2025-12-15T18:00:03.484Z] info: ICS file downloaded successfully to src/calendars/tomorrow/g3a2.ics
[2025-12-15T18:00:03.485Z] info: ICS file for g3a2 downloaded successfully.
[2025-12-15T18:00:03.485Z] info: Downloading ICS file from https://edt.univ-lyon1.fr/jsp/custom/modules/plannings/anonymous_cal.jsp?resources=35717&projectId=1&calType=ical&firstDate=2025-12-16&lastDate=2025-12-16 to src/calendars/tomorrow/g4s3a.ics
[2025-12-15T18:00:03.603Z] info: ICS file downloaded successfully to src/calendars/tomorrow/g4s3a.ics
[2025-12-15T18:00:03.604Z] info: ICS file for g4s3a downloaded successfully.
[2025-12-15T18:00:03.604Z] info: Downloading ICS file from https://edt.univ-lyon1.fr/jsp/custom/modules/plannings/anonymous_cal.jsp?resources=35718&projectId=1&calType=ical&firstDate=2025-12-16&lastDate=2025-12-16 to src/calendars/tomorrow/g4s3b.ics
[2025-12-15T18:00:03.708Z] info: ICS file downloaded successfully to src/calendars/tomorrow/g4s3b.ics
[2025-12-15T18:00:03.708Z] info: ICS file for g4s3b downloaded successfully.
[2025-12-15T18:00:03.709Z] info: Downloading ICS file from https://edt.univ-lyon1.fr/jsp/custom/modules/plannings/anonymous_cal.jsp?resources=6161&projectId=1&calType=ical&firstDate=2025-12-16&lastDate=2025-12-16 to src/calendars/tomorrow/but3ra1a.ics
[2025-12-15T18:00:03.838Z] info: ICS file downloaded successfully to src/calendars/tomorrow/but3ra1a.ics
[2025-12-15T18:00:03.838Z] info: ICS file for but3ra1a downloaded successfully.
[2025-12-15T18:00:03.839Z] info: Downloading ICS file from https://edt.univ-lyon1.fr/jsp/custom/modules/plannings/anonymous_cal.jsp?resources=6163&projectId=1&calType=ical&firstDate=2025-12-16&lastDate=2025-12-16 to src/calendars/tomorrow/but3ra1b.ics
[2025-12-15T18:00:03.973Z] info: ICS file downloaded successfully to src/calendars/tomorrow/but3ra1b.ics
[2025-12-15T18:00:03.973Z] info: ICS file for but3ra1b downloaded successfully.
[2025-12-15T18:00:03.974Z] info: Downloading ICS file from https://edt.univ-lyon1.fr/jsp/custom/modules/plannings/anonymous_cal.jsp?resources=6165&projectId=1&calType=ical&firstDate=2025-12-16&lastDate=2025-12-16 to src/calendars/tomorrow/but3ra2a.ics
[2025-12-15T18:00:04.046Z] info: ICS file downloaded successfully to src/calendars/tomorrow/but3ra2a.ics
[2025-12-15T18:00:04.046Z] info: ICS file for but3ra2a downloaded successfully.
[2025-12-15T18:00:04.046Z] info: Downloading ICS file from https://edt.univ-lyon1.fr/jsp/custom/modules/plannings/anonymous_cal.jsp?resources=6168&projectId=1&calType=ical&firstDate=2025-12-16&lastDate=2025-12-16 to src/calendars/tomorrow/but3ra2b.ics
[2025-12-15T18:00:04.162Z] info: ICS file downloaded successfully to src/calendars/tomorrow/but3ra2b.ics
[2025-12-15T18:00:04.163Z] info: ICS file for but3ra2b downloaded successfully.
[2025-12-15T18:00:04.163Z] info: Downloading ICS file from https://edt.univ-lyon1.fr/jsp/custom/modules/plannings/anonymous_cal.jsp?resources=14059&projectId=1&calType=ical&firstDate=2025-12-16&lastDate=2025-12-16 to src/calendars/tomorrow/but3ra3a.ics
[2025-12-15T18:00:04.267Z] info: ICS file downloaded successfully to src/calendars/tomorrow/but3ra3a.ics
[2025-12-15T18:00:04.267Z] info: ICS file for but3ra3a downloaded successfully.
[2025-12-15T18:00:04.268Z] info: Downloading ICS file from https://edt.univ-lyon1.fr/jsp/custom/modules/plannings/anonymous_cal.jsp?resources=14064&projectId=1&calType=ical&firstDate=2025-12-16&lastDate=2025-12-16 to src/calendars/tomorrow/but3ra3b.ics
[2025-12-15T18:00:04.374Z] info: ICS file downloaded successfully to src/calendars/tomorrow/but3ra3b.ics
[2025-12-15T18:00:04.375Z] info: ICS file for but3ra3b downloaded successfully.
[2025-12-15T18:00:04.375Z] info: Downloading ICS file from https://edt.univ-lyon1.fr/jsp/custom/modules/plannings/anonymous_cal.jsp?resources=6136&projectId=1&calType=ical&firstDate=2025-12-16&lastDate=2025-12-16 to src/calendars/tomorrow/but3dacs.ics
[2025-12-15T18:00:04.522Z] info: ICS file downloaded successfully to src/calendars/tomorrow/but3dacs.ics
[2025-12-15T18:00:04.523Z] info: ICS file for but3dacs downloaded successfully.
[2025-12-15T18:00:04.523Z] info: Downloading ICS file from https://edt.univ-lyon1.fr/jsp/custom/modules/plannings/anonymous_cal.jsp?resources=6048&projectId=1&calType=ical&firstDate=2025-12-16&lastDate=2025-12-16 to src/calendars/tomorrow/but3aged.ics
[2025-12-15T18:00:04.652Z] info: ICS file downloaded successfully to src/calendars/tomorrow/but3aged.ics
[2025-12-15T18:00:04.652Z] info: ICS file for but3aged downloaded successfully.
[2025-12-15T18:00:04.652Z] info: Sending daily timetables
[2025-12-15T18:00:04.661Z] info: Sending message to channel 1395371772550975558: <t:1765868400:D> **11Java-TD** : VIDAL VINCENT -> <t:1765868400:t> - <t:1765875600:t> en __S27__
<t:1765875600:D> **21Communication et service réseaux-TP** : BARON ARIANE -> <t:1765875600:t> - <t:1765882800:t> en __S18 - TP Réseau__
<t:1765897200:D> **21Graphes** : LEROUX STEPHANE -> <t:1765897200:t> - <t:1765904400:t> en __S25__

[2025-12-15T18:00:04.662Z] info: Message sent to channel 1395371772550975558: <t:1765868400:D> **11Java-TD** : VIDAL VINCENT -> <t:1765868400:t> - <t:1765875600:t> en __S27__
<t:1765875600:D> **21Communication et service réseaux-TP** : BARON ARIANE -> <t:1765875600:t> - <t:1765882800:t> en __S18 - TP Réseau__
<t:1765897200:D> **21Graphes** : LEROUX STEPHANE -> <t:1765897200:t> - <t:1765904400:t> en __S25__

[2025-12-15T18:00:04.663Z] info: Sending message to channel 1395052296521646282: <t:1765868400:D> **15 R1.04 Intro Systèmes-TD** : DAUTRAIX ISABELLE -> <t:1765868400:t> - <t:1765875600:t> en __S14__
<t:1765875600:D> **R1.01 initation dev TD P15** : BUYLE-BODIN NICOLAS -> <t:1765875600:t> - <t:1765882800:t> en __040__
<t:1765890000:D> **24 R1.06 Maths discrètes TD** : JALOUX CHRISTOPHE -> <t:1765890000:t> - <t:1765897200:t> en __S10__
<t:1765897200:D> **R1.08 Gestion Proj. Orga-TD** : LAGACHE ALEXANDRA -> <t:1765897200:t> - <t:1765904400:t> en __S11__

[2025-12-15T18:00:04.663Z] info: Message sent to channel 1395052296521646282: <t:1765868400:D> **15 R1.04 Intro Systèmes-TD** : DAUTRAIX ISABELLE -> <t:1765868400:t> - <t:1765875600:t> en __S14__
<t:1765875600:D> **R1.01 initation dev TD P15** : BUYLE-BODIN NICOLAS -> <t:1765875600:t> - <t:1765882800:t> en __040__
<t:1765890000:D> **24 R1.06 Maths discrètes TD** : JALOUX CHRISTOPHE -> <t:1765890000:t> - <t:1765897200:t> en __S10__
<t:1765897200:D> **R1.08 Gestion Proj. Orga-TD** : LAGACHE ALEXANDRA -> <t:1765897200:t> - <t:1765904400:t> en __S11__

[2025-12-15T18:00:04.664Z] info: Sending message to channel 1395052332969885726: <t:1765868400:D> **15 R1.04 Intro Systèmes-TD** : DAUTRAIX ISABELLE -> <t:1765868400:t> - <t:1765875600:t> en __S14__
<t:1765875600:D> **R1.01 initation dev TD P15** : BUYLE-BODIN NICOLAS -> <t:1765875600:t> - <t:1765882800:t> en __040__
<t:1765890000:D> **24 R1.06 Maths discrètes TD** : JALOUX CHRISTOPHE -> <t:1765890000:t> - <t:1765897200:t> en __S10__
<t:1765897200:D> **R1.08 Gestion Proj. Orga-TD** : LAGACHE ALEXANDRA -> <t:1765897200:t> - <t:1765904400:t> en __S11__

[2025-12-15T18:00:04.664Z] info: Message sent to channel 1395052332969885726: <t:1765868400:D> **15 R1.04 Intro Systèmes-TD** : DAUTRAIX ISABELLE -> <t:1765868400:t> - <t:1765875600:t> en __S14__
<t:1765875600:D> **R1.01 initation dev TD P15** : BUYLE-BODIN NICOLAS -> <t:1765875600:t> - <t:1765882800:t> en __040__
<t:1765890000:D> **24 R1.06 Maths discrètes TD** : JALOUX CHRISTOPHE -> <t:1765890000:t> - <t:1765897200:t> en __S10__
<t:1765897200:D> **R1.08 Gestion Proj. Orga-TD** : LAGACHE ALEXANDRA -> <t:1765897200:t> - <t:1765904400:t> en __S11__

[2025-12-15T18:00:04.665Z] info: Sending message to channel 1395052379866660874: <t:1765868400:D> **24 R1.06 Maths discrètes TD** : JALOUX CHRISTOPHE -> <t:1765868400:t> - <t:1765875600:t> en __S10__
<t:1765875600:D> **R1.01 initation dev TD P15** : DAUTRAIX ISABELLE -> <t:1765875600:t> - <t:1765882800:t> en __S10__
<t:1765890000:D> **R1.04 Intro Systèmes-PE** : BUYLE-BODIN NICOLAS -> <t:1765890000:t> - <t:1765897200:t> en __S24__
<t:1765897200:D> **R1.05-2 SQL-TD** : BARON ARIANE -> <t:1765897200:t> - <t:1765904400:t> en __S14__

[2025-12-15T18:00:04.665Z] info: Message sent to channel 1395052379866660874: <t:1765868400:D> **24 R1.06 Maths discrètes TD** : JALOUX CHRISTOPHE -> <t:1765868400:t> - <t:1765875600:t> en __S10__
<t:1765875600:D> **R1.01 initation dev TD P15** : DAUTRAIX ISABELLE -> <t:1765875600:t> - <t:1765882800:t> en __S10__
<t:1765890000:D> **R1.04 Intro Systèmes-PE** : BUYLE-BODIN NICOLAS -> <t:1765890000:t> - <t:1765897200:t> en __S24__
<t:1765897200:D> **R1.05-2 SQL-TD** : BARON ARIANE -> <t:1765897200:t> - <t:1765904400:t> en __S14__

[2025-12-15T18:00:04.667Z] info: Sending message to channel 1395052392092930048: <t:1765868400:D> **24 R1.06 Maths discrètes TD** : JALOUX CHRISTOPHE -> <t:1765868400:t> - <t:1765875600:t> en __S10__
<t:1765875600:D> **R1.01 initation dev TD P15** : DAUTRAIX ISABELLE -> <t:1765875600:t> - <t:1765882800:t> en __S10__
<t:1765890000:D> **R1.04 Intro Systèmes-PE** : BUYLE-BODIN NICOLAS -> <t:1765890000:t> - <t:1765897200:t> en __S24__
<t:1765897200:D> **R1.05-2 SQL-TD** : BARON ARIANE -> <t:1765897200:t> - <t:1765904400:t> en __S14__

[2025-12-15T18:00:04.667Z] info: Message sent to channel 1395052392092930048: <t:1765868400:D> **24 R1.06 Maths discrètes TD** : JALOUX CHRISTOPHE -> <t:1765868400:t> - <t:1765875600:t> en __S10__
<t:1765875600:D> **R1.01 initation dev TD P15** : DAUTRAIX ISABELLE -> <t:1765875600:t> - <t:1765882800:t> en __S10__
<t:1765890000:D> **R1.04 Intro Systèmes-PE** : BUYLE-BODIN NICOLAS -> <t:1765890000:t> - <t:1765897200:t> en __S24__
<t:1765897200:D> **R1.05-2 SQL-TD** : BARON ARIANE -> <t:1765897200:t> - <t:1765904400:t> en __S14__

[2025-12-15T18:00:04.668Z] info: Sending message to channel 1395056179914473612: <t:1765868400:D> **24 R1.06 Maths discrètes TD** : JOUBERT AUDE -> <t:1765868400:t> - <t:1765875600:t> en __S11__
<t:1765875600:D> **R1.12 PPP-TPA** : VIZET PONCET CECILE -> <t:1765875600:t> - <t:1765882800:t> en __S25__
<t:1765890000:D> **11 R1.08 Gestion Proj. Orga-TD** : LAGACHE ALEXANDRA -> <t:1765890000:t> - <t:1765897200:t> en __S11__
<t:1765897200:D> **SAE 101 102 Initiation Dev** : BEN HADID AMIRA -> <t:1765897200:t> - <t:1765904400:t> en __S03__

[2025-12-15T18:00:04.668Z] info: Message sent to channel 1395056179914473612: <t:1765868400:D> **24 R1.06 Maths discrètes TD** : JOUBERT AUDE -> <t:1765868400:t> - <t:1765875600:t> en __S11__
<t:1765875600:D> **R1.12 PPP-TPA** : VIZET PONCET CECILE -> <t:1765875600:t> - <t:1765882800:t> en __S25__
<t:1765890000:D> **11 R1.08 Gestion Proj. Orga-TD** : LAGACHE ALEXANDRA -> <t:1765890000:t> - <t:1765897200:t> en __S11__
<t:1765897200:D> **SAE 101 102 Initiation Dev** : BEN HADID AMIRA -> <t:1765897200:t> - <t:1765904400:t> en __S03__

[2025-12-15T18:00:04.669Z] info: Sending message to channel 1395052422401101905: <t:1765868400:D> **24 R1.06 Maths discrètes TD** : JOUBERT AUDE -> <t:1765868400:t> - <t:1765875600:t> en __S11__
<t:1765875600:D> **R1.01 Initiation dev-TPB** : VIDAL VINCENT -> <t:1765875600:t> - <t:1765882800:t> en __S16__
<t:1765890000:D> **11 R1.08 Gestion Proj. Orga-TD** : LAGACHE ALEXANDRA -> <t:1765890000:t> - <t:1765897200:t> en __S11__
<t:1765897200:D> **SAE 101 102 Initiation Dev** : BEN HADID AMIRA -> <t:1765897200:t> - <t:1765904400:t> en __S03__

[2025-12-15T18:00:04.669Z] info: Message sent to channel 1395052422401101905: <t:1765868400:D> **24 R1.06 Maths discrètes TD** : JOUBERT AUDE -> <t:1765868400:t> - <t:1765875600:t> en __S11__
<t:1765875600:D> **R1.01 Initiation dev-TPB** : VIDAL VINCENT -> <t:1765875600:t> - <t:1765882800:t> en __S16__
<t:1765890000:D> **11 R1.08 Gestion Proj. Orga-TD** : LAGACHE ALEXANDRA -> <t:1765890000:t> - <t:1765897200:t> en __S11__
<t:1765897200:D> **SAE 101 102 Initiation Dev** : BEN HADID AMIRA -> <t:1765897200:t> - <t:1765904400:t> en __S03__

[2025-12-15T18:00:04.670Z] info: Sending message to channel 1395052443192266916: <t:1765875600:D> **24 R1.06 Maths discrètes TD** : JOUBERT AUDE -> <t:1765875600:t> - <t:1765882800:t> en __S11__
<t:1765890000:D> **R1.12 PPP-TPA** : VIZET PONCET CECILE -> <t:1765890000:t> - <t:1765897200:t> en __037-Conseil__
<t:1765897200:D> **SAE Autonomie G4** : G4S1B -> <t:1765897200:t> - <t:1765904400:t> en __S16__

[2025-12-15T18:00:04.670Z] info: Message sent to channel 1395052443192266916: <t:1765875600:D> **24 R1.06 Maths discrètes TD** : JOUBERT AUDE -> <t:1765875600:t> - <t:1765882800:t> en __S11__
<t:1765890000:D> **R1.12 PPP-TPA** : VIZET PONCET CECILE -> <t:1765890000:t> - <t:1765897200:t> en __037-Conseil__
<t:1765897200:D> **SAE Autonomie G4** : G4S1B -> <t:1765897200:t> - <t:1765904400:t> en __S16__

[2025-12-15T18:00:04.670Z] info: Sending message to channel 1395052467070177290: <t:1765875600:D> **24 R1.06 Maths discrètes TD** : JOUBERT AUDE -> <t:1765875600:t> - <t:1765882800:t> en __S11__
<t:1765897200:D> **SAE Autonomie G4** : G4S1B -> <t:1765897200:t> - <t:1765904400:t> en __S16__

[2025-12-15T18:00:04.671Z] info: Message sent to channel 1395052467070177290: <t:1765875600:D> **24 R1.06 Maths discrètes TD** : JOUBERT AUDE -> <t:1765875600:t> - <t:1765882800:t> en __S11__
<t:1765897200:D> **SAE Autonomie G4** : G4S1B -> <t:1765897200:t> - <t:1765904400:t> en __S16__

[2025-12-15T18:00:04.671Z] info: Sending message to channel 1395052827985842288: <t:1765868400:D> **SAE Autonomie G5** : G5S1A -> <t:1765868400:t> - <t:1765875600:t> en __S03__
<t:1765890000:D> **14R1.04 Intro Systèmes-TD P2** : AVRILLON SAMY -> <t:1765890000:t> - <t:1765897200:t> en __S14__
<t:1765897200:D> **R1.10 Anglais-TPA P2** : BESSAC MARIETTE -> <t:1765897200:t> - <t:1765904400:t> en __028__

[2025-12-15T18:00:04.671Z] info: Message sent to channel 1395052827985842288: <t:1765868400:D> **SAE Autonomie G5** : G5S1A -> <t:1765868400:t> - <t:1765875600:t> en __S03__
<t:1765890000:D> **14R1.04 Intro Systèmes-TD P2** : AVRILLON SAMY -> <t:1765890000:t> - <t:1765897200:t> en __S14__
<t:1765897200:D> **R1.10 Anglais-TPA P2** : BESSAC MARIETTE -> <t:1765897200:t> - <t:1765904400:t> en __028__

[2025-12-15T18:00:04.672Z] info: Sending message to channel 1395052882486890707: <t:1765868400:D> **SAE Autonomie G5** : G5S1A -> <t:1765868400:t> - <t:1765875600:t> en __S03__
<t:1765890000:D> **14R1.04 Intro Systèmes-TD P2** : AVRILLON SAMY -> <t:1765890000:t> - <t:1765897200:t> en __S14__

[2025-12-15T18:00:04.672Z] info: Message sent to channel 1395052882486890707: <t:1765868400:D> **SAE Autonomie G5** : G5S1A -> <t:1765868400:t> - <t:1765875600:t> en __S03__
<t:1765890000:D> **14R1.04 Intro Systèmes-TD P2** : AVRILLON SAMY -> <t:1765890000:t> - <t:1765897200:t> en __S14__

[2025-12-15T18:00:04.672Z] info: Sending message to channel 1395371275643256924: <t:1765875600:D> **21 R3.02 Dév. Efficace (algo)-TD** : KHEDDOUCI HAMAMACHE -> <t:1765875600:t> - <t:1765882800:t> en __S03__
<t:1765890000:D> **R3.14 PPP** : DEBOUTE JOCELYNE -> <t:1765890000:t> - <t:1765897200:t> en __040__
<t:1765897200:D> **21R3.04-1 Qualité de developpement-Conception-TD** : PEYTAVIE ADRIEN -> <t:1765897200:t> - <t:1765904400:t> en __S24__

[2025-12-15T18:00:04.673Z] info: Message sent to channel 1395371275643256924: <t:1765875600:D> **21 R3.02 Dév. Efficace (algo)-TD** : KHEDDOUCI HAMAMACHE -> <t:1765875600:t> - <t:1765882800:t> en __S03__
<t:1765890000:D> **R3.14 PPP** : DEBOUTE JOCELYNE -> <t:1765890000:t> - <t:1765897200:t> en __040__
<t:1765897200:D> **21R3.04-1 Qualité de developpement-Conception-TD** : PEYTAVIE ADRIEN -> <t:1765897200:t> - <t:1765904400:t> en __S24__

[2025-12-15T18:00:04.673Z] info: Sending message to channel 1395371292533723147: <t:1765875600:D> **21 R3.02 Dév. Efficace (algo)-TD** : KHEDDOUCI HAMAMACHE -> <t:1765875600:t> - <t:1765882800:t> en __S03__
<t:1765890000:D> **R3.14 PPP** : DEBOUTE JOCELYNE -> <t:1765890000:t> - <t:1765897200:t> en __040__
<t:1765897200:D> **21R3.04-1 Qualité de developpement-Conception-TD** : PEYTAVIE ADRIEN -> <t:1765897200:t> - <t:1765904400:t> en __S24__

[2025-12-15T18:00:04.673Z] info: Message sent to channel 1395371292533723147: <t:1765875600:D> **21 R3.02 Dév. Efficace (algo)-TD** : KHEDDOUCI HAMAMACHE -> <t:1765875600:t> - <t:1765882800:t> en __S03__
<t:1765890000:D> **R3.14 PPP** : DEBOUTE JOCELYNE -> <t:1765890000:t> - <t:1765897200:t> en __040__
<t:1765897200:D> **21R3.04-1 Qualité de developpement-Conception-TD** : PEYTAVIE ADRIEN -> <t:1765897200:t> - <t:1765904400:t> en __S24__

[2025-12-15T18:00:04.674Z] info: Sending message to channel 1395371451573600287: <t:1765868400:D> **11 R3.02 Dév. Efficace (algo)-TD** : KHEDDOUCI HAMAMACHE -> <t:1765868400:t> - <t:1765875600:t> en __S24__
<t:1765875600:D> **11 R3.11  Droit des contrats et du numérique-TD** : DUFOUR KARLINE -> <t:1765875600:t> - <t:1765882800:t> en __S15__
<t:1765890000:D> **12 R3.01-2 Développement Web  : Javascript-TD** : LEROUX STEPHANE -> <t:1765890000:t> - <t:1765897200:t> en __S16__
<t:1765897200:D> **R3.14 PPP** : DEBOUTE JOCELYNE -> <t:1765897200:t> - <t:1765904400:t> en __S15__

[2025-12-15T18:00:04.674Z] info: Message sent to channel 1395371451573600287: <t:1765868400:D> **11 R3.02 Dév. Efficace (algo)-TD** : KHEDDOUCI HAMAMACHE -> <t:1765868400:t> - <t:1765875600:t> en __S24__
<t:1765875600:D> **11 R3.11  Droit des contrats et du numérique-TD** : DUFOUR KARLINE -> <t:1765875600:t> - <t:1765882800:t> en __S15__
<t:1765890000:D> **12 R3.01-2 Développement Web  : Javascript-TD** : LEROUX STEPHANE -> <t:1765890000:t> - <t:1765897200:t> en __S16__
<t:1765897200:D> **R3.14 PPP** : DEBOUTE JOCELYNE -> <t:1765897200:t> - <t:1765904400:t> en __S15__

[2025-12-15T18:00:04.676Z] info: Sending message to channel 1395371471345553540: <t:1765868400:D> **11 R3.02 Dév. Efficace (algo)-TD** : KHEDDOUCI HAMAMACHE -> <t:1765868400:t> - <t:1765875600:t> en __S24__
<t:1765875600:D> **11 R3.11  Droit des contrats et du numérique-TD** : DUFOUR KARLINE -> <t:1765875600:t> - <t:1765882800:t> en __S15__
<t:1765890000:D> **12 R3.01-2 Développement Web  : Javascript-TD** : LEROUX STEPHANE -> <t:1765890000:t> - <t:1765897200:t> en __S16__
<t:1765897200:D> **R3.14 PPP** : DEBOUTE JOCELYNE -> <t:1765897200:t> - <t:1765904400:t> en __S15__

[2025-12-15T18:00:04.676Z] info: Message sent to channel 1395371471345553540: <t:1765868400:D> **11 R3.02 Dév. Efficace (algo)-TD** : KHEDDOUCI HAMAMACHE -> <t:1765868400:t> - <t:1765875600:t> en __S24__
<t:1765875600:D> **11 R3.11  Droit des contrats et du numérique-TD** : DUFOUR KARLINE -> <t:1765875600:t> - <t:1765882800:t> en __S15__
<t:1765890000:D> **12 R3.01-2 Développement Web  : Javascript-TD** : LEROUX STEPHANE -> <t:1765890000:t> - <t:1765897200:t> en __S16__
<t:1765897200:D> **R3.14 PPP** : DEBOUTE JOCELYNE -> <t:1765897200:t> - <t:1765904400:t> en __S15__

[2025-12-15T18:00:04.677Z] info: Sending message to channel 1395371506099425310: <t:1765868400:D> **21 R3.11  Droit des contrats et du numérique-TD** : DUFOUR KARLINE -> <t:1765868400:t> - <t:1765875600:t> en __S12__
<t:1765875600:D> **12 R3.09 Crypto et sécurité-TD** : LEROUX STEPHANE -> <t:1765875600:t> - <t:1765882800:t> en __S17__
<t:1765890000:D> **21 R3.02 Dév. Efficace (algo)-TD** : KHEDDOUCI HAMAMACHE -> <t:1765890000:t> - <t:1765897200:t> en __S17__
<t:1765897200:D> **13 R3.06 Archi. Réseaux-TD** : MERRHEIM XAVIER -> <t:1765897200:t> - <t:1765904400:t> en __040__

[2025-12-15T18:00:04.677Z] info: Message sent to channel 1395371506099425310: <t:1765868400:D> **21 R3.11  Droit des contrats et du numérique-TD** : DUFOUR KARLINE -> <t:1765868400:t> - <t:1765875600:t> en __S12__
<t:1765875600:D> **12 R3.09 Crypto et sécurité-TD** : LEROUX STEPHANE -> <t:1765875600:t> - <t:1765882800:t> en __S17__
<t:1765890000:D> **21 R3.02 Dév. Efficace (algo)-TD** : KHEDDOUCI HAMAMACHE -> <t:1765890000:t> - <t:1765897200:t> en __S17__
<t:1765897200:D> **13 R3.06 Archi. Réseaux-TD** : MERRHEIM XAVIER -> <t:1765897200:t> - <t:1765904400:t> en __040__

[2025-12-15T18:00:04.678Z] info: Sending message to channel 1395371591797575750: <t:1765868400:D> **21 R3.11  Droit des contrats et du numérique-TD** : DUFOUR KARLINE -> <t:1765868400:t> - <t:1765875600:t> en __S12__
<t:1765875600:D> **12 R3.09 Crypto et sécurité-TD** : LEROUX STEPHANE -> <t:1765875600:t> - <t:1765882800:t> en __S17__
<t:1765890000:D> **21 R3.02 Dév. Efficace (algo)-TD** : KHEDDOUCI HAMAMACHE -> <t:1765890000:t> - <t:1765897200:t> en __S17__
<t:1765897200:D> **13 R3.06 Archi. Réseaux-TD** : MERRHEIM XAVIER -> <t:1765897200:t> - <t:1765904400:t> en __040__

[2025-12-15T18:00:04.678Z] info: Message sent to channel 1395371591797575750: <t:1765868400:D> **21 R3.11  Droit des contrats et du numérique-TD** : DUFOUR KARLINE -> <t:1765868400:t> - <t:1765875600:t> en __S12__
<t:1765875600:D> **12 R3.09 Crypto et sécurité-TD** : LEROUX STEPHANE -> <t:1765875600:t> - <t:1765882800:t> en __S17__
<t:1765890000:D> **21 R3.02 Dév. Efficace (algo)-TD** : KHEDDOUCI HAMAMACHE -> <t:1765890000:t> - <t:1765897200:t> en __S17__
<t:1765897200:D> **13 R3.06 Archi. Réseaux-TD** : MERRHEIM XAVIER -> <t:1765897200:t> - <t:1765904400:t> en __040__

[2025-12-15T18:00:04.679Z] info: Sending message to channel 1409494181839376455: <t:1765868400:D> **S5.A.01 SAE Dev avancé AP** : PEYTAVIE ADRIEN -> <t:1765868400:t> - <t:1765875600:t> en __S26__
<t:1765875600:D> **11 R5.A.11 Aide à la décision TD RA** : JALOUX CHRISTOPHE -> <t:1765875600:t> - <t:1765882800:t> en __S26__
<t:1765897200:D> **11R5.A.02 PPP TD** : VIZET PONCET CECILE -> <t:1765897200:t> - <t:1765904400:t> en __S26__

[2025-12-15T18:00:04.679Z] info: Message sent to channel 1409494181839376455: <t:1765868400:D> **S5.A.01 SAE Dev avancé AP** : PEYTAVIE ADRIEN -> <t:1765868400:t> - <t:1765875600:t> en __S26__
<t:1765875600:D> **11 R5.A.11 Aide à la décision TD RA** : JALOUX CHRISTOPHE -> <t:1765875600:t> - <t:1765882800:t> en __S26__
<t:1765897200:D> **11R5.A.02 PPP TD** : VIZET PONCET CECILE -> <t:1765897200:t> - <t:1765904400:t> en __S26__

[2025-12-15T18:00:04.680Z] info: Sending message to channel 1409494206942286006: <t:1765868400:D> **S5.A.01 SAE Dev avancé AP** : PEYTAVIE ADRIEN -> <t:1765868400:t> - <t:1765875600:t> en __S26__
<t:1765875600:D> **11 R5.A.11 Aide à la décision TD RA** : JALOUX CHRISTOPHE -> <t:1765875600:t> - <t:1765882800:t> en __S26__
<t:1765890000:D> **21R5.A.06 Programmation multimédia TPB** : PEYTAVIE ADRIEN -> <t:1765890000:t> - <t:1765897200:t> en __S26__
<t:1765897200:D> **11R5.A.02 PPP TD** : VIZET PONCET CECILE -> <t:1765897200:t> - <t:1765904400:t> en __S26__

[2025-12-15T18:00:04.680Z] info: Message sent to channel 1409494206942286006: <t:1765868400:D> **S5.A.01 SAE Dev avancé AP** : PEYTAVIE ADRIEN -> <t:1765868400:t> - <t:1765875600:t> en __S26__
<t:1765875600:D> **11 R5.A.11 Aide à la décision TD RA** : JALOUX CHRISTOPHE -> <t:1765875600:t> - <t:1765882800:t> en __S26__
<t:1765890000:D> **21R5.A.06 Programmation multimédia TPB** : PEYTAVIE ADRIEN -> <t:1765890000:t> - <t:1765897200:t> en __S26__
<t:1765897200:D> **11R5.A.02 PPP TD** : VIZET PONCET CECILE -> <t:1765897200:t> - <t:1765904400:t> en __S26__

[2025-12-15T18:00:04.681Z] info: Sending message to channel 1409495503292338257: <t:1765868400:D> **S5.A.01 SAE Dev avancé** : BUT3 RA3A -> <t:1765868400:t> - <t:1765875600:t> en __S13__
<t:1765875600:D> **R5.A.14 Anglais TPA** : CANQUE FLORENCE -> <t:1765875600:t> - <t:1765882800:t> en __026-Langues__
<t:1765890000:D> **21 R5.A.11 Aide à la décision TD RA** : JOUBERT AUDE -> <t:1765890000:t> - <t:1765897200:t> en __S13__
<t:1765897200:D> **S5.A.01 SAE Dev avancé** : BUT3 RA3A -> <t:1765897200:t> - <t:1765904400:t> en __S13__

[2025-12-15T18:00:04.681Z] info: Message sent to channel 1409495503292338257: <t:1765868400:D> **S5.A.01 SAE Dev avancé** : BUT3 RA3A -> <t:1765868400:t> - <t:1765875600:t> en __S13__
<t:1765875600:D> **R5.A.14 Anglais TPA** : CANQUE FLORENCE -> <t:1765875600:t> - <t:1765882800:t> en __026-Langues__
<t:1765890000:D> **21 R5.A.11 Aide à la décision TD RA** : JOUBERT AUDE -> <t:1765890000:t> - <t:1765897200:t> en __S13__
<t:1765897200:D> **S5.A.01 SAE Dev avancé** : BUT3 RA3A -> <t:1765897200:t> - <t:1765904400:t> en __S13__

[2025-12-15T18:00:04.681Z] info: Sending message to channel 1409495513891344426: <t:1765868400:D> **S5.A.01 SAE Dev avancé** : BUT3 RA3A -> <t:1765868400:t> - <t:1765875600:t> en __S13__
<t:1765875600:D> **21R5.A.06 Programmation multimédia TPB** : PEYTAVIE ADRIEN -> <t:1765875600:t> - <t:1765882800:t> en __S13__
<t:1765890000:D> **21 R5.A.11 Aide à la décision TD RA** : JOUBERT AUDE -> <t:1765890000:t> - <t:1765897200:t> en __S13__
<t:1765897200:D> **S5.A.01 SAE Dev avancé** : BUT3 RA3A -> <t:1765897200:t> - <t:1765904400:t> en __S13__

[2025-12-15T18:00:04.682Z] info: Message sent to channel 1409495513891344426: <t:1765868400:D> **S5.A.01 SAE Dev avancé** : BUT3 RA3A -> <t:1765868400:t> - <t:1765875600:t> en __S13__
<t:1765875600:D> **21R5.A.06 Programmation multimédia TPB** : PEYTAVIE ADRIEN -> <t:1765875600:t> - <t:1765882800:t> en __S13__
<t:1765890000:D> **21 R5.A.11 Aide à la décision TD RA** : JOUBERT AUDE -> <t:1765890000:t> - <t:1765897200:t> en __S13__
<t:1765897200:D> **S5.A.01 SAE Dev avancé** : BUT3 RA3A -> <t:1765897200:t> - <t:1765904400:t> en __S13__

[2025-12-15T18:00:04.682Z] info: Sending message to channel 1409495882436706366: <t:1765868400:D> **21R5.03 Politique de Communication TP** : OLIVESI AURELIE -> <t:1765868400:t> - <t:1765875600:t> en __S01__
<t:1765875600:D> **11R5.03 Politique de Communication** : OLIVESI AURELIE -> <t:1765875600:t> - <t:1765882800:t> en __S01__
<t:1765886400:D> **Toeic blanc** : CANQUE FLORENCE -> <t:1765886400:t> - <t:1765893600:t> en __028__
<t:1765893600:D> **R5.01 Initiation Mangement DS** : BUT3 DACS -> <t:1765893600:t> - <t:1765900800:t> en __S12__

[2025-12-15T18:00:04.682Z] info: Message sent to channel 1409495882436706366: <t:1765868400:D> **21R5.03 Politique de Communication TP** : OLIVESI AURELIE -> <t:1765868400:t> - <t:1765875600:t> en __S01__
<t:1765875600:D> **11R5.03 Politique de Communication** : OLIVESI AURELIE -> <t:1765875600:t> - <t:1765882800:t> en __S01__
<t:1765886400:D> **Toeic blanc** : CANQUE FLORENCE -> <t:1765886400:t> - <t:1765893600:t> en __028__
<t:1765893600:D> **R5.01 Initiation Mangement DS** : BUT3 DACS -> <t:1765893600:t> - <t:1765900800:t> en __S12__

[2025-12-15T18:00:04.683Z] info: Sending message to channel 1409496113396060181: <t:1765868400:D> **R5.C.08 IA** : FOULON LUCAS -> <t:1765868400:t> - <t:1765875600:t> en __S22__
<t:1765875600:D> **R5.C.08 IA** : FOULON LUCAS -> <t:1765875600:t> - <t:1765882800:t> en __S22__
<t:1765890000:D> **R5.C.01 initiation au management DS** : BUT3 AGED -> <t:1765890000:t> - <t:1765893600:t> en __S12__
<t:1765897200:D> **11 R5.C.04 Programmation Web** : KHEDDOUCI HAMAMACHE -> <t:1765897200:t> - <t:1765904400:t> en __S22__

[2025-12-15T18:00:04.683Z] info: Message sent to channel 1409496113396060181: <t:1765868400:D> **R5.C.08 IA** : FOULON LUCAS -> <t:1765868400:t> - <t:1765875600:t> en __S22__
<t:1765875600:D> **R5.C.08 IA** : FOULON LUCAS -> <t:1765875600:t> - <t:1765882800:t> en __S22__
<t:1765890000:D> **R5.C.01 initiation au management DS** : BUT3 AGED -> <t:1765890000:t> - <t:1765893600:t> en __S12__
<t:1765897200:D> **11 R5.C.04 Programmation Web** : KHEDDOUCI HAMAMACHE -> <t:1765897200:t> - <t:1765904400:t> en __S22__

[2025-12-15T18:00:04.683Z] info: Daily timetables sent
[2025-12-16T18:00:00.078Z] info: Downloading ICS files for tomorrow for groups: aspea, aspeb, g1s1a, g1s1b, g2s1a, g2s1b, g3s1a, g3s1b, g4s1a, g4s1b, g5s1a, g5s1b, g1s3a, g1s3b, g2s3a, g2s3b, g3a2, g4s3a, g4s3b, but3ra1a, but3ra1b, but3ra2a, but3ra2b, but3ra3a, but3ra3b, but3dacs, but3aged
[2025-12-16T18:00:00.078Z] info: Downloading ICS file from https://edt.univ-lyon1.fr/jsp/custom/modules/plannings/anonymous_cal.jsp?resources=9272&projectId=1&calType=ical&firstDate=2025-12-17&lastDate=2025-12-17 to src/calendars/tomorrow/aspea.ics
[2025-12-16T18:00:00.504Z] info: ICS file downloaded successfully to src/calendars/tomorrow/aspea.ics
[2025-12-16T18:00:00.505Z] info: ICS file for aspea downloaded successfully.
[2025-12-16T18:00:00.505Z] info: Downloading ICS file from https://edt.univ-lyon1.fr/jsp/custom/modules/plannings/anonymous_cal.jsp?resources=18783&projectId=1&calType=ical&firstDate=2025-12-17&lastDate=2025-12-17 to src/calendars/tomorrow/aspeb.ics
[2025-12-16T18:00:00.674Z] info: ICS file downloaded successfully to src/calendars/tomorrow/aspeb.ics
[2025-12-16T18:00:00.674Z] info: ICS file for aspeb downloaded successfully.
[2025-12-16T18:00:00.675Z] info: Downloading ICS file from https://edt.univ-lyon1.fr/jsp/custom/modules/plannings/anonymous_cal.jsp?resources=12096&projectId=1&calType=ical&firstDate=2025-12-17&lastDate=2025-12-17 to src/calendars/tomorrow/g1s1a.ics
[2025-12-16T18:00:01.013Z] info: ICS file downloaded successfully to src/calendars/tomorrow/g1s1a.ics
[2025-12-16T18:00:01.014Z] info: ICS file for g1s1a downloaded successfully.
[2025-12-16T18:00:01.014Z] info: Downloading ICS file from https://edt.univ-lyon1.fr/jsp/custom/modules/plannings/anonymous_cal.jsp?resources=12102&projectId=1&calType=ical&firstDate=2025-12-17&lastDate=2025-12-17 to src/calendars/tomorrow/g1s1b.ics
[2025-12-16T18:00:01.184Z] info: ICS file downloaded successfully to src/calendars/tomorrow/g1s1b.ics
[2025-12-16T18:00:01.185Z] info: ICS file for g1s1b downloaded successfully.
[2025-12-16T18:00:01.185Z] info: Downloading ICS file from https://edt.univ-lyon1.fr/jsp/custom/modules/plannings/anonymous_cal.jsp?resources=12403&projectId=1&calType=ical&firstDate=2025-12-17&lastDate=2025-12-17 to src/calendars/tomorrow/g2s1a.ics
[2025-12-16T18:00:01.353Z] info: ICS file downloaded successfully to src/calendars/tomorrow/g2s1a.ics
[2025-12-16T18:00:01.354Z] info: ICS file for g2s1a downloaded successfully.
[2025-12-16T18:00:01.354Z] info: Downloading ICS file from https://edt.univ-lyon1.fr/jsp/custom/modules/plannings/anonymous_cal.jsp?resources=12406&projectId=1&calType=ical&firstDate=2025-12-17&lastDate=2025-12-17 to src/calendars/tomorrow/g2s1b.ics
[2025-12-16T18:00:01.523Z] info: ICS file downloaded successfully to src/calendars/tomorrow/g2s1b.ics
[2025-12-16T18:00:01.524Z] info: ICS file for g2s1b downloaded successfully.
[2025-12-16T18:00:01.524Z] info: Downloading ICS file from https://edt.univ-lyon1.fr/jsp/custom/modules/plannings/anonymous_cal.jsp?resources=12419&projectId=1&calType=ical&firstDate=2025-12-17&lastDate=2025-12-17 to src/calendars/tomorrow/g3s1a.ics
[2025-12-16T18:00:01.693Z] info: ICS file downloaded successfully to src/calendars/tomorrow/g3s1a.ics
[2025-12-16T18:00:01.694Z] info: ICS file for g3s1a downloaded successfully.
[2025-12-16T18:00:01.694Z] info: Downloading ICS file from https://edt.univ-lyon1.fr/jsp/custom/modules/plannings/anonymous_cal.jsp?resources=12425&projectId=1&calType=ical&firstDate=2025-12-17&lastDate=2025-12-17 to src/calendars/tomorrow/g3s1b.ics
[2025-12-16T18:00:01.863Z] info: ICS file downloaded successfully to src/calendars/tomorrow/g3s1b.ics
[2025-12-16T18:00:01.864Z] info: ICS file for g3s1b downloaded successfully.
[2025-12-16T18:00:01.864Z] info: Downloading ICS file from https://edt.univ-lyon1.fr/jsp/custom/modules/plannings/anonymous_cal.jsp?resources=12424&projectId=1&calType=ical&firstDate=2025-12-17&lastDate=2025-12-17 to src/calendars/tomorrow/g4s1a.ics
[2025-12-16T18:00:02.033Z] info: ICS file downloaded successfully to src/calendars/tomorrow/g4s1a.ics
[2025-12-16T18:00:02.033Z] info: ICS file for g4s1a downloaded successfully.
[2025-12-16T18:00:02.034Z] info: Downloading ICS file from https://edt.univ-lyon1.fr/jsp/custom/modules/plannings/anonymous_cal.jsp?resources=12444&projectId=1&calType=ical&firstDate=2025-12-17&lastDate=2025-12-17 to src/calendars/tomorrow/g4s1b.ics
[2025-12-16T18:00:02.202Z] info: ICS file downloaded successfully to src/calendars/tomorrow/g4s1b.ics
[2025-12-16T18:00:02.202Z] info: ICS file for g4s1b downloaded successfully.
[2025-12-16T18:00:02.203Z] info: Downloading ICS file from https://edt.univ-lyon1.fr/jsp/custom/modules/plannings/anonymous_cal.jsp?resources=12460&projectId=1&calType=ical&firstDate=2025-12-17&lastDate=2025-12-17 to src/calendars/tomorrow/g5s1a.ics
[2025-12-16T18:00:02.373Z] info: ICS file downloaded successfully to src/calendars/tomorrow/g5s1a.ics
[2025-12-16T18:00:02.374Z] info: ICS file for g5s1a downloaded successfully.
[2025-12-16T18:00:02.374Z] info: Downloading ICS file from https://edt.univ-lyon1.fr/jsp/custom/modules/plannings/anonymous_cal.jsp?resources=12461&projectId=1&calType=ical&firstDate=2025-12-17&lastDate=2025-12-17 to src/calendars/tomorrow/g5s1b.ics
[2025-12-16T18:00:02.541Z] info: ICS file downloaded successfully to src/calendars/tomorrow/g5s1b.ics
[2025-12-16T18:00:02.542Z] info: ICS file for g5s1b downloaded successfully.
[2025-12-16T18:00:02.542Z] info: Downloading ICS file from https://edt.univ-lyon1.fr/jsp/custom/modules/plannings/anonymous_cal.jsp?resources=35708&projectId=1&calType=ical&firstDate=2025-12-17&lastDate=2025-12-17 to src/calendars/tomorrow/g1s3a.ics
[2025-12-16T18:00:02.628Z] info: ICS file downloaded successfully to src/calendars/tomorrow/g1s3a.ics
[2025-12-16T18:00:02.628Z] info: ICS file for g1s3a downloaded successfully.
[2025-12-16T18:00:02.629Z] info: Downloading ICS file from https://edt.univ-lyon1.fr/jsp/custom/modules/plannings/anonymous_cal.jsp?resources=35709&projectId=1&calType=ical&firstDate=2025-12-17&lastDate=2025-12-17 to src/calendars/tomorrow/g1s3b.ics
[2025-12-16T18:00:02.712Z] info: ICS file downloaded successfully to src/calendars/tomorrow/g1s3b.ics
[2025-12-16T18:00:02.713Z] info: ICS file for g1s3b downloaded successfully.
[2025-12-16T18:00:02.713Z] info: Downloading ICS file from https://edt.univ-lyon1.fr/jsp/custom/modules/plannings/anonymous_cal.jsp?resources=35710&projectId=1&calType=ical&firstDate=2025-12-17&lastDate=2025-12-17 to src/calendars/tomorrow/g2s3a.ics
[2025-12-16T18:00:02.805Z] info: ICS file downloaded successfully to src/calendars/tomorrow/g2s3a.ics
[2025-12-16T18:00:02.806Z] info: ICS file for g2s3a downloaded successfully.
[2025-12-16T18:00:02.806Z] info: Downloading ICS file from https://edt.univ-lyon1.fr/jsp/custom/modules/plannings/anonymous_cal.jsp?resources=35713&projectId=1&calType=ical&firstDate=2025-12-17&lastDate=2025-12-17 to src/calendars/tomorrow/g2s3b.ics
[2025-12-16T18:00:02.879Z] info: ICS file downloaded successfully to src/calendars/tomorrow/g2s3b.ics
[2025-12-16T18:00:02.879Z] info: ICS file for g2s3b downloaded successfully.
[2025-12-16T18:00:02.879Z] info: Downloading ICS file from https://edt.univ-lyon1.fr/jsp/custom/modules/plannings/anonymous_cal.jsp?resources=35714&projectId=1&calType=ical&firstDate=2025-12-17&lastDate=2025-12-17 to src/calendars/tomorrow/g3a2.ics
[2025-12-16T18:00:02.979Z] info: ICS file downloaded successfully to src/calendars/tomorrow/g3a2.ics
[2025-12-16T18:00:02.980Z] info: ICS file for g3a2 downloaded successfully.
[2025-12-16T18:00:02.980Z] info: Downloading ICS file from https://edt.univ-lyon1.fr/jsp/custom/modules/plannings/anonymous_cal.jsp?resources=35717&projectId=1&calType=ical&firstDate=2025-12-17&lastDate=2025-12-17 to src/calendars/tomorrow/g4s3a.ics
[2025-12-16T18:00:03.066Z] info: ICS file downloaded successfully to src/calendars/tomorrow/g4s3a.ics
[2025-12-16T18:00:03.067Z] info: ICS file for g4s3a downloaded successfully.
[2025-12-16T18:00:03.068Z] info: Downloading ICS file from https://edt.univ-lyon1.fr/jsp/custom/modules/plannings/anonymous_cal.jsp?resources=35718&projectId=1&calType=ical&firstDate=2025-12-17&lastDate=2025-12-17 to src/calendars/tomorrow/g4s3b.ics
[2025-12-16T18:00:03.194Z] info: ICS file downloaded successfully to src/calendars/tomorrow/g4s3b.ics
[2025-12-16T18:00:03.194Z] info: ICS file for g4s3b downloaded successfully.
[2025-12-16T18:00:03.195Z] info: Downloading ICS file from https://edt.univ-lyon1.fr/jsp/custom/modules/plannings/anonymous_cal.jsp?resources=6161&projectId=1&calType=ical&firstDate=2025-12-17&lastDate=2025-12-17 to src/calendars/tomorrow/but3ra1a.ics
[2025-12-16T18:00:03.305Z] info: ICS file downloaded successfully to src/calendars/tomorrow/but3ra1a.ics
[2025-12-16T18:00:03.305Z] info: ICS file for but3ra1a downloaded successfully.
[2025-12-16T18:00:03.305Z] info: Downloading ICS file from https://edt.univ-lyon1.fr/jsp/custom/modules/plannings/anonymous_cal.jsp?resources=6163&projectId=1&calType=ical&firstDate=2025-12-17&lastDate=2025-12-17 to src/calendars/tomorrow/but3ra1b.ics
[2025-12-16T18:00:03.419Z] info: ICS file downloaded successfully to src/calendars/tomorrow/but3ra1b.ics
[2025-12-16T18:00:03.419Z] info: ICS file for but3ra1b downloaded successfully.
[2025-12-16T18:00:03.420Z] info: Downloading ICS file from https://edt.univ-lyon1.fr/jsp/custom/modules/plannings/anonymous_cal.jsp?resources=6165&projectId=1&calType=ical&firstDate=2025-12-17&lastDate=2025-12-17 to src/calendars/tomorrow/but3ra2a.ics
[2025-12-16T18:00:03.505Z] info: ICS file downloaded successfully to src/calendars/tomorrow/but3ra2a.ics
[2025-12-16T18:00:03.505Z] info: ICS file for but3ra2a downloaded successfully.
[2025-12-16T18:00:03.505Z] info: Downloading ICS file from https://edt.univ-lyon1.fr/jsp/custom/modules/plannings/anonymous_cal.jsp?resources=6168&projectId=1&calType=ical&firstDate=2025-12-17&lastDate=2025-12-17 to src/calendars/tomorrow/but3ra2b.ics
[2025-12-16T18:00:03.587Z] info: ICS file downloaded successfully to src/calendars/tomorrow/but3ra2b.ics
[2025-12-16T18:00:03.587Z] info: ICS file for but3ra2b downloaded successfully.
[2025-12-16T18:00:03.588Z] info: Downloading ICS file from https://edt.univ-lyon1.fr/jsp/custom/modules/plannings/anonymous_cal.jsp?resources=14059&projectId=1&calType=ical&firstDate=2025-12-17&lastDate=2025-12-17 to src/calendars/tomorrow/but3ra3a.ics
[2025-12-16T18:00:03.734Z] info: ICS file downloaded successfully to src/calendars/tomorrow/but3ra3a.ics
[2025-12-16T18:00:03.735Z] info: ICS file for but3ra3a downloaded successfully.
[2025-12-16T18:00:03.735Z] info: Downloading ICS file from https://edt.univ-lyon1.fr/jsp/custom/modules/plannings/anonymous_cal.jsp?resources=14064&projectId=1&calType=ical&firstDate=2025-12-17&lastDate=2025-12-17 to src/calendars/tomorrow/but3ra3b.ics
[2025-12-16T18:00:03.874Z] info: ICS file downloaded successfully to src/calendars/tomorrow/but3ra3b.ics
[2025-12-16T18:00:03.874Z] info: ICS file for but3ra3b downloaded successfully.
[2025-12-16T18:00:03.875Z] info: Downloading ICS file from https://edt.univ-lyon1.fr/jsp/custom/modules/plannings/anonymous_cal.jsp?resources=6136&projectId=1&calType=ical&firstDate=2025-12-17&lastDate=2025-12-17 to src/calendars/tomorrow/but3dacs.ics
[2025-12-16T18:00:03.957Z] info: ICS file downloaded successfully to src/calendars/tomorrow/but3dacs.ics
[2025-12-16T18:00:03.957Z] info: ICS file for but3dacs downloaded successfully.
[2025-12-16T18:00:03.958Z] info: Downloading ICS file from https://edt.univ-lyon1.fr/jsp/custom/modules/plannings/anonymous_cal.jsp?resources=6048&projectId=1&calType=ical&firstDate=2025-12-17&lastDate=2025-12-17 to src/calendars/tomorrow/but3aged.ics
[2025-12-16T18:00:04.060Z] info: ICS file downloaded successfully to src/calendars/tomorrow/but3aged.ics
[2025-12-16T18:00:04.061Z] info: ICS file for but3aged downloaded successfully.
[2025-12-16T18:00:04.061Z] info: Sending daily timetables
[2025-12-16T18:00:04.070Z] info: Sending message to channel 1395371772550975558: <t:1765954800:D> **11Economie durable et numérique** : LAGACHE ALEXANDRA -> <t:1765954800:t> - <t:1765962000:t> en __S10__
<t:1765962000:D> **11Windows** : LEFEBVRE JULIEN -> <t:1765962000:t> - <t:1765969200:t> en __S25__
<t:1765976400:D> **IntroDev1 TD4** : WATRIGANT REMI -> <t:1765976400:t> - <t:1765983600:t> en __S16__
<t:1765983600:D> **IntroDev1 TD4** : WATRIGANT REMI -> <t:1765983600:t> - <t:1765990800:t> en __S16__

[2025-12-16T18:00:04.071Z] info: Message sent to channel 1395371772550975558: <t:1765954800:D> **11Economie durable et numérique** : LAGACHE ALEXANDRA -> <t:1765954800:t> - <t:1765962000:t> en __S10__
<t:1765962000:D> **11Windows** : LEFEBVRE JULIEN -> <t:1765962000:t> - <t:1765969200:t> en __S25__
<t:1765976400:D> **IntroDev1 TD4** : WATRIGANT REMI -> <t:1765976400:t> - <t:1765983600:t> en __S16__
<t:1765983600:D> **IntroDev1 TD4** : WATRIGANT REMI -> <t:1765983600:t> - <t:1765990800:t> en __S16__

[2025-12-16T18:00:04.072Z] info: Sending message to channel 1395052296521646282: <t:1765962000:D> **R1.01 Initiation dev-TPA** : BUYLE-BODIN NICOLAS -> <t:1765962000:t> - <t:1765969200:t> en __S03__
<t:1765976400:D> **SAE Autonomie G1** : G1S1A -> <t:1765976400:t> - <t:1765983600:t> en __S13__
<t:1765983600:D> **R1.05-2 SQL-TD** : BARON ARIANE -> <t:1765983600:t> - <t:1765990800:t> en __S14__

[2025-12-16T18:00:04.072Z] info: Message sent to channel 1395052296521646282: <t:1765962000:D> **R1.01 Initiation dev-TPA** : BUYLE-BODIN NICOLAS -> <t:1765962000:t> - <t:1765969200:t> en __S03__
<t:1765976400:D> **SAE Autonomie G1** : G1S1A -> <t:1765976400:t> - <t:1765983600:t> en __S13__
<t:1765983600:D> **R1.05-2 SQL-TD** : BARON ARIANE -> <t:1765983600:t> - <t:1765990800:t> en __S14__

[2025-12-16T18:00:04.073Z] info: Sending message to channel 1395052332969885726: <t:1765976400:D> **SAE Autonomie G1** : G1S1A -> <t:1765976400:t> - <t:1765983600:t> en __S13__
<t:1765983600:D> **R1.05-2 SQL-TD** : BARON ARIANE -> <t:1765983600:t> - <t:1765990800:t> en __S14__

[2025-12-16T18:00:04.073Z] info: Message sent to channel 1395052332969885726: <t:1765976400:D> **SAE Autonomie G1** : G1S1A -> <t:1765976400:t> - <t:1765983600:t> en __S13__
<t:1765983600:D> **R1.05-2 SQL-TD** : BARON ARIANE -> <t:1765983600:t> - <t:1765990800:t> en __S14__

[2025-12-16T18:00:04.074Z] info: Sending message to channel 1395052379866660874: <t:1765954800:D> **R1.01 Initiation dev-TPA** : DAUTRAIX ISABELLE -> <t:1765954800:t> - <t:1765962000:t> en __S24__
<t:1765976400:D> **11 R1.08 Gestion Proj. Orga-TD** : BOUHADDOUDA ANISSA -> <t:1765976400:t> - <t:1765983600:t> en __040__
<t:1765983600:D> **R1.08 Gestion Proj. Orga-TD** : BOUHADDOUDA ANISSA -> <t:1765983600:t> - <t:1765990800:t> en __S11__

[2025-12-16T18:00:04.075Z] info: Message sent to channel 1395052379866660874: <t:1765954800:D> **R1.01 Initiation dev-TPA** : DAUTRAIX ISABELLE -> <t:1765954800:t> - <t:1765962000:t> en __S24__
<t:1765976400:D> **11 R1.08 Gestion Proj. Orga-TD** : BOUHADDOUDA ANISSA -> <t:1765976400:t> - <t:1765983600:t> en __040__
<t:1765983600:D> **R1.08 Gestion Proj. Orga-TD** : BOUHADDOUDA ANISSA -> <t:1765983600:t> - <t:1765990800:t> en __S11__

[2025-12-16T18:00:04.076Z] info: Sending message to channel 1395052392092930048: <t:1765962000:D> **R1.01 Initiation dev-TPB** : DAUTRAIX ISABELLE -> <t:1765962000:t> - <t:1765969200:t> en __S24__
<t:1765976400:D> **11 R1.08 Gestion Proj. Orga-TD** : BOUHADDOUDA ANISSA -> <t:1765976400:t> - <t:1765983600:t> en __040__
<t:1765983600:D> **R1.08 Gestion Proj. Orga-TD** : BOUHADDOUDA ANISSA -> <t:1765983600:t> - <t:1765990800:t> en __S11__

[2025-12-16T18:00:04.076Z] info: Message sent to channel 1395052392092930048: <t:1765962000:D> **R1.01 Initiation dev-TPB** : DAUTRAIX ISABELLE -> <t:1765962000:t> - <t:1765969200:t> en __S24__
<t:1765976400:D> **11 R1.08 Gestion Proj. Orga-TD** : BOUHADDOUDA ANISSA -> <t:1765976400:t> - <t:1765983600:t> en __040__
<t:1765983600:D> **R1.08 Gestion Proj. Orga-TD** : BOUHADDOUDA ANISSA -> <t:1765983600:t> - <t:1765990800:t> en __S11__

[2025-12-16T18:00:04.077Z] info: Sending message to channel 1395056179914473612: <t:1765954800:D> **SAE Autonomie G3** : G3S1A -> <t:1765954800:t> - <t:1765962000:t> en __S27__
<t:1765976400:D> **R1.01 Initiation dev-TPA** : VIDAL VINCENT -> <t:1765976400:t> - <t:1765983600:t> en __S24__
<t:1765983600:D> **SAE Autonomie G3** : G3S1A -> <t:1765983600:t> - <t:1765990800:t> en __S26__

[2025-12-16T18:00:04.077Z] info: Message sent to channel 1395056179914473612: <t:1765954800:D> **SAE Autonomie G3** : G3S1A -> <t:1765954800:t> - <t:1765962000:t> en __S27__
<t:1765976400:D> **R1.01 Initiation dev-TPA** : VIDAL VINCENT -> <t:1765976400:t> - <t:1765983600:t> en __S24__
<t:1765983600:D> **SAE Autonomie G3** : G3S1A -> <t:1765983600:t> - <t:1765990800:t> en __S26__

[2025-12-16T18:00:04.077Z] info: Sending message to channel 1395052422401101905: <t:1765954800:D> **SAE Autonomie G3** : G3S1A -> <t:1765954800:t> - <t:1765962000:t> en __S27__
<t:1765983600:D> **SAE Autonomie G3** : G3S1A -> <t:1765983600:t> - <t:1765990800:t> en __S26__

[2025-12-16T18:00:04.077Z] info: Message sent to channel 1395052422401101905: <t:1765954800:D> **SAE Autonomie G3** : G3S1A -> <t:1765954800:t> - <t:1765962000:t> en __S27__
<t:1765983600:D> **SAE Autonomie G3** : G3S1A -> <t:1765983600:t> - <t:1765990800:t> en __S26__

[2025-12-16T18:00:04.080Z] info: Sending message to channel 1395052443192266916: <t:1765954800:D> **SAE 101 102 Initiation Dev** : ZEITOUN SEBASTIEN -> <t:1765954800:t> - <t:1765962000:t> en __S17__
<t:1765962000:D> **11 R1.08 Gestion Proj. Orga-TD** : MAGNIN FLORENCE -> <t:1765962000:t> - <t:1765969200:t> en __S11__
<t:1765976400:D> **R1.08 Gestion Proj. Orga-TD** : MAGNIN FLORENCE -> <t:1765976400:t> - <t:1765983600:t> en __S11__
<t:1765983600:D> **SAE Autonomie G4** : G4S1B -> <t:1765983600:t> - <t:1765990800:t> en __S27__

[2025-12-16T18:00:04.080Z] info: Message sent to channel 1395052443192266916: <t:1765954800:D> **SAE 101 102 Initiation Dev** : ZEITOUN SEBASTIEN -> <t:1765954800:t> - <t:1765962000:t> en __S17__
<t:1765962000:D> **11 R1.08 Gestion Proj. Orga-TD** : MAGNIN FLORENCE -> <t:1765962000:t> - <t:1765969200:t> en __S11__
<t:1765976400:D> **R1.08 Gestion Proj. Orga-TD** : MAGNIN FLORENCE -> <t:1765976400:t> - <t:1765983600:t> en __S11__
<t:1765983600:D> **SAE Autonomie G4** : G4S1B -> <t:1765983600:t> - <t:1765990800:t> en __S27__

[2025-12-16T18:00:04.081Z] info: Sending message to channel 1395052467070177290: <t:1765954800:D> **SAE 101 102 Initiation Dev** : ZEITOUN SEBASTIEN -> <t:1765954800:t> - <t:1765962000:t> en __S17__
<t:1765962000:D> **11 R1.08 Gestion Proj. Orga-TD** : MAGNIN FLORENCE -> <t:1765962000:t> - <t:1765969200:t> en __S11__
<t:1765976400:D> **R1.08 Gestion Proj. Orga-TD** : MAGNIN FLORENCE -> <t:1765976400:t> - <t:1765983600:t> en __S11__
<t:1765983600:D> **SAE Autonomie G4** : G4S1B -> <t:1765983600:t> - <t:1765990800:t> en __S27__

[2025-12-16T18:00:04.081Z] info: Message sent to channel 1395052467070177290: <t:1765954800:D> **SAE 101 102 Initiation Dev** : ZEITOUN SEBASTIEN -> <t:1765954800:t> - <t:1765962000:t> en __S17__
<t:1765962000:D> **11 R1.08 Gestion Proj. Orga-TD** : MAGNIN FLORENCE -> <t:1765962000:t> - <t:1765969200:t> en __S11__
<t:1765976400:D> **R1.08 Gestion Proj. Orga-TD** : MAGNIN FLORENCE -> <t:1765976400:t> - <t:1765983600:t> en __S11__
<t:1765983600:D> **SAE Autonomie G4** : G4S1B -> <t:1765983600:t> - <t:1765990800:t> en __S27__

[2025-12-16T18:00:04.081Z] info: Sending message to channel 1395052827985842288: <t:1765962000:D> **R1.08 Gestion Proj. Orga-TD** : LAGACHE ALEXANDRA -> <t:1765962000:t> - <t:1765969200:t> en __S10__
<t:1765976400:D> **11 R1.08 Gestion Proj. Orga-TD** : LAGACHE ALEXANDRA -> <t:1765976400:t> - <t:1765983600:t> en __S12__
<t:1765983600:D> **R1.01 Initiation dev-TPA** : ZEITOUN SEBASTIEN -> <t:1765983600:t> - <t:1765990800:t> en __S13__

[2025-12-16T18:00:04.082Z] info: Message sent to channel 1395052827985842288: <t:1765962000:D> **R1.08 Gestion Proj. Orga-TD** : LAGACHE ALEXANDRA -> <t:1765962000:t> - <t:1765969200:t> en __S10__
<t:1765976400:D> **11 R1.08 Gestion Proj. Orga-TD** : LAGACHE ALEXANDRA -> <t:1765976400:t> - <t:1765983600:t> en __S12__
<t:1765983600:D> **R1.01 Initiation dev-TPA** : ZEITOUN SEBASTIEN -> <t:1765983600:t> - <t:1765990800:t> en __S13__

[2025-12-16T18:00:04.082Z] info: Sending message to channel 1395052882486890707: <t:1765962000:D> **R1.08 Gestion Proj. Orga-TD** : LAGACHE ALEXANDRA -> <t:1765962000:t> - <t:1765969200:t> en __S10__
<t:1765976400:D> **11 R1.08 Gestion Proj. Orga-TD** : LAGACHE ALEXANDRA -> <t:1765976400:t> - <t:1765983600:t> en __S12__
<t:1765983600:D> **R1.05-2 SQL-TPB** : BUYLE-BODIN NICOLAS -> <t:1765983600:t> - <t:1765990800:t> en __S03__

[2025-12-16T18:00:04.082Z] info: Message sent to channel 1395052882486890707: <t:1765962000:D> **R1.08 Gestion Proj. Orga-TD** : LAGACHE ALEXANDRA -> <t:1765962000:t> - <t:1765969200:t> en __S10__
<t:1765976400:D> **11 R1.08 Gestion Proj. Orga-TD** : LAGACHE ALEXANDRA -> <t:1765976400:t> - <t:1765983600:t> en __S12__
<t:1765983600:D> **R1.05-2 SQL-TPB** : BUYLE-BODIN NICOLAS -> <t:1765983600:t> - <t:1765990800:t> en __S03__

[2025-12-16T18:00:04.083Z] info: Sending message to channel 1395371275643256924: <t:1765954800:D> **11 R3.11  Droit des contrats et du numérique-TD** : DUFOUR KARLINE -> <t:1765954800:t> - <t:1765962000:t> en __040__
<t:1765962000:D> **13 R3.07 SQL et Programmation-TD** : BONNET CHRISTINE -> <t:1765962000:t> - <t:1765969200:t> en __S14__

[2025-12-16T18:00:04.083Z] info: Message sent to channel 1395371275643256924: <t:1765954800:D> **11 R3.11  Droit des contrats et du numérique-TD** : DUFOUR KARLINE -> <t:1765954800:t> - <t:1765962000:t> en __040__
<t:1765962000:D> **13 R3.07 SQL et Programmation-TD** : BONNET CHRISTINE -> <t:1765962000:t> - <t:1765969200:t> en __S14__

[2025-12-16T18:00:04.084Z] info: Sending message to channel 1395371292533723147: <t:1765954800:D> **11 R3.11  Droit des contrats et du numérique-TD** : DUFOUR KARLINE -> <t:1765954800:t> - <t:1765962000:t> en __040__
<t:1765962000:D> **13 R3.07 SQL et Programmation-TD** : BONNET CHRISTINE -> <t:1765962000:t> - <t:1765969200:t> en __S14__
<t:1765976400:D> **R3.06 Archi. Réseaux-TPB** : BARON ARIANE -> <t:1765976400:t> - <t:1765983600:t> en __S14__

[2025-12-16T18:00:04.084Z] info: Message sent to channel 1395371292533723147: <t:1765954800:D> **11 R3.11  Droit des contrats et du numérique-TD** : DUFOUR KARLINE -> <t:1765954800:t> - <t:1765962000:t> en __040__
<t:1765962000:D> **13 R3.07 SQL et Programmation-TD** : BONNET CHRISTINE -> <t:1765962000:t> - <t:1765969200:t> en __S14__
<t:1765976400:D> **R3.06 Archi. Réseaux-TPB** : BARON ARIANE -> <t:1765976400:t> - <t:1765983600:t> en __S14__

[2025-12-16T18:00:04.084Z] info: Sending message to channel 1395371451573600287: <t:1765976400:D> **12 R3.12 Anglais-TD** : BESSAC MARIETTE -> <t:1765976400:t> - <t:1765983600:t> en __026-Langues__
<t:1765983600:D> **13 R3.07 SQL et Programmation-TD** : BONNET CHRISTINE -> <t:1765983600:t> - <t:1765990800:t> en __S17__

[2025-12-16T18:00:04.084Z] info: Message sent to channel 1395371451573600287: <t:1765976400:D> **12 R3.12 Anglais-TD** : BESSAC MARIETTE -> <t:1765976400:t> - <t:1765983600:t> en __026-Langues__
<t:1765983600:D> **13 R3.07 SQL et Programmation-TD** : BONNET CHRISTINE -> <t:1765983600:t> - <t:1765990800:t> en __S17__

[2025-12-16T18:00:04.085Z] info: Sending message to channel 1395371471345553540: <t:1765976400:D> **12 R3.12 Anglais-TD** : BESSAC MARIETTE -> <t:1765976400:t> - <t:1765983600:t> en __026-Langues__
<t:1765983600:D> **13 R3.07 SQL et Programmation-TD** : BONNET CHRISTINE -> <t:1765983600:t> - <t:1765990800:t> en __S17__

[2025-12-16T18:00:04.085Z] info: Message sent to channel 1395371471345553540: <t:1765976400:D> **12 R3.12 Anglais-TD** : BESSAC MARIETTE -> <t:1765976400:t> - <t:1765983600:t> en __026-Langues__
<t:1765983600:D> **13 R3.07 SQL et Programmation-TD** : BONNET CHRISTINE -> <t:1765983600:t> - <t:1765990800:t> en __S17__

[2025-12-16T18:00:04.086Z] info: Sending message to channel 1395371506099425310: <t:1765962000:D> **21R3.04-1 Qualité de developpement-Conception-TD** : DUCHENE ERIC -> <t:1765962000:t> - <t:1765969200:t> en __S17__
<t:1765976400:D> **11 R3.02 Dév. Efficace (algo)-TD** : KHEDDOUCI HAMAMACHE -> <t:1765976400:t> - <t:1765983600:t> en __S03__
<t:1765983600:D> **11 R3.04-1 Qualité de developpement-Conception-TD G1** : DUCHENE ERIC -> <t:1765983600:t> - <t:1765990800:t> en __S24__

[2025-12-16T18:00:04.086Z] info: Message sent to channel 1395371506099425310: <t:1765962000:D> **21R3.04-1 Qualité de developpement-Conception-TD** : DUCHENE ERIC -> <t:1765962000:t> - <t:1765969200:t> en __S17__
<t:1765976400:D> **11 R3.02 Dév. Efficace (algo)-TD** : KHEDDOUCI HAMAMACHE -> <t:1765976400:t> - <t:1765983600:t> en __S03__
<t:1765983600:D> **11 R3.04-1 Qualité de developpement-Conception-TD G1** : DUCHENE ERIC -> <t:1765983600:t> - <t:1765990800:t> en __S24__

[2025-12-16T18:00:04.086Z] info: Sending message to channel 1395371591797575750: <t:1765954800:D> **R3.06 Archi. Réseaux-TPB** : MERRHEIM XAVIER -> <t:1765954800:t> - <t:1765962000:t> en __S18 - TP Réseau__
<t:1765962000:D> **21R3.04-1 Qualité de developpement-Conception-TD** : DUCHENE ERIC -> <t:1765962000:t> - <t:1765969200:t> en __S17__
<t:1765976400:D> **11 R3.02 Dév. Efficace (algo)-TD** : KHEDDOUCI HAMAMACHE -> <t:1765976400:t> - <t:1765983600:t> en __S03__
<t:1765983600:D> **11 R3.04-1 Qualité de developpement-Conception-TD G1** : DUCHENE ERIC -> <t:1765983600:t> - <t:1765990800:t> en __S24__

[2025-12-16T18:00:04.087Z] info: Message sent to channel 1395371591797575750: <t:1765954800:D> **R3.06 Archi. Réseaux-TPB** : MERRHEIM XAVIER -> <t:1765954800:t> - <t:1765962000:t> en __S18 - TP Réseau__
<t:1765962000:D> **21R3.04-1 Qualité de developpement-Conception-TD** : DUCHENE ERIC -> <t:1765962000:t> - <t:1765969200:t> en __S17__
<t:1765976400:D> **11 R3.02 Dév. Efficace (algo)-TD** : KHEDDOUCI HAMAMACHE -> <t:1765976400:t> - <t:1765983600:t> en __S03__
<t:1765983600:D> **11 R3.04-1 Qualité de developpement-Conception-TD G1** : DUCHENE ERIC -> <t:1765983600:t> - <t:1765990800:t> en __S24__

[2025-12-16T18:00:04.087Z] info: Sending message to channel 1409494181839376455: <t:1765954800:D> **11R5.A.07 Automatisation TPA** : BUSSON ANTHONY -> <t:1765954800:t> - <t:1765962000:t> en __S26__
<t:1765962000:D> **21R5.A.07 Automatisation** : BUSSON ANTHONY -> <t:1765962000:t> - <t:1765969200:t> en __S26__
<t:1765976400:D> **S5.A.01 SAE Dev avancé** : BUT3 RA1B -> <t:1765976400:t> - <t:1765983600:t> en __S26__
<t:1765983600:D> **R5.A.14 Anglais TPA** : BESSAC MARIETTE -> <t:1765983600:t> - <t:1765990800:t> en __026-Langues__

[2025-12-16T18:00:04.087Z] info: Message sent to channel 1409494181839376455: <t:1765954800:D> **11R5.A.07 Automatisation TPA** : BUSSON ANTHONY -> <t:1765954800:t> - <t:1765962000:t> en __S26__
<t:1765962000:D> **21R5.A.07 Automatisation** : BUSSON ANTHONY -> <t:1765962000:t> - <t:1765969200:t> en __S26__
<t:1765976400:D> **S5.A.01 SAE Dev avancé** : BUT3 RA1B -> <t:1765976400:t> - <t:1765983600:t> en __S26__
<t:1765983600:D> **R5.A.14 Anglais TPA** : BESSAC MARIETTE -> <t:1765983600:t> - <t:1765990800:t> en __026-Langues__

[2025-12-16T18:00:04.090Z] info: Sending message to channel 1409494206942286006: <t:1765962000:D> **21R5.A.07 Automatisation** : BUSSON ANTHONY -> <t:1765962000:t> - <t:1765969200:t> en __S26__
<t:1765976400:D> **S5.A.01 SAE Dev avancé** : BUT3 RA1B -> <t:1765976400:t> - <t:1765983600:t> en __S26__
<t:1765983600:D> **R5.03 Communication TPB** : DEBOUTE JOCELYNE -> <t:1765983600:t> - <t:1765990800:t> en __040__

[2025-12-16T18:00:04.090Z] info: Message sent to channel 1409494206942286006: <t:1765962000:D> **21R5.A.07 Automatisation** : BUSSON ANTHONY -> <t:1765962000:t> - <t:1765969200:t> en __S26__
<t:1765976400:D> **S5.A.01 SAE Dev avancé** : BUT3 RA1B -> <t:1765976400:t> - <t:1765983600:t> en __S26__
<t:1765983600:D> **R5.03 Communication TPB** : DEBOUTE JOCELYNE -> <t:1765983600:t> - <t:1765990800:t> en __040__

[2025-12-16T18:00:04.091Z] info: Sending message to channel 1409495503292338257: <t:1765954800:D> **11R5.A.10 Neo4J** : KHEDDOUCI HAMAMACHE -> <t:1765954800:t> - <t:1765962000:t> en __S13__
<t:1765962000:D> **21R5.A.10 Neo4J** : KHEDDOUCI HAMAMACHE -> <t:1765962000:t> - <t:1765969200:t> en __S13__
<t:1765976400:D> **31R5.03 Communication TPA** : DEBOUTE JOCELYNE -> <t:1765976400:t> - <t:1765983600:t> en __S21__

[2025-12-16T18:00:04.091Z] info: Message sent to channel 1409495503292338257: <t:1765954800:D> **11R5.A.10 Neo4J** : KHEDDOUCI HAMAMACHE -> <t:1765954800:t> - <t:1765962000:t> en __S13__
<t:1765962000:D> **21R5.A.10 Neo4J** : KHEDDOUCI HAMAMACHE -> <t:1765962000:t> - <t:1765969200:t> en __S13__
<t:1765976400:D> **31R5.03 Communication TPA** : DEBOUTE JOCELYNE -> <t:1765976400:t> - <t:1765983600:t> en __S21__

[2025-12-16T18:00:04.092Z] info: Sending message to channel 1409495513891344426: <t:1765954800:D> **11R5.A.10 Neo4J** : KHEDDOUCI HAMAMACHE -> <t:1765954800:t> - <t:1765962000:t> en __S13__
<t:1765962000:D> **21R5.A.10 Neo4J** : KHEDDOUCI HAMAMACHE -> <t:1765962000:t> - <t:1765969200:t> en __S13__
<t:1765976400:D> **R5.A.14 Anglais TPB** : CANQUE FLORENCE -> <t:1765976400:t> - <t:1765983600:t> en __028__

[2025-12-16T18:00:04.092Z] info: Message sent to channel 1409495513891344426: <t:1765954800:D> **11R5.A.10 Neo4J** : KHEDDOUCI HAMAMACHE -> <t:1765954800:t> - <t:1765962000:t> en __S13__
<t:1765962000:D> **21R5.A.10 Neo4J** : KHEDDOUCI HAMAMACHE -> <t:1765962000:t> - <t:1765969200:t> en __S13__
<t:1765976400:D> **R5.A.14 Anglais TPB** : CANQUE FLORENCE -> <t:1765976400:t> - <t:1765983600:t> en __028__

[2025-12-16T18:00:04.092Z] info: Sending message to channel 1409495882436706366: <t:1765954800:D> **21 R5.B.08 Continuité de service Sauvegarde KC** : CHEKARI KARIM -> <t:1765954800:t> - <t:1765962000:t> en __S01__
<t:1765962000:D> **11 S5.B.01 Saé cybersécurité** : BALDE THIERNO -> <t:1765962000:t> - <t:1765969200:t> en __S01__
<t:1765974600:D> **11 R5.B.09 Cybercecurite TD** : BALDE THIERNO -> <t:1765974600:t> - <t:1765981800:t> en __S01__
<t:1765981800:D> **21 R5.B.09 Cybercecurite TD** : BALDE THIERNO -> <t:1765981800:t> - <t:1765989000:t> en __S01__

[2025-12-16T18:00:04.093Z] info: Message sent to channel 1409495882436706366: <t:1765954800:D> **21 R5.B.08 Continuité de service Sauvegarde KC** : CHEKARI KARIM -> <t:1765954800:t> - <t:1765962000:t> en __S01__
<t:1765962000:D> **11 S5.B.01 Saé cybersécurité** : BALDE THIERNO -> <t:1765962000:t> - <t:1765969200:t> en __S01__
<t:1765974600:D> **11 R5.B.09 Cybercecurite TD** : BALDE THIERNO -> <t:1765974600:t> - <t:1765981800:t> en __S01__
<t:1765981800:D> **21 R5.B.09 Cybercecurite TD** : BALDE THIERNO -> <t:1765981800:t> - <t:1765989000:t> en __S01__

[2025-12-16T18:00:04.093Z] info: Sending message to channel 1409496113396060181: <t:1765954800:D> **11R5.C.06 ETL** : CELLIER OLIVIER -> <t:1765954800:t> - <t:1765962000:t> en __S22__
<t:1765962000:D> **21R5.C.06 ETL** : CELLIER OLIVIER -> <t:1765962000:t> - <t:1765969200:t> en __S22__
<t:1765976400:D> **R5.C.03 Communication** : FABRE CHARLIE -> <t:1765976400:t> - <t:1765983600:t> en __S22__
<t:1765983600:D> **11 R5.C.12 AnglaisP1** : CANQUE FLORENCE -> <t:1765983600:t> - <t:1765990800:t> en __028__

[2025-12-16T18:00:04.094Z] info: Message sent to channel 1409496113396060181: <t:1765954800:D> **11R5.C.06 ETL** : CELLIER OLIVIER -> <t:1765954800:t> - <t:1765962000:t> en __S22__
<t:1765962000:D> **21R5.C.06 ETL** : CELLIER OLIVIER -> <t:1765962000:t> - <t:1765969200:t> en __S22__
<t:1765976400:D> **R5.C.03 Communication** : FABRE CHARLIE -> <t:1765976400:t> - <t:1765983600:t> en __S22__
<t:1765983600:D> **11 R5.C.12 AnglaisP1** : CANQUE FLORENCE -> <t:1765983600:t> - <t:1765990800:t> en __028__

[2025-12-16T18:00:04.094Z] info: Daily timetables sent
[2025-12-17T18:00:00.822Z] info: Downloading ICS files for tomorrow for groups: aspea, aspeb, g1s1a, g1s1b, g2s1a, g2s1b, g3s1a, g3s1b, g4s1a, g4s1b, g5s1a, g5s1b, g1s3a, g1s3b, g2s3a, g2s3b, g3a2, g4s3a, g4s3b, but3ra1a, but3ra1b, but3ra2a, but3ra2b, but3ra3a, but3ra3b, but3dacs, but3aged
[2025-12-17T18:00:00.824Z] info: Downloading ICS file from https://edt.univ-lyon1.fr/jsp/custom/modules/plannings/anonymous_cal.jsp?resources=9272&projectId=1&calType=ical&firstDate=2025-12-18&lastDate=2025-12-18 to src/calendars/tomorrow/aspea.ics
[2025-12-17T18:00:01.196Z] info: ICS file downloaded successfully to src/calendars/tomorrow/aspea.ics
[2025-12-17T18:00:01.197Z] info: ICS file for aspea downloaded successfully.
[2025-12-17T18:00:01.197Z] info: Downloading ICS file from https://edt.univ-lyon1.fr/jsp/custom/modules/plannings/anonymous_cal.jsp?resources=18783&projectId=1&calType=ical&firstDate=2025-12-18&lastDate=2025-12-18 to src/calendars/tomorrow/aspeb.ics
[2025-12-17T18:00:01.361Z] info: ICS file downloaded successfully to src/calendars/tomorrow/aspeb.ics
[2025-12-17T18:00:01.362Z] info: ICS file for aspeb downloaded successfully.
[2025-12-17T18:00:01.362Z] info: Downloading ICS file from https://edt.univ-lyon1.fr/jsp/custom/modules/plannings/anonymous_cal.jsp?resources=12096&projectId=1&calType=ical&firstDate=2025-12-18&lastDate=2025-12-18 to src/calendars/tomorrow/g1s1a.ics
[2025-12-17T18:00:01.531Z] info: ICS file downloaded successfully to src/calendars/tomorrow/g1s1a.ics
[2025-12-17T18:00:01.531Z] info: ICS file for g1s1a downloaded successfully.
[2025-12-17T18:00:01.532Z] info: Downloading ICS file from https://edt.univ-lyon1.fr/jsp/custom/modules/plannings/anonymous_cal.jsp?resources=12102&projectId=1&calType=ical&firstDate=2025-12-18&lastDate=2025-12-18 to src/calendars/tomorrow/g1s1b.ics
[2025-12-17T18:00:01.701Z] info: ICS file downloaded successfully to src/calendars/tomorrow/g1s1b.ics
[2025-12-17T18:00:01.702Z] info: ICS file for g1s1b downloaded successfully.
[2025-12-17T18:00:01.702Z] info: Downloading ICS file from https://edt.univ-lyon1.fr/jsp/custom/modules/plannings/anonymous_cal.jsp?resources=12403&projectId=1&calType=ical&firstDate=2025-12-18&lastDate=2025-12-18 to src/calendars/tomorrow/g2s1a.ics
[2025-12-17T18:00:01.871Z] info: ICS file downloaded successfully to src/calendars/tomorrow/g2s1a.ics
[2025-12-17T18:00:01.872Z] info: ICS file for g2s1a downloaded successfully.
[2025-12-17T18:00:01.872Z] info: Downloading ICS file from https://edt.univ-lyon1.fr/jsp/custom/modules/plannings/anonymous_cal.jsp?resources=12406&projectId=1&calType=ical&firstDate=2025-12-18&lastDate=2025-12-18 to src/calendars/tomorrow/g2s1b.ics
[2025-12-17T18:00:02.039Z] info: ICS file downloaded successfully to src/calendars/tomorrow/g2s1b.ics
[2025-12-17T18:00:02.040Z] info: ICS file for g2s1b downloaded successfully.
[2025-12-17T18:00:02.040Z] info: Downloading ICS file from https://edt.univ-lyon1.fr/jsp/custom/modules/plannings/anonymous_cal.jsp?resources=12419&projectId=1&calType=ical&firstDate=2025-12-18&lastDate=2025-12-18 to src/calendars/tomorrow/g3s1a.ics
[2025-12-17T18:00:02.210Z] info: ICS file downloaded successfully to src/calendars/tomorrow/g3s1a.ics
[2025-12-17T18:00:02.210Z] info: ICS file for g3s1a downloaded successfully.
[2025-12-17T18:00:02.211Z] info: Downloading ICS file from https://edt.univ-lyon1.fr/jsp/custom/modules/plannings/anonymous_cal.jsp?resources=12425&projectId=1&calType=ical&firstDate=2025-12-18&lastDate=2025-12-18 to src/calendars/tomorrow/g3s1b.ics
[2025-12-17T18:00:02.379Z] info: ICS file downloaded successfully to src/calendars/tomorrow/g3s1b.ics
[2025-12-17T18:00:02.380Z] info: ICS file for g3s1b downloaded successfully.
[2025-12-17T18:00:02.380Z] info: Downloading ICS file from https://edt.univ-lyon1.fr/jsp/custom/modules/plannings/anonymous_cal.jsp?resources=12424&projectId=1&calType=ical&firstDate=2025-12-18&lastDate=2025-12-18 to src/calendars/tomorrow/g4s1a.ics
[2025-12-17T18:00:02.550Z] info: ICS file downloaded successfully to src/calendars/tomorrow/g4s1a.ics
[2025-12-17T18:00:02.551Z] info: ICS file for g4s1a downloaded successfully.
[2025-12-17T18:00:02.551Z] info: Downloading ICS file from https://edt.univ-lyon1.fr/jsp/custom/modules/plannings/anonymous_cal.jsp?resources=12444&projectId=1&calType=ical&firstDate=2025-12-18&lastDate=2025-12-18 to src/calendars/tomorrow/g4s1b.ics
[2025-12-17T18:00:02.676Z] info: ICS file downloaded successfully to src/calendars/tomorrow/g4s1b.ics
[2025-12-17T18:00:02.677Z] info: ICS file for g4s1b downloaded successfully.
[2025-12-17T18:00:02.677Z] info: Downloading ICS file from https://edt.univ-lyon1.fr/jsp/custom/modules/plannings/anonymous_cal.jsp?resources=12460&projectId=1&calType=ical&firstDate=2025-12-18&lastDate=2025-12-18 to src/calendars/tomorrow/g5s1a.ics
[2025-12-17T18:00:02.780Z] info: ICS file downloaded successfully to src/calendars/tomorrow/g5s1a.ics
[2025-12-17T18:00:02.781Z] info: ICS file for g5s1a downloaded successfully.
[2025-12-17T18:00:02.781Z] info: Downloading ICS file from https://edt.univ-lyon1.fr/jsp/custom/modules/plannings/anonymous_cal.jsp?resources=12461&projectId=1&calType=ical&firstDate=2025-12-18&lastDate=2025-12-18 to src/calendars/tomorrow/g5s1b.ics
[2025-12-17T18:00:02.865Z] info: ICS file downloaded successfully to src/calendars/tomorrow/g5s1b.ics
[2025-12-17T18:00:02.865Z] info: ICS file for g5s1b downloaded successfully.
[2025-12-17T18:00:02.866Z] info: Downloading ICS file from https://edt.univ-lyon1.fr/jsp/custom/modules/plannings/anonymous_cal.jsp?resources=35708&projectId=1&calType=ical&firstDate=2025-12-18&lastDate=2025-12-18 to src/calendars/tomorrow/g1s3a.ics
[2025-12-17T18:00:02.979Z] info: ICS file downloaded successfully to src/calendars/tomorrow/g1s3a.ics
[2025-12-17T18:00:02.980Z] info: ICS file for g1s3a downloaded successfully.
[2025-12-17T18:00:02.980Z] info: Downloading ICS file from https://edt.univ-lyon1.fr/jsp/custom/modules/plannings/anonymous_cal.jsp?resources=35709&projectId=1&calType=ical&firstDate=2025-12-18&lastDate=2025-12-18 to src/calendars/tomorrow/g1s3b.ics
[2025-12-17T18:00:03.058Z] info: ICS file downloaded successfully to src/calendars/tomorrow/g1s3b.ics
[2025-12-17T18:00:03.058Z] info: ICS file for g1s3b downloaded successfully.
[2025-12-17T18:00:03.059Z] info: Downloading ICS file from https://edt.univ-lyon1.fr/jsp/custom/modules/plannings/anonymous_cal.jsp?resources=35710&projectId=1&calType=ical&firstDate=2025-12-18&lastDate=2025-12-18 to src/calendars/tomorrow/g2s3a.ics
[2025-12-17T18:00:03.178Z] info: ICS file downloaded successfully to src/calendars/tomorrow/g2s3a.ics
[2025-12-17T18:00:03.179Z] info: ICS file for g2s3a downloaded successfully.
[2025-12-17T18:00:03.179Z] info: Downloading ICS file from https://edt.univ-lyon1.fr/jsp/custom/modules/plannings/anonymous_cal.jsp?resources=35713&projectId=1&calType=ical&firstDate=2025-12-18&lastDate=2025-12-18 to src/calendars/tomorrow/g2s3b.ics
[2025-12-17T18:00:03.312Z] info: ICS file downloaded successfully to src/calendars/tomorrow/g2s3b.ics
[2025-12-17T18:00:03.312Z] info: ICS file for g2s3b downloaded successfully.
[2025-12-17T18:00:03.312Z] info: Downloading ICS file from https://edt.univ-lyon1.fr/jsp/custom/modules/plannings/anonymous_cal.jsp?resources=35714&projectId=1&calType=ical&firstDate=2025-12-18&lastDate=2025-12-18 to src/calendars/tomorrow/g3a2.ics
[2025-12-17T18:00:03.414Z] info: ICS file downloaded successfully to src/calendars/tomorrow/g3a2.ics
[2025-12-17T18:00:03.414Z] info: ICS file for g3a2 downloaded successfully.
[2025-12-17T18:00:03.414Z] info: Downloading ICS file from https://edt.univ-lyon1.fr/jsp/custom/modules/plannings/anonymous_cal.jsp?resources=35717&projectId=1&calType=ical&firstDate=2025-12-18&lastDate=2025-12-18 to src/calendars/tomorrow/g4s3a.ics
[2025-12-17T18:00:03.528Z] info: ICS file downloaded successfully to src/calendars/tomorrow/g4s3a.ics
[2025-12-17T18:00:03.529Z] info: ICS file for g4s3a downloaded successfully.
[2025-12-17T18:00:03.529Z] info: Downloading ICS file from https://edt.univ-lyon1.fr/jsp/custom/modules/plannings/anonymous_cal.jsp?resources=35718&projectId=1&calType=ical&firstDate=2025-12-18&lastDate=2025-12-18 to src/calendars/tomorrow/g4s3b.ics
[2025-12-17T18:00:03.649Z] info: ICS file downloaded successfully to src/calendars/tomorrow/g4s3b.ics
[2025-12-17T18:00:03.650Z] info: ICS file for g4s3b downloaded successfully.
[2025-12-17T18:00:03.650Z] info: Downloading ICS file from https://edt.univ-lyon1.fr/jsp/custom/modules/plannings/anonymous_cal.jsp?resources=6161&projectId=1&calType=ical&firstDate=2025-12-18&lastDate=2025-12-18 to src/calendars/tomorrow/but3ra1a.ics
[2025-12-17T18:00:03.727Z] info: ICS file downloaded successfully to src/calendars/tomorrow/but3ra1a.ics
[2025-12-17T18:00:03.727Z] info: ICS file for but3ra1a downloaded successfully.
[2025-12-17T18:00:03.728Z] info: Downloading ICS file from https://edt.univ-lyon1.fr/jsp/custom/modules/plannings/anonymous_cal.jsp?resources=6163&projectId=1&calType=ical&firstDate=2025-12-18&lastDate=2025-12-18 to src/calendars/tomorrow/but3ra1b.ics
[2025-12-17T18:00:03.810Z] info: ICS file downloaded successfully to src/calendars/tomorrow/but3ra1b.ics
[2025-12-17T18:00:03.810Z] info: ICS file for but3ra1b downloaded successfully.
[2025-12-17T18:00:03.810Z] info: Downloading ICS file from https://edt.univ-lyon1.fr/jsp/custom/modules/plannings/anonymous_cal.jsp?resources=6165&projectId=1&calType=ical&firstDate=2025-12-18&lastDate=2025-12-18 to src/calendars/tomorrow/but3ra2a.ics
[2025-12-17T18:00:03.898Z] info: ICS file downloaded successfully to src/calendars/tomorrow/but3ra2a.ics
[2025-12-17T18:00:03.898Z] info: ICS file for but3ra2a downloaded successfully.
[2025-12-17T18:00:03.898Z] info: Downloading ICS file from https://edt.univ-lyon1.fr/jsp/custom/modules/plannings/anonymous_cal.jsp?resources=6168&projectId=1&calType=ical&firstDate=2025-12-18&lastDate=2025-12-18 to src/calendars/tomorrow/but3ra2b.ics
[2025-12-17T18:00:03.968Z] info: ICS file downloaded successfully to src/calendars/tomorrow/but3ra2b.ics
[2025-12-17T18:00:03.968Z] info: ICS file for but3ra2b downloaded successfully.
[2025-12-17T18:00:03.969Z] info: Downloading ICS file from https://edt.univ-lyon1.fr/jsp/custom/modules/plannings/anonymous_cal.jsp?resources=14059&projectId=1&calType=ical&firstDate=2025-12-18&lastDate=2025-12-18 to src/calendars/tomorrow/but3ra3a.ics
[2025-12-17T18:00:04.090Z] info: ICS file downloaded successfully to src/calendars/tomorrow/but3ra3a.ics
[2025-12-17T18:00:04.090Z] info: ICS file for but3ra3a downloaded successfully.
[2025-12-17T18:00:04.091Z] info: Downloading ICS file from https://edt.univ-lyon1.fr/jsp/custom/modules/plannings/anonymous_cal.jsp?resources=14064&projectId=1&calType=ical&firstDate=2025-12-18&lastDate=2025-12-18 to src/calendars/tomorrow/but3ra3b.ics
[2025-12-17T18:00:04.210Z] info: ICS file downloaded successfully to src/calendars/tomorrow/but3ra3b.ics
[2025-12-17T18:00:04.210Z] info: ICS file for but3ra3b downloaded successfully.
[2025-12-17T18:00:04.210Z] info: Downloading ICS file from https://edt.univ-lyon1.fr/jsp/custom/modules/plannings/anonymous_cal.jsp?resources=6136&projectId=1&calType=ical&firstDate=2025-12-18&lastDate=2025-12-18 to src/calendars/tomorrow/but3dacs.ics
[2025-12-17T18:00:04.287Z] info: ICS file downloaded successfully to src/calendars/tomorrow/but3dacs.ics
[2025-12-17T18:00:04.287Z] info: ICS file for but3dacs downloaded successfully.
[2025-12-17T18:00:04.287Z] info: Downloading ICS file from https://edt.univ-lyon1.fr/jsp/custom/modules/plannings/anonymous_cal.jsp?resources=6048&projectId=1&calType=ical&firstDate=2025-12-18&lastDate=2025-12-18 to src/calendars/tomorrow/but3aged.ics
[2025-12-17T18:00:04.357Z] info: ICS file downloaded successfully to src/calendars/tomorrow/but3aged.ics
[2025-12-17T18:00:04.358Z] info: ICS file for but3aged downloaded successfully.
[2025-12-17T18:00:04.358Z] info: Sending daily timetables
[2025-12-17T18:00:04.366Z] info: Sending message to channel 1395371772550975558: <t:1766048400:D> **Anglais TPS3** : CANQUE FLORENCE -> <t:1766048400:t> - <t:1766055600:t> en __026-Langues__

[2025-12-17T18:00:04.366Z] info: Message sent to channel 1395371772550975558: <t:1766048400:D> **Anglais TPS3** : CANQUE FLORENCE -> <t:1766048400:t> - <t:1766055600:t> en __026-Langues__

[2025-12-17T18:00:04.367Z] info: Sending message to channel 1395052296521646282: <t:1766041200:D> **R1.05-2 SQL-TPA** : BARON ARIANE -> <t:1766041200:t> - <t:1766048400:t> en __S14__

[2025-12-17T18:00:04.367Z] info: Message sent to channel 1395052296521646282: <t:1766041200:D> **R1.05-2 SQL-TPA** : BARON ARIANE -> <t:1766041200:t> - <t:1766048400:t> en __S14__

[2025-12-17T18:00:04.368Z] info: Sending message to channel 1395052379866660874: <t:1766048400:D> **R1.05-2 SQL-TPA** : BARON ARIANE -> <t:1766048400:t> - <t:1766055600:t> en __S14__

[2025-12-17T18:00:04.368Z] info: Message sent to channel 1395052379866660874: <t:1766048400:D> **R1.05-2 SQL-TPA** : BARON ARIANE -> <t:1766048400:t> - <t:1766055600:t> en __S14__

[2025-12-17T18:00:04.368Z] info: Sending message to channel 1395052392092930048: <t:1766048400:D> **R1.02-1 Web-TPB** : LEROUX STEPHANE -> <t:1766048400:t> - <t:1766055600:t> en __S03__

[2025-12-17T18:00:04.369Z] info: Message sent to channel 1395052392092930048: <t:1766048400:D> **R1.02-1 Web-TPB** : LEROUX STEPHANE -> <t:1766048400:t> - <t:1766055600:t> en __S03__

[2025-12-17T18:00:04.369Z] info: Sending message to channel 1395056179914473612: <t:1766041200:D> **R1.05-2 SQL-TPA** : BENSLIMANE DJAMAL -> <t:1766041200:t> - <t:1766048400:t> en __S26__
<t:1766048400:D> **R1.02-1 Web-TPA** : BUYLE-BODIN NICOLAS -> <t:1766048400:t> - <t:1766055600:t> en __S24__
<t:1766062800:D> **SAE Autonomie G3** : G3S1A -> <t:1766062800:t> - <t:1766070000:t> en __S27__

[2025-12-17T18:00:04.369Z] info: Message sent to channel 1395056179914473612: <t:1766041200:D> **R1.05-2 SQL-TPA** : BENSLIMANE DJAMAL -> <t:1766041200:t> - <t:1766048400:t> en __S26__
<t:1766048400:D> **R1.02-1 Web-TPA** : BUYLE-BODIN NICOLAS -> <t:1766048400:t> - <t:1766055600:t> en __S24__
<t:1766062800:D> **SAE Autonomie G3** : G3S1A -> <t:1766062800:t> - <t:1766070000:t> en __S27__

[2025-12-17T18:00:04.370Z] info: Sending message to channel 1395052422401101905: <t:1766041200:D> **R1.02-1 Web-TPB** : BUYLE-BODIN NICOLAS -> <t:1766041200:t> - <t:1766048400:t> en __S24__
<t:1766048400:D> **R1.05-2 SQL-TPB** : BENSLIMANE DJAMAL -> <t:1766048400:t> - <t:1766055600:t> en __S22__
<t:1766062800:D> **SAE Autonomie G3** : G3S1A -> <t:1766062800:t> - <t:1766070000:t> en __S27__

[2025-12-17T18:00:04.370Z] info: Message sent to channel 1395052422401101905: <t:1766041200:D> **R1.02-1 Web-TPB** : BUYLE-BODIN NICOLAS -> <t:1766041200:t> - <t:1766048400:t> en __S24__
<t:1766048400:D> **R1.05-2 SQL-TPB** : BENSLIMANE DJAMAL -> <t:1766048400:t> - <t:1766055600:t> en __S22__
<t:1766062800:D> **SAE Autonomie G3** : G3S1A -> <t:1766062800:t> - <t:1766070000:t> en __S27__

[2025-12-17T18:00:04.370Z] info: Sending message to channel 1395052443192266916: <t:1766041200:D> **R1.02-1 Web-TPA** : BEN HADID AMIRA -> <t:1766041200:t> - <t:1766048400:t> en __S27__
<t:1766048400:D> **R1.05-2 SQL-TPA** : BONNET CHRISTINE -> <t:1766048400:t> - <t:1766055600:t> en __S17__

[2025-12-17T18:00:04.371Z] info: Message sent to channel 1395052443192266916: <t:1766041200:D> **R1.02-1 Web-TPA** : BEN HADID AMIRA -> <t:1766041200:t> - <t:1766048400:t> en __S27__
<t:1766048400:D> **R1.05-2 SQL-TPA** : BONNET CHRISTINE -> <t:1766048400:t> - <t:1766055600:t> en __S17__

[2025-12-17T18:00:04.371Z] info: Sending message to channel 1395052467070177290: <t:1766041200:D> **R1.10 Anglais-TPB P2** : CANQUE FLORENCE -> <t:1766041200:t> - <t:1766048400:t> en __028__
<t:1766048400:D> **R1.02-1 Web-TPB** : BEN HADID AMIRA -> <t:1766048400:t> - <t:1766055600:t> en __S27__

[2025-12-17T18:00:04.371Z] info: Message sent to channel 1395052467070177290: <t:1766041200:D> **R1.10 Anglais-TPB P2** : CANQUE FLORENCE -> <t:1766041200:t> - <t:1766048400:t> en __028__
<t:1766048400:D> **R1.02-1 Web-TPB** : BEN HADID AMIRA -> <t:1766048400:t> - <t:1766055600:t> en __S27__

[2025-12-17T18:00:04.373Z] info: Sending message to channel 1395371275643256924: <t:1766048400:D> **21 R3.01-2 Développement Web  : Javascript-TD** : YACOUBI AYADI NADIA -> <t:1766048400:t> - <t:1766055600:t> en __S16__

[2025-12-17T18:00:04.373Z] info: Message sent to channel 1395371275643256924: <t:1766048400:D> **21 R3.01-2 Développement Web  : Javascript-TD** : YACOUBI AYADI NADIA -> <t:1766048400:t> - <t:1766055600:t> en __S16__

[2025-12-17T18:00:04.374Z] info: Sending message to channel 1395371292533723147: <t:1766048400:D> **21 R3.01-2 Développement Web  : Javascript-TD** : YACOUBI AYADI NADIA -> <t:1766048400:t> - <t:1766055600:t> en __S16__

[2025-12-17T18:00:04.374Z] info: Message sent to channel 1395371292533723147: <t:1766048400:D> **21 R3.01-2 Développement Web  : Javascript-TD** : YACOUBI AYADI NADIA -> <t:1766048400:t> - <t:1766055600:t> en __S16__

[2025-12-17T18:00:04.374Z] info: Sending message to channel 1395371451573600287: <t:1766041200:D> **21R3.04-1 Qualité de developpement-Conception-TD** : PEYTAVIE ADRIEN -> <t:1766041200:t> - <t:1766048400:t> en __S16__

[2025-12-17T18:00:04.374Z] info: Message sent to channel 1395371451573600287: <t:1766041200:D> **21R3.04-1 Qualité de developpement-Conception-TD** : PEYTAVIE ADRIEN -> <t:1766041200:t> - <t:1766048400:t> en __S16__

[2025-12-17T18:00:04.375Z] info: Sending message to channel 1395371471345553540: <t:1766041200:D> **21R3.04-1 Qualité de developpement-Conception-TD** : PEYTAVIE ADRIEN -> <t:1766041200:t> - <t:1766048400:t> en __S16__

[2025-12-17T18:00:04.375Z] info: Message sent to channel 1395371471345553540: <t:1766041200:D> **21R3.04-1 Qualité de developpement-Conception-TD** : PEYTAVIE ADRIEN -> <t:1766041200:t> - <t:1766048400:t> en __S16__

[2025-12-17T18:00:04.375Z] info: Sending message to channel 1395371506099425310: <t:1766041200:D> **12 R3.01-2 Développement Web  : Javascript-TD** : YACOUBI AYADI NADIA -> <t:1766041200:t> - <t:1766048400:t> en __S03__
<t:1766048400:D> **11 R3.11  Droit des contrats et du numérique-TD** : DUFOUR KARLINE -> <t:1766048400:t> - <t:1766055600:t> en __040__

[2025-12-17T18:00:04.376Z] info: Message sent to channel 1395371506099425310: <t:1766041200:D> **12 R3.01-2 Développement Web  : Javascript-TD** : YACOUBI AYADI NADIA -> <t:1766041200:t> - <t:1766048400:t> en __S03__
<t:1766048400:D> **11 R3.11  Droit des contrats et du numérique-TD** : DUFOUR KARLINE -> <t:1766048400:t> - <t:1766055600:t> en __040__

[2025-12-17T18:00:04.376Z] info: Sending message to channel 1395371591797575750: <t:1766041200:D> **12 R3.01-2 Développement Web  : Javascript-TD** : YACOUBI AYADI NADIA -> <t:1766041200:t> - <t:1766048400:t> en __S03__
<t:1766048400:D> **11 R3.11  Droit des contrats et du numérique-TD** : DUFOUR KARLINE -> <t:1766048400:t> - <t:1766055600:t> en __040__

[2025-12-17T18:00:04.376Z] info: Message sent to channel 1395371591797575750: <t:1766041200:D> **12 R3.01-2 Développement Web  : Javascript-TD** : YACOUBI AYADI NADIA -> <t:1766041200:t> - <t:1766048400:t> en __S03__
<t:1766048400:D> **11 R3.11  Droit des contrats et du numérique-TD** : DUFOUR KARLINE -> <t:1766048400:t> - <t:1766055600:t> en __040__

[2025-12-17T18:00:04.377Z] info: Sending message to channel 1409494181839376455: <t:1766048400:D> **21R5.A.04 Qualité algo** : WATRIGANT REMI -> <t:1766048400:t> - <t:1766055600:t> en __S26__
<t:1766061000:D> **11R5.A.04 Qualité algo** : WATRIGANT REMI -> <t:1766061000:t> - <t:1766068200:t> en __S26__
<t:1766068200:D> **R5.A.06 Programmation multimédia TPA** : PEYTAVIE ADRIEN -> <t:1766068200:t> - <t:1766075400:t> en __S26__

[2025-12-17T18:00:04.377Z] info: Message sent to channel 1409494181839376455: <t:1766048400:D> **21R5.A.04 Qualité algo** : WATRIGANT REMI -> <t:1766048400:t> - <t:1766055600:t> en __S26__
<t:1766061000:D> **11R5.A.04 Qualité algo** : WATRIGANT REMI -> <t:1766061000:t> - <t:1766068200:t> en __S26__
<t:1766068200:D> **R5.A.06 Programmation multimédia TPA** : PEYTAVIE ADRIEN -> <t:1766068200:t> - <t:1766075400:t> en __S26__

[2025-12-17T18:00:04.377Z] info: Sending message to channel 1409494206942286006: <t:1766041200:D> **11R5.A.07 Automatisation TPB** : BUSSON ANTHONY -> <t:1766041200:t> - <t:1766048400:t> en __S17__
<t:1766048400:D> **21R5.A.04 Qualité algo** : WATRIGANT REMI -> <t:1766048400:t> - <t:1766055600:t> en __S26__
<t:1766061000:D> **11R5.A.04 Qualité algo** : WATRIGANT REMI -> <t:1766061000:t> - <t:1766068200:t> en __S26__
<t:1766068200:D> **S5.A.01 SAE Dev avancé B** : BUT3 RA1B -> <t:1766068200:t> - <t:1766075400:t> en __S24__

[2025-12-17T18:00:04.378Z] info: Message sent to channel 1409494206942286006: <t:1766041200:D> **11R5.A.07 Automatisation TPB** : BUSSON ANTHONY -> <t:1766041200:t> - <t:1766048400:t> en __S17__
<t:1766048400:D> **21R5.A.04 Qualité algo** : WATRIGANT REMI -> <t:1766048400:t> - <t:1766055600:t> en __S26__
<t:1766061000:D> **11R5.A.04 Qualité algo** : WATRIGANT REMI -> <t:1766061000:t> - <t:1766068200:t> en __S26__
<t:1766068200:D> **S5.A.01 SAE Dev avancé B** : BUT3 RA1B -> <t:1766068200:t> - <t:1766075400:t> en __S24__

[2025-12-17T18:00:04.378Z] info: Sending message to channel 1409495503292338257: <t:1766041200:D> **11 R5.A.11 Aide à la décision TD RA** : JOUBERT AUDE -> <t:1766041200:t> - <t:1766048400:t> en __S13__
<t:1766048400:D> **S5.A.01 SAE Dev avancé AP** : PEYTAVIE ADRIEN -> <t:1766048400:t> - <t:1766055600:t> en __S13__
<t:1766061000:D> **R5.A.06 Programmation multimédia TPA** : PEYTAVIE ADRIEN -> <t:1766061000:t> - <t:1766068200:t> en __S13__
<t:1766068200:D> **S5.A.01 SAE Dev avancé** : BUT3 RA3A -> <t:1766068200:t> - <t:1766075400:t> en __S13__

[2025-12-17T18:00:04.379Z] info: Message sent to channel 1409495503292338257: <t:1766041200:D> **11 R5.A.11 Aide à la décision TD RA** : JOUBERT AUDE -> <t:1766041200:t> - <t:1766048400:t> en __S13__
<t:1766048400:D> **S5.A.01 SAE Dev avancé AP** : PEYTAVIE ADRIEN -> <t:1766048400:t> - <t:1766055600:t> en __S13__
<t:1766061000:D> **R5.A.06 Programmation multimédia TPA** : PEYTAVIE ADRIEN -> <t:1766061000:t> - <t:1766068200:t> en __S13__
<t:1766068200:D> **S5.A.01 SAE Dev avancé** : BUT3 RA3A -> <t:1766068200:t> - <t:1766075400:t> en __S13__

[2025-12-17T18:00:04.379Z] info: Sending message to channel 1409495513891344426: <t:1766041200:D> **11 R5.A.11 Aide à la décision TD RA** : JOUBERT AUDE -> <t:1766041200:t> - <t:1766048400:t> en __S13__
<t:1766048400:D> **S5.A.01 SAE Dev avancé AP** : PEYTAVIE ADRIEN -> <t:1766048400:t> - <t:1766055600:t> en __S13__
<t:1766061000:D> **S5.A.01 SAE Dev avancé B** : BUT3 RA3B -> <t:1766061000:t> - <t:1766068200:t> en __S16__
<t:1766068200:D> **S5.A.01 SAE Dev avancé** : BUT3 RA3A -> <t:1766068200:t> - <t:1766075400:t> en __S13__

[2025-12-17T18:00:04.379Z] info: Message sent to channel 1409495513891344426: <t:1766041200:D> **11 R5.A.11 Aide à la décision TD RA** : JOUBERT AUDE -> <t:1766041200:t> - <t:1766048400:t> en __S13__
<t:1766048400:D> **S5.A.01 SAE Dev avancé AP** : PEYTAVIE ADRIEN -> <t:1766048400:t> - <t:1766055600:t> en __S13__
<t:1766061000:D> **S5.A.01 SAE Dev avancé B** : BUT3 RA3B -> <t:1766061000:t> - <t:1766068200:t> en __S16__
<t:1766068200:D> **S5.A.01 SAE Dev avancé** : BUT3 RA3A -> <t:1766068200:t> - <t:1766075400:t> en __S13__

[2025-12-17T18:00:04.380Z] info: Sending message to channel 1409495882436706366: <t:1766041200:D> **R5.B.04 Bash-scripting** : TORTAY LOIC -> <t:1766041200:t> - <t:1766048400:t> en __S01__
<t:1766048400:D> **11 R5.B.08 Continuité de service Sauvegarde KC** : CHEKARI KARIM -> <t:1766048400:t> - <t:1766055600:t> en __S01__
<t:1766062800:D> **11 R5.B.05 Automatisation de la chaîne de production** : BUSSON ANTHONY -> <t:1766062800:t> - <t:1766070000:t> en __S01__
<t:1766070000:D> **21 R5.B.05 Automatisation de la chaîne de production** : BUSSON ANTHONY -> <t:1766070000:t> - <t:1766077200:t> en __S01__

[2025-12-17T18:00:04.380Z] info: Message sent to channel 1409495882436706366: <t:1766041200:D> **R5.B.04 Bash-scripting** : TORTAY LOIC -> <t:1766041200:t> - <t:1766048400:t> en __S01__
<t:1766048400:D> **11 R5.B.08 Continuité de service Sauvegarde KC** : CHEKARI KARIM -> <t:1766048400:t> - <t:1766055600:t> en __S01__
<t:1766062800:D> **11 R5.B.05 Automatisation de la chaîne de production** : BUSSON ANTHONY -> <t:1766062800:t> - <t:1766070000:t> en __S01__
<t:1766070000:D> **21 R5.B.05 Automatisation de la chaîne de production** : BUSSON ANTHONY -> <t:1766070000:t> - <t:1766077200:t> en __S01__

[2025-12-17T18:00:04.382Z] info: Sending message to channel 1409496113396060181: <t:1766041200:D> **11 R5.C.05-2 Base de données orientées graph** : KHEDDOUCI HAMAMACHE -> <t:1766041200:t> - <t:1766048400:t> en __S22__
<t:1766048400:D> **12 R5.C.09 Statistiques Inférentielles** : JOUBERT AUDE -> <t:1766048400:t> - <t:1766055600:t> en __S11__
<t:1766059200:D> **11 R5.C.11-1 Visualisation des données** : BONNEFOY CELINE -> <t:1766059200:t> - <t:1766066400:t> en __S22__
<t:1766066400:D> **12 R5.C.11-1 Visualisation des données** : BONNEFOY CELINE -> <t:1766066400:t> - <t:1766073600:t> en __S22__

[2025-12-17T18:00:04.382Z] info: Message sent to channel 1409496113396060181: <t:1766041200:D> **11 R5.C.05-2 Base de données orientées graph** : KHEDDOUCI HAMAMACHE -> <t:1766041200:t> - <t:1766048400:t> en __S22__
<t:1766048400:D> **12 R5.C.09 Statistiques Inférentielles** : JOUBERT AUDE -> <t:1766048400:t> - <t:1766055600:t> en __S11__
<t:1766059200:D> **11 R5.C.11-1 Visualisation des données** : BONNEFOY CELINE -> <t:1766059200:t> - <t:1766066400:t> en __S22__
<t:1766066400:D> **12 R5.C.11-1 Visualisation des données** : BONNEFOY CELINE -> <t:1766066400:t> - <t:1766073600:t> en __S22__

[2025-12-17T18:00:04.382Z] info: Daily timetables sent
[2025-12-18T18:00:00.597Z] info: Downloading ICS files for tomorrow for groups: aspea, aspeb, g1s1a, g1s1b, g2s1a, g2s1b, g3s1a, g3s1b, g4s1a, g4s1b, g5s1a, g5s1b, g1s3a, g1s3b, g2s3a, g2s3b, g3a2, g4s3a, g4s3b, but3ra1a, but3ra1b, but3ra2a, but3ra2b, but3ra3a, but3ra3b, but3dacs, but3aged
[2025-12-18T18:00:00.597Z] info: Downloading ICS file from https://edt.univ-lyon1.fr/jsp/custom/modules/plannings/anonymous_cal.jsp?resources=9272&projectId=1&calType=ical&firstDate=2025-12-19&lastDate=2025-12-19 to src/calendars/tomorrow/aspea.ics
[2025-12-18T18:00:01.024Z] info: ICS file downloaded successfully to src/calendars/tomorrow/aspea.ics
[2025-12-18T18:00:01.025Z] info: ICS file for aspea downloaded successfully.
[2025-12-18T18:00:01.025Z] info: Downloading ICS file from https://edt.univ-lyon1.fr/jsp/custom/modules/plannings/anonymous_cal.jsp?resources=18783&projectId=1&calType=ical&firstDate=2025-12-19&lastDate=2025-12-19 to src/calendars/tomorrow/aspeb.ics
[2025-12-18T18:00:01.365Z] info: ICS file downloaded successfully to src/calendars/tomorrow/aspeb.ics
[2025-12-18T18:00:01.367Z] info: ICS file for aspeb downloaded successfully.
[2025-12-18T18:00:01.367Z] info: Downloading ICS file from https://edt.univ-lyon1.fr/jsp/custom/modules/plannings/anonymous_cal.jsp?resources=12096&projectId=1&calType=ical&firstDate=2025-12-19&lastDate=2025-12-19 to src/calendars/tomorrow/g1s1a.ics
[2025-12-18T18:00:01.705Z] info: ICS file downloaded successfully to src/calendars/tomorrow/g1s1a.ics
[2025-12-18T18:00:01.705Z] info: ICS file for g1s1a downloaded successfully.
[2025-12-18T18:00:01.706Z] info: Downloading ICS file from https://edt.univ-lyon1.fr/jsp/custom/modules/plannings/anonymous_cal.jsp?resources=12102&projectId=1&calType=ical&firstDate=2025-12-19&lastDate=2025-12-19 to src/calendars/tomorrow/g1s1b.ics
[2025-12-18T18:00:02.044Z] info: ICS file downloaded successfully to src/calendars/tomorrow/g1s1b.ics
[2025-12-18T18:00:02.045Z] info: ICS file for g1s1b downloaded successfully.
[2025-12-18T18:00:02.045Z] info: Downloading ICS file from https://edt.univ-lyon1.fr/jsp/custom/modules/plannings/anonymous_cal.jsp?resources=12403&projectId=1&calType=ical&firstDate=2025-12-19&lastDate=2025-12-19 to src/calendars/tomorrow/g2s1a.ics
[2025-12-18T18:00:02.384Z] info: ICS file downloaded successfully to src/calendars/tomorrow/g2s1a.ics
[2025-12-18T18:00:02.385Z] info: ICS file for g2s1a downloaded successfully.
[2025-12-18T18:00:02.385Z] info: Downloading ICS file from https://edt.univ-lyon1.fr/jsp/custom/modules/plannings/anonymous_cal.jsp?resources=12406&projectId=1&calType=ical&firstDate=2025-12-19&lastDate=2025-12-19 to src/calendars/tomorrow/g2s1b.ics
[2025-12-18T18:00:02.610Z] info: ICS file downloaded successfully to src/calendars/tomorrow/g2s1b.ics
[2025-12-18T18:00:02.611Z] info: ICS file for g2s1b downloaded successfully.
[2025-12-18T18:00:02.611Z] info: Downloading ICS file from https://edt.univ-lyon1.fr/jsp/custom/modules/plannings/anonymous_cal.jsp?resources=12419&projectId=1&calType=ical&firstDate=2025-12-19&lastDate=2025-12-19 to src/calendars/tomorrow/g3s1a.ics
[2025-12-18T18:00:02.738Z] info: ICS file downloaded successfully to src/calendars/tomorrow/g3s1a.ics
[2025-12-18T18:00:02.738Z] info: ICS file for g3s1a downloaded successfully.
[2025-12-18T18:00:02.739Z] info: Downloading ICS file from https://edt.univ-lyon1.fr/jsp/custom/modules/plannings/anonymous_cal.jsp?resources=12425&projectId=1&calType=ical&firstDate=2025-12-19&lastDate=2025-12-19 to src/calendars/tomorrow/g3s1b.ics
[2025-12-18T18:00:02.880Z] info: ICS file downloaded successfully to src/calendars/tomorrow/g3s1b.ics
[2025-12-18T18:00:02.881Z] info: ICS file for g3s1b downloaded successfully.
[2025-12-18T18:00:02.881Z] info: Downloading ICS file from https://edt.univ-lyon1.fr/jsp/custom/modules/plannings/anonymous_cal.jsp?resources=12424&projectId=1&calType=ical&firstDate=2025-12-19&lastDate=2025-12-19 to src/calendars/tomorrow/g4s1a.ics
[2025-12-18T18:00:02.983Z] info: ICS file downloaded successfully to src/calendars/tomorrow/g4s1a.ics
[2025-12-18T18:00:02.984Z] info: ICS file for g4s1a downloaded successfully.
[2025-12-18T18:00:02.984Z] info: Downloading ICS file from https://edt.univ-lyon1.fr/jsp/custom/modules/plannings/anonymous_cal.jsp?resources=12444&projectId=1&calType=ical&firstDate=2025-12-19&lastDate=2025-12-19 to src/calendars/tomorrow/g4s1b.ics
[2025-12-18T18:00:03.096Z] info: ICS file downloaded successfully to src/calendars/tomorrow/g4s1b.ics
[2025-12-18T18:00:03.097Z] info: ICS file for g4s1b downloaded successfully.
[2025-12-18T18:00:03.097Z] info: Downloading ICS file from https://edt.univ-lyon1.fr/jsp/custom/modules/plannings/anonymous_cal.jsp?resources=12460&projectId=1&calType=ical&firstDate=2025-12-19&lastDate=2025-12-19 to src/calendars/tomorrow/g5s1a.ics
[2025-12-18T18:00:03.195Z] info: ICS file downloaded successfully to src/calendars/tomorrow/g5s1a.ics
[2025-12-18T18:00:03.196Z] info: ICS file for g5s1a downloaded successfully.
[2025-12-18T18:00:03.196Z] info: Downloading ICS file from https://edt.univ-lyon1.fr/jsp/custom/modules/plannings/anonymous_cal.jsp?resources=12461&projectId=1&calType=ical&firstDate=2025-12-19&lastDate=2025-12-19 to src/calendars/tomorrow/g5s1b.ics
[2025-12-18T18:00:03.311Z] info: ICS file downloaded successfully to src/calendars/tomorrow/g5s1b.ics
[2025-12-18T18:00:03.311Z] info: ICS file for g5s1b downloaded successfully.
[2025-12-18T18:00:03.312Z] info: Downloading ICS file from https://edt.univ-lyon1.fr/jsp/custom/modules/plannings/anonymous_cal.jsp?resources=35708&projectId=1&calType=ical&firstDate=2025-12-19&lastDate=2025-12-19 to src/calendars/tomorrow/g1s3a.ics
[2025-12-18T18:00:03.440Z] info: ICS file downloaded successfully to src/calendars/tomorrow/g1s3a.ics
[2025-12-18T18:00:03.441Z] info: ICS file for g1s3a downloaded successfully.
[2025-12-18T18:00:03.441Z] info: Downloading ICS file from https://edt.univ-lyon1.fr/jsp/custom/modules/plannings/anonymous_cal.jsp?resources=35709&projectId=1&calType=ical&firstDate=2025-12-19&lastDate=2025-12-19 to src/calendars/tomorrow/g1s3b.ics
[2025-12-18T18:00:03.543Z] info: ICS file downloaded successfully to src/calendars/tomorrow/g1s3b.ics
[2025-12-18T18:00:03.543Z] info: ICS file for g1s3b downloaded successfully.
[2025-12-18T18:00:03.543Z] info: Downloading ICS file from https://edt.univ-lyon1.fr/jsp/custom/modules/plannings/anonymous_cal.jsp?resources=35710&projectId=1&calType=ical&firstDate=2025-12-19&lastDate=2025-12-19 to src/calendars/tomorrow/g2s3a.ics
[2025-12-18T18:00:03.648Z] info: ICS file downloaded successfully to src/calendars/tomorrow/g2s3a.ics
[2025-12-18T18:00:03.649Z] info: ICS file for g2s3a downloaded successfully.
[2025-12-18T18:00:03.649Z] info: Downloading ICS file from https://edt.univ-lyon1.fr/jsp/custom/modules/plannings/anonymous_cal.jsp?resources=35713&projectId=1&calType=ical&firstDate=2025-12-19&lastDate=2025-12-19 to src/calendars/tomorrow/g2s3b.ics
[2025-12-18T18:00:03.801Z] info: ICS file downloaded successfully to src/calendars/tomorrow/g2s3b.ics
[2025-12-18T18:00:03.801Z] info: ICS file for g2s3b downloaded successfully.
[2025-12-18T18:00:03.801Z] info: Downloading ICS file from https://edt.univ-lyon1.fr/jsp/custom/modules/plannings/anonymous_cal.jsp?resources=35714&projectId=1&calType=ical&firstDate=2025-12-19&lastDate=2025-12-19 to src/calendars/tomorrow/g3a2.ics
[2025-12-18T18:00:03.935Z] info: ICS file downloaded successfully to src/calendars/tomorrow/g3a2.ics
[2025-12-18T18:00:03.936Z] info: ICS file for g3a2 downloaded successfully.
[2025-12-18T18:00:03.936Z] info: Downloading ICS file from https://edt.univ-lyon1.fr/jsp/custom/modules/plannings/anonymous_cal.jsp?resources=35717&projectId=1&calType=ical&firstDate=2025-12-19&lastDate=2025-12-19 to src/calendars/tomorrow/g4s3a.ics
[2025-12-18T18:00:04.032Z] info: ICS file downloaded successfully to src/calendars/tomorrow/g4s3a.ics
[2025-12-18T18:00:04.032Z] info: ICS file for g4s3a downloaded successfully.
[2025-12-18T18:00:04.033Z] info: Downloading ICS file from https://edt.univ-lyon1.fr/jsp/custom/modules/plannings/anonymous_cal.jsp?resources=35718&projectId=1&calType=ical&firstDate=2025-12-19&lastDate=2025-12-19 to src/calendars/tomorrow/g4s3b.ics
[2025-12-18T18:00:04.118Z] info: ICS file downloaded successfully to src/calendars/tomorrow/g4s3b.ics
[2025-12-18T18:00:04.118Z] info: ICS file for g4s3b downloaded successfully.
[2025-12-18T18:00:04.119Z] info: Downloading ICS file from https://edt.univ-lyon1.fr/jsp/custom/modules/plannings/anonymous_cal.jsp?resources=6161&projectId=1&calType=ical&firstDate=2025-12-19&lastDate=2025-12-19 to src/calendars/tomorrow/but3ra1a.ics
[2025-12-18T18:00:04.206Z] info: ICS file downloaded successfully to src/calendars/tomorrow/but3ra1a.ics
[2025-12-18T18:00:04.207Z] info: ICS file for but3ra1a downloaded successfully.
[2025-12-18T18:00:04.207Z] info: Downloading ICS file from https://edt.univ-lyon1.fr/jsp/custom/modules/plannings/anonymous_cal.jsp?resources=6163&projectId=1&calType=ical&firstDate=2025-12-19&lastDate=2025-12-19 to src/calendars/tomorrow/but3ra1b.ics
[2025-12-18T18:00:04.343Z] info: ICS file downloaded successfully to src/calendars/tomorrow/but3ra1b.ics
[2025-12-18T18:00:04.343Z] info: ICS file for but3ra1b downloaded successfully.
[2025-12-18T18:00:04.343Z] info: Downloading ICS file from https://edt.univ-lyon1.fr/jsp/custom/modules/plannings/anonymous_cal.jsp?resources=6165&projectId=1&calType=ical&firstDate=2025-12-19&lastDate=2025-12-19 to src/calendars/tomorrow/but3ra2a.ics
[2025-12-18T18:00:04.464Z] info: ICS file downloaded successfully to src/calendars/tomorrow/but3ra2a.ics
[2025-12-18T18:00:04.464Z] info: ICS file for but3ra2a downloaded successfully.
[2025-12-18T18:00:04.464Z] info: Downloading ICS file from https://edt.univ-lyon1.fr/jsp/custom/modules/plannings/anonymous_cal.jsp?resources=6168&projectId=1&calType=ical&firstDate=2025-12-19&lastDate=2025-12-19 to src/calendars/tomorrow/but3ra2b.ics
[2025-12-18T18:00:04.543Z] info: ICS file downloaded successfully to src/calendars/tomorrow/but3ra2b.ics
[2025-12-18T18:00:04.544Z] info: ICS file for but3ra2b downloaded successfully.
[2025-12-18T18:00:04.544Z] info: Downloading ICS file from https://edt.univ-lyon1.fr/jsp/custom/modules/plannings/anonymous_cal.jsp?resources=14059&projectId=1&calType=ical&firstDate=2025-12-19&lastDate=2025-12-19 to src/calendars/tomorrow/but3ra3a.ics
[2025-12-18T18:00:04.675Z] info: ICS file downloaded successfully to src/calendars/tomorrow/but3ra3a.ics
[2025-12-18T18:00:04.675Z] info: ICS file for but3ra3a downloaded successfully.
[2025-12-18T18:00:04.676Z] info: Downloading ICS file from https://edt.univ-lyon1.fr/jsp/custom/modules/plannings/anonymous_cal.jsp?resources=14064&projectId=1&calType=ical&firstDate=2025-12-19&lastDate=2025-12-19 to src/calendars/tomorrow/but3ra3b.ics
[2025-12-18T18:00:04.764Z] info: ICS file downloaded successfully to src/calendars/tomorrow/but3ra3b.ics
[2025-12-18T18:00:04.765Z] info: ICS file for but3ra3b downloaded successfully.
[2025-12-18T18:00:04.765Z] info: Downloading ICS file from https://edt.univ-lyon1.fr/jsp/custom/modules/plannings/anonymous_cal.jsp?resources=6136&projectId=1&calType=ical&firstDate=2025-12-19&lastDate=2025-12-19 to src/calendars/tomorrow/but3dacs.ics
[2025-12-18T18:00:04.870Z] info: ICS file downloaded successfully to src/calendars/tomorrow/but3dacs.ics
[2025-12-18T18:00:04.871Z] info: ICS file for but3dacs downloaded successfully.
[2025-12-18T18:00:04.871Z] info: Downloading ICS file from https://edt.univ-lyon1.fr/jsp/custom/modules/plannings/anonymous_cal.jsp?resources=6048&projectId=1&calType=ical&firstDate=2025-12-19&lastDate=2025-12-19 to src/calendars/tomorrow/but3aged.ics
[2025-12-18T18:00:05.012Z] info: ICS file downloaded successfully to src/calendars/tomorrow/but3aged.ics
[2025-12-18T18:00:05.013Z] info: ICS file for but3aged downloaded successfully.
[2025-12-18T18:00:05.013Z] info: Sending daily timetables
[2025-12-18T18:00:05.020Z] info: Sending message to channel 1395371772550975558: <t:1766127600:D> **21Analyse et conception objet** : PERNELLE PHILIPPE -> <t:1766127600:t> - <t:1766134800:t> en __S27__
<t:1766134800:D> **11Analyse et conception objet** : PERNELLE PHILIPPE -> <t:1766134800:t> - <t:1766142000:t> en __S27__
<t:1766147400:D> **Java-TP** : VIDAL VINCENT -> <t:1766147400:t> - <t:1766154600:t> en __S26__

[2025-12-18T18:00:05.021Z] info: Message sent to channel 1395371772550975558: <t:1766127600:D> **21Analyse et conception objet** : PERNELLE PHILIPPE -> <t:1766127600:t> - <t:1766134800:t> en __S27__
<t:1766134800:D> **11Analyse et conception objet** : PERNELLE PHILIPPE -> <t:1766134800:t> - <t:1766142000:t> en __S27__
<t:1766147400:D> **Java-TP** : VIDAL VINCENT -> <t:1766147400:t> - <t:1766154600:t> en __S26__

[2025-12-18T18:00:05.022Z] info: Sending message to channel 1395052296521646282: <t:1766127600:D> **SAE Autonomie G1** : G1S1A -> <t:1766127600:t> - <t:1766134800:t> en __S24__
<t:1766134800:D> **SAE 101 102 Initiation Dev** : BUYLE-BODIN NICOLAS -> <t:1766134800:t> - <t:1766142000:t> en __S03__
<t:1766147400:D> **R1.12 PPP-TPA** : DECHAVANNE LAURINE -> <t:1766147400:t> - <t:1766154600:t> en __S17__
<t:1766154600:D> **R1.02-1 Web-TPA** : BUYLE-BODIN NICOLAS -> <t:1766154600:t> - <t:1766161800:t> en __S22__

[2025-12-18T18:00:05.022Z] info: Message sent to channel 1395052296521646282: <t:1766127600:D> **SAE Autonomie G1** : G1S1A -> <t:1766127600:t> - <t:1766134800:t> en __S24__
<t:1766134800:D> **SAE 101 102 Initiation Dev** : BUYLE-BODIN NICOLAS -> <t:1766134800:t> - <t:1766142000:t> en __S03__
<t:1766147400:D> **R1.12 PPP-TPA** : DECHAVANNE LAURINE -> <t:1766147400:t> - <t:1766154600:t> en __S17__
<t:1766154600:D> **R1.02-1 Web-TPA** : BUYLE-BODIN NICOLAS -> <t:1766154600:t> - <t:1766161800:t> en __S22__

[2025-12-18T18:00:05.023Z] info: Sending message to channel 1395052332969885726: <t:1766127600:D> **SAE Autonomie G1** : G1S1A -> <t:1766127600:t> - <t:1766134800:t> en __S24__
<t:1766134800:D> **SAE 101 102 Initiation Dev** : BUYLE-BODIN NICOLAS -> <t:1766134800:t> - <t:1766142000:t> en __S03__
<t:1766147400:D> **R1.02-1 Web-TPB** : BUYLE-BODIN NICOLAS -> <t:1766147400:t> - <t:1766154600:t> en __S22__

[2025-12-18T18:00:05.023Z] info: Message sent to channel 1395052332969885726: <t:1766127600:D> **SAE Autonomie G1** : G1S1A -> <t:1766127600:t> - <t:1766134800:t> en __S24__
<t:1766134800:D> **SAE 101 102 Initiation Dev** : BUYLE-BODIN NICOLAS -> <t:1766134800:t> - <t:1766142000:t> en __S03__
<t:1766147400:D> **R1.02-1 Web-TPB** : BUYLE-BODIN NICOLAS -> <t:1766147400:t> - <t:1766154600:t> en __S22__

[2025-12-18T18:00:05.023Z] info: Sending message to channel 1395052379866660874: <t:1766134800:D> **SAE Autonomie G2** : G2S1A -> <t:1766134800:t> - <t:1766142000:t> en __S26__
<t:1766147400:D> **R1.02-1 Web-TPA** : LEROUX STEPHANE -> <t:1766147400:t> - <t:1766154600:t> en __S16__
<t:1766154600:D> **R1.12 PPP-TPA** : DECHAVANNE LAURINE -> <t:1766154600:t> - <t:1766161800:t> en __S14__

[2025-12-18T18:00:05.024Z] info: Message sent to channel 1395052379866660874: <t:1766134800:D> **SAE Autonomie G2** : G2S1A -> <t:1766134800:t> - <t:1766142000:t> en __S26__
<t:1766147400:D> **R1.02-1 Web-TPA** : LEROUX STEPHANE -> <t:1766147400:t> - <t:1766154600:t> en __S16__
<t:1766154600:D> **R1.12 PPP-TPA** : DECHAVANNE LAURINE -> <t:1766154600:t> - <t:1766161800:t> en __S14__

[2025-12-18T18:00:05.024Z] info: Sending message to channel 1395052392092930048: <t:1766134800:D> **SAE Autonomie G2** : G2S1A -> <t:1766134800:t> - <t:1766142000:t> en __S26__

[2025-12-18T18:00:05.024Z] info: Message sent to channel 1395052392092930048: <t:1766134800:D> **SAE Autonomie G2** : G2S1A -> <t:1766134800:t> - <t:1766142000:t> en __S26__

[2025-12-18T18:00:05.025Z] info: Sending message to channel 1395056179914473612: <t:1766134800:D> **R1.01 initation dev TD P15** : VIDAL VINCENT -> <t:1766134800:t> - <t:1766142000:t> en __040__
<t:1766154600:D> **R1.04 Intro Systèmes-PE** : PARAUD JEAN-CHRISTOPHE -> <t:1766154600:t> - <t:1766161800:t> en __S17__

[2025-12-18T18:00:05.025Z] info: Message sent to channel 1395056179914473612: <t:1766134800:D> **R1.01 initation dev TD P15** : VIDAL VINCENT -> <t:1766134800:t> - <t:1766142000:t> en __040__
<t:1766154600:D> **R1.04 Intro Systèmes-PE** : PARAUD JEAN-CHRISTOPHE -> <t:1766154600:t> - <t:1766161800:t> en __S17__

[2025-12-18T18:00:05.025Z] info: Sending message to channel 1395052422401101905: <t:1766134800:D> **R1.01 initation dev TD P15** : VIDAL VINCENT -> <t:1766134800:t> - <t:1766142000:t> en __040__
<t:1766154600:D> **R1.04 Intro Systèmes-PE** : PARAUD JEAN-CHRISTOPHE -> <t:1766154600:t> - <t:1766161800:t> en __S17__

[2025-12-18T18:00:05.025Z] info: Message sent to channel 1395052422401101905: <t:1766134800:D> **R1.01 initation dev TD P15** : VIDAL VINCENT -> <t:1766134800:t> - <t:1766142000:t> en __040__
<t:1766154600:D> **R1.04 Intro Systèmes-PE** : PARAUD JEAN-CHRISTOPHE -> <t:1766154600:t> - <t:1766161800:t> en __S17__

[2025-12-18T18:00:05.026Z] info: Sending message to channel 1395052443192266916: <t:1766127600:D> **R1.04 Intro Systèmes-PE** : BUYLE-BODIN NICOLAS -> <t:1766127600:t> - <t:1766134800:t> en __S16__
<t:1766134800:D> **R1.01 Initiation dev-TPA** : NDIAYE SAMBA NDOJH -> <t:1766134800:t> - <t:1766142000:t> en __S14__

[2025-12-18T18:00:05.026Z] info: Message sent to channel 1395052443192266916: <t:1766127600:D> **R1.04 Intro Systèmes-PE** : BUYLE-BODIN NICOLAS -> <t:1766127600:t> - <t:1766134800:t> en __S16__
<t:1766134800:D> **R1.01 Initiation dev-TPA** : NDIAYE SAMBA NDOJH -> <t:1766134800:t> - <t:1766142000:t> en __S14__

[2025-12-18T18:00:05.026Z] info: Sending message to channel 1395052467070177290: <t:1766127600:D> **R1.04 Intro Systèmes-PE** : BUYLE-BODIN NICOLAS -> <t:1766127600:t> - <t:1766134800:t> en __S16__
<t:1766134800:D> **R1.05-2 SQL-TPB** : BONNET CHRISTINE -> <t:1766134800:t> - <t:1766142000:t> en __S24__
<t:1766147400:D> **R1.01 Initiation dev-TPB** : NDIAYE SAMBA NDOJH -> <t:1766147400:t> - <t:1766154600:t> en __S24__

[2025-12-18T18:00:05.027Z] info: Message sent to channel 1395052467070177290: <t:1766127600:D> **R1.04 Intro Systèmes-PE** : BUYLE-BODIN NICOLAS -> <t:1766127600:t> - <t:1766134800:t> en __S16__
<t:1766134800:D> **R1.05-2 SQL-TPB** : BONNET CHRISTINE -> <t:1766134800:t> - <t:1766142000:t> en __S24__
<t:1766147400:D> **R1.01 Initiation dev-TPB** : NDIAYE SAMBA NDOJH -> <t:1766147400:t> - <t:1766154600:t> en __S24__

[2025-12-18T18:00:05.027Z] info: Sending message to channel 1395052827985842288: <t:1766127600:D> **SAE 101 102 Initiation Dev** : DAUTRAIX ISABELLE -> <t:1766127600:t> - <t:1766134800:t> en __S03__
<t:1766134800:D> **24 R1.06 Maths discrètes TD** : LEROUX STEPHANE -> <t:1766134800:t> - <t:1766142000:t> en __S12__
<t:1766147400:D> **R1.02-1 Web-TPA** : BEN HADID AMIRA -> <t:1766147400:t> - <t:1766154600:t> en __S03__

[2025-12-18T18:00:05.027Z] info: Message sent to channel 1395052827985842288: <t:1766127600:D> **SAE 101 102 Initiation Dev** : DAUTRAIX ISABELLE -> <t:1766127600:t> - <t:1766134800:t> en __S03__
<t:1766134800:D> **24 R1.06 Maths discrètes TD** : LEROUX STEPHANE -> <t:1766134800:t> - <t:1766142000:t> en __S12__
<t:1766147400:D> **R1.02-1 Web-TPA** : BEN HADID AMIRA -> <t:1766147400:t> - <t:1766154600:t> en __S03__

[2025-12-18T18:00:05.028Z] info: Sending message to channel 1395052882486890707: <t:1766127600:D> **SAE 101 102 Initiation Dev** : DAUTRAIX ISABELLE -> <t:1766127600:t> - <t:1766134800:t> en __S03__
<t:1766134800:D> **24 R1.06 Maths discrètes TD** : LEROUX STEPHANE -> <t:1766134800:t> - <t:1766142000:t> en __S12__
<t:1766147400:D> **R1.01 Initiation dev-TPB** : ZEITOUN SEBASTIEN -> <t:1766147400:t> - <t:1766154600:t> en __S27__
<t:1766154600:D> **R1.02-1 Web-TPB** : BEN HADID AMIRA -> <t:1766154600:t> - <t:1766161800:t> en __S03__

[2025-12-18T18:00:05.028Z] info: Message sent to channel 1395052882486890707: <t:1766127600:D> **SAE 101 102 Initiation Dev** : DAUTRAIX ISABELLE -> <t:1766127600:t> - <t:1766134800:t> en __S03__
<t:1766134800:D> **24 R1.06 Maths discrètes TD** : LEROUX STEPHANE -> <t:1766134800:t> - <t:1766142000:t> en __S12__
<t:1766147400:D> **R1.01 Initiation dev-TPB** : ZEITOUN SEBASTIEN -> <t:1766147400:t> - <t:1766154600:t> en __S27__
<t:1766154600:D> **R1.02-1 Web-TPB** : BEN HADID AMIRA -> <t:1766154600:t> - <t:1766161800:t> en __S03__

[2025-12-18T18:00:05.028Z] info: Sending message to channel 1395371275643256924: <t:1766127600:D> **12 R3.01-2 Développement Web  : Javascript-TD** : YACOUBI AYADI NADIA -> <t:1766127600:t> - <t:1766134800:t> en __S17__
<t:1766140200:D> **12 R3.12 Anglais-TD** : GARACCI DANIEL -> <t:1766140200:t> - <t:1766147400:t> en __026-Langues__

[2025-12-18T18:00:05.029Z] info: Message sent to channel 1395371275643256924: <t:1766127600:D> **12 R3.01-2 Développement Web  : Javascript-TD** : YACOUBI AYADI NADIA -> <t:1766127600:t> - <t:1766134800:t> en __S17__
<t:1766140200:D> **12 R3.12 Anglais-TD** : GARACCI DANIEL -> <t:1766140200:t> - <t:1766147400:t> en __026-Langues__

[2025-12-18T18:00:05.029Z] info: Sending message to channel 1395371292533723147: <t:1766127600:D> **12 R3.01-2 Développement Web  : Javascript-TD** : YACOUBI AYADI NADIA -> <t:1766127600:t> - <t:1766134800:t> en __S17__
<t:1766140200:D> **12 R3.12 Anglais-TD** : GARACCI DANIEL -> <t:1766140200:t> - <t:1766147400:t> en __026-Langues__

[2025-12-18T18:00:05.029Z] info: Message sent to channel 1395371292533723147: <t:1766127600:D> **12 R3.01-2 Développement Web  : Javascript-TD** : YACOUBI AYADI NADIA -> <t:1766127600:t> - <t:1766134800:t> en __S17__
<t:1766140200:D> **12 R3.12 Anglais-TD** : GARACCI DANIEL -> <t:1766140200:t> - <t:1766147400:t> en __026-Langues__

[2025-12-18T18:00:05.031Z] info: Sending message to channel 1395371506099425310: <t:1766134800:D> **21 R3.01-2 Développement Web  : Javascript-TD** : YACOUBI AYADI NADIA -> <t:1766134800:t> - <t:1766142000:t> en __S17__
<t:1766147400:D> **12 R3.12 Anglais-TD** : GARACCI DANIEL -> <t:1766147400:t> - <t:1766154600:t> en __026-Langues__
<t:1766154600:D> **R3.14 PPP** : DEBOUTE JOCELYNE -> <t:1766154600:t> - <t:1766161800:t> en __040__

[2025-12-18T18:00:05.031Z] info: Message sent to channel 1395371506099425310: <t:1766134800:D> **21 R3.01-2 Développement Web  : Javascript-TD** : YACOUBI AYADI NADIA -> <t:1766134800:t> - <t:1766142000:t> en __S17__
<t:1766147400:D> **12 R3.12 Anglais-TD** : GARACCI DANIEL -> <t:1766147400:t> - <t:1766154600:t> en __026-Langues__
<t:1766154600:D> **R3.14 PPP** : DEBOUTE JOCELYNE -> <t:1766154600:t> - <t:1766161800:t> en __040__

[2025-12-18T18:00:05.032Z] info: Sending message to channel 1395371591797575750: <t:1766134800:D> **21 R3.01-2 Développement Web  : Javascript-TD** : YACOUBI AYADI NADIA -> <t:1766134800:t> - <t:1766142000:t> en __S17__
<t:1766147400:D> **12 R3.12 Anglais-TD** : GARACCI DANIEL -> <t:1766147400:t> - <t:1766154600:t> en __026-Langues__
<t:1766154600:D> **R3.14 PPP** : DEBOUTE JOCELYNE -> <t:1766154600:t> - <t:1766161800:t> en __040__

[2025-12-18T18:00:05.032Z] info: Message sent to channel 1395371591797575750: <t:1766134800:D> **21 R3.01-2 Développement Web  : Javascript-TD** : YACOUBI AYADI NADIA -> <t:1766134800:t> - <t:1766142000:t> en __S17__
<t:1766147400:D> **12 R3.12 Anglais-TD** : GARACCI DANIEL -> <t:1766147400:t> - <t:1766154600:t> en __026-Langues__
<t:1766154600:D> **R3.14 PPP** : DEBOUTE JOCELYNE -> <t:1766154600:t> - <t:1766161800:t> en __040__

[2025-12-18T18:00:05.032Z] info: Sending message to channel 1409494181839376455: <t:1766127600:D> **S5.A.01 SAE Dev avancé** : BUT3 RA1B -> <t:1766127600:t> - <t:1766134800:t> en __S26__
<t:1766134800:D> **S5.A.01 SAE Dev avancé** : BUT3 RA1B -> <t:1766134800:t> - <t:1766142000:t> en __S16__
<t:1766147400:D> **31R5.03 Communication TPA** : DEBOUTE JOCELYNE -> <t:1766147400:t> - <t:1766154600:t> en __040__

[2025-12-18T18:00:05.033Z] info: Message sent to channel 1409494181839376455: <t:1766127600:D> **S5.A.01 SAE Dev avancé** : BUT3 RA1B -> <t:1766127600:t> - <t:1766134800:t> en __S26__
<t:1766134800:D> **S5.A.01 SAE Dev avancé** : BUT3 RA1B -> <t:1766134800:t> - <t:1766142000:t> en __S16__
<t:1766147400:D> **31R5.03 Communication TPA** : DEBOUTE JOCELYNE -> <t:1766147400:t> - <t:1766154600:t> en __040__

[2025-12-18T18:00:05.033Z] info: Sending message to channel 1409494206942286006: <t:1766127600:D> **S5.A.01 SAE Dev avancé** : BUT3 RA1B -> <t:1766127600:t> - <t:1766134800:t> en __S26__
<t:1766134800:D> **S5.A.01 SAE Dev avancé** : BUT3 RA1B -> <t:1766134800:t> - <t:1766142000:t> en __S16__
<t:1766147400:D> **R5.A.14 Anglais TPB** : BESSAC MARIETTE -> <t:1766147400:t> - <t:1766154600:t> en __028__

[2025-12-18T18:00:05.033Z] info: Message sent to channel 1409494206942286006: <t:1766127600:D> **S5.A.01 SAE Dev avancé** : BUT3 RA1B -> <t:1766127600:t> - <t:1766134800:t> en __S26__
<t:1766134800:D> **S5.A.01 SAE Dev avancé** : BUT3 RA1B -> <t:1766134800:t> - <t:1766142000:t> en __S16__
<t:1766147400:D> **R5.A.14 Anglais TPB** : BESSAC MARIETTE -> <t:1766147400:t> - <t:1766154600:t> en __028__

[2025-12-18T18:00:05.034Z] info: Sending message to channel 1409495503292338257: <t:1766127600:D> **21R5.A.07 Automatisation** : BUSSON ANTHONY -> <t:1766127600:t> - <t:1766134800:t> en __S13__
<t:1766134800:D> **11R5.A.07 Automatisation** : BUSSON ANTHONY -> <t:1766134800:t> - <t:1766142000:t> en __S13__
<t:1766147400:D> **11R5.A.04 Qualité algo** : PARREAU ALINE -> <t:1766147400:t> - <t:1766154600:t> en __S13__
<t:1766154600:D> **S5.A.01 SAE Dev avancé** : BUT3 RA3A -> <t:1766154600:t> - <t:1766161800:t> en __S13__

[2025-12-18T18:00:05.034Z] info: Message sent to channel 1409495503292338257: <t:1766127600:D> **21R5.A.07 Automatisation** : BUSSON ANTHONY -> <t:1766127600:t> - <t:1766134800:t> en __S13__
<t:1766134800:D> **11R5.A.07 Automatisation** : BUSSON ANTHONY -> <t:1766134800:t> - <t:1766142000:t> en __S13__
<t:1766147400:D> **11R5.A.04 Qualité algo** : PARREAU ALINE -> <t:1766147400:t> - <t:1766154600:t> en __S13__
<t:1766154600:D> **S5.A.01 SAE Dev avancé** : BUT3 RA3A -> <t:1766154600:t> - <t:1766161800:t> en __S13__

[2025-12-18T18:00:05.035Z] info: Sending message to channel 1409495513891344426: <t:1766127600:D> **21R5.A.07 Automatisation** : BUSSON ANTHONY -> <t:1766127600:t> - <t:1766134800:t> en __S13__
<t:1766134800:D> **11R5.A.07 Automatisation** : BUSSON ANTHONY -> <t:1766134800:t> - <t:1766142000:t> en __S13__
<t:1766147400:D> **11R5.A.04 Qualité algo** : PARREAU ALINE -> <t:1766147400:t> - <t:1766154600:t> en __S13__
<t:1766154600:D> **S5.A.01 SAE Dev avancé** : BUT3 RA3A -> <t:1766154600:t> - <t:1766161800:t> en __S13__

[2025-12-18T18:00:05.035Z] info: Message sent to channel 1409495513891344426: <t:1766127600:D> **21R5.A.07 Automatisation** : BUSSON ANTHONY -> <t:1766127600:t> - <t:1766134800:t> en __S13__
<t:1766134800:D> **11R5.A.07 Automatisation** : BUSSON ANTHONY -> <t:1766134800:t> - <t:1766142000:t> en __S13__
<t:1766147400:D> **11R5.A.04 Qualité algo** : PARREAU ALINE -> <t:1766147400:t> - <t:1766154600:t> en __S13__
<t:1766154600:D> **S5.A.01 SAE Dev avancé** : BUT3 RA3A -> <t:1766154600:t> - <t:1766161800:t> en __S13__

[2025-12-18T18:00:05.035Z] info: Sending message to channel 1409495882436706366: <t:1766127600:D> **Perfectionnement en système et réseau P1 BARON** : BARON ARIANE -> <t:1766127600:t> - <t:1766134800:t> en __S01__
<t:1766134800:D> **Perfectionnement en système et réseau P1 BARON** : BARON ARIANE -> <t:1766134800:t> - <t:1766142000:t> en __S01__
<t:1766147400:D> **14 R5.B.07 Virtualisation avancée** : MOMMEY MARTIN -> <t:1766147400:t> - <t:1766154600:t> en __S01,S23 - TP réseau__
<t:1766154600:D> **24 R5.B.07 Virtualisation avancée** : MOMMEY MARTIN -> <t:1766154600:t> - <t:1766161800:t> en __S01,S23 - TP réseau__

[2025-12-18T18:00:05.036Z] info: Message sent to channel 1409495882436706366: <t:1766127600:D> **Perfectionnement en système et réseau P1 BARON** : BARON ARIANE -> <t:1766127600:t> - <t:1766134800:t> en __S01__
<t:1766134800:D> **Perfectionnement en système et réseau P1 BARON** : BARON ARIANE -> <t:1766134800:t> - <t:1766142000:t> en __S01__
<t:1766147400:D> **14 R5.B.07 Virtualisation avancée** : MOMMEY MARTIN -> <t:1766147400:t> - <t:1766154600:t> en __S01,S23 - TP réseau__
<t:1766154600:D> **24 R5.B.07 Virtualisation avancée** : MOMMEY MARTIN -> <t:1766154600:t> - <t:1766161800:t> en __S01,S23 - TP réseau__

[2025-12-18T18:00:05.036Z] info: Sending message to channel 1409496113396060181: <t:1766134800:D> **11 R5.C.04 Programmation Web** : KHEDDOUCI HAMAMACHE -> <t:1766134800:t> - <t:1766142000:t> en __S22__

[2025-12-18T18:00:05.036Z] info: Message sent to channel 1409496113396060181: <t:1766134800:D> **11 R5.C.04 Programmation Web** : KHEDDOUCI HAMAMACHE -> <t:1766134800:t> - <t:1766142000:t> en __S22__

[2025-12-18T18:00:05.036Z] info: Daily timetables sent
