[2026-01-10T22:58:25.697Z] info: Discord bot is ready! 🤖
[2026-01-10T23:02:02.904Z] info: Received command: ping from user: 1280802417100980258
[2026-01-11T17:50:00.879Z] info: Downloading ICS files for next week for groups: aspea, aspeb, g1s1a, g1s1b, g2s1a, g2s1b, g3s1a, g3s1b, g4s1a, g4s1b, g5s1a, g5s1b, g1s3a, g1s3b, g2s3a, g2s3b, g3a2, g4s3a, g4s3b, but3ra1a, but3ra1b, but3ra2a, but3ra2b, but3ra3a, but3ra3b, but3dacs, but3aged
[2026-01-11T17:50:00.886Z] info: Downloading ICS file from https://edt.univ-lyon1.fr/jsp/custom/modules/plannings/anonymous_cal.jsp?resources=9272&projectId=1&calType=ical&firstDate=2026-01-12&lastDate=2026-01-18 to src/calendars/nextweek/aspea.ics
[2026-01-11T17:50:01.084Z] info: ICS file downloaded successfully to src/calendars/nextweek/aspea.ics
[2026-01-11T17:50:01.086Z] info: ICS file for aspea downloaded successfully.
[2026-01-11T17:50:01.086Z] info: Downloading ICS file from https://edt.univ-lyon1.fr/jsp/custom/modules/plannings/anonymous_cal.jsp?resources=18783&projectId=1&calType=ical&firstDate=2026-01-12&lastDate=2026-01-18 to src/calendars/nextweek/aspeb.ics
[2026-01-11T17:50:01.213Z] info: ICS file downloaded successfully to src/calendars/nextweek/aspeb.ics
[2026-01-11T17:50:01.214Z] info: ICS file for aspeb downloaded successfully.
[2026-01-11T17:50:01.215Z] info: Downloading ICS file from https://edt.univ-lyon1.fr/jsp/custom/modules/plannings/anonymous_cal.jsp?resources=12096&projectId=1&calType=ical&firstDate=2026-01-12&lastDate=2026-01-18 to src/calendars/nextweek/g1s1a.ics
[2026-01-11T17:50:01.329Z] info: ICS file downloaded successfully to src/calendars/nextweek/g1s1a.ics
[2026-01-11T17:50:01.330Z] info: ICS file for g1s1a downloaded successfully.
[2026-01-11T17:50:01.330Z] info: Downloading ICS file from https://edt.univ-lyon1.fr/jsp/custom/modules/plannings/anonymous_cal.jsp?resources=12102&projectId=1&calType=ical&firstDate=2026-01-12&lastDate=2026-01-18 to src/calendars/nextweek/g1s1b.ics
[2026-01-11T17:50:01.425Z] info: ICS file downloaded successfully to src/calendars/nextweek/g1s1b.ics
[2026-01-11T17:50:01.426Z] info: ICS file for g1s1b downloaded successfully.
[2026-01-11T17:50:01.426Z] info: Downloading ICS file from https://edt.univ-lyon1.fr/jsp/custom/modules/plannings/anonymous_cal.jsp?resources=12403&projectId=1&calType=ical&firstDate=2026-01-12&lastDate=2026-01-18 to src/calendars/nextweek/g2s1a.ics
[2026-01-11T17:50:01.562Z] info: ICS file downloaded successfully to src/calendars/nextweek/g2s1a.ics
[2026-01-11T17:50:01.562Z] info: ICS file for g2s1a downloaded successfully.
[2026-01-11T17:50:01.563Z] info: Downloading ICS file from https://edt.univ-lyon1.fr/jsp/custom/modules/plannings/anonymous_cal.jsp?resources=12406&projectId=1&calType=ical&firstDate=2026-01-12&lastDate=2026-01-18 to src/calendars/nextweek/g2s1b.ics
[2026-01-11T17:50:01.636Z] info: ICS file downloaded successfully to src/calendars/nextweek/g2s1b.ics
[2026-01-11T17:50:01.637Z] info: ICS file for g2s1b downloaded successfully.
[2026-01-11T17:50:01.637Z] info: Downloading ICS file from https://edt.univ-lyon1.fr/jsp/custom/modules/plannings/anonymous_cal.jsp?resources=12419&projectId=1&calType=ical&firstDate=2026-01-12&lastDate=2026-01-18 to src/calendars/nextweek/g3s1a.ics
[2026-01-11T17:50:01.703Z] info: ICS file downloaded successfully to src/calendars/nextweek/g3s1a.ics
[2026-01-11T17:50:01.704Z] info: ICS file for g3s1a downloaded successfully.
[2026-01-11T17:50:01.704Z] info: Downloading ICS file from https://edt.univ-lyon1.fr/jsp/custom/modules/plannings/anonymous_cal.jsp?resources=12425&projectId=1&calType=ical&firstDate=2026-01-12&lastDate=2026-01-18 to src/calendars/nextweek/g3s1b.ics
[2026-01-11T17:50:01.794Z] info: ICS file downloaded successfully to src/calendars/nextweek/g3s1b.ics
[2026-01-11T17:50:01.794Z] info: ICS file for g3s1b downloaded successfully.
[2026-01-11T17:50:01.795Z] info: Downloading ICS file from https://edt.univ-lyon1.fr/jsp/custom/modules/plannings/anonymous_cal.jsp?resources=12424&projectId=1&calType=ical&firstDate=2026-01-12&lastDate=2026-01-18 to src/calendars/nextweek/g4s1a.ics
[2026-01-11T17:50:01.889Z] info: ICS file downloaded successfully to src/calendars/nextweek/g4s1a.ics
[2026-01-11T17:50:01.890Z] info: ICS file for g4s1a downloaded successfully.
[2026-01-11T17:50:01.890Z] info: Downloading ICS file from https://edt.univ-lyon1.fr/jsp/custom/modules/plannings/anonymous_cal.jsp?resources=12444&projectId=1&calType=ical&firstDate=2026-01-12&lastDate=2026-01-18 to src/calendars/nextweek/g4s1b.ics
[2026-01-11T17:50:02.017Z] info: ICS file downloaded successfully to src/calendars/nextweek/g4s1b.ics
[2026-01-11T17:50:02.017Z] info: ICS file for g4s1b downloaded successfully.
[2026-01-11T17:50:02.018Z] info: Downloading ICS file from https://edt.univ-lyon1.fr/jsp/custom/modules/plannings/anonymous_cal.jsp?resources=12460&projectId=1&calType=ical&firstDate=2026-01-12&lastDate=2026-01-18 to src/calendars/nextweek/g5s1a.ics
[2026-01-11T17:50:02.150Z] info: ICS file downloaded successfully to src/calendars/nextweek/g5s1a.ics
[2026-01-11T17:50:02.150Z] info: ICS file for g5s1a downloaded successfully.
[2026-01-11T17:50:02.150Z] info: Downloading ICS file from https://edt.univ-lyon1.fr/jsp/custom/modules/plannings/anonymous_cal.jsp?resources=12461&projectId=1&calType=ical&firstDate=2026-01-12&lastDate=2026-01-18 to src/calendars/nextweek/g5s1b.ics
[2026-01-11T17:50:06.233Z] info: ICS file downloaded successfully to src/calendars/nextweek/g5s1b.ics
[2026-01-11T17:50:06.234Z] info: ICS file for g5s1b downloaded successfully.
[2026-01-11T17:50:06.234Z] info: Downloading ICS file from https://edt.univ-lyon1.fr/jsp/custom/modules/plannings/anonymous_cal.jsp?resources=35708&projectId=1&calType=ical&firstDate=2026-01-12&lastDate=2026-01-18 to src/calendars/nextweek/g1s3a.ics
[2026-01-11T17:50:06.301Z] info: ICS file downloaded successfully to src/calendars/nextweek/g1s3a.ics
[2026-01-11T17:50:06.301Z] info: ICS file for g1s3a downloaded successfully.
[2026-01-11T17:50:06.302Z] info: Downloading ICS file from https://edt.univ-lyon1.fr/jsp/custom/modules/plannings/anonymous_cal.jsp?resources=35709&projectId=1&calType=ical&firstDate=2026-01-12&lastDate=2026-01-18 to src/calendars/nextweek/g1s3b.ics
[2026-01-11T17:50:06.385Z] info: ICS file downloaded successfully to src/calendars/nextweek/g1s3b.ics
[2026-01-11T17:50:06.385Z] info: ICS file for g1s3b downloaded successfully.
[2026-01-11T17:50:06.386Z] info: Downloading ICS file from https://edt.univ-lyon1.fr/jsp/custom/modules/plannings/anonymous_cal.jsp?resources=35710&projectId=1&calType=ical&firstDate=2026-01-12&lastDate=2026-01-18 to src/calendars/nextweek/g2s3a.ics
[2026-01-11T17:50:06.468Z] info: ICS file downloaded successfully to src/calendars/nextweek/g2s3a.ics
[2026-01-11T17:50:06.468Z] info: ICS file for g2s3a downloaded successfully.
[2026-01-11T17:50:06.469Z] info: Downloading ICS file from https://edt.univ-lyon1.fr/jsp/custom/modules/plannings/anonymous_cal.jsp?resources=35713&projectId=1&calType=ical&firstDate=2026-01-12&lastDate=2026-01-18 to src/calendars/nextweek/g2s3b.ics
[2026-01-11T17:50:06.552Z] info: ICS file downloaded successfully to src/calendars/nextweek/g2s3b.ics
[2026-01-11T17:50:06.554Z] info: ICS file for g2s3b downloaded successfully.
[2026-01-11T17:50:06.554Z] info: Downloading ICS file from https://edt.univ-lyon1.fr/jsp/custom/modules/plannings/anonymous_cal.jsp?resources=35714&projectId=1&calType=ical&firstDate=2026-01-12&lastDate=2026-01-18 to src/calendars/nextweek/g3a2.ics
[2026-01-11T17:50:06.633Z] info: ICS file downloaded successfully to src/calendars/nextweek/g3a2.ics
[2026-01-11T17:50:06.633Z] info: ICS file for g3a2 downloaded successfully.
[2026-01-11T17:50:06.633Z] info: Downloading ICS file from https://edt.univ-lyon1.fr/jsp/custom/modules/plannings/anonymous_cal.jsp?resources=35717&projectId=1&calType=ical&firstDate=2026-01-12&lastDate=2026-01-18 to src/calendars/nextweek/g4s3a.ics
[2026-01-11T17:50:06.752Z] info: ICS file downloaded successfully to src/calendars/nextweek/g4s3a.ics
[2026-01-11T17:50:06.752Z] info: ICS file for g4s3a downloaded successfully.
[2026-01-11T17:50:06.753Z] info: Downloading ICS file from https://edt.univ-lyon1.fr/jsp/custom/modules/plannings/anonymous_cal.jsp?resources=35718&projectId=1&calType=ical&firstDate=2026-01-12&lastDate=2026-01-18 to src/calendars/nextweek/g4s3b.ics
[2026-01-11T17:50:06.872Z] info: ICS file downloaded successfully to src/calendars/nextweek/g4s3b.ics
[2026-01-11T17:50:06.873Z] info: ICS file for g4s3b downloaded successfully.
[2026-01-11T17:50:06.873Z] info: Downloading ICS file from https://edt.univ-lyon1.fr/jsp/custom/modules/plannings/anonymous_cal.jsp?resources=6161&projectId=1&calType=ical&firstDate=2026-01-12&lastDate=2026-01-18 to src/calendars/nextweek/but3ra1a.ics
[2026-01-11T17:50:06.963Z] info: ICS file downloaded successfully to src/calendars/nextweek/but3ra1a.ics
[2026-01-11T17:50:06.963Z] info: ICS file for but3ra1a downloaded successfully.
[2026-01-11T17:50:06.964Z] info: Downloading ICS file from https://edt.univ-lyon1.fr/jsp/custom/modules/plannings/anonymous_cal.jsp?resources=6163&projectId=1&calType=ical&firstDate=2026-01-12&lastDate=2026-01-18 to src/calendars/nextweek/but3ra1b.ics
[2026-01-11T17:50:07.022Z] info: ICS file downloaded successfully to src/calendars/nextweek/but3ra1b.ics
[2026-01-11T17:50:07.022Z] info: ICS file for but3ra1b downloaded successfully.
[2026-01-11T17:50:07.023Z] info: Downloading ICS file from https://edt.univ-lyon1.fr/jsp/custom/modules/plannings/anonymous_cal.jsp?resources=6165&projectId=1&calType=ical&firstDate=2026-01-12&lastDate=2026-01-18 to src/calendars/nextweek/but3ra2a.ics
[2026-01-11T17:50:07.114Z] info: ICS file downloaded successfully to src/calendars/nextweek/but3ra2a.ics
[2026-01-11T17:50:07.114Z] info: ICS file for but3ra2a downloaded successfully.
[2026-01-11T17:50:07.114Z] info: Downloading ICS file from https://edt.univ-lyon1.fr/jsp/custom/modules/plannings/anonymous_cal.jsp?resources=6168&projectId=1&calType=ical&firstDate=2026-01-12&lastDate=2026-01-18 to src/calendars/nextweek/but3ra2b.ics
[2026-01-11T17:50:07.200Z] info: ICS file downloaded successfully to src/calendars/nextweek/but3ra2b.ics
[2026-01-11T17:50:07.201Z] info: ICS file for but3ra2b downloaded successfully.
[2026-01-11T17:50:07.201Z] info: Downloading ICS file from https://edt.univ-lyon1.fr/jsp/custom/modules/plannings/anonymous_cal.jsp?resources=14059&projectId=1&calType=ical&firstDate=2026-01-12&lastDate=2026-01-18 to src/calendars/nextweek/but3ra3a.ics
[2026-01-11T17:50:07.288Z] info: ICS file downloaded successfully to src/calendars/nextweek/but3ra3a.ics
[2026-01-11T17:50:07.288Z] info: ICS file for but3ra3a downloaded successfully.
[2026-01-11T17:50:07.288Z] info: Downloading ICS file from https://edt.univ-lyon1.fr/jsp/custom/modules/plannings/anonymous_cal.jsp?resources=14064&projectId=1&calType=ical&firstDate=2026-01-12&lastDate=2026-01-18 to src/calendars/nextweek/but3ra3b.ics
[2026-01-11T17:50:07.388Z] info: ICS file downloaded successfully to src/calendars/nextweek/but3ra3b.ics
[2026-01-11T17:50:07.389Z] info: ICS file for but3ra3b downloaded successfully.
[2026-01-11T17:50:07.389Z] info: Downloading ICS file from https://edt.univ-lyon1.fr/jsp/custom/modules/plannings/anonymous_cal.jsp?resources=6136&projectId=1&calType=ical&firstDate=2026-01-12&lastDate=2026-01-18 to src/calendars/nextweek/but3dacs.ics
[2026-01-11T17:50:07.503Z] info: ICS file downloaded successfully to src/calendars/nextweek/but3dacs.ics
[2026-01-11T17:50:07.503Z] info: ICS file for but3dacs downloaded successfully.
[2026-01-11T17:50:07.503Z] info: Downloading ICS file from https://edt.univ-lyon1.fr/jsp/custom/modules/plannings/anonymous_cal.jsp?resources=6048&projectId=1&calType=ical&firstDate=2026-01-12&lastDate=2026-01-18 to src/calendars/nextweek/but3aged.ics
[2026-01-11T17:50:07.583Z] info: ICS file downloaded successfully to src/calendars/nextweek/but3aged.ics
[2026-01-11T17:50:07.584Z] info: ICS file for but3aged downloaded successfully.
[2026-01-11T17:50:07.584Z] info: Sending weekly timetables
[2026-01-11T17:50:07.610Z] info: Sending message to channel 1395371772550975558: <t:1768201200:D> **11Graphes** : LEROUX STEPHANE -> <t:1768201200:t> - <t:1768208400:t> en __S10__
<t:1768287600:D> **21Graphes** : LEROUX STEPHANE -> <t:1768287600:t> - <t:1768294800:t> en __S25__
<t:1768294800:D> **IntroDev1 TD5** : WATRIGANT REMI -> <t:1768294800:t> - <t:1768302000:t> en __S15__
<t:1768316400:D> **11Economie durable et numérique** : LAGACHE ALEXANDRA -> <t:1768316400:t> - <t:1768323600:t> en __S12__
<t:1768381200:D> **IntroDev2 TD** : DUCHENE ERIC -> <t:1768381200:t> - <t:1768388400:t> en __S27__
<t:1768402800:D> **IntroDev TP** : DUCHENE ERIC -> <t:1768402800:t> - <t:1768410000:t> en __S27__
<t:1768554000:D> **Communication et service réseaux-TD** : BARON ARIANE -> <t:1768554000:t> - <t:1768561200:t> en __S25__

[2026-01-11T17:50:07.611Z] info: Message sent to channel 1395371772550975558: <t:1768201200:D> **11Graphes** : LEROUX STEPHANE -> <t:1768201200:t> - <t:1768208400:t> en __S10__
<t:1768287600:D> **21Graphes** : LEROUX STEPHANE -> <t:1768287600:t> - <t:1768294800:t> en __S25__
<t:1768294800:D> **IntroDev1 TD5** : WATRIGANT REMI -> <t:1768294800:t> - <t:1768302000:t> en __S15__
<t:1768316400:D> **11Economie durable et numérique** : LAGACHE ALEXANDRA -> <t:1768316400:t> - <t:1768323600:t> en __S12__
<t:1768381200:D> **IntroDev2 TD** : DUCHENE ERIC -> <t:1768381200:t> - <t:1768388400:t> en __S27__
<t:1768402800:D> **IntroDev TP** : DUCHENE ERIC -> <t:1768402800:t> - <t:1768410000:t> en __S27__
<t:1768554000:D> **Communication et service réseaux-TD** : BARON ARIANE -> <t:1768554000:t> - <t:1768561200:t> en __S25__

[2026-01-11T17:50:07.616Z] info: Sending message to channel 1395052296521646282: <t:1768201200:D> **SAE Autonomie G1** : G1S1A -> <t:1768201200:t> - <t:1768208400:t> en __S27__
<t:1768208400:D> **R1.05-2 SQL-PE** : BARON ARIANE -> <t:1768208400:t> - <t:1768215600:t> en __S14__
<t:1768222800:D> **R1.01 Initiation dev-TPA** : BUYLE-BODIN NICOLAS -> <t:1768222800:t> - <t:1768230000:t> en __S24__
<t:1768287600:D> **SAE Autonomie G1** : G1S1A -> <t:1768287600:t> - <t:1768294800:t> en __S16__
<t:1768294800:D> **R1.08 Gestion Proj. Orga-TD** : LAGACHE ALEXANDRA -> <t:1768294800:t> - <t:1768302000:t> en __S10__
<t:1768309200:D> **25 R1.06 Maths discrètes TPA** : JALOUX CHRISTOPHE -> <t:1768309200:t> - <t:1768316400:t> en __S10__
<t:1768316400:D> **R1.02 Web-DS** : BUYLE-BODIN NICOLAS -> <t:1768316400:t> - <t:1768323600:t> en __H21,H20,S25__
<t:1768374000:D> **19 R1.11 Com-TD** : BESSON MATHIEU -> <t:1768374000:t> - <t:1768381200:t> en __S21__
<t:1768381200:D> **SAE Autonomie G1** : G1S1A -> <t:1768381200:t> - <t:1768388400:t> en __S03__
<t:1768395600:D> **R1.01 initation dev TD P15** : BUYLE-BODIN NICOLAS -> <t:1768395600:t> - <t:1768402800:t> en __S11__
<t:1768402800:D> **R1.10 Anglais-TPA P2** : CANQUE FLORENCE -> <t:1768402800:t> - <t:1768410000:t> en __026-Langues__
<t:1768460400:D> **R1.05-2 SQL-TD** : BARON ARIANE -> <t:1768460400:t> - <t:1768467600:t> en __S14__
<t:1768467600:D> **11 R1.08 Gestion Proj. Orga-TD** : LAGACHE ALEXANDRA -> <t:1768467600:t> - <t:1768474800:t> en __S15__
<t:1768546800:D> **R1.10 Anglais-TPA P2** : CANQUE FLORENCE -> <t:1768546800:t> - <t:1768554000:t> en __026-Langues__
<t:1768554000:D> **R1.04 Intro Systèmes-PE** : DAUTRAIX ISABELLE -> <t:1768554000:t> - <t:1768561200:t> en __S14__
<t:1768566600:D> **R1.12 PPP-TD P2** : DECHAVANNE LAURINE -> <t:1768566600:t> - <t:1768573800:t> en __S14__
<t:1768573800:D> **16 R1.04 Intro Systèmes-TD** : DAUTRAIX ISABELLE -> <t:1768573800:t> - <t:1768581000:t> en __S24__

[2026-01-11T17:50:07.617Z] info: Message sent to channel 1395052296521646282: <t:1768201200:D> **SAE Autonomie G1** : G1S1A -> <t:1768201200:t> - <t:1768208400:t> en __S27__
<t:1768208400:D> **R1.05-2 SQL-PE** : BARON ARIANE -> <t:1768208400:t> - <t:1768215600:t> en __S14__
<t:1768222800:D> **R1.01 Initiation dev-TPA** : BUYLE-BODIN NICOLAS -> <t:1768222800:t> - <t:1768230000:t> en __S24__
<t:1768287600:D> **SAE Autonomie G1** : G1S1A -> <t:1768287600:t> - <t:1768294800:t> en __S16__
<t:1768294800:D> **R1.08 Gestion Proj. Orga-TD** : LAGACHE ALEXANDRA -> <t:1768294800:t> - <t:1768302000:t> en __S10__
<t:1768309200:D> **25 R1.06 Maths discrètes TPA** : JALOUX CHRISTOPHE -> <t:1768309200:t> - <t:1768316400:t> en __S10__
<t:1768316400:D> **R1.02 Web-DS** : BUYLE-BODIN NICOLAS -> <t:1768316400:t> - <t:1768323600:t> en __H21,H20,S25__
<t:1768374000:D> **19 R1.11 Com-TD** : BESSON MATHIEU -> <t:1768374000:t> - <t:1768381200:t> en __S21__
<t:1768381200:D> **SAE Autonomie G1** : G1S1A -> <t:1768381200:t> - <t:1768388400:t> en __S03__
<t:1768395600:D> **R1.01 initation dev TD P15** : BUYLE-BODIN NICOLAS -> <t:1768395600:t> - <t:1768402800:t> en __S11__
<t:1768402800:D> **R1.10 Anglais-TPA P2** : CANQUE FLORENCE -> <t:1768402800:t> - <t:1768410000:t> en __026-Langues__
<t:1768460400:D> **R1.05-2 SQL-TD** : BARON ARIANE -> <t:1768460400:t> - <t:1768467600:t> en __S14__
<t:1768467600:D> **11 R1.08 Gestion Proj. Orga-TD** : LAGACHE ALEXANDRA -> <t:1768467600:t> - <t:1768474800:t> en __S15__
<t:1768546800:D> **R1.10 Anglais-TPA P2** : CANQUE FLORENCE -> <t:1768546800:t> - <t:1768554000:t> en __026-Langues__
<t:1768554000:D> **R1.04 Intro Systèmes-PE** : DAUTRAIX ISABELLE -> <t:1768554000:t> - <t:1768561200:t> en __S14__
<t:1768566600:D> **R1.12 PPP-TD P2** : DECHAVANNE LAURINE -> <t:1768566600:t> - <t:1768573800:t> en __S14__
<t:1768573800:D> **16 R1.04 Intro Systèmes-TD** : DAUTRAIX ISABELLE -> <t:1768573800:t> - <t:1768581000:t> en __S24__

[2026-01-11T17:50:07.619Z] info: Sending message to channel 1395052332969885726: <t:1768201200:D> **SAE Autonomie G1** : G1S1A -> <t:1768201200:t> - <t:1768208400:t> en __S27__
<t:1768208400:D> **R1.05-2 SQL-PE** : BARON ARIANE -> <t:1768208400:t> - <t:1768215600:t> en __S14__
<t:1768230000:D> **R1.10 Anglais-TPB P2** : BESSAC MARIETTE -> <t:1768230000:t> - <t:1768237200:t> en __028__
<t:1768287600:D> **SAE Autonomie G1** : G1S1A -> <t:1768287600:t> - <t:1768294800:t> en __S16__
<t:1768294800:D> **R1.08 Gestion Proj. Orga-TD** : LAGACHE ALEXANDRA -> <t:1768294800:t> - <t:1768302000:t> en __S10__
<t:1768309200:D> **R1.01 Initiation dev-TPB** : BUYLE-BODIN NICOLAS -> <t:1768309200:t> - <t:1768316400:t> en __S24__
<t:1768316400:D> **R1.02 Web-DS** : BUYLE-BODIN NICOLAS -> <t:1768316400:t> - <t:1768323600:t> en __H21,H20,S25__
<t:1768374000:D> **19 R1.11 Com-TD** : BESSON MATHIEU -> <t:1768374000:t> - <t:1768381200:t> en __S21__
<t:1768381200:D> **SAE Autonomie G1** : G1S1A -> <t:1768381200:t> - <t:1768388400:t> en __S03__
<t:1768395600:D> **R1.01 initation dev TD P15** : BUYLE-BODIN NICOLAS -> <t:1768395600:t> - <t:1768402800:t> en __S11__
<t:1768460400:D> **R1.05-2 SQL-TD** : BARON ARIANE -> <t:1768460400:t> - <t:1768467600:t> en __S14__
<t:1768467600:D> **11 R1.08 Gestion Proj. Orga-TD** : LAGACHE ALEXANDRA -> <t:1768467600:t> - <t:1768474800:t> en __S15__
<t:1768546800:D> **14 R1.06 Maths discrètes TPB** : JALOUX CHRISTOPHE -> <t:1768546800:t> - <t:1768554000:t> en __S10__
<t:1768554000:D> **R1.04 Intro Systèmes-PE** : DAUTRAIX ISABELLE -> <t:1768554000:t> - <t:1768561200:t> en __S14__
<t:1768566600:D> **R1.12 PPP-TD P2** : DECHAVANNE LAURINE -> <t:1768566600:t> - <t:1768573800:t> en __S14__
<t:1768573800:D> **16 R1.04 Intro Systèmes-TD** : DAUTRAIX ISABELLE -> <t:1768573800:t> - <t:1768581000:t> en __S24__

[2026-01-11T17:50:07.619Z] info: Message sent to channel 1395052332969885726: <t:1768201200:D> **SAE Autonomie G1** : G1S1A -> <t:1768201200:t> - <t:1768208400:t> en __S27__
<t:1768208400:D> **R1.05-2 SQL-PE** : BARON ARIANE -> <t:1768208400:t> - <t:1768215600:t> en __S14__
<t:1768230000:D> **R1.10 Anglais-TPB P2** : BESSAC MARIETTE -> <t:1768230000:t> - <t:1768237200:t> en __028__
<t:1768287600:D> **SAE Autonomie G1** : G1S1A -> <t:1768287600:t> - <t:1768294800:t> en __S16__
<t:1768294800:D> **R1.08 Gestion Proj. Orga-TD** : LAGACHE ALEXANDRA -> <t:1768294800:t> - <t:1768302000:t> en __S10__
<t:1768309200:D> **R1.01 Initiation dev-TPB** : BUYLE-BODIN NICOLAS -> <t:1768309200:t> - <t:1768316400:t> en __S24__
<t:1768316400:D> **R1.02 Web-DS** : BUYLE-BODIN NICOLAS -> <t:1768316400:t> - <t:1768323600:t> en __H21,H20,S25__
<t:1768374000:D> **19 R1.11 Com-TD** : BESSON MATHIEU -> <t:1768374000:t> - <t:1768381200:t> en __S21__
<t:1768381200:D> **SAE Autonomie G1** : G1S1A -> <t:1768381200:t> - <t:1768388400:t> en __S03__
<t:1768395600:D> **R1.01 initation dev TD P15** : BUYLE-BODIN NICOLAS -> <t:1768395600:t> - <t:1768402800:t> en __S11__
<t:1768460400:D> **R1.05-2 SQL-TD** : BARON ARIANE -> <t:1768460400:t> - <t:1768467600:t> en __S14__
<t:1768467600:D> **11 R1.08 Gestion Proj. Orga-TD** : LAGACHE ALEXANDRA -> <t:1768467600:t> - <t:1768474800:t> en __S15__
<t:1768546800:D> **14 R1.06 Maths discrètes TPB** : JALOUX CHRISTOPHE -> <t:1768546800:t> - <t:1768554000:t> en __S10__
<t:1768554000:D> **R1.04 Intro Systèmes-PE** : DAUTRAIX ISABELLE -> <t:1768554000:t> - <t:1768561200:t> en __S14__
<t:1768566600:D> **R1.12 PPP-TD P2** : DECHAVANNE LAURINE -> <t:1768566600:t> - <t:1768573800:t> en __S14__
<t:1768573800:D> **16 R1.04 Intro Systèmes-TD** : DAUTRAIX ISABELLE -> <t:1768573800:t> - <t:1768581000:t> en __S24__

[2026-01-11T17:50:07.622Z] info: Sending message to channel 1395052379866660874: <t:1768208400:D> **R1.11 Com-TPA** : SAUJOT GUILLAUME -> <t:1768208400:t> - <t:1768215600:t> en __037-Conseil__
<t:1768222800:D> **R1.10 Anglais-TPA P2** : CANQUE FLORENCE -> <t:1768222800:t> - <t:1768230000:t> en __028__
<t:1768230000:D> **SAE Autonomie G2** : G2S1A -> <t:1768230000:t> - <t:1768237200:t> en __S27__
<t:1768287600:D> **25 R1.06 Maths discrètes TPA** : JALOUX CHRISTOPHE -> <t:1768287600:t> - <t:1768294800:t> en __S10__
<t:1768294800:D> **R1.01 Initiation dev-TPA** : DAUTRAIX ISABELLE -> <t:1768294800:t> - <t:1768302000:t> en __S03__
<t:1768309200:D> **R1.05-2 SQL-TD** : BARON ARIANE -> <t:1768309200:t> - <t:1768316400:t> en __S03__
<t:1768316400:D> **R1.02 Web-DS** : BUYLE-BODIN NICOLAS -> <t:1768316400:t> - <t:1768323600:t> en __H21,H20,S25__
<t:1768374000:D> **SAE Autonomie G2** : G2S1A -> <t:1768374000:t> - <t:1768381200:t> en __S17__
<t:1768381200:D> **R1.01 initation dev TD P15** : DAUTRAIX ISABELLE -> <t:1768381200:t> - <t:1768388400:t> en __S17__
<t:1768395600:D> **11 R1.08 Gestion Proj. Orga-TD** : BOUHADDOUDA ANISSA -> <t:1768395600:t> - <t:1768402800:t> en __S12__
<t:1768402800:D> **R1.08 Gestion Proj. Orga-TD** : BOUHADDOUDA ANISSA -> <t:1768402800:t> - <t:1768410000:t> en __040__
<t:1768460400:D> **16 R1.04 Intro Systèmes-TD** : BUYLE-BODIN NICOLAS -> <t:1768460400:t> - <t:1768467600:t> en __S16__
<t:1768467600:D> **R1.04 Intro Systèmes-PE** : BUYLE-BODIN NICOLAS -> <t:1768467600:t> - <t:1768474800:t> en __S16__
<t:1768546800:D> **R1.05-2 SQL-PE** : BARON ARIANE -> <t:1768546800:t> - <t:1768554000:t> en __S14__
<t:1768554000:D> **R1.10 Anglais-TPA P2** : CANQUE FLORENCE -> <t:1768554000:t> - <t:1768561200:t> en __026-Langues__
<t:1768566600:D> **SAE Autonomie G2** : G2S1A -> <t:1768566600:t> - <t:1768573800:t> en __S03__
<t:1768573800:D> **R1.12 PPP-TD P2** : DECHAVANNE LAURINE -> <t:1768573800:t> - <t:1768581000:t> en __S14__

[2026-01-11T17:50:07.622Z] info: Message sent to channel 1395052379866660874: <t:1768208400:D> **R1.11 Com-TPA** : SAUJOT GUILLAUME -> <t:1768208400:t> - <t:1768215600:t> en __037-Conseil__
<t:1768222800:D> **R1.10 Anglais-TPA P2** : CANQUE FLORENCE -> <t:1768222800:t> - <t:1768230000:t> en __028__
<t:1768230000:D> **SAE Autonomie G2** : G2S1A -> <t:1768230000:t> - <t:1768237200:t> en __S27__
<t:1768287600:D> **25 R1.06 Maths discrètes TPA** : JALOUX CHRISTOPHE -> <t:1768287600:t> - <t:1768294800:t> en __S10__
<t:1768294800:D> **R1.01 Initiation dev-TPA** : DAUTRAIX ISABELLE -> <t:1768294800:t> - <t:1768302000:t> en __S03__
<t:1768309200:D> **R1.05-2 SQL-TD** : BARON ARIANE -> <t:1768309200:t> - <t:1768316400:t> en __S03__
<t:1768316400:D> **R1.02 Web-DS** : BUYLE-BODIN NICOLAS -> <t:1768316400:t> - <t:1768323600:t> en __H21,H20,S25__
<t:1768374000:D> **SAE Autonomie G2** : G2S1A -> <t:1768374000:t> - <t:1768381200:t> en __S17__
<t:1768381200:D> **R1.01 initation dev TD P15** : DAUTRAIX ISABELLE -> <t:1768381200:t> - <t:1768388400:t> en __S17__
<t:1768395600:D> **11 R1.08 Gestion Proj. Orga-TD** : BOUHADDOUDA ANISSA -> <t:1768395600:t> - <t:1768402800:t> en __S12__
<t:1768402800:D> **R1.08 Gestion Proj. Orga-TD** : BOUHADDOUDA ANISSA -> <t:1768402800:t> - <t:1768410000:t> en __040__
<t:1768460400:D> **16 R1.04 Intro Systèmes-TD** : BUYLE-BODIN NICOLAS -> <t:1768460400:t> - <t:1768467600:t> en __S16__
<t:1768467600:D> **R1.04 Intro Systèmes-PE** : BUYLE-BODIN NICOLAS -> <t:1768467600:t> - <t:1768474800:t> en __S16__
<t:1768546800:D> **R1.05-2 SQL-PE** : BARON ARIANE -> <t:1768546800:t> - <t:1768554000:t> en __S14__
<t:1768554000:D> **R1.10 Anglais-TPA P2** : CANQUE FLORENCE -> <t:1768554000:t> - <t:1768561200:t> en __026-Langues__
<t:1768566600:D> **SAE Autonomie G2** : G2S1A -> <t:1768566600:t> - <t:1768573800:t> en __S03__
<t:1768573800:D> **R1.12 PPP-TD P2** : DECHAVANNE LAURINE -> <t:1768573800:t> - <t:1768581000:t> en __S14__

[2026-01-11T17:50:07.625Z] info: Sending message to channel 1395052392092930048: <t:1768201200:D> **110 R1.11 Com-TPB** : SAUJOT GUILLAUME -> <t:1768201200:t> - <t:1768208400:t> en __S21__
<t:1768222800:D> **R1.10 Anglais-TPB P2** : BESSAC MARIETTE -> <t:1768222800:t> - <t:1768230000:t> en __026-Langues__
<t:1768230000:D> **SAE Autonomie G2** : G2S1A -> <t:1768230000:t> - <t:1768237200:t> en __S27__
<t:1768287600:D> **R1.01 Initiation dev-TPB** : DAUTRAIX ISABELLE -> <t:1768287600:t> - <t:1768294800:t> en __S14__
<t:1768309200:D> **R1.05-2 SQL-TD** : BARON ARIANE -> <t:1768309200:t> - <t:1768316400:t> en __S03__
<t:1768316400:D> **R1.02 Web-DS** : BUYLE-BODIN NICOLAS -> <t:1768316400:t> - <t:1768323600:t> en __H21,H20,S25__
<t:1768374000:D> **SAE Autonomie G2** : G2S1A -> <t:1768374000:t> - <t:1768381200:t> en __S17__
<t:1768381200:D> **R1.01 initation dev TD P15** : DAUTRAIX ISABELLE -> <t:1768381200:t> - <t:1768388400:t> en __S17__
<t:1768395600:D> **11 R1.08 Gestion Proj. Orga-TD** : BOUHADDOUDA ANISSA -> <t:1768395600:t> - <t:1768402800:t> en __S12__
<t:1768402800:D> **R1.08 Gestion Proj. Orga-TD** : BOUHADDOUDA ANISSA -> <t:1768402800:t> - <t:1768410000:t> en __040__
<t:1768460400:D> **16 R1.04 Intro Systèmes-TD** : BUYLE-BODIN NICOLAS -> <t:1768460400:t> - <t:1768467600:t> en __S16__
<t:1768467600:D> **R1.04 Intro Systèmes-PE** : BUYLE-BODIN NICOLAS -> <t:1768467600:t> - <t:1768474800:t> en __S16__
<t:1768546800:D> **R1.05-2 SQL-PE** : BARON ARIANE -> <t:1768546800:t> - <t:1768554000:t> en __S14__
<t:1768554000:D> **14 R1.06 Maths discrètes TPB** : JALOUX CHRISTOPHE -> <t:1768554000:t> - <t:1768561200:t> en __S10__
<t:1768566600:D> **SAE Autonomie G2** : G2S1A -> <t:1768566600:t> - <t:1768573800:t> en __S03__
<t:1768573800:D> **R1.12 PPP-TD P2** : DECHAVANNE LAURINE -> <t:1768573800:t> - <t:1768581000:t> en __S14__

[2026-01-11T17:50:07.625Z] info: Message sent to channel 1395052392092930048: <t:1768201200:D> **110 R1.11 Com-TPB** : SAUJOT GUILLAUME -> <t:1768201200:t> - <t:1768208400:t> en __S21__
<t:1768222800:D> **R1.10 Anglais-TPB P2** : BESSAC MARIETTE -> <t:1768222800:t> - <t:1768230000:t> en __026-Langues__
<t:1768230000:D> **SAE Autonomie G2** : G2S1A -> <t:1768230000:t> - <t:1768237200:t> en __S27__
<t:1768287600:D> **R1.01 Initiation dev-TPB** : DAUTRAIX ISABELLE -> <t:1768287600:t> - <t:1768294800:t> en __S14__
<t:1768309200:D> **R1.05-2 SQL-TD** : BARON ARIANE -> <t:1768309200:t> - <t:1768316400:t> en __S03__
<t:1768316400:D> **R1.02 Web-DS** : BUYLE-BODIN NICOLAS -> <t:1768316400:t> - <t:1768323600:t> en __H21,H20,S25__
<t:1768374000:D> **SAE Autonomie G2** : G2S1A -> <t:1768374000:t> - <t:1768381200:t> en __S17__
<t:1768381200:D> **R1.01 initation dev TD P15** : DAUTRAIX ISABELLE -> <t:1768381200:t> - <t:1768388400:t> en __S17__
<t:1768395600:D> **11 R1.08 Gestion Proj. Orga-TD** : BOUHADDOUDA ANISSA -> <t:1768395600:t> - <t:1768402800:t> en __S12__
<t:1768402800:D> **R1.08 Gestion Proj. Orga-TD** : BOUHADDOUDA ANISSA -> <t:1768402800:t> - <t:1768410000:t> en __040__
<t:1768460400:D> **16 R1.04 Intro Systèmes-TD** : BUYLE-BODIN NICOLAS -> <t:1768460400:t> - <t:1768467600:t> en __S16__
<t:1768467600:D> **R1.04 Intro Systèmes-PE** : BUYLE-BODIN NICOLAS -> <t:1768467600:t> - <t:1768474800:t> en __S16__
<t:1768546800:D> **R1.05-2 SQL-PE** : BARON ARIANE -> <t:1768546800:t> - <t:1768554000:t> en __S14__
<t:1768554000:D> **14 R1.06 Maths discrètes TPB** : JALOUX CHRISTOPHE -> <t:1768554000:t> - <t:1768561200:t> en __S10__
<t:1768566600:D> **SAE Autonomie G2** : G2S1A -> <t:1768566600:t> - <t:1768573800:t> en __S03__
<t:1768573800:D> **R1.12 PPP-TD P2** : DECHAVANNE LAURINE -> <t:1768573800:t> - <t:1768581000:t> en __S14__

[2026-01-11T17:50:07.627Z] info: Sending message to channel 1395056179914473612: <t:1768201200:D> **SAE Autonomie G3** : G3S1A -> <t:1768201200:t> - <t:1768208400:t> en __S03__
<t:1768208400:D> **R1.10 Anglais-TPA P2** : ABAUZIT DUFAUD GISELE -> <t:1768208400:t> - <t:1768215600:t> en __026-Langues__
<t:1768230000:D> **R1.08 Gestion Proj. Orga-TD** : LAGACHE ALEXANDRA -> <t:1768230000:t> - <t:1768237200:t> en __S11__
<t:1768287600:D> **25 R1.06 Maths discrètes TPA** : JOUBERT AUDE -> <t:1768287600:t> - <t:1768294800:t> en __S11__
<t:1768294800:D> **R1.12 PPP-TD P2** : VIZET PONCET CECILE -> <t:1768294800:t> - <t:1768302000:t> en __040__
<t:1768309200:D> **11 R1.08 Gestion Proj. Orga-TD** : LAGACHE ALEXANDRA -> <t:1768309200:t> - <t:1768316400:t> en __040__
<t:1768316400:D> **R1.02 Web-DS** : BUYLE-BODIN NICOLAS -> <t:1768316400:t> - <t:1768323600:t> en __H21,H20,S25__
<t:1768381200:D> **R1.01 Initiation dev-TPA** : VIDAL VINCENT -> <t:1768381200:t> - <t:1768388400:t> en __S24__
<t:1768395600:D> **R1.01 initation dev TD P15** : VIDAL VINCENT -> <t:1768395600:t> - <t:1768402800:t> en __040__
<t:1768460400:D> **R1.05-2 SQL-PE** : BENSLIMANE DJAMAL -> <t:1768460400:t> - <t:1768467600:t> en __S03__
<t:1768467600:D> **R1.05-2 SQL-TD** : BENSLIMANE DJAMAL -> <t:1768467600:t> - <t:1768474800:t> en __S24__
<t:1768480200:D> **SAE Autonomie G3** : G3S1A -> <t:1768480200:t> - <t:1768487400:t> en __S24__
<t:1768546800:D> **SAE Autonomie G3** : G3S1A -> <t:1768546800:t> - <t:1768554000:t> en __S24__
<t:1768554000:D> **19 R1.11 Com-TD** : KOCH SONJA -> <t:1768554000:t> - <t:1768561200:t> en __S12__
<t:1768566600:D> **R1.04 Intro Systèmes-PE** : PARAUD JEAN-CHRISTOPHE -> <t:1768566600:t> - <t:1768573800:t> en __S17__
<t:1768573800:D> **16 R1.04 Intro Systèmes-TD** : PARAUD JEAN-CHRISTOPHE -> <t:1768573800:t> - <t:1768581000:t> en __S17__

[2026-01-11T17:50:07.628Z] info: Message sent to channel 1395056179914473612: <t:1768201200:D> **SAE Autonomie G3** : G3S1A -> <t:1768201200:t> - <t:1768208400:t> en __S03__
<t:1768208400:D> **R1.10 Anglais-TPA P2** : ABAUZIT DUFAUD GISELE -> <t:1768208400:t> - <t:1768215600:t> en __026-Langues__
<t:1768230000:D> **R1.08 Gestion Proj. Orga-TD** : LAGACHE ALEXANDRA -> <t:1768230000:t> - <t:1768237200:t> en __S11__
<t:1768287600:D> **25 R1.06 Maths discrètes TPA** : JOUBERT AUDE -> <t:1768287600:t> - <t:1768294800:t> en __S11__
<t:1768294800:D> **R1.12 PPP-TD P2** : VIZET PONCET CECILE -> <t:1768294800:t> - <t:1768302000:t> en __040__
<t:1768309200:D> **11 R1.08 Gestion Proj. Orga-TD** : LAGACHE ALEXANDRA -> <t:1768309200:t> - <t:1768316400:t> en __040__
<t:1768316400:D> **R1.02 Web-DS** : BUYLE-BODIN NICOLAS -> <t:1768316400:t> - <t:1768323600:t> en __H21,H20,S25__
<t:1768381200:D> **R1.01 Initiation dev-TPA** : VIDAL VINCENT -> <t:1768381200:t> - <t:1768388400:t> en __S24__
<t:1768395600:D> **R1.01 initation dev TD P15** : VIDAL VINCENT -> <t:1768395600:t> - <t:1768402800:t> en __040__
<t:1768460400:D> **R1.05-2 SQL-PE** : BENSLIMANE DJAMAL -> <t:1768460400:t> - <t:1768467600:t> en __S03__
<t:1768467600:D> **R1.05-2 SQL-TD** : BENSLIMANE DJAMAL -> <t:1768467600:t> - <t:1768474800:t> en __S24__
<t:1768480200:D> **SAE Autonomie G3** : G3S1A -> <t:1768480200:t> - <t:1768487400:t> en __S24__
<t:1768546800:D> **SAE Autonomie G3** : G3S1A -> <t:1768546800:t> - <t:1768554000:t> en __S24__
<t:1768554000:D> **19 R1.11 Com-TD** : KOCH SONJA -> <t:1768554000:t> - <t:1768561200:t> en __S12__
<t:1768566600:D> **R1.04 Intro Systèmes-PE** : PARAUD JEAN-CHRISTOPHE -> <t:1768566600:t> - <t:1768573800:t> en __S17__
<t:1768573800:D> **16 R1.04 Intro Systèmes-TD** : PARAUD JEAN-CHRISTOPHE -> <t:1768573800:t> - <t:1768581000:t> en __S17__

[2026-01-11T17:50:07.630Z] info: Sending message to channel 1395052422401101905: <t:1768201200:D> **SAE Autonomie G3** : G3S1A -> <t:1768201200:t> - <t:1768208400:t> en __S03__
<t:1768208400:D> **R1.10 Anglais-TPB P2** : CANQUE FLORENCE -> <t:1768208400:t> - <t:1768215600:t> en __028__
<t:1768222800:D> **14 R1.06 Maths discrètes TPB** : JOUBERT AUDE -> <t:1768222800:t> - <t:1768230000:t> en __S11__
<t:1768230000:D> **R1.08 Gestion Proj. Orga-TD** : LAGACHE ALEXANDRA -> <t:1768230000:t> - <t:1768237200:t> en __S11__
<t:1768294800:D> **R1.12 PPP-TD P2** : VIZET PONCET CECILE -> <t:1768294800:t> - <t:1768302000:t> en __040__
<t:1768309200:D> **11 R1.08 Gestion Proj. Orga-TD** : LAGACHE ALEXANDRA -> <t:1768309200:t> - <t:1768316400:t> en __040__
<t:1768316400:D> **R1.02 Web-DS** : BUYLE-BODIN NICOLAS -> <t:1768316400:t> - <t:1768323600:t> en __H21,H20,S25__
<t:1768374000:D> **R1.01 Initiation dev-TPB** : VIDAL VINCENT -> <t:1768374000:t> - <t:1768381200:t> en __S03__
<t:1768395600:D> **R1.01 initation dev TD P15** : VIDAL VINCENT -> <t:1768395600:t> - <t:1768402800:t> en __040__
<t:1768460400:D> **R1.05-2 SQL-PE** : BENSLIMANE DJAMAL -> <t:1768460400:t> - <t:1768467600:t> en __S03__
<t:1768467600:D> **R1.05-2 SQL-TD** : BENSLIMANE DJAMAL -> <t:1768467600:t> - <t:1768474800:t> en __S24__
<t:1768480200:D> **SAE Autonomie G3** : G3S1A -> <t:1768480200:t> - <t:1768487400:t> en __S24__
<t:1768546800:D> **SAE Autonomie G3** : G3S1A -> <t:1768546800:t> - <t:1768554000:t> en __S24__
<t:1768554000:D> **19 R1.11 Com-TD** : KOCH SONJA -> <t:1768554000:t> - <t:1768561200:t> en __S12__
<t:1768566600:D> **R1.04 Intro Systèmes-PE** : PARAUD JEAN-CHRISTOPHE -> <t:1768566600:t> - <t:1768573800:t> en __S17__
<t:1768573800:D> **16 R1.04 Intro Systèmes-TD** : PARAUD JEAN-CHRISTOPHE -> <t:1768573800:t> - <t:1768581000:t> en __S17__

[2026-01-11T17:50:07.630Z] info: Message sent to channel 1395052422401101905: <t:1768201200:D> **SAE Autonomie G3** : G3S1A -> <t:1768201200:t> - <t:1768208400:t> en __S03__
<t:1768208400:D> **R1.10 Anglais-TPB P2** : CANQUE FLORENCE -> <t:1768208400:t> - <t:1768215600:t> en __028__
<t:1768222800:D> **14 R1.06 Maths discrètes TPB** : JOUBERT AUDE -> <t:1768222800:t> - <t:1768230000:t> en __S11__
<t:1768230000:D> **R1.08 Gestion Proj. Orga-TD** : LAGACHE ALEXANDRA -> <t:1768230000:t> - <t:1768237200:t> en __S11__
<t:1768294800:D> **R1.12 PPP-TD P2** : VIZET PONCET CECILE -> <t:1768294800:t> - <t:1768302000:t> en __040__
<t:1768309200:D> **11 R1.08 Gestion Proj. Orga-TD** : LAGACHE ALEXANDRA -> <t:1768309200:t> - <t:1768316400:t> en __040__
<t:1768316400:D> **R1.02 Web-DS** : BUYLE-BODIN NICOLAS -> <t:1768316400:t> - <t:1768323600:t> en __H21,H20,S25__
<t:1768374000:D> **R1.01 Initiation dev-TPB** : VIDAL VINCENT -> <t:1768374000:t> - <t:1768381200:t> en __S03__
<t:1768395600:D> **R1.01 initation dev TD P15** : VIDAL VINCENT -> <t:1768395600:t> - <t:1768402800:t> en __040__
<t:1768460400:D> **R1.05-2 SQL-PE** : BENSLIMANE DJAMAL -> <t:1768460400:t> - <t:1768467600:t> en __S03__
<t:1768467600:D> **R1.05-2 SQL-TD** : BENSLIMANE DJAMAL -> <t:1768467600:t> - <t:1768474800:t> en __S24__
<t:1768480200:D> **SAE Autonomie G3** : G3S1A -> <t:1768480200:t> - <t:1768487400:t> en __S24__
<t:1768546800:D> **SAE Autonomie G3** : G3S1A -> <t:1768546800:t> - <t:1768554000:t> en __S24__
<t:1768554000:D> **19 R1.11 Com-TD** : KOCH SONJA -> <t:1768554000:t> - <t:1768561200:t> en __S12__
<t:1768566600:D> **R1.04 Intro Systèmes-PE** : PARAUD JEAN-CHRISTOPHE -> <t:1768566600:t> - <t:1768573800:t> en __S17__
<t:1768573800:D> **16 R1.04 Intro Systèmes-TD** : PARAUD JEAN-CHRISTOPHE -> <t:1768573800:t> - <t:1768581000:t> en __S17__

[2026-01-11T17:50:07.632Z] info: Sending message to channel 1395052443192266916: <t:1768201200:D> **R1.10 Anglais-TPA P2** : ABAUZIT DUFAUD GISELE -> <t:1768201200:t> - <t:1768208400:t> en __026-Langues__
<t:1768222800:D> **R1.01 initation dev TD P15** : NDIAYE SAMBA NDOJH -> <t:1768222800:t> - <t:1768230000:t> en __040__
<t:1768230000:D> **R1.05-2 SQL-TD** : BONNET CHRISTINE -> <t:1768230000:t> - <t:1768237200:t> en __S24__
<t:1768287600:D> **SAE Autonomie G4** : G4S1B -> <t:1768287600:t> - <t:1768294800:t> en __S17__
<t:1768294800:D> **25 R1.06 Maths discrètes TPA** : JOUBERT AUDE -> <t:1768294800:t> - <t:1768302000:t> en __S11__
<t:1768309200:D> **R1.12 PPP-TD P2** : VIZET PONCET CECILE -> <t:1768309200:t> - <t:1768316400:t> en __037-Conseil__
<t:1768316400:D> **R1.02 Web-DS** : BUYLE-BODIN NICOLAS -> <t:1768316400:t> - <t:1768323600:t> en __H21,H20,S25__
<t:1768374000:D> **SAE Autonomie G4** : G4S1B -> <t:1768374000:t> - <t:1768381200:t> en __S24__
<t:1768381200:D> **11 R1.08 Gestion Proj. Orga-TD** : MAGNIN FLORENCE -> <t:1768381200:t> - <t:1768388400:t> en __040__
<t:1768395600:D> **R1.08 Gestion Proj. Orga-TD** : MAGNIN FLORENCE -> <t:1768395600:t> - <t:1768402800:t> en __S10__
<t:1768402800:D> **19 R1.11 Com-TD** : DEBOUTE JOCELYNE -> <t:1768402800:t> - <t:1768410000:t> en __S12__
<t:1768460400:D> **SAE Autonomie G4** : G4S1B -> <t:1768460400:t> - <t:1768467600:t> en __S26__
<t:1768467600:D> **R1.05-2 SQL-PE** : BONNET CHRISTINE -> <t:1768467600:t> - <t:1768474800:t> en __S03__
<t:1768546800:D> **16 R1.04 Intro Systèmes-TD** : BUYLE-BODIN NICOLAS -> <t:1768546800:t> - <t:1768554000:t> en __S16__
<t:1768554000:D> **R1.04 Intro Systèmes-PE** : BUYLE-BODIN NICOLAS -> <t:1768554000:t> - <t:1768561200:t> en __S16__
<t:1768566600:D> **R1.01 Initiation dev-TPA** : NDIAYE SAMBA NDOJH -> <t:1768566600:t> - <t:1768573800:t> en __S16__

[2026-01-11T17:50:07.633Z] info: Message sent to channel 1395052443192266916: <t:1768201200:D> **R1.10 Anglais-TPA P2** : ABAUZIT DUFAUD GISELE -> <t:1768201200:t> - <t:1768208400:t> en __026-Langues__
<t:1768222800:D> **R1.01 initation dev TD P15** : NDIAYE SAMBA NDOJH -> <t:1768222800:t> - <t:1768230000:t> en __040__
<t:1768230000:D> **R1.05-2 SQL-TD** : BONNET CHRISTINE -> <t:1768230000:t> - <t:1768237200:t> en __S24__
<t:1768287600:D> **SAE Autonomie G4** : G4S1B -> <t:1768287600:t> - <t:1768294800:t> en __S17__
<t:1768294800:D> **25 R1.06 Maths discrètes TPA** : JOUBERT AUDE -> <t:1768294800:t> - <t:1768302000:t> en __S11__
<t:1768309200:D> **R1.12 PPP-TD P2** : VIZET PONCET CECILE -> <t:1768309200:t> - <t:1768316400:t> en __037-Conseil__
<t:1768316400:D> **R1.02 Web-DS** : BUYLE-BODIN NICOLAS -> <t:1768316400:t> - <t:1768323600:t> en __H21,H20,S25__
<t:1768374000:D> **SAE Autonomie G4** : G4S1B -> <t:1768374000:t> - <t:1768381200:t> en __S24__
<t:1768381200:D> **11 R1.08 Gestion Proj. Orga-TD** : MAGNIN FLORENCE -> <t:1768381200:t> - <t:1768388400:t> en __040__
<t:1768395600:D> **R1.08 Gestion Proj. Orga-TD** : MAGNIN FLORENCE -> <t:1768395600:t> - <t:1768402800:t> en __S10__
<t:1768402800:D> **19 R1.11 Com-TD** : DEBOUTE JOCELYNE -> <t:1768402800:t> - <t:1768410000:t> en __S12__
<t:1768460400:D> **SAE Autonomie G4** : G4S1B -> <t:1768460400:t> - <t:1768467600:t> en __S26__
<t:1768467600:D> **R1.05-2 SQL-PE** : BONNET CHRISTINE -> <t:1768467600:t> - <t:1768474800:t> en __S03__
<t:1768546800:D> **16 R1.04 Intro Systèmes-TD** : BUYLE-BODIN NICOLAS -> <t:1768546800:t> - <t:1768554000:t> en __S16__
<t:1768554000:D> **R1.04 Intro Systèmes-PE** : BUYLE-BODIN NICOLAS -> <t:1768554000:t> - <t:1768561200:t> en __S16__
<t:1768566600:D> **R1.01 Initiation dev-TPA** : NDIAYE SAMBA NDOJH -> <t:1768566600:t> - <t:1768573800:t> en __S16__

[2026-01-11T17:50:07.634Z] info: Sending message to channel 1395052467070177290: <t:1768201200:D> **R1.10 Anglais-TPB P2** : CANQUE FLORENCE -> <t:1768201200:t> - <t:1768208400:t> en __028__
<t:1768208400:D> **14 R1.06 Maths discrètes TPB** : JOUBERT AUDE -> <t:1768208400:t> - <t:1768215600:t> en __S11__
<t:1768222800:D> **R1.01 initation dev TD P15** : NDIAYE SAMBA NDOJH -> <t:1768222800:t> - <t:1768230000:t> en __040__
<t:1768230000:D> **R1.05-2 SQL-TD** : BONNET CHRISTINE -> <t:1768230000:t> - <t:1768237200:t> en __S24__
<t:1768287600:D> **SAE Autonomie G4** : G4S1B -> <t:1768287600:t> - <t:1768294800:t> en __S17__
<t:1768309200:D> **R1.12 PPP-TD P2** : VIZET PONCET CECILE -> <t:1768309200:t> - <t:1768316400:t> en __037-Conseil__
<t:1768316400:D> **R1.02 Web-DS** : BUYLE-BODIN NICOLAS -> <t:1768316400:t> - <t:1768323600:t> en __H21,H20,S25__
<t:1768374000:D> **SAE Autonomie G4** : G4S1B -> <t:1768374000:t> - <t:1768381200:t> en __S24__
<t:1768381200:D> **11 R1.08 Gestion Proj. Orga-TD** : MAGNIN FLORENCE -> <t:1768381200:t> - <t:1768388400:t> en __040__
<t:1768395600:D> **R1.08 Gestion Proj. Orga-TD** : MAGNIN FLORENCE -> <t:1768395600:t> - <t:1768402800:t> en __S10__
<t:1768402800:D> **19 R1.11 Com-TD** : DEBOUTE JOCELYNE -> <t:1768402800:t> - <t:1768410000:t> en __S12__
<t:1768460400:D> **SAE Autonomie G4** : G4S1B -> <t:1768460400:t> - <t:1768467600:t> en __S26__
<t:1768467600:D> **R1.05-2 SQL-PE** : BONNET CHRISTINE -> <t:1768467600:t> - <t:1768474800:t> en __S03__
<t:1768546800:D> **16 R1.04 Intro Systèmes-TD** : BUYLE-BODIN NICOLAS -> <t:1768546800:t> - <t:1768554000:t> en __S16__
<t:1768554000:D> **R1.04 Intro Systèmes-PE** : BUYLE-BODIN NICOLAS -> <t:1768554000:t> - <t:1768561200:t> en __S16__
<t:1768573800:D> **R1.01 Initiation dev-TPB** : NDIAYE SAMBA NDOJH -> <t:1768573800:t> - <t:1768581000:t> en __S16__

[2026-01-11T17:50:07.635Z] info: Message sent to channel 1395052467070177290: <t:1768201200:D> **R1.10 Anglais-TPB P2** : CANQUE FLORENCE -> <t:1768201200:t> - <t:1768208400:t> en __028__
<t:1768208400:D> **14 R1.06 Maths discrètes TPB** : JOUBERT AUDE -> <t:1768208400:t> - <t:1768215600:t> en __S11__
<t:1768222800:D> **R1.01 initation dev TD P15** : NDIAYE SAMBA NDOJH -> <t:1768222800:t> - <t:1768230000:t> en __040__
<t:1768230000:D> **R1.05-2 SQL-TD** : BONNET CHRISTINE -> <t:1768230000:t> - <t:1768237200:t> en __S24__
<t:1768287600:D> **SAE Autonomie G4** : G4S1B -> <t:1768287600:t> - <t:1768294800:t> en __S17__
<t:1768309200:D> **R1.12 PPP-TD P2** : VIZET PONCET CECILE -> <t:1768309200:t> - <t:1768316400:t> en __037-Conseil__
<t:1768316400:D> **R1.02 Web-DS** : BUYLE-BODIN NICOLAS -> <t:1768316400:t> - <t:1768323600:t> en __H21,H20,S25__
<t:1768374000:D> **SAE Autonomie G4** : G4S1B -> <t:1768374000:t> - <t:1768381200:t> en __S24__
<t:1768381200:D> **11 R1.08 Gestion Proj. Orga-TD** : MAGNIN FLORENCE -> <t:1768381200:t> - <t:1768388400:t> en __040__
<t:1768395600:D> **R1.08 Gestion Proj. Orga-TD** : MAGNIN FLORENCE -> <t:1768395600:t> - <t:1768402800:t> en __S10__
<t:1768402800:D> **19 R1.11 Com-TD** : DEBOUTE JOCELYNE -> <t:1768402800:t> - <t:1768410000:t> en __S12__
<t:1768460400:D> **SAE Autonomie G4** : G4S1B -> <t:1768460400:t> - <t:1768467600:t> en __S26__
<t:1768467600:D> **R1.05-2 SQL-PE** : BONNET CHRISTINE -> <t:1768467600:t> - <t:1768474800:t> en __S03__
<t:1768546800:D> **16 R1.04 Intro Systèmes-TD** : BUYLE-BODIN NICOLAS -> <t:1768546800:t> - <t:1768554000:t> en __S16__
<t:1768554000:D> **R1.04 Intro Systèmes-PE** : BUYLE-BODIN NICOLAS -> <t:1768554000:t> - <t:1768561200:t> en __S16__
<t:1768573800:D> **R1.01 Initiation dev-TPB** : NDIAYE SAMBA NDOJH -> <t:1768573800:t> - <t:1768581000:t> en __S16__

[2026-01-11T17:50:07.636Z] info: Sending message to channel 1395052827985842288: <t:1768208400:D> **R1.01 Initiation dev-TPA** : ZEITOUN SEBASTIEN -> <t:1768208400:t> - <t:1768215600:t> en __S16__
<t:1768222800:D> **R1.04 Intro Systèmes** : BARON ARIANE -> <t:1768222800:t> - <t:1768230000:t> en __S14,S03,S13__
<t:1768230000:D> **R1.04 Intro Systèmes-PE** : BARON ARIANE -> <t:1768230000:t> - <t:1768237200:t> en __S03,S13,S14__
<t:1768287600:D> **R1.10 Anglais-TPA P2** : BESSAC MARIETTE -> <t:1768287600:t> - <t:1768294800:t> en __028__
<t:1768294800:D> **R1.01 initation dev TD P15** : BARON ARIANE -> <t:1768294800:t> - <t:1768302000:t> en __S12__
<t:1768309200:D> **25 R1.06 Maths discrètes TPA** : LEROUX STEPHANE -> <t:1768309200:t> - <t:1768316400:t> en __S12__
<t:1768316400:D> **R1.02 Web-DS** : BUYLE-BODIN NICOLAS -> <t:1768316400:t> - <t:1768323600:t> en __H21,H20,S25__
<t:1768374000:D> **R1.12 PPP-TD P2** : OLIVESI AURELIE -> <t:1768374000:t> - <t:1768381200:t> en __S15__
<t:1768381200:D> **19 R1.11 Com-TD** : BESSON MATHIEU -> <t:1768381200:t> - <t:1768388400:t> en __S15__
<t:1768395600:D> **11 R1.08 Gestion Proj. Orga-TD** : LAGACHE ALEXANDRA -> <t:1768395600:t> - <t:1768402800:t> en __S15__
<t:1768402800:D> **R1.05-2 SQL-PE** : BUYLE-BODIN NICOLAS -> <t:1768402800:t> - <t:1768410000:t> en __S14__
<t:1768460400:D> **R1.08 Gestion Proj. Orga-TD** : LAGACHE ALEXANDRA -> <t:1768460400:t> - <t:1768467600:t> en __040__
<t:1768546800:D> **SAE Autonomie G5** : G5S1A -> <t:1768546800:t> - <t:1768554000:t> en __S27__
<t:1768554000:D> **SAE Autonomie G5** : G5S1A -> <t:1768554000:t> - <t:1768561200:t> en __S27__
<t:1768566600:D> **SAE Autonomie G5** : G5S1A -> <t:1768566600:t> - <t:1768573800:t> en __S27__
<t:1768573800:D> **SAE Autonomie G5** : G5S1A -> <t:1768573800:t> - <t:1768581000:t> en __S27__

[2026-01-11T17:50:07.637Z] info: Message sent to channel 1395052827985842288: <t:1768208400:D> **R1.01 Initiation dev-TPA** : ZEITOUN SEBASTIEN -> <t:1768208400:t> - <t:1768215600:t> en __S16__
<t:1768222800:D> **R1.04 Intro Systèmes** : BARON ARIANE -> <t:1768222800:t> - <t:1768230000:t> en __S14,S03,S13__
<t:1768230000:D> **R1.04 Intro Systèmes-PE** : BARON ARIANE -> <t:1768230000:t> - <t:1768237200:t> en __S03,S13,S14__
<t:1768287600:D> **R1.10 Anglais-TPA P2** : BESSAC MARIETTE -> <t:1768287600:t> - <t:1768294800:t> en __028__
<t:1768294800:D> **R1.01 initation dev TD P15** : BARON ARIANE -> <t:1768294800:t> - <t:1768302000:t> en __S12__
<t:1768309200:D> **25 R1.06 Maths discrètes TPA** : LEROUX STEPHANE -> <t:1768309200:t> - <t:1768316400:t> en __S12__
<t:1768316400:D> **R1.02 Web-DS** : BUYLE-BODIN NICOLAS -> <t:1768316400:t> - <t:1768323600:t> en __H21,H20,S25__
<t:1768374000:D> **R1.12 PPP-TD P2** : OLIVESI AURELIE -> <t:1768374000:t> - <t:1768381200:t> en __S15__
<t:1768381200:D> **19 R1.11 Com-TD** : BESSON MATHIEU -> <t:1768381200:t> - <t:1768388400:t> en __S15__
<t:1768395600:D> **11 R1.08 Gestion Proj. Orga-TD** : LAGACHE ALEXANDRA -> <t:1768395600:t> - <t:1768402800:t> en __S15__
<t:1768402800:D> **R1.05-2 SQL-PE** : BUYLE-BODIN NICOLAS -> <t:1768402800:t> - <t:1768410000:t> en __S14__
<t:1768460400:D> **R1.08 Gestion Proj. Orga-TD** : LAGACHE ALEXANDRA -> <t:1768460400:t> - <t:1768467600:t> en __040__
<t:1768546800:D> **SAE Autonomie G5** : G5S1A -> <t:1768546800:t> - <t:1768554000:t> en __S27__
<t:1768554000:D> **SAE Autonomie G5** : G5S1A -> <t:1768554000:t> - <t:1768561200:t> en __S27__
<t:1768566600:D> **SAE Autonomie G5** : G5S1A -> <t:1768566600:t> - <t:1768573800:t> en __S27__
<t:1768573800:D> **SAE Autonomie G5** : G5S1A -> <t:1768573800:t> - <t:1768581000:t> en __S27__

[2026-01-11T17:50:07.639Z] info: Sending message to channel 1395052882486890707: <t:1768201200:D> **R1.01 Initiation dev-TPB** : ZEITOUN SEBASTIEN -> <t:1768201200:t> - <t:1768208400:t> en __S24__
<t:1768208400:D> **14 R1.06 Maths discrètes TPB** : LEROUX STEPHANE -> <t:1768208400:t> - <t:1768215600:t> en __S15__
<t:1768222800:D> **R1.04 Intro Systèmes** : BARON ARIANE -> <t:1768222800:t> - <t:1768230000:t> en __S14,S03,S13__
<t:1768230000:D> **R1.04 Intro Systèmes-PE** : BARON ARIANE -> <t:1768230000:t> - <t:1768237200:t> en __S03,S13,S14__
<t:1768294800:D> **R1.01 initation dev TD P15** : BARON ARIANE -> <t:1768294800:t> - <t:1768302000:t> en __S12__
<t:1768309200:D> **R1.10 Anglais-TPB P2** : CANQUE FLORENCE -> <t:1768309200:t> - <t:1768316400:t> en __026-Langues__
<t:1768316400:D> **R1.02 Web-DS** : BUYLE-BODIN NICOLAS -> <t:1768316400:t> - <t:1768323600:t> en __H21,H20,S25__
<t:1768374000:D> **R1.12 PPP-TD P2** : OLIVESI AURELIE -> <t:1768374000:t> - <t:1768381200:t> en __S15__
<t:1768381200:D> **19 R1.11 Com-TD** : BESSON MATHIEU -> <t:1768381200:t> - <t:1768388400:t> en __S15__
<t:1768395600:D> **11 R1.08 Gestion Proj. Orga-TD** : LAGACHE ALEXANDRA -> <t:1768395600:t> - <t:1768402800:t> en __S15__
<t:1768402800:D> **R1.05-2 SQL-PE** : BUYLE-BODIN NICOLAS -> <t:1768402800:t> - <t:1768410000:t> en __S14__
<t:1768460400:D> **R1.08 Gestion Proj. Orga-TD** : LAGACHE ALEXANDRA -> <t:1768460400:t> - <t:1768467600:t> en __040__
<t:1768546800:D> **SAE Autonomie G5** : G5S1A -> <t:1768546800:t> - <t:1768554000:t> en __S27__
<t:1768554000:D> **SAE Autonomie G5** : G5S1A -> <t:1768554000:t> - <t:1768561200:t> en __S27__
<t:1768566600:D> **SAE Autonomie G5** : G5S1A -> <t:1768566600:t> - <t:1768573800:t> en __S27__
<t:1768573800:D> **SAE Autonomie G5** : G5S1A -> <t:1768573800:t> - <t:1768581000:t> en __S27__

[2026-01-11T17:50:07.639Z] info: Message sent to channel 1395052882486890707: <t:1768201200:D> **R1.01 Initiation dev-TPB** : ZEITOUN SEBASTIEN -> <t:1768201200:t> - <t:1768208400:t> en __S24__
<t:1768208400:D> **14 R1.06 Maths discrètes TPB** : LEROUX STEPHANE -> <t:1768208400:t> - <t:1768215600:t> en __S15__
<t:1768222800:D> **R1.04 Intro Systèmes** : BARON ARIANE -> <t:1768222800:t> - <t:1768230000:t> en __S14,S03,S13__
<t:1768230000:D> **R1.04 Intro Systèmes-PE** : BARON ARIANE -> <t:1768230000:t> - <t:1768237200:t> en __S03,S13,S14__
<t:1768294800:D> **R1.01 initation dev TD P15** : BARON ARIANE -> <t:1768294800:t> - <t:1768302000:t> en __S12__
<t:1768309200:D> **R1.10 Anglais-TPB P2** : CANQUE FLORENCE -> <t:1768309200:t> - <t:1768316400:t> en __026-Langues__
<t:1768316400:D> **R1.02 Web-DS** : BUYLE-BODIN NICOLAS -> <t:1768316400:t> - <t:1768323600:t> en __H21,H20,S25__
<t:1768374000:D> **R1.12 PPP-TD P2** : OLIVESI AURELIE -> <t:1768374000:t> - <t:1768381200:t> en __S15__
<t:1768381200:D> **19 R1.11 Com-TD** : BESSON MATHIEU -> <t:1768381200:t> - <t:1768388400:t> en __S15__
<t:1768395600:D> **11 R1.08 Gestion Proj. Orga-TD** : LAGACHE ALEXANDRA -> <t:1768395600:t> - <t:1768402800:t> en __S15__
<t:1768402800:D> **R1.05-2 SQL-PE** : BUYLE-BODIN NICOLAS -> <t:1768402800:t> - <t:1768410000:t> en __S14__
<t:1768460400:D> **R1.08 Gestion Proj. Orga-TD** : LAGACHE ALEXANDRA -> <t:1768460400:t> - <t:1768467600:t> en __040__
<t:1768546800:D> **SAE Autonomie G5** : G5S1A -> <t:1768546800:t> - <t:1768554000:t> en __S27__
<t:1768554000:D> **SAE Autonomie G5** : G5S1A -> <t:1768554000:t> - <t:1768561200:t> en __S27__
<t:1768566600:D> **SAE Autonomie G5** : G5S1A -> <t:1768566600:t> - <t:1768573800:t> en __S27__
<t:1768573800:D> **SAE Autonomie G5** : G5S1A -> <t:1768573800:t> - <t:1768581000:t> en __S27__

[2026-01-11T17:50:07.641Z] info: Sending message to channel 1395371275643256924: <t:1768208400:D> **21 R3.11  Droit des contrats et du numérique-TD** : DUFOUR KARLINE -> <t:1768208400:t> - <t:1768215600:t> en __S10__
<t:1768222800:D> **R3.09 Crypto et sécurité-TPA** : JALOUX CHRISTOPHE -> <t:1768222800:t> - <t:1768230000:t> en __S17__
<t:1768230000:D> **R3.14 PPP-entretien A** : G1S3A -> <t:1768230000:t> - <t:1768237200:t> en __S21__
<t:1768287600:D> **21R3.04-1 Qualité de developpement-Conception-TD** : PEYTAVIE ADRIEN -> <t:1768287600:t> - <t:1768294800:t> en __S03__
<t:1768294800:D> **21 R3.02 Dév. Efficace (algo)-TD** : KHEDDOUCI HAMAMACHE -> <t:1768294800:t> - <t:1768302000:t> en __S16__
<t:1768309200:D> **11 R3.02 Dév. Efficace (algo)-TD** : BEN HADID AMIRA -> <t:1768309200:t> - <t:1768316400:t> en __S16__
<t:1768374000:D> **11 R3.11  Droit des contrats et du numérique-TD** : DUFOUR KARLINE -> <t:1768374000:t> - <t:1768381200:t> en __040__
<t:1768381200:D> **R3.13 communication professionnelle-TPA** : DEBOUTE JOCELYNE -> <t:1768381200:t> - <t:1768388400:t> en __S21__
<t:1768395600:D> **11 R3.02 Dév. Efficace (algo)-TD** : KHEDDOUCI HAMAMACHE -> <t:1768395600:t> - <t:1768402800:t> en __S03__
<t:1768402800:D> **R3.06 Archi. Réseaux-DS** : MERRHEIM XAVIER -> <t:1768402800:t> - <t:1768410000:t> en __H20,S25,H21__
<t:1768460400:D> **R3.01-2 Développement Web  : Javascript DS** : LEROUX STEPHANE -> <t:1768460400:t> - <t:1768467600:t> en __S25,Amphi2__
<t:1768554000:D> **R3.14 PPP-entretien A** : G1S3A -> <t:1768554000:t> - <t:1768561200:t> en __040__
<t:1768573800:D> **12 R3.12 Anglais-TD** : GARACCI DANIEL -> <t:1768573800:t> - <t:1768581000:t> en __026-Langues__

[2026-01-11T17:50:07.641Z] info: Message sent to channel 1395371275643256924: <t:1768208400:D> **21 R3.11  Droit des contrats et du numérique-TD** : DUFOUR KARLINE -> <t:1768208400:t> - <t:1768215600:t> en __S10__
<t:1768222800:D> **R3.09 Crypto et sécurité-TPA** : JALOUX CHRISTOPHE -> <t:1768222800:t> - <t:1768230000:t> en __S17__
<t:1768230000:D> **R3.14 PPP-entretien A** : G1S3A -> <t:1768230000:t> - <t:1768237200:t> en __S21__
<t:1768287600:D> **21R3.04-1 Qualité de developpement-Conception-TD** : PEYTAVIE ADRIEN -> <t:1768287600:t> - <t:1768294800:t> en __S03__
<t:1768294800:D> **21 R3.02 Dév. Efficace (algo)-TD** : KHEDDOUCI HAMAMACHE -> <t:1768294800:t> - <t:1768302000:t> en __S16__
<t:1768309200:D> **11 R3.02 Dév. Efficace (algo)-TD** : BEN HADID AMIRA -> <t:1768309200:t> - <t:1768316400:t> en __S16__
<t:1768374000:D> **11 R3.11  Droit des contrats et du numérique-TD** : DUFOUR KARLINE -> <t:1768374000:t> - <t:1768381200:t> en __040__
<t:1768381200:D> **R3.13 communication professionnelle-TPA** : DEBOUTE JOCELYNE -> <t:1768381200:t> - <t:1768388400:t> en __S21__
<t:1768395600:D> **11 R3.02 Dév. Efficace (algo)-TD** : KHEDDOUCI HAMAMACHE -> <t:1768395600:t> - <t:1768402800:t> en __S03__
<t:1768402800:D> **R3.06 Archi. Réseaux-DS** : MERRHEIM XAVIER -> <t:1768402800:t> - <t:1768410000:t> en __H20,S25,H21__
<t:1768460400:D> **R3.01-2 Développement Web  : Javascript DS** : LEROUX STEPHANE -> <t:1768460400:t> - <t:1768467600:t> en __S25,Amphi2__
<t:1768554000:D> **R3.14 PPP-entretien A** : G1S3A -> <t:1768554000:t> - <t:1768561200:t> en __040__
<t:1768573800:D> **12 R3.12 Anglais-TD** : GARACCI DANIEL -> <t:1768573800:t> - <t:1768581000:t> en __026-Langues__

[2026-01-11T17:50:07.643Z] info: Sending message to channel 1395371292533723147: <t:1768201200:D> **R3.09 Crypto et sécurité-TPB** : JALOUX CHRISTOPHE -> <t:1768201200:t> - <t:1768208400:t> en __S17__
<t:1768208400:D> **21 R3.11  Droit des contrats et du numérique-TD** : DUFOUR KARLINE -> <t:1768208400:t> - <t:1768215600:t> en __S10__
<t:1768222800:D> **R3.14 PPP-entretien B** : G1S3B -> <t:1768222800:t> - <t:1768230000:t> en __S10__
<t:1768287600:D> **21R3.04-1 Qualité de developpement-Conception-TD** : PEYTAVIE ADRIEN -> <t:1768287600:t> - <t:1768294800:t> en __S03__
<t:1768294800:D> **21 R3.02 Dév. Efficace (algo)-TD** : KHEDDOUCI HAMAMACHE -> <t:1768294800:t> - <t:1768302000:t> en __S16__
<t:1768309200:D> **11 R3.02 Dév. Efficace (algo)-TD** : BEN HADID AMIRA -> <t:1768309200:t> - <t:1768316400:t> en __S16__
<t:1768374000:D> **11 R3.11  Droit des contrats et du numérique-TD** : DUFOUR KARLINE -> <t:1768374000:t> - <t:1768381200:t> en __040__
<t:1768381200:D> **R3.05 Programmation système-TPB** : BUONOMO CAMILLE -> <t:1768381200:t> - <t:1768388400:t> en __S16__
<t:1768395600:D> **11 R3.02 Dév. Efficace (algo)-TD** : KHEDDOUCI HAMAMACHE -> <t:1768395600:t> - <t:1768402800:t> en __S03__
<t:1768402800:D> **R3.06 Archi. Réseaux-DS** : MERRHEIM XAVIER -> <t:1768402800:t> - <t:1768410000:t> en __H20,S25,H21__
<t:1768460400:D> **R3.01-2 Développement Web  : Javascript DS** : LEROUX STEPHANE -> <t:1768460400:t> - <t:1768467600:t> en __S25,Amphi2__
<t:1768546800:D> **R3.14 PPP-entretien B** : G1S3B -> <t:1768546800:t> - <t:1768554000:t> en __S21__
<t:1768566600:D> **R3.13 communication professionnelle-TPB** : DEBOUTE JOCELYNE -> <t:1768566600:t> - <t:1768573800:t> en __S21__
<t:1768573800:D> **12 R3.12 Anglais-TD** : GARACCI DANIEL -> <t:1768573800:t> - <t:1768581000:t> en __026-Langues__

[2026-01-11T17:50:07.643Z] info: Message sent to channel 1395371292533723147: <t:1768201200:D> **R3.09 Crypto et sécurité-TPB** : JALOUX CHRISTOPHE -> <t:1768201200:t> - <t:1768208400:t> en __S17__
<t:1768208400:D> **21 R3.11  Droit des contrats et du numérique-TD** : DUFOUR KARLINE -> <t:1768208400:t> - <t:1768215600:t> en __S10__
<t:1768222800:D> **R3.14 PPP-entretien B** : G1S3B -> <t:1768222800:t> - <t:1768230000:t> en __S10__
<t:1768287600:D> **21R3.04-1 Qualité de developpement-Conception-TD** : PEYTAVIE ADRIEN -> <t:1768287600:t> - <t:1768294800:t> en __S03__
<t:1768294800:D> **21 R3.02 Dév. Efficace (algo)-TD** : KHEDDOUCI HAMAMACHE -> <t:1768294800:t> - <t:1768302000:t> en __S16__
<t:1768309200:D> **11 R3.02 Dév. Efficace (algo)-TD** : BEN HADID AMIRA -> <t:1768309200:t> - <t:1768316400:t> en __S16__
<t:1768374000:D> **11 R3.11  Droit des contrats et du numérique-TD** : DUFOUR KARLINE -> <t:1768374000:t> - <t:1768381200:t> en __040__
<t:1768381200:D> **R3.05 Programmation système-TPB** : BUONOMO CAMILLE -> <t:1768381200:t> - <t:1768388400:t> en __S16__
<t:1768395600:D> **11 R3.02 Dév. Efficace (algo)-TD** : KHEDDOUCI HAMAMACHE -> <t:1768395600:t> - <t:1768402800:t> en __S03__
<t:1768402800:D> **R3.06 Archi. Réseaux-DS** : MERRHEIM XAVIER -> <t:1768402800:t> - <t:1768410000:t> en __H20,S25,H21__
<t:1768460400:D> **R3.01-2 Développement Web  : Javascript DS** : LEROUX STEPHANE -> <t:1768460400:t> - <t:1768467600:t> en __S25,Amphi2__
<t:1768546800:D> **R3.14 PPP-entretien B** : G1S3B -> <t:1768546800:t> - <t:1768554000:t> en __S21__
<t:1768566600:D> **R3.13 communication professionnelle-TPB** : DEBOUTE JOCELYNE -> <t:1768566600:t> - <t:1768573800:t> en __S21__
<t:1768573800:D> **12 R3.12 Anglais-TD** : GARACCI DANIEL -> <t:1768573800:t> - <t:1768581000:t> en __026-Langues__

[2026-01-11T17:50:07.644Z] info: Sending message to channel 1395371451573600287: <t:1768201200:D> **11 R3.11  Droit des contrats et du numérique-TD** : DUFOUR KARLINE -> <t:1768201200:t> - <t:1768208400:t> en __040__
<t:1768222800:D> **R3.13 communication professionnelle-TPA** : DEBOUTE JOCELYNE -> <t:1768222800:t> - <t:1768230000:t> en __S21__
<t:1768230000:D> **R3.09 Crypto et sécurité-TPA** : JALOUX CHRISTOPHE -> <t:1768230000:t> - <t:1768237200:t> en __S17__
<t:1768287600:D> **11 R3.02 Dév. Efficace (algo)-TD** : KHEDDOUCI HAMAMACHE -> <t:1768287600:t> - <t:1768294800:t> en __S24__
<t:1768309200:D> **21 R3.11  Droit des contrats et du numérique-TD** : DUFOUR KARLINE -> <t:1768309200:t> - <t:1768316400:t> en __S15__
<t:1768316400:D> **21R3.04-1 Qualité de developpement-Conception-TD** : PEYTAVIE ADRIEN -> <t:1768316400:t> - <t:1768323600:t> en __S17__
<t:1768374000:D> **21 R3.02 Dév. Efficace (algo)-TD** : KHEDDOUCI HAMAMACHE -> <t:1768374000:t> - <t:1768381200:t> en __S16__
<t:1768381200:D> **11 R3.02 Dév. Efficace (algo)-TD** : BEN HADID AMIRA -> <t:1768381200:t> - <t:1768388400:t> en __S14__
<t:1768402800:D> **R3.06 Archi. Réseaux-DS** : MERRHEIM XAVIER -> <t:1768402800:t> - <t:1768410000:t> en __H20,S25,H21__
<t:1768460400:D> **R3.01-2 Développement Web  : Javascript DS** : LEROUX STEPHANE -> <t:1768460400:t> - <t:1768467600:t> en __S25,Amphi2__
<t:1768467600:D> **11 R3.11  Droit des contrats et du numérique-TD** : DUFOUR KARLINE -> <t:1768467600:t> - <t:1768474800:t> en __S12__

[2026-01-11T17:50:07.644Z] info: Message sent to channel 1395371451573600287: <t:1768201200:D> **11 R3.11  Droit des contrats et du numérique-TD** : DUFOUR KARLINE -> <t:1768201200:t> - <t:1768208400:t> en __040__
<t:1768222800:D> **R3.13 communication professionnelle-TPA** : DEBOUTE JOCELYNE -> <t:1768222800:t> - <t:1768230000:t> en __S21__
<t:1768230000:D> **R3.09 Crypto et sécurité-TPA** : JALOUX CHRISTOPHE -> <t:1768230000:t> - <t:1768237200:t> en __S17__
<t:1768287600:D> **11 R3.02 Dév. Efficace (algo)-TD** : KHEDDOUCI HAMAMACHE -> <t:1768287600:t> - <t:1768294800:t> en __S24__
<t:1768309200:D> **21 R3.11  Droit des contrats et du numérique-TD** : DUFOUR KARLINE -> <t:1768309200:t> - <t:1768316400:t> en __S15__
<t:1768316400:D> **21R3.04-1 Qualité de developpement-Conception-TD** : PEYTAVIE ADRIEN -> <t:1768316400:t> - <t:1768323600:t> en __S17__
<t:1768374000:D> **21 R3.02 Dév. Efficace (algo)-TD** : KHEDDOUCI HAMAMACHE -> <t:1768374000:t> - <t:1768381200:t> en __S16__
<t:1768381200:D> **11 R3.02 Dév. Efficace (algo)-TD** : BEN HADID AMIRA -> <t:1768381200:t> - <t:1768388400:t> en __S14__
<t:1768402800:D> **R3.06 Archi. Réseaux-DS** : MERRHEIM XAVIER -> <t:1768402800:t> - <t:1768410000:t> en __H20,S25,H21__
<t:1768460400:D> **R3.01-2 Développement Web  : Javascript DS** : LEROUX STEPHANE -> <t:1768460400:t> - <t:1768467600:t> en __S25,Amphi2__
<t:1768467600:D> **11 R3.11  Droit des contrats et du numérique-TD** : DUFOUR KARLINE -> <t:1768467600:t> - <t:1768474800:t> en __S12__

[2026-01-11T17:50:07.647Z] info: Sending message to channel 1395371471345553540: <t:1768201200:D> **11 R3.11  Droit des contrats et du numérique-TD** : DUFOUR KARLINE -> <t:1768201200:t> - <t:1768208400:t> en __040__
<t:1768208400:D> **R3.09 Crypto et sécurité-TPB** : JALOUX CHRISTOPHE -> <t:1768208400:t> - <t:1768215600:t> en __S17__
<t:1768287600:D> **11 R3.02 Dév. Efficace (algo)-TD** : KHEDDOUCI HAMAMACHE -> <t:1768287600:t> - <t:1768294800:t> en __S24__
<t:1768294800:D> **R3.05 Programmation système-TPB** : BUONOMO CAMILLE -> <t:1768294800:t> - <t:1768302000:t> en __S24__
<t:1768309200:D> **21 R3.11  Droit des contrats et du numérique-TD** : DUFOUR KARLINE -> <t:1768309200:t> - <t:1768316400:t> en __S15__
<t:1768316400:D> **21R3.04-1 Qualité de developpement-Conception-TD** : PEYTAVIE ADRIEN -> <t:1768316400:t> - <t:1768323600:t> en __S17__
<t:1768374000:D> **21 R3.02 Dév. Efficace (algo)-TD** : KHEDDOUCI HAMAMACHE -> <t:1768374000:t> - <t:1768381200:t> en __S16__
<t:1768381200:D> **11 R3.02 Dév. Efficace (algo)-TD** : BEN HADID AMIRA -> <t:1768381200:t> - <t:1768388400:t> en __S14__
<t:1768395600:D> **R3.13 communication professionnelle-TPB** : DEBOUTE JOCELYNE -> <t:1768395600:t> - <t:1768402800:t> en __S21__
<t:1768402800:D> **R3.06 Archi. Réseaux-DS** : MERRHEIM XAVIER -> <t:1768402800:t> - <t:1768410000:t> en __H20,S25,H21__
<t:1768460400:D> **R3.01-2 Développement Web  : Javascript DS** : LEROUX STEPHANE -> <t:1768460400:t> - <t:1768467600:t> en __S25,Amphi2__
<t:1768467600:D> **11 R3.11  Droit des contrats et du numérique-TD** : DUFOUR KARLINE -> <t:1768467600:t> - <t:1768474800:t> en __S12__

[2026-01-11T17:50:07.648Z] info: Message sent to channel 1395371471345553540: <t:1768201200:D> **11 R3.11  Droit des contrats et du numérique-TD** : DUFOUR KARLINE -> <t:1768201200:t> - <t:1768208400:t> en __040__
<t:1768208400:D> **R3.09 Crypto et sécurité-TPB** : JALOUX CHRISTOPHE -> <t:1768208400:t> - <t:1768215600:t> en __S17__
<t:1768287600:D> **11 R3.02 Dév. Efficace (algo)-TD** : KHEDDOUCI HAMAMACHE -> <t:1768287600:t> - <t:1768294800:t> en __S24__
<t:1768294800:D> **R3.05 Programmation système-TPB** : BUONOMO CAMILLE -> <t:1768294800:t> - <t:1768302000:t> en __S24__
<t:1768309200:D> **21 R3.11  Droit des contrats et du numérique-TD** : DUFOUR KARLINE -> <t:1768309200:t> - <t:1768316400:t> en __S15__
<t:1768316400:D> **21R3.04-1 Qualité de developpement-Conception-TD** : PEYTAVIE ADRIEN -> <t:1768316400:t> - <t:1768323600:t> en __S17__
<t:1768374000:D> **21 R3.02 Dév. Efficace (algo)-TD** : KHEDDOUCI HAMAMACHE -> <t:1768374000:t> - <t:1768381200:t> en __S16__
<t:1768381200:D> **11 R3.02 Dév. Efficace (algo)-TD** : BEN HADID AMIRA -> <t:1768381200:t> - <t:1768388400:t> en __S14__
<t:1768395600:D> **R3.13 communication professionnelle-TPB** : DEBOUTE JOCELYNE -> <t:1768395600:t> - <t:1768402800:t> en __S21__
<t:1768402800:D> **R3.06 Archi. Réseaux-DS** : MERRHEIM XAVIER -> <t:1768402800:t> - <t:1768410000:t> en __H20,S25,H21__
<t:1768460400:D> **R3.01-2 Développement Web  : Javascript DS** : LEROUX STEPHANE -> <t:1768460400:t> - <t:1768467600:t> en __S25,Amphi2__
<t:1768467600:D> **11 R3.11  Droit des contrats et du numérique-TD** : DUFOUR KARLINE -> <t:1768467600:t> - <t:1768474800:t> en __S12__

[2026-01-11T17:50:07.649Z] info: Sending message to channel 1395371506099425310: <t:1768201200:D> **11 R3.02 Dév. Efficace (algo)-TD** : KHEDDOUCI HAMAMACHE -> <t:1768201200:t> - <t:1768208400:t> en __S16__
<t:1768222800:D> **R3.09 Crypto et sécurité-TPA** : LEROUX STEPHANE -> <t:1768222800:t> - <t:1768230000:t> en __S16__
<t:1768309200:D> **21 R3.02 Dév. Efficace (algo)-TD** : KHEDDOUCI HAMAMACHE -> <t:1768309200:t> - <t:1768316400:t> en __S17__
<t:1768381200:D> **21 R3.11  Droit des contrats et du numérique-TD** : DUFOUR KARLINE -> <t:1768381200:t> - <t:1768388400:t> en __S10__
<t:1768395600:D> **21R3.04-1 Qualité de developpement-Conception-TD** : DUCHENE ERIC -> <t:1768395600:t> - <t:1768402800:t> en __S17__
<t:1768402800:D> **R3.06 Archi. Réseaux-DS** : MERRHEIM XAVIER -> <t:1768402800:t> - <t:1768410000:t> en __H20,S25,H21__
<t:1768460400:D> **R3.01-2 Développement Web  : Javascript DS** : LEROUX STEPHANE -> <t:1768460400:t> - <t:1768467600:t> en __S25,Amphi2__
<t:1768467600:D> **11 R3.02 Dév. Efficace (algo)-TD** : BEN HADID AMIRA -> <t:1768467600:t> - <t:1768474800:t> en __S27__
<t:1768546800:D> **11 R3.11  Droit des contrats et du numérique-TD** : DUFOUR KARLINE -> <t:1768546800:t> - <t:1768554000:t> en __040__
<t:1768554000:D> **R3.13 communication professionnelle-TPA** : DEBOUTE JOCELYNE -> <t:1768554000:t> - <t:1768561200:t> en __S21__
<t:1768566600:D> **12 R3.12 Anglais-TD** : GARACCI DANIEL -> <t:1768566600:t> - <t:1768573800:t> en __026-Langues__

[2026-01-11T17:50:07.649Z] info: Message sent to channel 1395371506099425310: <t:1768201200:D> **11 R3.02 Dév. Efficace (algo)-TD** : KHEDDOUCI HAMAMACHE -> <t:1768201200:t> - <t:1768208400:t> en __S16__
<t:1768222800:D> **R3.09 Crypto et sécurité-TPA** : LEROUX STEPHANE -> <t:1768222800:t> - <t:1768230000:t> en __S16__
<t:1768309200:D> **21 R3.02 Dév. Efficace (algo)-TD** : KHEDDOUCI HAMAMACHE -> <t:1768309200:t> - <t:1768316400:t> en __S17__
<t:1768381200:D> **21 R3.11  Droit des contrats et du numérique-TD** : DUFOUR KARLINE -> <t:1768381200:t> - <t:1768388400:t> en __S10__
<t:1768395600:D> **21R3.04-1 Qualité de developpement-Conception-TD** : DUCHENE ERIC -> <t:1768395600:t> - <t:1768402800:t> en __S17__
<t:1768402800:D> **R3.06 Archi. Réseaux-DS** : MERRHEIM XAVIER -> <t:1768402800:t> - <t:1768410000:t> en __H20,S25,H21__
<t:1768460400:D> **R3.01-2 Développement Web  : Javascript DS** : LEROUX STEPHANE -> <t:1768460400:t> - <t:1768467600:t> en __S25,Amphi2__
<t:1768467600:D> **11 R3.02 Dév. Efficace (algo)-TD** : BEN HADID AMIRA -> <t:1768467600:t> - <t:1768474800:t> en __S27__
<t:1768546800:D> **11 R3.11  Droit des contrats et du numérique-TD** : DUFOUR KARLINE -> <t:1768546800:t> - <t:1768554000:t> en __040__
<t:1768554000:D> **R3.13 communication professionnelle-TPA** : DEBOUTE JOCELYNE -> <t:1768554000:t> - <t:1768561200:t> en __S21__
<t:1768566600:D> **12 R3.12 Anglais-TD** : GARACCI DANIEL -> <t:1768566600:t> - <t:1768573800:t> en __026-Langues__

[2026-01-11T17:50:07.650Z] info: Sending message to channel 1395371591797575750: <t:1768201200:D> **11 R3.02 Dév. Efficace (algo)-TD** : KHEDDOUCI HAMAMACHE -> <t:1768201200:t> - <t:1768208400:t> en __S16__
<t:1768208400:D> **R3.13 communication professionnelle-TPB** : DEBOUTE JOCELYNE -> <t:1768208400:t> - <t:1768215600:t> en __S21__
<t:1768222800:D> **R3.05 Programmation système-TPB** : CAPOSIENA JULIEN -> <t:1768222800:t> - <t:1768230000:t> en __S27__
<t:1768230000:D> **R3.09 Crypto et sécurité-TPB** : LEROUX STEPHANE -> <t:1768230000:t> - <t:1768237200:t> en __S16__
<t:1768309200:D> **21 R3.02 Dév. Efficace (algo)-TD** : KHEDDOUCI HAMAMACHE -> <t:1768309200:t> - <t:1768316400:t> en __S17__
<t:1768381200:D> **21 R3.11  Droit des contrats et du numérique-TD** : DUFOUR KARLINE -> <t:1768381200:t> - <t:1768388400:t> en __S10__
<t:1768395600:D> **21R3.04-1 Qualité de developpement-Conception-TD** : DUCHENE ERIC -> <t:1768395600:t> - <t:1768402800:t> en __S17__
<t:1768402800:D> **R3.06 Archi. Réseaux-DS** : MERRHEIM XAVIER -> <t:1768402800:t> - <t:1768410000:t> en __H20,S25,H21__
<t:1768460400:D> **R3.01-2 Développement Web  : Javascript DS** : LEROUX STEPHANE -> <t:1768460400:t> - <t:1768467600:t> en __S25,Amphi2__
<t:1768467600:D> **11 R3.02 Dév. Efficace (algo)-TD** : BEN HADID AMIRA -> <t:1768467600:t> - <t:1768474800:t> en __S27__
<t:1768546800:D> **11 R3.11  Droit des contrats et du numérique-TD** : DUFOUR KARLINE -> <t:1768546800:t> - <t:1768554000:t> en __040__
<t:1768566600:D> **12 R3.12 Anglais-TD** : GARACCI DANIEL -> <t:1768566600:t> - <t:1768573800:t> en __026-Langues__

[2026-01-11T17:50:07.651Z] info: Message sent to channel 1395371591797575750: <t:1768201200:D> **11 R3.02 Dév. Efficace (algo)-TD** : KHEDDOUCI HAMAMACHE -> <t:1768201200:t> - <t:1768208400:t> en __S16__
<t:1768208400:D> **R3.13 communication professionnelle-TPB** : DEBOUTE JOCELYNE -> <t:1768208400:t> - <t:1768215600:t> en __S21__
<t:1768222800:D> **R3.05 Programmation système-TPB** : CAPOSIENA JULIEN -> <t:1768222800:t> - <t:1768230000:t> en __S27__
<t:1768230000:D> **R3.09 Crypto et sécurité-TPB** : LEROUX STEPHANE -> <t:1768230000:t> - <t:1768237200:t> en __S16__
<t:1768309200:D> **21 R3.02 Dév. Efficace (algo)-TD** : KHEDDOUCI HAMAMACHE -> <t:1768309200:t> - <t:1768316400:t> en __S17__
<t:1768381200:D> **21 R3.11  Droit des contrats et du numérique-TD** : DUFOUR KARLINE -> <t:1768381200:t> - <t:1768388400:t> en __S10__
<t:1768395600:D> **21R3.04-1 Qualité de developpement-Conception-TD** : DUCHENE ERIC -> <t:1768395600:t> - <t:1768402800:t> en __S17__
<t:1768402800:D> **R3.06 Archi. Réseaux-DS** : MERRHEIM XAVIER -> <t:1768402800:t> - <t:1768410000:t> en __H20,S25,H21__
<t:1768460400:D> **R3.01-2 Développement Web  : Javascript DS** : LEROUX STEPHANE -> <t:1768460400:t> - <t:1768467600:t> en __S25,Amphi2__
<t:1768467600:D> **11 R3.02 Dév. Efficace (algo)-TD** : BEN HADID AMIRA -> <t:1768467600:t> - <t:1768474800:t> en __S27__
<t:1768546800:D> **11 R3.11  Droit des contrats et du numérique-TD** : DUFOUR KARLINE -> <t:1768546800:t> - <t:1768554000:t> en __040__
<t:1768566600:D> **12 R3.12 Anglais-TD** : GARACCI DANIEL -> <t:1768566600:t> - <t:1768573800:t> en __026-Langues__

[2026-01-11T17:50:07.655Z] info: Message sent to channel 1409494181839376455 in 19 parts.
[2026-01-11T17:50:07.660Z] info: Message sent to channel 1409494206942286006 in 19 parts.
[2026-01-11T17:50:07.664Z] info: Message sent to channel 1409495503292338257 in 19 parts.
[2026-01-11T17:50:07.668Z] info: Message sent to channel 1409495513891344426 in 19 parts.
[2026-01-11T17:50:07.672Z] info: Message sent to channel 1409495882436706366 in 17 parts.
[2026-01-11T17:50:07.675Z] info: Message sent to channel 1409496113396060181 in 19 parts.
[2026-01-11T17:50:07.675Z] info: Weekly timetables sent
[2026-01-11T18:00:00.491Z] info: Downloading ICS files for tomorrow for groups: aspea, aspeb, g1s1a, g1s1b, g2s1a, g2s1b, g3s1a, g3s1b, g4s1a, g4s1b, g5s1a, g5s1b, g1s3a, g1s3b, g2s3a, g2s3b, g3a2, g4s3a, g4s3b, but3ra1a, but3ra1b, but3ra2a, but3ra2b, but3ra3a, but3ra3b, but3dacs, but3aged
[2026-01-11T18:00:00.491Z] info: Downloading ICS file from https://edt.univ-lyon1.fr/jsp/custom/modules/plannings/anonymous_cal.jsp?resources=9272&projectId=1&calType=ical&firstDate=2026-01-12&lastDate=2026-01-12 to src/calendars/tomorrow/aspea.ics
[2026-01-11T18:00:00.629Z] info: ICS file downloaded successfully to src/calendars/tomorrow/aspea.ics
[2026-01-11T18:00:00.630Z] info: ICS file for aspea downloaded successfully.
[2026-01-11T18:00:00.630Z] info: Downloading ICS file from https://edt.univ-lyon1.fr/jsp/custom/modules/plannings/anonymous_cal.jsp?resources=18783&projectId=1&calType=ical&firstDate=2026-01-12&lastDate=2026-01-12 to src/calendars/tomorrow/aspeb.ics
[2026-01-11T18:00:00.727Z] info: ICS file downloaded successfully to src/calendars/tomorrow/aspeb.ics
[2026-01-11T18:00:00.727Z] info: ICS file for aspeb downloaded successfully.
[2026-01-11T18:00:00.728Z] info: Downloading ICS file from https://edt.univ-lyon1.fr/jsp/custom/modules/plannings/anonymous_cal.jsp?resources=12096&projectId=1&calType=ical&firstDate=2026-01-12&lastDate=2026-01-12 to src/calendars/tomorrow/g1s1a.ics
[2026-01-11T18:00:00.804Z] info: ICS file downloaded successfully to src/calendars/tomorrow/g1s1a.ics
[2026-01-11T18:00:00.805Z] info: ICS file for g1s1a downloaded successfully.
[2026-01-11T18:00:00.805Z] info: Downloading ICS file from https://edt.univ-lyon1.fr/jsp/custom/modules/plannings/anonymous_cal.jsp?resources=12102&projectId=1&calType=ical&firstDate=2026-01-12&lastDate=2026-01-12 to src/calendars/tomorrow/g1s1b.ics
[2026-01-11T18:00:00.920Z] info: ICS file downloaded successfully to src/calendars/tomorrow/g1s1b.ics
[2026-01-11T18:00:00.920Z] info: ICS file for g1s1b downloaded successfully.
[2026-01-11T18:00:00.920Z] info: Downloading ICS file from https://edt.univ-lyon1.fr/jsp/custom/modules/plannings/anonymous_cal.jsp?resources=12403&projectId=1&calType=ical&firstDate=2026-01-12&lastDate=2026-01-12 to src/calendars/tomorrow/g2s1a.ics
[2026-01-11T18:00:01.005Z] info: ICS file downloaded successfully to src/calendars/tomorrow/g2s1a.ics
[2026-01-11T18:00:01.006Z] info: ICS file for g2s1a downloaded successfully.
[2026-01-11T18:00:01.006Z] info: Downloading ICS file from https://edt.univ-lyon1.fr/jsp/custom/modules/plannings/anonymous_cal.jsp?resources=12406&projectId=1&calType=ical&firstDate=2026-01-12&lastDate=2026-01-12 to src/calendars/tomorrow/g2s1b.ics
[2026-01-11T18:00:01.069Z] info: ICS file downloaded successfully to src/calendars/tomorrow/g2s1b.ics
[2026-01-11T18:00:01.070Z] info: ICS file for g2s1b downloaded successfully.
[2026-01-11T18:00:01.070Z] info: Downloading ICS file from https://edt.univ-lyon1.fr/jsp/custom/modules/plannings/anonymous_cal.jsp?resources=12419&projectId=1&calType=ical&firstDate=2026-01-12&lastDate=2026-01-12 to src/calendars/tomorrow/g3s1a.ics
[2026-01-11T18:00:01.171Z] info: ICS file downloaded successfully to src/calendars/tomorrow/g3s1a.ics
[2026-01-11T18:00:01.171Z] info: ICS file for g3s1a downloaded successfully.
[2026-01-11T18:00:01.171Z] info: Downloading ICS file from https://edt.univ-lyon1.fr/jsp/custom/modules/plannings/anonymous_cal.jsp?resources=12425&projectId=1&calType=ical&firstDate=2026-01-12&lastDate=2026-01-12 to src/calendars/tomorrow/g3s1b.ics
[2026-01-11T18:00:01.237Z] info: ICS file downloaded successfully to src/calendars/tomorrow/g3s1b.ics
[2026-01-11T18:00:01.238Z] info: ICS file for g3s1b downloaded successfully.
[2026-01-11T18:00:01.238Z] info: Downloading ICS file from https://edt.univ-lyon1.fr/jsp/custom/modules/plannings/anonymous_cal.jsp?resources=12424&projectId=1&calType=ical&firstDate=2026-01-12&lastDate=2026-01-12 to src/calendars/tomorrow/g4s1a.ics
[2026-01-11T18:00:01.389Z] info: ICS file downloaded successfully to src/calendars/tomorrow/g4s1a.ics
[2026-01-11T18:00:01.389Z] info: ICS file for g4s1a downloaded successfully.
[2026-01-11T18:00:01.389Z] info: Downloading ICS file from https://edt.univ-lyon1.fr/jsp/custom/modules/plannings/anonymous_cal.jsp?resources=12444&projectId=1&calType=ical&firstDate=2026-01-12&lastDate=2026-01-12 to src/calendars/tomorrow/g4s1b.ics
[2026-01-11T18:00:33.084Z] info: ICS file downloaded successfully to src/calendars/tomorrow/g4s1b.ics
[2026-01-11T18:00:33.085Z] info: ICS file for g4s1b downloaded successfully.
[2026-01-11T18:00:33.085Z] info: Downloading ICS file from https://edt.univ-lyon1.fr/jsp/custom/modules/plannings/anonymous_cal.jsp?resources=12460&projectId=1&calType=ical&firstDate=2026-01-12&lastDate=2026-01-12 to src/calendars/tomorrow/g5s1a.ics
[2026-01-11T18:00:33.184Z] info: ICS file downloaded successfully to src/calendars/tomorrow/g5s1a.ics
[2026-01-11T18:00:33.184Z] info: ICS file for g5s1a downloaded successfully.
[2026-01-11T18:00:33.185Z] info: Downloading ICS file from https://edt.univ-lyon1.fr/jsp/custom/modules/plannings/anonymous_cal.jsp?resources=12461&projectId=1&calType=ical&firstDate=2026-01-12&lastDate=2026-01-12 to src/calendars/tomorrow/g5s1b.ics
[2026-01-11T18:00:33.289Z] info: ICS file downloaded successfully to src/calendars/tomorrow/g5s1b.ics
[2026-01-11T18:00:33.290Z] info: ICS file for g5s1b downloaded successfully.
[2026-01-11T18:00:33.290Z] info: Downloading ICS file from https://edt.univ-lyon1.fr/jsp/custom/modules/plannings/anonymous_cal.jsp?resources=35708&projectId=1&calType=ical&firstDate=2026-01-12&lastDate=2026-01-12 to src/calendars/tomorrow/g1s3a.ics
[2026-01-11T18:00:33.400Z] info: ICS file downloaded successfully to src/calendars/tomorrow/g1s3a.ics
[2026-01-11T18:00:33.401Z] info: ICS file for g1s3a downloaded successfully.
[2026-01-11T18:00:33.401Z] info: Downloading ICS file from https://edt.univ-lyon1.fr/jsp/custom/modules/plannings/anonymous_cal.jsp?resources=35709&projectId=1&calType=ical&firstDate=2026-01-12&lastDate=2026-01-12 to src/calendars/tomorrow/g1s3b.ics
[2026-01-11T18:00:33.509Z] info: ICS file downloaded successfully to src/calendars/tomorrow/g1s3b.ics
[2026-01-11T18:00:33.509Z] info: ICS file for g1s3b downloaded successfully.
[2026-01-11T18:00:33.509Z] info: Downloading ICS file from https://edt.univ-lyon1.fr/jsp/custom/modules/plannings/anonymous_cal.jsp?resources=35710&projectId=1&calType=ical&firstDate=2026-01-12&lastDate=2026-01-12 to src/calendars/tomorrow/g2s3a.ics
[2026-01-11T18:00:33.598Z] info: ICS file downloaded successfully to src/calendars/tomorrow/g2s3a.ics
[2026-01-11T18:00:33.598Z] info: ICS file for g2s3a downloaded successfully.
[2026-01-11T18:00:33.599Z] info: Downloading ICS file from https://edt.univ-lyon1.fr/jsp/custom/modules/plannings/anonymous_cal.jsp?resources=35713&projectId=1&calType=ical&firstDate=2026-01-12&lastDate=2026-01-12 to src/calendars/tomorrow/g2s3b.ics
[2026-01-11T18:00:33.673Z] info: ICS file downloaded successfully to src/calendars/tomorrow/g2s3b.ics
[2026-01-11T18:00:33.673Z] info: ICS file for g2s3b downloaded successfully.
[2026-01-11T18:00:33.674Z] info: Downloading ICS file from https://edt.univ-lyon1.fr/jsp/custom/modules/plannings/anonymous_cal.jsp?resources=35714&projectId=1&calType=ical&firstDate=2026-01-12&lastDate=2026-01-12 to src/calendars/tomorrow/g3a2.ics
[2026-01-11T18:00:33.734Z] info: ICS file downloaded successfully to src/calendars/tomorrow/g3a2.ics
[2026-01-11T18:00:33.735Z] info: ICS file for g3a2 downloaded successfully.
[2026-01-11T18:00:33.735Z] info: Downloading ICS file from https://edt.univ-lyon1.fr/jsp/custom/modules/plannings/anonymous_cal.jsp?resources=35717&projectId=1&calType=ical&firstDate=2026-01-12&lastDate=2026-01-12 to src/calendars/tomorrow/g4s3a.ics
[2026-01-11T18:00:33.833Z] info: ICS file downloaded successfully to src/calendars/tomorrow/g4s3a.ics
[2026-01-11T18:00:33.834Z] info: ICS file for g4s3a downloaded successfully.
[2026-01-11T18:00:33.834Z] info: Downloading ICS file from https://edt.univ-lyon1.fr/jsp/custom/modules/plannings/anonymous_cal.jsp?resources=35718&projectId=1&calType=ical&firstDate=2026-01-12&lastDate=2026-01-12 to src/calendars/tomorrow/g4s3b.ics
[2026-01-11T18:00:33.914Z] info: ICS file downloaded successfully to src/calendars/tomorrow/g4s3b.ics
[2026-01-11T18:00:33.915Z] info: ICS file for g4s3b downloaded successfully.
[2026-01-11T18:00:33.915Z] info: Downloading ICS file from https://edt.univ-lyon1.fr/jsp/custom/modules/plannings/anonymous_cal.jsp?resources=6161&projectId=1&calType=ical&firstDate=2026-01-12&lastDate=2026-01-12 to src/calendars/tomorrow/but3ra1a.ics
[2026-01-11T18:00:33.986Z] info: ICS file downloaded successfully to src/calendars/tomorrow/but3ra1a.ics
[2026-01-11T18:00:33.986Z] info: ICS file for but3ra1a downloaded successfully.
[2026-01-11T18:00:33.986Z] info: Downloading ICS file from https://edt.univ-lyon1.fr/jsp/custom/modules/plannings/anonymous_cal.jsp?resources=6163&projectId=1&calType=ical&firstDate=2026-01-12&lastDate=2026-01-12 to src/calendars/tomorrow/but3ra1b.ics
[2026-01-11T18:00:34.097Z] info: ICS file downloaded successfully to src/calendars/tomorrow/but3ra1b.ics
[2026-01-11T18:00:34.097Z] info: ICS file for but3ra1b downloaded successfully.
[2026-01-11T18:00:34.098Z] info: Downloading ICS file from https://edt.univ-lyon1.fr/jsp/custom/modules/plannings/anonymous_cal.jsp?resources=6165&projectId=1&calType=ical&firstDate=2026-01-12&lastDate=2026-01-12 to src/calendars/tomorrow/but3ra2a.ics
[2026-01-11T18:00:34.212Z] info: ICS file downloaded successfully to src/calendars/tomorrow/but3ra2a.ics
[2026-01-11T18:00:34.212Z] info: ICS file for but3ra2a downloaded successfully.
[2026-01-11T18:00:34.212Z] info: Downloading ICS file from https://edt.univ-lyon1.fr/jsp/custom/modules/plannings/anonymous_cal.jsp?resources=6168&projectId=1&calType=ical&firstDate=2026-01-12&lastDate=2026-01-12 to src/calendars/tomorrow/but3ra2b.ics
[2026-01-11T18:00:34.290Z] info: ICS file downloaded successfully to src/calendars/tomorrow/but3ra2b.ics
[2026-01-11T18:00:34.290Z] info: ICS file for but3ra2b downloaded successfully.
[2026-01-11T18:00:34.290Z] info: Downloading ICS file from https://edt.univ-lyon1.fr/jsp/custom/modules/plannings/anonymous_cal.jsp?resources=14059&projectId=1&calType=ical&firstDate=2026-01-12&lastDate=2026-01-12 to src/calendars/tomorrow/but3ra3a.ics
[2026-01-11T18:00:34.372Z] info: ICS file downloaded successfully to src/calendars/tomorrow/but3ra3a.ics
[2026-01-11T18:00:34.372Z] info: ICS file for but3ra3a downloaded successfully.
[2026-01-11T18:00:34.372Z] info: Downloading ICS file from https://edt.univ-lyon1.fr/jsp/custom/modules/plannings/anonymous_cal.jsp?resources=14064&projectId=1&calType=ical&firstDate=2026-01-12&lastDate=2026-01-12 to src/calendars/tomorrow/but3ra3b.ics
[2026-01-11T18:00:34.442Z] info: ICS file downloaded successfully to src/calendars/tomorrow/but3ra3b.ics
[2026-01-11T18:00:34.442Z] info: ICS file for but3ra3b downloaded successfully.
[2026-01-11T18:00:34.442Z] info: Downloading ICS file from https://edt.univ-lyon1.fr/jsp/custom/modules/plannings/anonymous_cal.jsp?resources=6136&projectId=1&calType=ical&firstDate=2026-01-12&lastDate=2026-01-12 to src/calendars/tomorrow/but3dacs.ics
[2026-01-11T18:00:34.527Z] info: ICS file downloaded successfully to src/calendars/tomorrow/but3dacs.ics
[2026-01-11T18:00:34.528Z] info: ICS file for but3dacs downloaded successfully.
[2026-01-11T18:00:34.528Z] info: Downloading ICS file from https://edt.univ-lyon1.fr/jsp/custom/modules/plannings/anonymous_cal.jsp?resources=6048&projectId=1&calType=ical&firstDate=2026-01-12&lastDate=2026-01-12 to src/calendars/tomorrow/but3aged.ics
[2026-01-11T18:00:34.662Z] info: ICS file downloaded successfully to src/calendars/tomorrow/but3aged.ics
[2026-01-11T18:00:34.662Z] info: ICS file for but3aged downloaded successfully.
[2026-01-11T18:00:34.663Z] info: Sending daily timetables
[2026-01-11T18:00:34.674Z] info: Sending message to channel 1395371772550975558: <t:1768201200:D> **11Graphes** : LEROUX STEPHANE -> <t:1768201200:t> - <t:1768208400:t> en __S10__

[2026-01-11T18:00:34.674Z] info: Message sent to channel 1395371772550975558: <t:1768201200:D> **11Graphes** : LEROUX STEPHANE -> <t:1768201200:t> - <t:1768208400:t> en __S10__

[2026-01-11T18:00:34.676Z] info: Sending message to channel 1395052296521646282: <t:1768201200:D> **SAE Autonomie G1** : G1S1A -> <t:1768201200:t> - <t:1768208400:t> en __S27__
<t:1768208400:D> **R1.05-2 SQL-PE** : BARON ARIANE -> <t:1768208400:t> - <t:1768215600:t> en __S14__
<t:1768222800:D> **R1.01 Initiation dev-TPA** : BUYLE-BODIN NICOLAS -> <t:1768222800:t> - <t:1768230000:t> en __S24__

[2026-01-11T18:00:34.676Z] info: Message sent to channel 1395052296521646282: <t:1768201200:D> **SAE Autonomie G1** : G1S1A -> <t:1768201200:t> - <t:1768208400:t> en __S27__
<t:1768208400:D> **R1.05-2 SQL-PE** : BARON ARIANE -> <t:1768208400:t> - <t:1768215600:t> en __S14__
<t:1768222800:D> **R1.01 Initiation dev-TPA** : BUYLE-BODIN NICOLAS -> <t:1768222800:t> - <t:1768230000:t> en __S24__

[2026-01-11T18:00:34.677Z] info: Sending message to channel 1395052332969885726: <t:1768201200:D> **SAE Autonomie G1** : G1S1A -> <t:1768201200:t> - <t:1768208400:t> en __S27__
<t:1768208400:D> **R1.05-2 SQL-PE** : BARON ARIANE -> <t:1768208400:t> - <t:1768215600:t> en __S14__
<t:1768230000:D> **R1.10 Anglais-TPB P2** : BESSAC MARIETTE -> <t:1768230000:t> - <t:1768237200:t> en __028__

[2026-01-11T18:00:34.677Z] info: Message sent to channel 1395052332969885726: <t:1768201200:D> **SAE Autonomie G1** : G1S1A -> <t:1768201200:t> - <t:1768208400:t> en __S27__
<t:1768208400:D> **R1.05-2 SQL-PE** : BARON ARIANE -> <t:1768208400:t> - <t:1768215600:t> en __S14__
<t:1768230000:D> **R1.10 Anglais-TPB P2** : BESSAC MARIETTE -> <t:1768230000:t> - <t:1768237200:t> en __028__

[2026-01-11T18:00:34.677Z] info: Sending message to channel 1395052379866660874: <t:1768208400:D> **R1.11 Com-TPA** : SAUJOT GUILLAUME -> <t:1768208400:t> - <t:1768215600:t> en __037-Conseil__
<t:1768222800:D> **R1.10 Anglais-TPA P2** : CANQUE FLORENCE -> <t:1768222800:t> - <t:1768230000:t> en __028__
<t:1768230000:D> **SAE Autonomie G2** : G2S1A -> <t:1768230000:t> - <t:1768237200:t> en __S27__

[2026-01-11T18:00:34.678Z] info: Message sent to channel 1395052379866660874: <t:1768208400:D> **R1.11 Com-TPA** : SAUJOT GUILLAUME -> <t:1768208400:t> - <t:1768215600:t> en __037-Conseil__
<t:1768222800:D> **R1.10 Anglais-TPA P2** : CANQUE FLORENCE -> <t:1768222800:t> - <t:1768230000:t> en __028__
<t:1768230000:D> **SAE Autonomie G2** : G2S1A -> <t:1768230000:t> - <t:1768237200:t> en __S27__

[2026-01-11T18:00:34.678Z] info: Sending message to channel 1395052392092930048: <t:1768201200:D> **110 R1.11 Com-TPB** : SAUJOT GUILLAUME -> <t:1768201200:t> - <t:1768208400:t> en __S21__
<t:1768222800:D> **R1.10 Anglais-TPB P2** : BESSAC MARIETTE -> <t:1768222800:t> - <t:1768230000:t> en __026-Langues__
<t:1768230000:D> **SAE Autonomie G2** : G2S1A -> <t:1768230000:t> - <t:1768237200:t> en __S27__

[2026-01-11T18:00:34.679Z] info: Message sent to channel 1395052392092930048: <t:1768201200:D> **110 R1.11 Com-TPB** : SAUJOT GUILLAUME -> <t:1768201200:t> - <t:1768208400:t> en __S21__
<t:1768222800:D> **R1.10 Anglais-TPB P2** : BESSAC MARIETTE -> <t:1768222800:t> - <t:1768230000:t> en __026-Langues__
<t:1768230000:D> **SAE Autonomie G2** : G2S1A -> <t:1768230000:t> - <t:1768237200:t> en __S27__

[2026-01-11T18:00:34.679Z] info: Sending message to channel 1395056179914473612: <t:1768201200:D> **SAE Autonomie G3** : G3S1A -> <t:1768201200:t> - <t:1768208400:t> en __S03__
<t:1768208400:D> **R1.10 Anglais-TPA P2** : ABAUZIT DUFAUD GISELE -> <t:1768208400:t> - <t:1768215600:t> en __026-Langues__
<t:1768230000:D> **R1.08 Gestion Proj. Orga-TD** : LAGACHE ALEXANDRA -> <t:1768230000:t> - <t:1768237200:t> en __S11__

[2026-01-11T18:00:34.679Z] info: Message sent to channel 1395056179914473612: <t:1768201200:D> **SAE Autonomie G3** : G3S1A -> <t:1768201200:t> - <t:1768208400:t> en __S03__
<t:1768208400:D> **R1.10 Anglais-TPA P2** : ABAUZIT DUFAUD GISELE -> <t:1768208400:t> - <t:1768215600:t> en __026-Langues__
<t:1768230000:D> **R1.08 Gestion Proj. Orga-TD** : LAGACHE ALEXANDRA -> <t:1768230000:t> - <t:1768237200:t> en __S11__

[2026-01-11T18:00:34.680Z] info: Sending message to channel 1395052422401101905: <t:1768201200:D> **SAE Autonomie G3** : G3S1A -> <t:1768201200:t> - <t:1768208400:t> en __S03__
<t:1768208400:D> **R1.10 Anglais-TPB P2** : CANQUE FLORENCE -> <t:1768208400:t> - <t:1768215600:t> en __028__
<t:1768222800:D> **14 R1.06 Maths discrètes TPB** : JOUBERT AUDE -> <t:1768222800:t> - <t:1768230000:t> en __S11__
<t:1768230000:D> **R1.08 Gestion Proj. Orga-TD** : LAGACHE ALEXANDRA -> <t:1768230000:t> - <t:1768237200:t> en __S11__

[2026-01-11T18:00:34.680Z] info: Message sent to channel 1395052422401101905: <t:1768201200:D> **SAE Autonomie G3** : G3S1A -> <t:1768201200:t> - <t:1768208400:t> en __S03__
<t:1768208400:D> **R1.10 Anglais-TPB P2** : CANQUE FLORENCE -> <t:1768208400:t> - <t:1768215600:t> en __028__
<t:1768222800:D> **14 R1.06 Maths discrètes TPB** : JOUBERT AUDE -> <t:1768222800:t> - <t:1768230000:t> en __S11__
<t:1768230000:D> **R1.08 Gestion Proj. Orga-TD** : LAGACHE ALEXANDRA -> <t:1768230000:t> - <t:1768237200:t> en __S11__

[2026-01-11T18:00:34.681Z] info: Sending message to channel 1395052443192266916: <t:1768201200:D> **R1.10 Anglais-TPA P2** : ABAUZIT DUFAUD GISELE -> <t:1768201200:t> - <t:1768208400:t> en __026-Langues__
<t:1768222800:D> **R1.01 initation dev TD P15** : NDIAYE SAMBA NDOJH -> <t:1768222800:t> - <t:1768230000:t> en __040__
<t:1768230000:D> **R1.05-2 SQL-TD** : BONNET CHRISTINE -> <t:1768230000:t> - <t:1768237200:t> en __S24__

[2026-01-11T18:00:34.681Z] info: Message sent to channel 1395052443192266916: <t:1768201200:D> **R1.10 Anglais-TPA P2** : ABAUZIT DUFAUD GISELE -> <t:1768201200:t> - <t:1768208400:t> en __026-Langues__
<t:1768222800:D> **R1.01 initation dev TD P15** : NDIAYE SAMBA NDOJH -> <t:1768222800:t> - <t:1768230000:t> en __040__
<t:1768230000:D> **R1.05-2 SQL-TD** : BONNET CHRISTINE -> <t:1768230000:t> - <t:1768237200:t> en __S24__

[2026-01-11T18:00:34.681Z] info: Sending message to channel 1395052467070177290: <t:1768201200:D> **R1.10 Anglais-TPB P2** : CANQUE FLORENCE -> <t:1768201200:t> - <t:1768208400:t> en __028__
<t:1768208400:D> **14 R1.06 Maths discrètes TPB** : JOUBERT AUDE -> <t:1768208400:t> - <t:1768215600:t> en __S11__
<t:1768222800:D> **R1.01 initation dev TD P15** : NDIAYE SAMBA NDOJH -> <t:1768222800:t> - <t:1768230000:t> en __040__
<t:1768230000:D> **R1.05-2 SQL-TD** : BONNET CHRISTINE -> <t:1768230000:t> - <t:1768237200:t> en __S24__

[2026-01-11T18:00:34.682Z] info: Message sent to channel 1395052467070177290: <t:1768201200:D> **R1.10 Anglais-TPB P2** : CANQUE FLORENCE -> <t:1768201200:t> - <t:1768208400:t> en __028__
<t:1768208400:D> **14 R1.06 Maths discrètes TPB** : JOUBERT AUDE -> <t:1768208400:t> - <t:1768215600:t> en __S11__
<t:1768222800:D> **R1.01 initation dev TD P15** : NDIAYE SAMBA NDOJH -> <t:1768222800:t> - <t:1768230000:t> en __040__
<t:1768230000:D> **R1.05-2 SQL-TD** : BONNET CHRISTINE -> <t:1768230000:t> - <t:1768237200:t> en __S24__

[2026-01-11T18:00:34.682Z] info: Sending message to channel 1395052827985842288: <t:1768208400:D> **R1.01 Initiation dev-TPA** : ZEITOUN SEBASTIEN -> <t:1768208400:t> - <t:1768215600:t> en __S16__
<t:1768222800:D> **R1.04 Intro Systèmes** : BARON ARIANE -> <t:1768222800:t> - <t:1768230000:t> en __S14,S03,S13__
<t:1768230000:D> **R1.04 Intro Systèmes-PE** : BARON ARIANE -> <t:1768230000:t> - <t:1768237200:t> en __S03,S13,S14__

[2026-01-11T18:00:34.682Z] info: Message sent to channel 1395052827985842288: <t:1768208400:D> **R1.01 Initiation dev-TPA** : ZEITOUN SEBASTIEN -> <t:1768208400:t> - <t:1768215600:t> en __S16__
<t:1768222800:D> **R1.04 Intro Systèmes** : BARON ARIANE -> <t:1768222800:t> - <t:1768230000:t> en __S14,S03,S13__
<t:1768230000:D> **R1.04 Intro Systèmes-PE** : BARON ARIANE -> <t:1768230000:t> - <t:1768237200:t> en __S03,S13,S14__

[2026-01-11T18:00:34.683Z] info: Sending message to channel 1395052882486890707: <t:1768201200:D> **R1.01 Initiation dev-TPB** : ZEITOUN SEBASTIEN -> <t:1768201200:t> - <t:1768208400:t> en __S24__
<t:1768208400:D> **14 R1.06 Maths discrètes TPB** : LEROUX STEPHANE -> <t:1768208400:t> - <t:1768215600:t> en __S15__
<t:1768222800:D> **R1.04 Intro Systèmes** : BARON ARIANE -> <t:1768222800:t> - <t:1768230000:t> en __S14,S03,S13__
<t:1768230000:D> **R1.04 Intro Systèmes-PE** : BARON ARIANE -> <t:1768230000:t> - <t:1768237200:t> en __S03,S13,S14__

[2026-01-11T18:00:34.683Z] info: Message sent to channel 1395052882486890707: <t:1768201200:D> **R1.01 Initiation dev-TPB** : ZEITOUN SEBASTIEN -> <t:1768201200:t> - <t:1768208400:t> en __S24__
<t:1768208400:D> **14 R1.06 Maths discrètes TPB** : LEROUX STEPHANE -> <t:1768208400:t> - <t:1768215600:t> en __S15__
<t:1768222800:D> **R1.04 Intro Systèmes** : BARON ARIANE -> <t:1768222800:t> - <t:1768230000:t> en __S14,S03,S13__
<t:1768230000:D> **R1.04 Intro Systèmes-PE** : BARON ARIANE -> <t:1768230000:t> - <t:1768237200:t> en __S03,S13,S14__

[2026-01-11T18:00:34.684Z] info: Sending message to channel 1395371275643256924: <t:1768208400:D> **21 R3.11  Droit des contrats et du numérique-TD** : DUFOUR KARLINE -> <t:1768208400:t> - <t:1768215600:t> en __S10__
<t:1768222800:D> **R3.09 Crypto et sécurité-TPA** : JALOUX CHRISTOPHE -> <t:1768222800:t> - <t:1768230000:t> en __S17__
<t:1768230000:D> **R3.14 PPP-entretien A** : G1S3A -> <t:1768230000:t> - <t:1768237200:t> en __S21__

[2026-01-11T18:00:34.684Z] info: Message sent to channel 1395371275643256924: <t:1768208400:D> **21 R3.11  Droit des contrats et du numérique-TD** : DUFOUR KARLINE -> <t:1768208400:t> - <t:1768215600:t> en __S10__
<t:1768222800:D> **R3.09 Crypto et sécurité-TPA** : JALOUX CHRISTOPHE -> <t:1768222800:t> - <t:1768230000:t> en __S17__
<t:1768230000:D> **R3.14 PPP-entretien A** : G1S3A -> <t:1768230000:t> - <t:1768237200:t> en __S21__

[2026-01-11T18:00:34.684Z] info: Sending message to channel 1395371292533723147: <t:1768201200:D> **R3.09 Crypto et sécurité-TPB** : JALOUX CHRISTOPHE -> <t:1768201200:t> - <t:1768208400:t> en __S17__
<t:1768208400:D> **21 R3.11  Droit des contrats et du numérique-TD** : DUFOUR KARLINE -> <t:1768208400:t> - <t:1768215600:t> en __S10__
<t:1768222800:D> **R3.14 PPP-entretien B** : G1S3B -> <t:1768222800:t> - <t:1768230000:t> en __S10__

[2026-01-11T18:00:34.685Z] info: Message sent to channel 1395371292533723147: <t:1768201200:D> **R3.09 Crypto et sécurité-TPB** : JALOUX CHRISTOPHE -> <t:1768201200:t> - <t:1768208400:t> en __S17__
<t:1768208400:D> **21 R3.11  Droit des contrats et du numérique-TD** : DUFOUR KARLINE -> <t:1768208400:t> - <t:1768215600:t> en __S10__
<t:1768222800:D> **R3.14 PPP-entretien B** : G1S3B -> <t:1768222800:t> - <t:1768230000:t> en __S10__

[2026-01-11T18:00:34.686Z] info: Sending message to channel 1395371451573600287: <t:1768201200:D> **11 R3.11  Droit des contrats et du numérique-TD** : DUFOUR KARLINE -> <t:1768201200:t> - <t:1768208400:t> en __040__
<t:1768222800:D> **R3.13 communication professionnelle-TPA** : DEBOUTE JOCELYNE -> <t:1768222800:t> - <t:1768230000:t> en __S21__
<t:1768230000:D> **R3.09 Crypto et sécurité-TPA** : JALOUX CHRISTOPHE -> <t:1768230000:t> - <t:1768237200:t> en __S17__

[2026-01-11T18:00:34.686Z] info: Message sent to channel 1395371451573600287: <t:1768201200:D> **11 R3.11  Droit des contrats et du numérique-TD** : DUFOUR KARLINE -> <t:1768201200:t> - <t:1768208400:t> en __040__
<t:1768222800:D> **R3.13 communication professionnelle-TPA** : DEBOUTE JOCELYNE -> <t:1768222800:t> - <t:1768230000:t> en __S21__
<t:1768230000:D> **R3.09 Crypto et sécurité-TPA** : JALOUX CHRISTOPHE -> <t:1768230000:t> - <t:1768237200:t> en __S17__

[2026-01-11T18:00:34.687Z] info: Sending message to channel 1395371471345553540: <t:1768201200:D> **11 R3.11  Droit des contrats et du numérique-TD** : DUFOUR KARLINE -> <t:1768201200:t> - <t:1768208400:t> en __040__
<t:1768208400:D> **R3.09 Crypto et sécurité-TPB** : JALOUX CHRISTOPHE -> <t:1768208400:t> - <t:1768215600:t> en __S17__

[2026-01-11T18:00:34.687Z] info: Message sent to channel 1395371471345553540: <t:1768201200:D> **11 R3.11  Droit des contrats et du numérique-TD** : DUFOUR KARLINE -> <t:1768201200:t> - <t:1768208400:t> en __040__
<t:1768208400:D> **R3.09 Crypto et sécurité-TPB** : JALOUX CHRISTOPHE -> <t:1768208400:t> - <t:1768215600:t> en __S17__

[2026-01-11T18:00:34.687Z] info: Sending message to channel 1395371506099425310: <t:1768201200:D> **11 R3.02 Dév. Efficace (algo)-TD** : KHEDDOUCI HAMAMACHE -> <t:1768201200:t> - <t:1768208400:t> en __S16__
<t:1768222800:D> **R3.09 Crypto et sécurité-TPA** : LEROUX STEPHANE -> <t:1768222800:t> - <t:1768230000:t> en __S16__

[2026-01-11T18:00:34.688Z] info: Message sent to channel 1395371506099425310: <t:1768201200:D> **11 R3.02 Dév. Efficace (algo)-TD** : KHEDDOUCI HAMAMACHE -> <t:1768201200:t> - <t:1768208400:t> en __S16__
<t:1768222800:D> **R3.09 Crypto et sécurité-TPA** : LEROUX STEPHANE -> <t:1768222800:t> - <t:1768230000:t> en __S16__

[2026-01-11T18:00:34.688Z] info: Sending message to channel 1395371591797575750: <t:1768201200:D> **11 R3.02 Dév. Efficace (algo)-TD** : KHEDDOUCI HAMAMACHE -> <t:1768201200:t> - <t:1768208400:t> en __S16__
<t:1768208400:D> **R3.13 communication professionnelle-TPB** : DEBOUTE JOCELYNE -> <t:1768208400:t> - <t:1768215600:t> en __S21__
<t:1768222800:D> **R3.05 Programmation système-TPB** : CAPOSIENA JULIEN -> <t:1768222800:t> - <t:1768230000:t> en __S27__
<t:1768230000:D> **R3.09 Crypto et sécurité-TPB** : LEROUX STEPHANE -> <t:1768230000:t> - <t:1768237200:t> en __S16__

[2026-01-11T18:00:34.688Z] info: Message sent to channel 1395371591797575750: <t:1768201200:D> **11 R3.02 Dév. Efficace (algo)-TD** : KHEDDOUCI HAMAMACHE -> <t:1768201200:t> - <t:1768208400:t> en __S16__
<t:1768208400:D> **R3.13 communication professionnelle-TPB** : DEBOUTE JOCELYNE -> <t:1768208400:t> - <t:1768215600:t> en __S21__
<t:1768222800:D> **R3.05 Programmation système-TPB** : CAPOSIENA JULIEN -> <t:1768222800:t> - <t:1768230000:t> en __S27__
<t:1768230000:D> **R3.09 Crypto et sécurité-TPB** : LEROUX STEPHANE -> <t:1768230000:t> - <t:1768237200:t> en __S16__

[2026-01-11T18:00:34.689Z] info: Sending message to channel 1409494181839376455: <t:1768201200:D> **21R5.A.10 Neo4J** : FACI NOURA -> <t:1768201200:t> - <t:1768208400:t> en __S26__
<t:1768208400:D> **11R5.A.10 Neo4J** : FACI NOURA -> <t:1768208400:t> - <t:1768215600:t> en __S26__
<t:1768222800:D> **R5.A.06 Programmation multimédia TPA** : PEYTAVIE ADRIEN -> <t:1768222800:t> - <t:1768230000:t> en __S26__
<t:1768230000:D> **S5.A.01 SAE Dev avancé SN** : NDIAYE SAMBA NDOJH -> <t:1768230000:t> - <t:1768237200:t> en __S26__

[2026-01-11T18:00:34.689Z] info: Message sent to channel 1409494181839376455: <t:1768201200:D> **21R5.A.10 Neo4J** : FACI NOURA -> <t:1768201200:t> - <t:1768208400:t> en __S26__
<t:1768208400:D> **11R5.A.10 Neo4J** : FACI NOURA -> <t:1768208400:t> - <t:1768215600:t> en __S26__
<t:1768222800:D> **R5.A.06 Programmation multimédia TPA** : PEYTAVIE ADRIEN -> <t:1768222800:t> - <t:1768230000:t> en __S26__
<t:1768230000:D> **S5.A.01 SAE Dev avancé SN** : NDIAYE SAMBA NDOJH -> <t:1768230000:t> - <t:1768237200:t> en __S26__

[2026-01-11T18:00:34.689Z] info: Sending message to channel 1409494206942286006: <t:1768201200:D> **21R5.A.10 Neo4J** : FACI NOURA -> <t:1768201200:t> - <t:1768208400:t> en __S26__
<t:1768208400:D> **11R5.A.10 Neo4J** : FACI NOURA -> <t:1768208400:t> - <t:1768215600:t> en __S26__
<t:1768230000:D> **S5.A.01 SAE Dev avancé SN** : NDIAYE SAMBA NDOJH -> <t:1768230000:t> - <t:1768237200:t> en __S26__

[2026-01-11T18:00:34.690Z] info: Message sent to channel 1409494206942286006: <t:1768201200:D> **21R5.A.10 Neo4J** : FACI NOURA -> <t:1768201200:t> - <t:1768208400:t> en __S26__
<t:1768208400:D> **11R5.A.10 Neo4J** : FACI NOURA -> <t:1768208400:t> - <t:1768215600:t> en __S26__
<t:1768230000:D> **S5.A.01 SAE Dev avancé SN** : NDIAYE SAMBA NDOJH -> <t:1768230000:t> - <t:1768237200:t> en __S26__

[2026-01-11T18:00:34.690Z] info: Sending message to channel 1409495503292338257: <t:1768201200:D> **S5.A.01 SAE Dev avancé** : BUT3 RA3A -> <t:1768201200:t> - <t:1768208400:t> en __S13__
<t:1768208400:D> **R5.A.06 Programmation multimédia TPA** : PEYTAVIE ADRIEN -> <t:1768208400:t> - <t:1768215600:t> en __S13__
<t:1768222800:D> **11R5.A.02 PPP TD** : OLIVESI AURELIE -> <t:1768222800:t> - <t:1768230000:t> en __S12__
<t:1768230000:D> **R5.03 Communication TD** : DEBOUTE JOCELYNE -> <t:1768230000:t> - <t:1768237200:t> en __S10__

[2026-01-11T18:00:34.691Z] info: Message sent to channel 1409495503292338257: <t:1768201200:D> **S5.A.01 SAE Dev avancé** : BUT3 RA3A -> <t:1768201200:t> - <t:1768208400:t> en __S13__
<t:1768208400:D> **R5.A.06 Programmation multimédia TPA** : PEYTAVIE ADRIEN -> <t:1768208400:t> - <t:1768215600:t> en __S13__
<t:1768222800:D> **11R5.A.02 PPP TD** : OLIVESI AURELIE -> <t:1768222800:t> - <t:1768230000:t> en __S12__
<t:1768230000:D> **R5.03 Communication TD** : DEBOUTE JOCELYNE -> <t:1768230000:t> - <t:1768237200:t> en __S10__

[2026-01-11T18:00:34.691Z] info: Sending message to channel 1409495513891344426: <t:1768201200:D> **S5.A.01 SAE Dev avancé** : BUT3 RA3A -> <t:1768201200:t> - <t:1768208400:t> en __S13__
<t:1768222800:D> **11R5.A.02 PPP TD** : OLIVESI AURELIE -> <t:1768222800:t> - <t:1768230000:t> en __S12__
<t:1768230000:D> **R5.03 Communication TD** : DEBOUTE JOCELYNE -> <t:1768230000:t> - <t:1768237200:t> en __S10__

[2026-01-11T18:00:34.691Z] info: Message sent to channel 1409495513891344426: <t:1768201200:D> **S5.A.01 SAE Dev avancé** : BUT3 RA3A -> <t:1768201200:t> - <t:1768208400:t> en __S13__
<t:1768222800:D> **11R5.A.02 PPP TD** : OLIVESI AURELIE -> <t:1768222800:t> - <t:1768230000:t> en __S12__
<t:1768230000:D> **R5.03 Communication TD** : DEBOUTE JOCELYNE -> <t:1768230000:t> - <t:1768237200:t> en __S10__

[2026-01-11T18:00:34.692Z] info: Sending message to channel 1409495882436706366: <t:1768201200:D> **SAE Autonomie** : BUT3 DACS -> <t:1768201200:t> - <t:1768208400:t> en __S01__
<t:1768208400:D> **SAE Autonomie** : BUT3 DACS -> <t:1768208400:t> - <t:1768215600:t> en __S01__
<t:1768219200:D> **31 R5.B.08 Continuité de service Sauvegarde KC** : CHEKARI KARIM -> <t:1768219200:t> - <t:1768226400:t> en __S01__
<t:1768226400:D> **41 R5.B.08 Continuité de service Sauvegarde KC** : CHEKARI KARIM -> <t:1768226400:t> - <t:1768233600:t> en __S01__

[2026-01-11T18:00:34.692Z] info: Message sent to channel 1409495882436706366: <t:1768201200:D> **SAE Autonomie** : BUT3 DACS -> <t:1768201200:t> - <t:1768208400:t> en __S01__
<t:1768208400:D> **SAE Autonomie** : BUT3 DACS -> <t:1768208400:t> - <t:1768215600:t> en __S01__
<t:1768219200:D> **31 R5.B.08 Continuité de service Sauvegarde KC** : CHEKARI KARIM -> <t:1768219200:t> - <t:1768226400:t> en __S01__
<t:1768226400:D> **41 R5.B.08 Continuité de service Sauvegarde KC** : CHEKARI KARIM -> <t:1768226400:t> - <t:1768233600:t> en __S01__

[2026-01-11T18:00:34.692Z] info: Sending message to channel 1409496113396060181: <t:1768201200:D> **21 R5.C.09 Statistiques Inférentielles** : JOUBERT AUDE -> <t:1768201200:t> - <t:1768208400:t> en __S11__
<t:1768208400:D> **11 R5.C.04 Programmation Web** : KHEDDOUCI HAMAMACHE -> <t:1768208400:t> - <t:1768215600:t> en __S22__
<t:1768222800:D> **11R5.C.05-1 Modélisation décisionnelle P1** : LEFAURE CLEMENT -> <t:1768222800:t> - <t:1768230000:t> en __S22__
<t:1768230000:D> **21R5.C.05-1 Modélisation décisionnelle P1** : LEFAURE CLEMENT -> <t:1768230000:t> - <t:1768237200:t> en __S22__

[2026-01-11T18:00:34.693Z] info: Message sent to channel 1409496113396060181: <t:1768201200:D> **21 R5.C.09 Statistiques Inférentielles** : JOUBERT AUDE -> <t:1768201200:t> - <t:1768208400:t> en __S11__
<t:1768208400:D> **11 R5.C.04 Programmation Web** : KHEDDOUCI HAMAMACHE -> <t:1768208400:t> - <t:1768215600:t> en __S22__
<t:1768222800:D> **11R5.C.05-1 Modélisation décisionnelle P1** : LEFAURE CLEMENT -> <t:1768222800:t> - <t:1768230000:t> en __S22__
<t:1768230000:D> **21R5.C.05-1 Modélisation décisionnelle P1** : LEFAURE CLEMENT -> <t:1768230000:t> - <t:1768237200:t> en __S22__

[2026-01-11T18:00:34.693Z] info: Daily timetables sent
[2026-01-11T19:24:28.563Z] info: Received command: group from user: 1260240481443516419
[2026-01-11T19:24:28.564Z] info: Received group command: group=g1, semester=s1, composedGroup=g1s1a
[2026-01-12T18:00:00.181Z] info: Downloading ICS files for tomorrow for groups: aspea, aspeb, g1s1a, g1s1b, g2s1a, g2s1b, g3s1a, g3s1b, g4s1a, g4s1b, g5s1a, g5s1b, g1s3a, g1s3b, g2s3a, g2s3b, g3a2, g4s3a, g4s3b, but3ra1a, but3ra1b, but3ra2a, but3ra2b, but3ra3a, but3ra3b, but3dacs, but3aged
[2026-01-12T18:00:00.181Z] info: Downloading ICS file from https://edt.univ-lyon1.fr/jsp/custom/modules/plannings/anonymous_cal.jsp?resources=9272&projectId=1&calType=ical&firstDate=2026-01-13&lastDate=2026-01-13 to src/calendars/tomorrow/aspea.ics
[2026-01-12T18:00:00.458Z] info: ICS file downloaded successfully to src/calendars/tomorrow/aspea.ics
[2026-01-12T18:00:00.459Z] info: ICS file for aspea downloaded successfully.
[2026-01-12T18:00:00.459Z] info: Downloading ICS file from https://edt.univ-lyon1.fr/jsp/custom/modules/plannings/anonymous_cal.jsp?resources=18783&projectId=1&calType=ical&firstDate=2026-01-13&lastDate=2026-01-13 to src/calendars/tomorrow/aspeb.ics
[2026-01-12T18:00:00.563Z] info: ICS file downloaded successfully to src/calendars/tomorrow/aspeb.ics
[2026-01-12T18:00:00.564Z] info: ICS file for aspeb downloaded successfully.
[2026-01-12T18:00:00.564Z] info: Downloading ICS file from https://edt.univ-lyon1.fr/jsp/custom/modules/plannings/anonymous_cal.jsp?resources=12096&projectId=1&calType=ical&firstDate=2026-01-13&lastDate=2026-01-13 to src/calendars/tomorrow/g1s1a.ics
[2026-01-12T18:00:00.689Z] info: ICS file downloaded successfully to src/calendars/tomorrow/g1s1a.ics
[2026-01-12T18:00:00.689Z] info: ICS file for g1s1a downloaded successfully.
[2026-01-12T18:00:00.689Z] info: Downloading ICS file from https://edt.univ-lyon1.fr/jsp/custom/modules/plannings/anonymous_cal.jsp?resources=12102&projectId=1&calType=ical&firstDate=2026-01-13&lastDate=2026-01-13 to src/calendars/tomorrow/g1s1b.ics
[2026-01-12T18:00:00.762Z] info: ICS file downloaded successfully to src/calendars/tomorrow/g1s1b.ics
[2026-01-12T18:00:00.763Z] info: ICS file for g1s1b downloaded successfully.
[2026-01-12T18:00:00.763Z] info: Downloading ICS file from https://edt.univ-lyon1.fr/jsp/custom/modules/plannings/anonymous_cal.jsp?resources=12403&projectId=1&calType=ical&firstDate=2026-01-13&lastDate=2026-01-13 to src/calendars/tomorrow/g2s1a.ics
[2026-01-12T18:00:00.896Z] info: ICS file downloaded successfully to src/calendars/tomorrow/g2s1a.ics
[2026-01-12T18:00:00.896Z] info: ICS file for g2s1a downloaded successfully.
[2026-01-12T18:00:00.896Z] info: Downloading ICS file from https://edt.univ-lyon1.fr/jsp/custom/modules/plannings/anonymous_cal.jsp?resources=12406&projectId=1&calType=ical&firstDate=2026-01-13&lastDate=2026-01-13 to src/calendars/tomorrow/g2s1b.ics
[2026-01-12T18:00:00.974Z] info: ICS file downloaded successfully to src/calendars/tomorrow/g2s1b.ics
[2026-01-12T18:00:00.974Z] info: ICS file for g2s1b downloaded successfully.
[2026-01-12T18:00:00.974Z] info: Downloading ICS file from https://edt.univ-lyon1.fr/jsp/custom/modules/plannings/anonymous_cal.jsp?resources=12419&projectId=1&calType=ical&firstDate=2026-01-13&lastDate=2026-01-13 to src/calendars/tomorrow/g3s1a.ics
[2026-01-12T18:00:01.077Z] info: ICS file downloaded successfully to src/calendars/tomorrow/g3s1a.ics
[2026-01-12T18:00:01.078Z] info: ICS file for g3s1a downloaded successfully.
[2026-01-12T18:00:01.078Z] info: Downloading ICS file from https://edt.univ-lyon1.fr/jsp/custom/modules/plannings/anonymous_cal.jsp?resources=12425&projectId=1&calType=ical&firstDate=2026-01-13&lastDate=2026-01-13 to src/calendars/tomorrow/g3s1b.ics
[2026-01-12T18:00:01.248Z] info: ICS file downloaded successfully to src/calendars/tomorrow/g3s1b.ics
[2026-01-12T18:00:01.249Z] info: ICS file for g3s1b downloaded successfully.
[2026-01-12T18:00:01.249Z] info: Downloading ICS file from https://edt.univ-lyon1.fr/jsp/custom/modules/plannings/anonymous_cal.jsp?resources=12424&projectId=1&calType=ical&firstDate=2026-01-13&lastDate=2026-01-13 to src/calendars/tomorrow/g4s1a.ics
[2026-01-12T18:00:01.408Z] info: ICS file downloaded successfully to src/calendars/tomorrow/g4s1a.ics
[2026-01-12T18:00:01.408Z] info: ICS file for g4s1a downloaded successfully.
[2026-01-12T18:00:01.408Z] info: Downloading ICS file from https://edt.univ-lyon1.fr/jsp/custom/modules/plannings/anonymous_cal.jsp?resources=12444&projectId=1&calType=ical&firstDate=2026-01-13&lastDate=2026-01-13 to src/calendars/tomorrow/g4s1b.ics
[2026-01-12T18:00:01.507Z] info: ICS file downloaded successfully to src/calendars/tomorrow/g4s1b.ics
[2026-01-12T18:00:01.508Z] info: ICS file for g4s1b downloaded successfully.
[2026-01-12T18:00:01.508Z] info: Downloading ICS file from https://edt.univ-lyon1.fr/jsp/custom/modules/plannings/anonymous_cal.jsp?resources=12460&projectId=1&calType=ical&firstDate=2026-01-13&lastDate=2026-01-13 to src/calendars/tomorrow/g5s1a.ics
[2026-01-12T18:00:01.585Z] info: ICS file downloaded successfully to src/calendars/tomorrow/g5s1a.ics
[2026-01-12T18:00:01.585Z] info: ICS file for g5s1a downloaded successfully.
[2026-01-12T18:00:01.585Z] info: Downloading ICS file from https://edt.univ-lyon1.fr/jsp/custom/modules/plannings/anonymous_cal.jsp?resources=12461&projectId=1&calType=ical&firstDate=2026-01-13&lastDate=2026-01-13 to src/calendars/tomorrow/g5s1b.ics
[2026-01-12T18:00:01.750Z] info: ICS file downloaded successfully to src/calendars/tomorrow/g5s1b.ics
[2026-01-12T18:00:01.750Z] info: ICS file for g5s1b downloaded successfully.
[2026-01-12T18:00:01.750Z] info: Downloading ICS file from https://edt.univ-lyon1.fr/jsp/custom/modules/plannings/anonymous_cal.jsp?resources=35708&projectId=1&calType=ical&firstDate=2026-01-13&lastDate=2026-01-13 to src/calendars/tomorrow/g1s3a.ics
[2026-01-12T18:00:01.837Z] info: ICS file downloaded successfully to src/calendars/tomorrow/g1s3a.ics
[2026-01-12T18:00:01.838Z] info: ICS file for g1s3a downloaded successfully.
[2026-01-12T18:00:01.838Z] info: Downloading ICS file from https://edt.univ-lyon1.fr/jsp/custom/modules/plannings/anonymous_cal.jsp?resources=35709&projectId=1&calType=ical&firstDate=2026-01-13&lastDate=2026-01-13 to src/calendars/tomorrow/g1s3b.ics
[2026-01-12T18:00:01.918Z] info: ICS file downloaded successfully to src/calendars/tomorrow/g1s3b.ics
[2026-01-12T18:00:01.918Z] info: ICS file for g1s3b downloaded successfully.
[2026-01-12T18:00:01.918Z] info: Downloading ICS file from https://edt.univ-lyon1.fr/jsp/custom/modules/plannings/anonymous_cal.jsp?resources=35710&projectId=1&calType=ical&firstDate=2026-01-13&lastDate=2026-01-13 to src/calendars/tomorrow/g2s3a.ics
[2026-01-12T18:00:02.049Z] info: ICS file downloaded successfully to src/calendars/tomorrow/g2s3a.ics
[2026-01-12T18:00:02.050Z] info: ICS file for g2s3a downloaded successfully.
[2026-01-12T18:00:02.050Z] info: Downloading ICS file from https://edt.univ-lyon1.fr/jsp/custom/modules/plannings/anonymous_cal.jsp?resources=35713&projectId=1&calType=ical&firstDate=2026-01-13&lastDate=2026-01-13 to src/calendars/tomorrow/g2s3b.ics
[2026-01-12T18:00:02.122Z] info: ICS file downloaded successfully to src/calendars/tomorrow/g2s3b.ics
[2026-01-12T18:00:02.123Z] info: ICS file for g2s3b downloaded successfully.
[2026-01-12T18:00:02.123Z] info: Downloading ICS file from https://edt.univ-lyon1.fr/jsp/custom/modules/plannings/anonymous_cal.jsp?resources=35714&projectId=1&calType=ical&firstDate=2026-01-13&lastDate=2026-01-13 to src/calendars/tomorrow/g3a2.ics
[2026-01-12T18:00:02.199Z] info: ICS file downloaded successfully to src/calendars/tomorrow/g3a2.ics
[2026-01-12T18:00:02.199Z] info: ICS file for g3a2 downloaded successfully.
[2026-01-12T18:00:02.199Z] info: Downloading ICS file from https://edt.univ-lyon1.fr/jsp/custom/modules/plannings/anonymous_cal.jsp?resources=35717&projectId=1&calType=ical&firstDate=2026-01-13&lastDate=2026-01-13 to src/calendars/tomorrow/g4s3a.ics
[2026-01-12T18:00:02.349Z] info: ICS file downloaded successfully to src/calendars/tomorrow/g4s3a.ics
[2026-01-12T18:00:02.350Z] info: ICS file for g4s3a downloaded successfully.
[2026-01-12T18:00:02.350Z] info: Downloading ICS file from https://edt.univ-lyon1.fr/jsp/custom/modules/plannings/anonymous_cal.jsp?resources=35718&projectId=1&calType=ical&firstDate=2026-01-13&lastDate=2026-01-13 to src/calendars/tomorrow/g4s3b.ics
[2026-01-12T18:00:02.495Z] info: ICS file downloaded successfully to src/calendars/tomorrow/g4s3b.ics
[2026-01-12T18:00:02.495Z] info: ICS file for g4s3b downloaded successfully.
[2026-01-12T18:00:02.495Z] info: Downloading ICS file from https://edt.univ-lyon1.fr/jsp/custom/modules/plannings/anonymous_cal.jsp?resources=6161&projectId=1&calType=ical&firstDate=2026-01-13&lastDate=2026-01-13 to src/calendars/tomorrow/but3ra1a.ics
[2026-01-12T18:00:02.577Z] info: ICS file downloaded successfully to src/calendars/tomorrow/but3ra1a.ics
[2026-01-12T18:00:02.577Z] info: ICS file for but3ra1a downloaded successfully.
[2026-01-12T18:00:02.577Z] info: Downloading ICS file from https://edt.univ-lyon1.fr/jsp/custom/modules/plannings/anonymous_cal.jsp?resources=6163&projectId=1&calType=ical&firstDate=2026-01-13&lastDate=2026-01-13 to src/calendars/tomorrow/but3ra1b.ics
[2026-01-12T18:00:02.652Z] info: ICS file downloaded successfully to src/calendars/tomorrow/but3ra1b.ics
[2026-01-12T18:00:02.653Z] info: ICS file for but3ra1b downloaded successfully.
[2026-01-12T18:00:02.653Z] info: Downloading ICS file from https://edt.univ-lyon1.fr/jsp/custom/modules/plannings/anonymous_cal.jsp?resources=6165&projectId=1&calType=ical&firstDate=2026-01-13&lastDate=2026-01-13 to src/calendars/tomorrow/but3ra2a.ics
[2026-01-12T18:00:02.794Z] info: ICS file downloaded successfully to src/calendars/tomorrow/but3ra2a.ics
[2026-01-12T18:00:02.795Z] info: ICS file for but3ra2a downloaded successfully.
[2026-01-12T18:00:02.795Z] info: Downloading ICS file from https://edt.univ-lyon1.fr/jsp/custom/modules/plannings/anonymous_cal.jsp?resources=6168&projectId=1&calType=ical&firstDate=2026-01-13&lastDate=2026-01-13 to src/calendars/tomorrow/but3ra2b.ics
[2026-01-12T18:00:02.858Z] info: ICS file downloaded successfully to src/calendars/tomorrow/but3ra2b.ics
[2026-01-12T18:00:02.858Z] info: ICS file for but3ra2b downloaded successfully.
[2026-01-12T18:00:02.859Z] info: Downloading ICS file from https://edt.univ-lyon1.fr/jsp/custom/modules/plannings/anonymous_cal.jsp?resources=14059&projectId=1&calType=ical&firstDate=2026-01-13&lastDate=2026-01-13 to src/calendars/tomorrow/but3ra3a.ics
[2026-01-12T18:00:02.983Z] info: ICS file downloaded successfully to src/calendars/tomorrow/but3ra3a.ics
[2026-01-12T18:00:02.983Z] info: ICS file for but3ra3a downloaded successfully.
[2026-01-12T18:00:02.983Z] info: Downloading ICS file from https://edt.univ-lyon1.fr/jsp/custom/modules/plannings/anonymous_cal.jsp?resources=14064&projectId=1&calType=ical&firstDate=2026-01-13&lastDate=2026-01-13 to src/calendars/tomorrow/but3ra3b.ics
[2026-01-12T18:00:03.069Z] info: ICS file downloaded successfully to src/calendars/tomorrow/but3ra3b.ics
[2026-01-12T18:00:03.070Z] info: ICS file for but3ra3b downloaded successfully.
[2026-01-12T18:00:03.070Z] info: Downloading ICS file from https://edt.univ-lyon1.fr/jsp/custom/modules/plannings/anonymous_cal.jsp?resources=6136&projectId=1&calType=ical&firstDate=2026-01-13&lastDate=2026-01-13 to src/calendars/tomorrow/but3dacs.ics
[2026-01-12T18:00:03.211Z] info: ICS file downloaded successfully to src/calendars/tomorrow/but3dacs.ics
[2026-01-12T18:00:03.211Z] info: ICS file for but3dacs downloaded successfully.
[2026-01-12T18:00:03.212Z] info: Downloading ICS file from https://edt.univ-lyon1.fr/jsp/custom/modules/plannings/anonymous_cal.jsp?resources=6048&projectId=1&calType=ical&firstDate=2026-01-13&lastDate=2026-01-13 to src/calendars/tomorrow/but3aged.ics
[2026-01-12T18:00:03.303Z] info: ICS file downloaded successfully to src/calendars/tomorrow/but3aged.ics
[2026-01-12T18:00:03.304Z] info: ICS file for but3aged downloaded successfully.
[2026-01-12T18:00:03.304Z] info: Sending daily timetables
[2026-01-12T18:00:03.316Z] info: Sending message to channel 1395371772550975558: <t:1768287600:D> **21Graphes** : LEROUX STEPHANE -> <t:1768287600:t> - <t:1768294800:t> en __S25__
<t:1768294800:D> **IntroDev1 TD5** : WATRIGANT REMI -> <t:1768294800:t> - <t:1768302000:t> en __S15__
<t:1768316400:D> **11Economie durable et numérique** : LAGACHE ALEXANDRA -> <t:1768316400:t> - <t:1768323600:t> en __S12__

[2026-01-12T18:00:03.316Z] info: Message sent to channel 1395371772550975558: <t:1768287600:D> **21Graphes** : LEROUX STEPHANE -> <t:1768287600:t> - <t:1768294800:t> en __S25__
<t:1768294800:D> **IntroDev1 TD5** : WATRIGANT REMI -> <t:1768294800:t> - <t:1768302000:t> en __S15__
<t:1768316400:D> **11Economie durable et numérique** : LAGACHE ALEXANDRA -> <t:1768316400:t> - <t:1768323600:t> en __S12__

[2026-01-12T18:00:03.317Z] info: Sending message to channel 1395052296521646282: <t:1768287600:D> **SAE Autonomie G1** : G1S1A -> <t:1768287600:t> - <t:1768294800:t> en __S16__
<t:1768294800:D> **R1.08 Gestion Proj. Orga-TD** : LAGACHE ALEXANDRA -> <t:1768294800:t> - <t:1768302000:t> en __S10__
<t:1768309200:D> **25 R1.06 Maths discrètes TPA** : JALOUX CHRISTOPHE -> <t:1768309200:t> - <t:1768316400:t> en __S10__
<t:1768316400:D> **R1.02 Web-DS** : BUYLE-BODIN NICOLAS -> <t:1768316400:t> - <t:1768323600:t> en __H21,H20,S25__

[2026-01-12T18:00:03.317Z] info: Message sent to channel 1395052296521646282: <t:1768287600:D> **SAE Autonomie G1** : G1S1A -> <t:1768287600:t> - <t:1768294800:t> en __S16__
<t:1768294800:D> **R1.08 Gestion Proj. Orga-TD** : LAGACHE ALEXANDRA -> <t:1768294800:t> - <t:1768302000:t> en __S10__
<t:1768309200:D> **25 R1.06 Maths discrètes TPA** : JALOUX CHRISTOPHE -> <t:1768309200:t> - <t:1768316400:t> en __S10__
<t:1768316400:D> **R1.02 Web-DS** : BUYLE-BODIN NICOLAS -> <t:1768316400:t> - <t:1768323600:t> en __H21,H20,S25__

[2026-01-12T18:00:03.318Z] info: Sending message to channel 1395052332969885726: <t:1768287600:D> **SAE Autonomie G1** : G1S1A -> <t:1768287600:t> - <t:1768294800:t> en __S16__
<t:1768294800:D> **R1.08 Gestion Proj. Orga-TD** : LAGACHE ALEXANDRA -> <t:1768294800:t> - <t:1768302000:t> en __S10__
<t:1768309200:D> **R1.01 Initiation dev-TPB** : BUYLE-BODIN NICOLAS -> <t:1768309200:t> - <t:1768316400:t> en __S24__
<t:1768316400:D> **R1.02 Web-DS** : BUYLE-BODIN NICOLAS -> <t:1768316400:t> - <t:1768323600:t> en __H21,H20,S25__

[2026-01-12T18:00:03.318Z] info: Message sent to channel 1395052332969885726: <t:1768287600:D> **SAE Autonomie G1** : G1S1A -> <t:1768287600:t> - <t:1768294800:t> en __S16__
<t:1768294800:D> **R1.08 Gestion Proj. Orga-TD** : LAGACHE ALEXANDRA -> <t:1768294800:t> - <t:1768302000:t> en __S10__
<t:1768309200:D> **R1.01 Initiation dev-TPB** : BUYLE-BODIN NICOLAS -> <t:1768309200:t> - <t:1768316400:t> en __S24__
<t:1768316400:D> **R1.02 Web-DS** : BUYLE-BODIN NICOLAS -> <t:1768316400:t> - <t:1768323600:t> en __H21,H20,S25__

[2026-01-12T18:00:03.319Z] info: Sending message to channel 1395052379866660874: <t:1768287600:D> **25 R1.06 Maths discrètes TPA** : JALOUX CHRISTOPHE -> <t:1768287600:t> - <t:1768294800:t> en __S10__
<t:1768294800:D> **R1.01 Initiation dev-TPA** : DAUTRAIX ISABELLE -> <t:1768294800:t> - <t:1768302000:t> en __S03__
<t:1768309200:D> **R1.05-2 SQL-TD** : BARON ARIANE -> <t:1768309200:t> - <t:1768316400:t> en __S03__
<t:1768316400:D> **R1.02 Web-DS** : BUYLE-BODIN NICOLAS -> <t:1768316400:t> - <t:1768323600:t> en __H21,H20,S25__

[2026-01-12T18:00:03.319Z] info: Message sent to channel 1395052379866660874: <t:1768287600:D> **25 R1.06 Maths discrètes TPA** : JALOUX CHRISTOPHE -> <t:1768287600:t> - <t:1768294800:t> en __S10__
<t:1768294800:D> **R1.01 Initiation dev-TPA** : DAUTRAIX ISABELLE -> <t:1768294800:t> - <t:1768302000:t> en __S03__
<t:1768309200:D> **R1.05-2 SQL-TD** : BARON ARIANE -> <t:1768309200:t> - <t:1768316400:t> en __S03__
<t:1768316400:D> **R1.02 Web-DS** : BUYLE-BODIN NICOLAS -> <t:1768316400:t> - <t:1768323600:t> en __H21,H20,S25__

[2026-01-12T18:00:03.320Z] info: Sending message to channel 1395052392092930048: <t:1768287600:D> **R1.01 Initiation dev-TPB** : DAUTRAIX ISABELLE -> <t:1768287600:t> - <t:1768294800:t> en __S14__
<t:1768309200:D> **R1.05-2 SQL-TD** : BARON ARIANE -> <t:1768309200:t> - <t:1768316400:t> en __S03__
<t:1768316400:D> **R1.02 Web-DS** : BUYLE-BODIN NICOLAS -> <t:1768316400:t> - <t:1768323600:t> en __H21,H20,S25__

[2026-01-12T18:00:03.320Z] info: Message sent to channel 1395052392092930048: <t:1768287600:D> **R1.01 Initiation dev-TPB** : DAUTRAIX ISABELLE -> <t:1768287600:t> - <t:1768294800:t> en __S14__
<t:1768309200:D> **R1.05-2 SQL-TD** : BARON ARIANE -> <t:1768309200:t> - <t:1768316400:t> en __S03__
<t:1768316400:D> **R1.02 Web-DS** : BUYLE-BODIN NICOLAS -> <t:1768316400:t> - <t:1768323600:t> en __H21,H20,S25__

[2026-01-12T18:00:03.321Z] info: Sending message to channel 1395056179914473612: <t:1768287600:D> **25 R1.06 Maths discrètes TPA** : JOUBERT AUDE -> <t:1768287600:t> - <t:1768294800:t> en __S11__
<t:1768294800:D> **R1.12 PPP-TD P2** : VIZET PONCET CECILE -> <t:1768294800:t> - <t:1768302000:t> en __040__
<t:1768309200:D> **11 R1.08 Gestion Proj. Orga-TD** : LAGACHE ALEXANDRA -> <t:1768309200:t> - <t:1768316400:t> en __040__
<t:1768316400:D> **R1.02 Web-DS** : BUYLE-BODIN NICOLAS -> <t:1768316400:t> - <t:1768323600:t> en __H21,H20,S25__

[2026-01-12T18:00:03.321Z] info: Message sent to channel 1395056179914473612: <t:1768287600:D> **25 R1.06 Maths discrètes TPA** : JOUBERT AUDE -> <t:1768287600:t> - <t:1768294800:t> en __S11__
<t:1768294800:D> **R1.12 PPP-TD P2** : VIZET PONCET CECILE -> <t:1768294800:t> - <t:1768302000:t> en __040__
<t:1768309200:D> **11 R1.08 Gestion Proj. Orga-TD** : LAGACHE ALEXANDRA -> <t:1768309200:t> - <t:1768316400:t> en __040__
<t:1768316400:D> **R1.02 Web-DS** : BUYLE-BODIN NICOLAS -> <t:1768316400:t> - <t:1768323600:t> en __H21,H20,S25__

[2026-01-12T18:00:03.321Z] info: Sending message to channel 1395052422401101905: <t:1768294800:D> **R1.12 PPP-TD P2** : VIZET PONCET CECILE -> <t:1768294800:t> - <t:1768302000:t> en __040__
<t:1768309200:D> **11 R1.08 Gestion Proj. Orga-TD** : LAGACHE ALEXANDRA -> <t:1768309200:t> - <t:1768316400:t> en __040__
<t:1768316400:D> **R1.02 Web-DS** : BUYLE-BODIN NICOLAS -> <t:1768316400:t> - <t:1768323600:t> en __H21,H20,S25__

[2026-01-12T18:00:03.322Z] info: Message sent to channel 1395052422401101905: <t:1768294800:D> **R1.12 PPP-TD P2** : VIZET PONCET CECILE -> <t:1768294800:t> - <t:1768302000:t> en __040__
<t:1768309200:D> **11 R1.08 Gestion Proj. Orga-TD** : LAGACHE ALEXANDRA -> <t:1768309200:t> - <t:1768316400:t> en __040__
<t:1768316400:D> **R1.02 Web-DS** : BUYLE-BODIN NICOLAS -> <t:1768316400:t> - <t:1768323600:t> en __H21,H20,S25__

[2026-01-12T18:00:03.322Z] info: Sending message to channel 1395052443192266916: <t:1768287600:D> **SAE Autonomie G4** : G4S1B -> <t:1768287600:t> - <t:1768294800:t> en __S17__
<t:1768294800:D> **25 R1.06 Maths discrètes TPA** : JOUBERT AUDE -> <t:1768294800:t> - <t:1768302000:t> en __S11__
<t:1768309200:D> **R1.12 PPP-TD P2** : VIZET PONCET CECILE -> <t:1768309200:t> - <t:1768316400:t> en __037-Conseil__
<t:1768316400:D> **R1.02 Web-DS** : BUYLE-BODIN NICOLAS -> <t:1768316400:t> - <t:1768323600:t> en __H21,H20,S25__

[2026-01-12T18:00:03.323Z] info: Message sent to channel 1395052443192266916: <t:1768287600:D> **SAE Autonomie G4** : G4S1B -> <t:1768287600:t> - <t:1768294800:t> en __S17__
<t:1768294800:D> **25 R1.06 Maths discrètes TPA** : JOUBERT AUDE -> <t:1768294800:t> - <t:1768302000:t> en __S11__
<t:1768309200:D> **R1.12 PPP-TD P2** : VIZET PONCET CECILE -> <t:1768309200:t> - <t:1768316400:t> en __037-Conseil__
<t:1768316400:D> **R1.02 Web-DS** : BUYLE-BODIN NICOLAS -> <t:1768316400:t> - <t:1768323600:t> en __H21,H20,S25__

[2026-01-12T18:00:03.324Z] info: Sending message to channel 1395052467070177290: <t:1768287600:D> **SAE Autonomie G4** : G4S1B -> <t:1768287600:t> - <t:1768294800:t> en __S17__
<t:1768309200:D> **R1.12 PPP-TD P2** : VIZET PONCET CECILE -> <t:1768309200:t> - <t:1768316400:t> en __037-Conseil__
<t:1768316400:D> **R1.02 Web-DS** : BUYLE-BODIN NICOLAS -> <t:1768316400:t> - <t:1768323600:t> en __H21,H20,S25__

[2026-01-12T18:00:03.325Z] info: Message sent to channel 1395052467070177290: <t:1768287600:D> **SAE Autonomie G4** : G4S1B -> <t:1768287600:t> - <t:1768294800:t> en __S17__
<t:1768309200:D> **R1.12 PPP-TD P2** : VIZET PONCET CECILE -> <t:1768309200:t> - <t:1768316400:t> en __037-Conseil__
<t:1768316400:D> **R1.02 Web-DS** : BUYLE-BODIN NICOLAS -> <t:1768316400:t> - <t:1768323600:t> en __H21,H20,S25__

[2026-01-12T18:00:03.326Z] info: Sending message to channel 1395052827985842288: <t:1768287600:D> **R1.10 Anglais-TPA P2** : BESSAC MARIETTE -> <t:1768287600:t> - <t:1768294800:t> en __028__
<t:1768294800:D> **R1.01 initation dev TD P15** : BARON ARIANE -> <t:1768294800:t> - <t:1768302000:t> en __S12__
<t:1768309200:D> **25 R1.06 Maths discrètes TPA** : LEROUX STEPHANE -> <t:1768309200:t> - <t:1768316400:t> en __S12__
<t:1768316400:D> **R1.02 Web-DS** : BUYLE-BODIN NICOLAS -> <t:1768316400:t> - <t:1768323600:t> en __H21,H20,S25__

[2026-01-12T18:00:03.326Z] info: Message sent to channel 1395052827985842288: <t:1768287600:D> **R1.10 Anglais-TPA P2** : BESSAC MARIETTE -> <t:1768287600:t> - <t:1768294800:t> en __028__
<t:1768294800:D> **R1.01 initation dev TD P15** : BARON ARIANE -> <t:1768294800:t> - <t:1768302000:t> en __S12__
<t:1768309200:D> **25 R1.06 Maths discrètes TPA** : LEROUX STEPHANE -> <t:1768309200:t> - <t:1768316400:t> en __S12__
<t:1768316400:D> **R1.02 Web-DS** : BUYLE-BODIN NICOLAS -> <t:1768316400:t> - <t:1768323600:t> en __H21,H20,S25__

[2026-01-12T18:00:03.327Z] info: Sending message to channel 1395052882486890707: <t:1768294800:D> **R1.01 initation dev TD P15** : BARON ARIANE -> <t:1768294800:t> - <t:1768302000:t> en __S12__
<t:1768309200:D> **R1.10 Anglais-TPB P2** : CANQUE FLORENCE -> <t:1768309200:t> - <t:1768316400:t> en __026-Langues__
<t:1768316400:D> **R1.02 Web-DS** : BUYLE-BODIN NICOLAS -> <t:1768316400:t> - <t:1768323600:t> en __H21,H20,S25__

[2026-01-12T18:00:03.327Z] info: Message sent to channel 1395052882486890707: <t:1768294800:D> **R1.01 initation dev TD P15** : BARON ARIANE -> <t:1768294800:t> - <t:1768302000:t> en __S12__
<t:1768309200:D> **R1.10 Anglais-TPB P2** : CANQUE FLORENCE -> <t:1768309200:t> - <t:1768316400:t> en __026-Langues__
<t:1768316400:D> **R1.02 Web-DS** : BUYLE-BODIN NICOLAS -> <t:1768316400:t> - <t:1768323600:t> en __H21,H20,S25__

[2026-01-12T18:00:03.328Z] info: Sending message to channel 1395371275643256924: <t:1768287600:D> **21R3.04-1 Qualité de developpement-Conception-TD** : PEYTAVIE ADRIEN -> <t:1768287600:t> - <t:1768294800:t> en __S03__
<t:1768294800:D> **21 R3.02 Dév. Efficace (algo)-TD** : KHEDDOUCI HAMAMACHE -> <t:1768294800:t> - <t:1768302000:t> en __S16__
<t:1768309200:D> **11 R3.02 Dév. Efficace (algo)-TD** : BEN HADID AMIRA -> <t:1768309200:t> - <t:1768316400:t> en __S16__

[2026-01-12T18:00:03.328Z] info: Message sent to channel 1395371275643256924: <t:1768287600:D> **21R3.04-1 Qualité de developpement-Conception-TD** : PEYTAVIE ADRIEN -> <t:1768287600:t> - <t:1768294800:t> en __S03__
<t:1768294800:D> **21 R3.02 Dév. Efficace (algo)-TD** : KHEDDOUCI HAMAMACHE -> <t:1768294800:t> - <t:1768302000:t> en __S16__
<t:1768309200:D> **11 R3.02 Dév. Efficace (algo)-TD** : BEN HADID AMIRA -> <t:1768309200:t> - <t:1768316400:t> en __S16__

[2026-01-12T18:00:03.328Z] info: Sending message to channel 1395371292533723147: <t:1768287600:D> **21R3.04-1 Qualité de developpement-Conception-TD** : PEYTAVIE ADRIEN -> <t:1768287600:t> - <t:1768294800:t> en __S03__
<t:1768294800:D> **21 R3.02 Dév. Efficace (algo)-TD** : KHEDDOUCI HAMAMACHE -> <t:1768294800:t> - <t:1768302000:t> en __S16__
<t:1768309200:D> **11 R3.02 Dév. Efficace (algo)-TD** : BEN HADID AMIRA -> <t:1768309200:t> - <t:1768316400:t> en __S16__

[2026-01-12T18:00:03.329Z] info: Message sent to channel 1395371292533723147: <t:1768287600:D> **21R3.04-1 Qualité de developpement-Conception-TD** : PEYTAVIE ADRIEN -> <t:1768287600:t> - <t:1768294800:t> en __S03__
<t:1768294800:D> **21 R3.02 Dév. Efficace (algo)-TD** : KHEDDOUCI HAMAMACHE -> <t:1768294800:t> - <t:1768302000:t> en __S16__
<t:1768309200:D> **11 R3.02 Dév. Efficace (algo)-TD** : BEN HADID AMIRA -> <t:1768309200:t> - <t:1768316400:t> en __S16__

[2026-01-12T18:00:03.329Z] info: Sending message to channel 1395371451573600287: <t:1768287600:D> **11 R3.02 Dév. Efficace (algo)-TD** : KHEDDOUCI HAMAMACHE -> <t:1768287600:t> - <t:1768294800:t> en __S24__
<t:1768309200:D> **21 R3.11  Droit des contrats et du numérique-TD** : DUFOUR KARLINE -> <t:1768309200:t> - <t:1768316400:t> en __S15__
<t:1768316400:D> **21R3.04-1 Qualité de developpement-Conception-TD** : PEYTAVIE ADRIEN -> <t:1768316400:t> - <t:1768323600:t> en __S17__

[2026-01-12T18:00:03.330Z] info: Message sent to channel 1395371451573600287: <t:1768287600:D> **11 R3.02 Dév. Efficace (algo)-TD** : KHEDDOUCI HAMAMACHE -> <t:1768287600:t> - <t:1768294800:t> en __S24__
<t:1768309200:D> **21 R3.11  Droit des contrats et du numérique-TD** : DUFOUR KARLINE -> <t:1768309200:t> - <t:1768316400:t> en __S15__
<t:1768316400:D> **21R3.04-1 Qualité de developpement-Conception-TD** : PEYTAVIE ADRIEN -> <t:1768316400:t> - <t:1768323600:t> en __S17__

[2026-01-12T18:00:03.330Z] info: Sending message to channel 1395371471345553540: <t:1768287600:D> **11 R3.02 Dév. Efficace (algo)-TD** : KHEDDOUCI HAMAMACHE -> <t:1768287600:t> - <t:1768294800:t> en __S24__
<t:1768294800:D> **R3.05 Programmation système-TPB** : BUONOMO CAMILLE -> <t:1768294800:t> - <t:1768302000:t> en __S24__
<t:1768309200:D> **21 R3.11  Droit des contrats et du numérique-TD** : DUFOUR KARLINE -> <t:1768309200:t> - <t:1768316400:t> en __S15__
<t:1768316400:D> **21R3.04-1 Qualité de developpement-Conception-TD** : PEYTAVIE ADRIEN -> <t:1768316400:t> - <t:1768323600:t> en __S17__

[2026-01-12T18:00:03.331Z] info: Message sent to channel 1395371471345553540: <t:1768287600:D> **11 R3.02 Dév. Efficace (algo)-TD** : KHEDDOUCI HAMAMACHE -> <t:1768287600:t> - <t:1768294800:t> en __S24__
<t:1768294800:D> **R3.05 Programmation système-TPB** : BUONOMO CAMILLE -> <t:1768294800:t> - <t:1768302000:t> en __S24__
<t:1768309200:D> **21 R3.11  Droit des contrats et du numérique-TD** : DUFOUR KARLINE -> <t:1768309200:t> - <t:1768316400:t> en __S15__
<t:1768316400:D> **21R3.04-1 Qualité de developpement-Conception-TD** : PEYTAVIE ADRIEN -> <t:1768316400:t> - <t:1768323600:t> en __S17__

[2026-01-12T18:00:03.332Z] info: Sending message to channel 1395371506099425310: <t:1768309200:D> **21 R3.02 Dév. Efficace (algo)-TD** : KHEDDOUCI HAMAMACHE -> <t:1768309200:t> - <t:1768316400:t> en __S17__

[2026-01-12T18:00:03.332Z] info: Message sent to channel 1395371506099425310: <t:1768309200:D> **21 R3.02 Dév. Efficace (algo)-TD** : KHEDDOUCI HAMAMACHE -> <t:1768309200:t> - <t:1768316400:t> en __S17__

[2026-01-12T18:00:03.333Z] info: Sending message to channel 1395371591797575750: <t:1768309200:D> **21 R3.02 Dév. Efficace (algo)-TD** : KHEDDOUCI HAMAMACHE -> <t:1768309200:t> - <t:1768316400:t> en __S17__

[2026-01-12T18:00:03.333Z] info: Message sent to channel 1395371591797575750: <t:1768309200:D> **21 R3.02 Dév. Efficace (algo)-TD** : KHEDDOUCI HAMAMACHE -> <t:1768309200:t> - <t:1768316400:t> en __S17__

[2026-01-12T18:00:03.334Z] info: Sending message to channel 1409494181839376455: <t:1768287600:D> **S5.A.01 SAE Dev avancé** : BUT3 RA1B -> <t:1768287600:t> - <t:1768294800:t> en __S26__
<t:1768294800:D> **11 R5.A.11 Aide à la décision TD RA** : JALOUX CHRISTOPHE -> <t:1768294800:t> - <t:1768302000:t> en __S26__
<t:1768316400:D> **11R5.A.02 PPP TD** : VIZET PONCET CECILE -> <t:1768316400:t> - <t:1768323600:t> en __S26__

[2026-01-12T18:00:03.334Z] info: Message sent to channel 1409494181839376455: <t:1768287600:D> **S5.A.01 SAE Dev avancé** : BUT3 RA1B -> <t:1768287600:t> - <t:1768294800:t> en __S26__
<t:1768294800:D> **11 R5.A.11 Aide à la décision TD RA** : JALOUX CHRISTOPHE -> <t:1768294800:t> - <t:1768302000:t> en __S26__
<t:1768316400:D> **11R5.A.02 PPP TD** : VIZET PONCET CECILE -> <t:1768316400:t> - <t:1768323600:t> en __S26__

[2026-01-12T18:00:03.335Z] info: Sending message to channel 1409494206942286006: <t:1768287600:D> **S5.A.01 SAE Dev avancé** : BUT3 RA1B -> <t:1768287600:t> - <t:1768294800:t> en __S26__
<t:1768294800:D> **11 R5.A.11 Aide à la décision TD RA** : JALOUX CHRISTOPHE -> <t:1768294800:t> - <t:1768302000:t> en __S26__
<t:1768309200:D> **21R5.A.06 Programmation multimédia TPB** : PEYTAVIE ADRIEN -> <t:1768309200:t> - <t:1768316400:t> en __S26__
<t:1768316400:D> **11R5.A.02 PPP TD** : VIZET PONCET CECILE -> <t:1768316400:t> - <t:1768323600:t> en __S26__

[2026-01-12T18:00:03.336Z] info: Message sent to channel 1409494206942286006: <t:1768287600:D> **S5.A.01 SAE Dev avancé** : BUT3 RA1B -> <t:1768287600:t> - <t:1768294800:t> en __S26__
<t:1768294800:D> **11 R5.A.11 Aide à la décision TD RA** : JALOUX CHRISTOPHE -> <t:1768294800:t> - <t:1768302000:t> en __S26__
<t:1768309200:D> **21R5.A.06 Programmation multimédia TPB** : PEYTAVIE ADRIEN -> <t:1768309200:t> - <t:1768316400:t> en __S26__
<t:1768316400:D> **11R5.A.02 PPP TD** : VIZET PONCET CECILE -> <t:1768316400:t> - <t:1768323600:t> en __S26__

[2026-01-12T18:00:03.338Z] info: Sending message to channel 1409495503292338257: <t:1768287600:D> **S5.A.01 SAE Dev avancé** : BUT3 RA3A -> <t:1768287600:t> - <t:1768294800:t> en __S13__
<t:1768309200:D> **21 R5.A.11 Aide à la décision TD RA** : JOUBERT AUDE -> <t:1768309200:t> - <t:1768316400:t> en __S13__
<t:1768316400:D> **11R5.A.02 PPP TD** : OLIVESI AURELIE -> <t:1768316400:t> - <t:1768323600:t> en __S13__

[2026-01-12T18:00:03.338Z] info: Message sent to channel 1409495503292338257: <t:1768287600:D> **S5.A.01 SAE Dev avancé** : BUT3 RA3A -> <t:1768287600:t> - <t:1768294800:t> en __S13__
<t:1768309200:D> **21 R5.A.11 Aide à la décision TD RA** : JOUBERT AUDE -> <t:1768309200:t> - <t:1768316400:t> en __S13__
<t:1768316400:D> **11R5.A.02 PPP TD** : OLIVESI AURELIE -> <t:1768316400:t> - <t:1768323600:t> en __S13__

[2026-01-12T18:00:03.339Z] info: Sending message to channel 1409495513891344426: <t:1768287600:D> **S5.A.01 SAE Dev avancé** : BUT3 RA3A -> <t:1768287600:t> - <t:1768294800:t> en __S13__
<t:1768294800:D> **21R5.A.06 Programmation multimédia TPB** : PEYTAVIE ADRIEN -> <t:1768294800:t> - <t:1768302000:t> en __S13__
<t:1768309200:D> **21 R5.A.11 Aide à la décision TD RA** : JOUBERT AUDE -> <t:1768309200:t> - <t:1768316400:t> en __S13__
<t:1768316400:D> **11R5.A.02 PPP TD** : OLIVESI AURELIE -> <t:1768316400:t> - <t:1768323600:t> en __S13__

[2026-01-12T18:00:03.339Z] info: Message sent to channel 1409495513891344426: <t:1768287600:D> **S5.A.01 SAE Dev avancé** : BUT3 RA3A -> <t:1768287600:t> - <t:1768294800:t> en __S13__
<t:1768294800:D> **21R5.A.06 Programmation multimédia TPB** : PEYTAVIE ADRIEN -> <t:1768294800:t> - <t:1768302000:t> en __S13__
<t:1768309200:D> **21 R5.A.11 Aide à la décision TD RA** : JOUBERT AUDE -> <t:1768309200:t> - <t:1768316400:t> en __S13__
<t:1768316400:D> **11R5.A.02 PPP TD** : OLIVESI AURELIE -> <t:1768316400:t> - <t:1768323600:t> en __S13__

[2026-01-12T18:00:03.340Z] info: Sending message to channel 1409495882436706366: <t:1768294800:D> **R5.B.12 Anglais** : CANQUE FLORENCE -> <t:1768294800:t> - <t:1768302000:t> en __026-Langues__
<t:1768309200:D> **11R5.03 Politique de Communication** : OLIVESI AURELIE -> <t:1768309200:t> - <t:1768316400:t> en __S01__
<t:1768316400:D> **SAE Autonomie** : BUT3 DACS -> <t:1768316400:t> - <t:1768323600:t> en __S01__

[2026-01-12T18:00:03.340Z] info: Message sent to channel 1409495882436706366: <t:1768294800:D> **R5.B.12 Anglais** : CANQUE FLORENCE -> <t:1768294800:t> - <t:1768302000:t> en __026-Langues__
<t:1768309200:D> **11R5.03 Politique de Communication** : OLIVESI AURELIE -> <t:1768309200:t> - <t:1768316400:t> en __S01__
<t:1768316400:D> **SAE Autonomie** : BUT3 DACS -> <t:1768316400:t> - <t:1768323600:t> en __S01__

[2026-01-12T18:00:03.341Z] info: Sending message to channel 1409496113396060181: <t:1768287600:D> **R5.C.08 IA** : FOULON LUCAS -> <t:1768287600:t> - <t:1768294800:t> en __S22__
<t:1768294800:D> **R5.C.08 IA** : FOULON LUCAS -> <t:1768294800:t> - <t:1768302000:t> en __S22__
<t:1768309200:D> **R5.C.03 Communication** : FABRE CHARLIE -> <t:1768309200:t> - <t:1768316400:t> en __S22__
<t:1768316400:D> **SAE autonomie** : BUT3 AGED -> <t:1768316400:t> - <t:1768323600:t> en __S22__

[2026-01-12T18:00:03.341Z] info: Message sent to channel 1409496113396060181: <t:1768287600:D> **R5.C.08 IA** : FOULON LUCAS -> <t:1768287600:t> - <t:1768294800:t> en __S22__
<t:1768294800:D> **R5.C.08 IA** : FOULON LUCAS -> <t:1768294800:t> - <t:1768302000:t> en __S22__
<t:1768309200:D> **R5.C.03 Communication** : FABRE CHARLIE -> <t:1768309200:t> - <t:1768316400:t> en __S22__
<t:1768316400:D> **SAE autonomie** : BUT3 AGED -> <t:1768316400:t> - <t:1768323600:t> en __S22__

[2026-01-12T18:00:03.341Z] info: Daily timetables sent
[2026-01-12T22:17:31.809Z] info: Received command: group from user: 509755186982420480
[2026-01-12T22:17:31.810Z] info: Received group command: group=g2, semester=s1, composedGroup=g2s1a
[2026-01-13T18:00:00.713Z] info: Downloading ICS files for tomorrow for groups: aspea, aspeb, g1s1a, g1s1b, g2s1a, g2s1b, g3s1a, g3s1b, g4s1a, g4s1b, g5s1a, g5s1b, g1s3a, g1s3b, g2s3a, g2s3b, g3a2, g4s3a, g4s3b, but3ra1a, but3ra1b, but3ra2a, but3ra2b, but3ra3a, but3ra3b, but3dacs, but3aged
[2026-01-13T18:00:00.713Z] info: Downloading ICS file from https://edt.univ-lyon1.fr/jsp/custom/modules/plannings/anonymous_cal.jsp?resources=9272&projectId=1&calType=ical&firstDate=2026-01-14&lastDate=2026-01-14 to src/calendars/tomorrow/aspea.ics
[2026-01-13T18:00:00.984Z] info: ICS file downloaded successfully to src/calendars/tomorrow/aspea.ics
[2026-01-13T18:00:00.985Z] info: ICS file for aspea downloaded successfully.
[2026-01-13T18:00:00.985Z] info: Downloading ICS file from https://edt.univ-lyon1.fr/jsp/custom/modules/plannings/anonymous_cal.jsp?resources=18783&projectId=1&calType=ical&firstDate=2026-01-14&lastDate=2026-01-14 to src/calendars/tomorrow/aspeb.ics
[2026-01-13T18:00:01.048Z] info: ICS file downloaded successfully to src/calendars/tomorrow/aspeb.ics
[2026-01-13T18:00:01.049Z] info: ICS file for aspeb downloaded successfully.
[2026-01-13T18:00:01.049Z] info: Downloading ICS file from https://edt.univ-lyon1.fr/jsp/custom/modules/plannings/anonymous_cal.jsp?resources=12096&projectId=1&calType=ical&firstDate=2026-01-14&lastDate=2026-01-14 to src/calendars/tomorrow/g1s1a.ics
[2026-01-13T18:00:01.148Z] info: ICS file downloaded successfully to src/calendars/tomorrow/g1s1a.ics
[2026-01-13T18:00:01.149Z] info: ICS file for g1s1a downloaded successfully.
[2026-01-13T18:00:01.149Z] info: Downloading ICS file from https://edt.univ-lyon1.fr/jsp/custom/modules/plannings/anonymous_cal.jsp?resources=12102&projectId=1&calType=ical&firstDate=2026-01-14&lastDate=2026-01-14 to src/calendars/tomorrow/g1s1b.ics
[2026-01-13T18:00:01.268Z] info: ICS file downloaded successfully to src/calendars/tomorrow/g1s1b.ics
[2026-01-13T18:00:01.268Z] info: ICS file for g1s1b downloaded successfully.
[2026-01-13T18:00:01.268Z] info: Downloading ICS file from https://edt.univ-lyon1.fr/jsp/custom/modules/plannings/anonymous_cal.jsp?resources=12403&projectId=1&calType=ical&firstDate=2026-01-14&lastDate=2026-01-14 to src/calendars/tomorrow/g2s1a.ics
[2026-01-13T18:00:01.371Z] info: ICS file downloaded successfully to src/calendars/tomorrow/g2s1a.ics
[2026-01-13T18:00:01.372Z] info: ICS file for g2s1a downloaded successfully.
[2026-01-13T18:00:01.372Z] info: Downloading ICS file from https://edt.univ-lyon1.fr/jsp/custom/modules/plannings/anonymous_cal.jsp?resources=12406&projectId=1&calType=ical&firstDate=2026-01-14&lastDate=2026-01-14 to src/calendars/tomorrow/g2s1b.ics
[2026-01-13T18:00:01.444Z] info: ICS file downloaded successfully to src/calendars/tomorrow/g2s1b.ics
[2026-01-13T18:00:01.444Z] info: ICS file for g2s1b downloaded successfully.
[2026-01-13T18:00:01.444Z] info: Downloading ICS file from https://edt.univ-lyon1.fr/jsp/custom/modules/plannings/anonymous_cal.jsp?resources=12419&projectId=1&calType=ical&firstDate=2026-01-14&lastDate=2026-01-14 to src/calendars/tomorrow/g3s1a.ics
[2026-01-13T18:00:01.506Z] info: ICS file downloaded successfully to src/calendars/tomorrow/g3s1a.ics
[2026-01-13T18:00:01.507Z] info: ICS file for g3s1a downloaded successfully.
[2026-01-13T18:00:01.507Z] info: Downloading ICS file from https://edt.univ-lyon1.fr/jsp/custom/modules/plannings/anonymous_cal.jsp?resources=12425&projectId=1&calType=ical&firstDate=2026-01-14&lastDate=2026-01-14 to src/calendars/tomorrow/g3s1b.ics
[2026-01-13T18:00:01.630Z] info: ICS file downloaded successfully to src/calendars/tomorrow/g3s1b.ics
[2026-01-13T18:00:01.630Z] info: ICS file for g3s1b downloaded successfully.
[2026-01-13T18:00:01.631Z] info: Downloading ICS file from https://edt.univ-lyon1.fr/jsp/custom/modules/plannings/anonymous_cal.jsp?resources=12424&projectId=1&calType=ical&firstDate=2026-01-14&lastDate=2026-01-14 to src/calendars/tomorrow/g4s1a.ics
[2026-01-13T18:00:01.764Z] info: ICS file downloaded successfully to src/calendars/tomorrow/g4s1a.ics
[2026-01-13T18:00:01.765Z] info: ICS file for g4s1a downloaded successfully.
[2026-01-13T18:00:01.765Z] info: Downloading ICS file from https://edt.univ-lyon1.fr/jsp/custom/modules/plannings/anonymous_cal.jsp?resources=12444&projectId=1&calType=ical&firstDate=2026-01-14&lastDate=2026-01-14 to src/calendars/tomorrow/g4s1b.ics
[2026-01-13T18:00:01.892Z] info: ICS file downloaded successfully to src/calendars/tomorrow/g4s1b.ics
[2026-01-13T18:00:01.892Z] info: ICS file for g4s1b downloaded successfully.
[2026-01-13T18:00:01.892Z] info: Downloading ICS file from https://edt.univ-lyon1.fr/jsp/custom/modules/plannings/anonymous_cal.jsp?resources=12460&projectId=1&calType=ical&firstDate=2026-01-14&lastDate=2026-01-14 to src/calendars/tomorrow/g5s1a.ics
[2026-01-13T18:00:02.027Z] info: ICS file downloaded successfully to src/calendars/tomorrow/g5s1a.ics
[2026-01-13T18:00:02.028Z] info: ICS file for g5s1a downloaded successfully.
[2026-01-13T18:00:02.028Z] info: Downloading ICS file from https://edt.univ-lyon1.fr/jsp/custom/modules/plannings/anonymous_cal.jsp?resources=12461&projectId=1&calType=ical&firstDate=2026-01-14&lastDate=2026-01-14 to src/calendars/tomorrow/g5s1b.ics
[2026-01-13T18:00:02.179Z] info: ICS file downloaded successfully to src/calendars/tomorrow/g5s1b.ics
[2026-01-13T18:00:02.179Z] info: ICS file for g5s1b downloaded successfully.
[2026-01-13T18:00:02.180Z] info: Downloading ICS file from https://edt.univ-lyon1.fr/jsp/custom/modules/plannings/anonymous_cal.jsp?resources=35708&projectId=1&calType=ical&firstDate=2026-01-14&lastDate=2026-01-14 to src/calendars/tomorrow/g1s3a.ics
[2026-01-13T18:00:02.262Z] info: ICS file downloaded successfully to src/calendars/tomorrow/g1s3a.ics
[2026-01-13T18:00:02.262Z] info: ICS file for g1s3a downloaded successfully.
[2026-01-13T18:00:02.262Z] info: Downloading ICS file from https://edt.univ-lyon1.fr/jsp/custom/modules/plannings/anonymous_cal.jsp?resources=35709&projectId=1&calType=ical&firstDate=2026-01-14&lastDate=2026-01-14 to src/calendars/tomorrow/g1s3b.ics
[2026-01-13T18:00:02.365Z] info: ICS file downloaded successfully to src/calendars/tomorrow/g1s3b.ics
[2026-01-13T18:00:02.365Z] info: ICS file for g1s3b downloaded successfully.
[2026-01-13T18:00:02.366Z] info: Downloading ICS file from https://edt.univ-lyon1.fr/jsp/custom/modules/plannings/anonymous_cal.jsp?resources=35710&projectId=1&calType=ical&firstDate=2026-01-14&lastDate=2026-01-14 to src/calendars/tomorrow/g2s3a.ics
[2026-01-13T18:00:02.464Z] info: ICS file downloaded successfully to src/calendars/tomorrow/g2s3a.ics
[2026-01-13T18:00:02.465Z] info: ICS file for g2s3a downloaded successfully.
[2026-01-13T18:00:02.465Z] info: Downloading ICS file from https://edt.univ-lyon1.fr/jsp/custom/modules/plannings/anonymous_cal.jsp?resources=35713&projectId=1&calType=ical&firstDate=2026-01-14&lastDate=2026-01-14 to src/calendars/tomorrow/g2s3b.ics
[2026-01-13T18:00:02.572Z] info: ICS file downloaded successfully to src/calendars/tomorrow/g2s3b.ics
[2026-01-13T18:00:02.572Z] info: ICS file for g2s3b downloaded successfully.
[2026-01-13T18:00:02.572Z] info: Downloading ICS file from https://edt.univ-lyon1.fr/jsp/custom/modules/plannings/anonymous_cal.jsp?resources=35714&projectId=1&calType=ical&firstDate=2026-01-14&lastDate=2026-01-14 to src/calendars/tomorrow/g3a2.ics
[2026-01-13T18:00:02.698Z] info: ICS file downloaded successfully to src/calendars/tomorrow/g3a2.ics
[2026-01-13T18:00:02.700Z] info: ICS file for g3a2 downloaded successfully.
[2026-01-13T18:00:02.700Z] info: Downloading ICS file from https://edt.univ-lyon1.fr/jsp/custom/modules/plannings/anonymous_cal.jsp?resources=35717&projectId=1&calType=ical&firstDate=2026-01-14&lastDate=2026-01-14 to src/calendars/tomorrow/g4s3a.ics
[2026-01-13T18:00:02.833Z] info: ICS file downloaded successfully to src/calendars/tomorrow/g4s3a.ics
[2026-01-13T18:00:02.833Z] info: ICS file for g4s3a downloaded successfully.
[2026-01-13T18:00:02.833Z] info: Downloading ICS file from https://edt.univ-lyon1.fr/jsp/custom/modules/plannings/anonymous_cal.jsp?resources=35718&projectId=1&calType=ical&firstDate=2026-01-14&lastDate=2026-01-14 to src/calendars/tomorrow/g4s3b.ics
[2026-01-13T18:00:02.982Z] info: ICS file downloaded successfully to src/calendars/tomorrow/g4s3b.ics
[2026-01-13T18:00:02.983Z] info: ICS file for g4s3b downloaded successfully.
[2026-01-13T18:00:02.983Z] info: Downloading ICS file from https://edt.univ-lyon1.fr/jsp/custom/modules/plannings/anonymous_cal.jsp?resources=6161&projectId=1&calType=ical&firstDate=2026-01-14&lastDate=2026-01-14 to src/calendars/tomorrow/but3ra1a.ics
[2026-01-13T18:00:03.078Z] info: ICS file downloaded successfully to src/calendars/tomorrow/but3ra1a.ics
[2026-01-13T18:00:03.078Z] info: ICS file for but3ra1a downloaded successfully.
[2026-01-13T18:00:03.079Z] info: Downloading ICS file from https://edt.univ-lyon1.fr/jsp/custom/modules/plannings/anonymous_cal.jsp?resources=6163&projectId=1&calType=ical&firstDate=2026-01-14&lastDate=2026-01-14 to src/calendars/tomorrow/but3ra1b.ics
[2026-01-13T18:00:03.207Z] info: ICS file downloaded successfully to src/calendars/tomorrow/but3ra1b.ics
[2026-01-13T18:00:03.207Z] info: ICS file for but3ra1b downloaded successfully.
[2026-01-13T18:00:03.208Z] info: Downloading ICS file from https://edt.univ-lyon1.fr/jsp/custom/modules/plannings/anonymous_cal.jsp?resources=6165&projectId=1&calType=ical&firstDate=2026-01-14&lastDate=2026-01-14 to src/calendars/tomorrow/but3ra2a.ics
[2026-01-13T18:00:03.306Z] info: ICS file downloaded successfully to src/calendars/tomorrow/but3ra2a.ics
[2026-01-13T18:00:03.306Z] info: ICS file for but3ra2a downloaded successfully.
[2026-01-13T18:00:03.306Z] info: Downloading ICS file from https://edt.univ-lyon1.fr/jsp/custom/modules/plannings/anonymous_cal.jsp?resources=6168&projectId=1&calType=ical&firstDate=2026-01-14&lastDate=2026-01-14 to src/calendars/tomorrow/but3ra2b.ics
[2026-01-13T18:00:03.408Z] info: ICS file downloaded successfully to src/calendars/tomorrow/but3ra2b.ics
[2026-01-13T18:00:03.409Z] info: ICS file for but3ra2b downloaded successfully.
[2026-01-13T18:00:03.409Z] info: Downloading ICS file from https://edt.univ-lyon1.fr/jsp/custom/modules/plannings/anonymous_cal.jsp?resources=14059&projectId=1&calType=ical&firstDate=2026-01-14&lastDate=2026-01-14 to src/calendars/tomorrow/but3ra3a.ics
[2026-01-13T18:00:03.482Z] info: ICS file downloaded successfully to src/calendars/tomorrow/but3ra3a.ics
[2026-01-13T18:00:03.482Z] info: ICS file for but3ra3a downloaded successfully.
[2026-01-13T18:00:03.482Z] info: Downloading ICS file from https://edt.univ-lyon1.fr/jsp/custom/modules/plannings/anonymous_cal.jsp?resources=14064&projectId=1&calType=ical&firstDate=2026-01-14&lastDate=2026-01-14 to src/calendars/tomorrow/but3ra3b.ics
[2026-01-13T18:00:03.584Z] info: ICS file downloaded successfully to src/calendars/tomorrow/but3ra3b.ics
[2026-01-13T18:00:03.585Z] info: ICS file for but3ra3b downloaded successfully.
[2026-01-13T18:00:03.585Z] info: Downloading ICS file from https://edt.univ-lyon1.fr/jsp/custom/modules/plannings/anonymous_cal.jsp?resources=6136&projectId=1&calType=ical&firstDate=2026-01-14&lastDate=2026-01-14 to src/calendars/tomorrow/but3dacs.ics
[2026-01-13T18:00:35.375Z] info: ICS file downloaded successfully to src/calendars/tomorrow/but3dacs.ics
[2026-01-13T18:00:35.375Z] info: ICS file for but3dacs downloaded successfully.
[2026-01-13T18:00:35.376Z] info: Downloading ICS file from https://edt.univ-lyon1.fr/jsp/custom/modules/plannings/anonymous_cal.jsp?resources=6048&projectId=1&calType=ical&firstDate=2026-01-14&lastDate=2026-01-14 to src/calendars/tomorrow/but3aged.ics
[2026-01-13T18:00:35.516Z] info: ICS file downloaded successfully to src/calendars/tomorrow/but3aged.ics
[2026-01-13T18:00:35.516Z] info: ICS file for but3aged downloaded successfully.
[2026-01-13T18:00:35.516Z] info: Sending daily timetables
[2026-01-13T18:00:35.526Z] info: Sending message to channel 1395371772550975558: <t:1768381200:D> **IntroDev2 TD** : DUCHENE ERIC -> <t:1768381200:t> - <t:1768388400:t> en __S27__
<t:1768402800:D> **IntroDev TP** : DUCHENE ERIC -> <t:1768402800:t> - <t:1768410000:t> en __S27__

[2026-01-13T18:00:35.527Z] info: Message sent to channel 1395371772550975558: <t:1768381200:D> **IntroDev2 TD** : DUCHENE ERIC -> <t:1768381200:t> - <t:1768388400:t> en __S27__
<t:1768402800:D> **IntroDev TP** : DUCHENE ERIC -> <t:1768402800:t> - <t:1768410000:t> en __S27__

[2026-01-13T18:00:35.527Z] info: Sending message to channel 1395052296521646282: <t:1768374000:D> **19 R1.11 Com-TD** : BESSON MATHIEU -> <t:1768374000:t> - <t:1768381200:t> en __S21__
<t:1768381200:D> **SAE Autonomie G1** : G1S1A -> <t:1768381200:t> - <t:1768388400:t> en __S03__
<t:1768395600:D> **R1.01 initation dev TD P15** : BUYLE-BODIN NICOLAS -> <t:1768395600:t> - <t:1768402800:t> en __S11__
<t:1768402800:D> **R1.10 Anglais-TPA P2** : CANQUE FLORENCE -> <t:1768402800:t> - <t:1768410000:t> en __026-Langues__

[2026-01-13T18:00:35.528Z] info: Message sent to channel 1395052296521646282: <t:1768374000:D> **19 R1.11 Com-TD** : BESSON MATHIEU -> <t:1768374000:t> - <t:1768381200:t> en __S21__
<t:1768381200:D> **SAE Autonomie G1** : G1S1A -> <t:1768381200:t> - <t:1768388400:t> en __S03__
<t:1768395600:D> **R1.01 initation dev TD P15** : BUYLE-BODIN NICOLAS -> <t:1768395600:t> - <t:1768402800:t> en __S11__
<t:1768402800:D> **R1.10 Anglais-TPA P2** : CANQUE FLORENCE -> <t:1768402800:t> - <t:1768410000:t> en __026-Langues__

[2026-01-13T18:00:35.528Z] info: Sending message to channel 1395052332969885726: <t:1768374000:D> **19 R1.11 Com-TD** : BESSON MATHIEU -> <t:1768374000:t> - <t:1768381200:t> en __S21__
<t:1768381200:D> **SAE Autonomie G1** : G1S1A -> <t:1768381200:t> - <t:1768388400:t> en __S03__
<t:1768395600:D> **R1.01 initation dev TD P15** : BUYLE-BODIN NICOLAS -> <t:1768395600:t> - <t:1768402800:t> en __S11__

[2026-01-13T18:00:35.528Z] info: Message sent to channel 1395052332969885726: <t:1768374000:D> **19 R1.11 Com-TD** : BESSON MATHIEU -> <t:1768374000:t> - <t:1768381200:t> en __S21__
<t:1768381200:D> **SAE Autonomie G1** : G1S1A -> <t:1768381200:t> - <t:1768388400:t> en __S03__
<t:1768395600:D> **R1.01 initation dev TD P15** : BUYLE-BODIN NICOLAS -> <t:1768395600:t> - <t:1768402800:t> en __S11__

[2026-01-13T18:00:35.529Z] info: Sending message to channel 1395052379866660874: <t:1768374000:D> **SAE Autonomie G2** : G2S1A -> <t:1768374000:t> - <t:1768381200:t> en __S17__
<t:1768381200:D> **R1.01 initation dev TD P15** : DAUTRAIX ISABELLE -> <t:1768381200:t> - <t:1768388400:t> en __S17__
<t:1768395600:D> **11 R1.08 Gestion Proj. Orga-TD** : BOUHADDOUDA ANISSA -> <t:1768395600:t> - <t:1768402800:t> en __S12__
<t:1768402800:D> **R1.08 Gestion Proj. Orga-TD** : BOUHADDOUDA ANISSA -> <t:1768402800:t> - <t:1768410000:t> en __040__

[2026-01-13T18:00:35.529Z] info: Message sent to channel 1395052379866660874: <t:1768374000:D> **SAE Autonomie G2** : G2S1A -> <t:1768374000:t> - <t:1768381200:t> en __S17__
<t:1768381200:D> **R1.01 initation dev TD P15** : DAUTRAIX ISABELLE -> <t:1768381200:t> - <t:1768388400:t> en __S17__
<t:1768395600:D> **11 R1.08 Gestion Proj. Orga-TD** : BOUHADDOUDA ANISSA -> <t:1768395600:t> - <t:1768402800:t> en __S12__
<t:1768402800:D> **R1.08 Gestion Proj. Orga-TD** : BOUHADDOUDA ANISSA -> <t:1768402800:t> - <t:1768410000:t> en __040__

[2026-01-13T18:00:35.531Z] info: Sending message to channel 1395052392092930048: <t:1768374000:D> **SAE Autonomie G2** : G2S1A -> <t:1768374000:t> - <t:1768381200:t> en __S17__
<t:1768381200:D> **R1.01 initation dev TD P15** : DAUTRAIX ISABELLE -> <t:1768381200:t> - <t:1768388400:t> en __S17__
<t:1768395600:D> **11 R1.08 Gestion Proj. Orga-TD** : BOUHADDOUDA ANISSA -> <t:1768395600:t> - <t:1768402800:t> en __S12__
<t:1768402800:D> **R1.08 Gestion Proj. Orga-TD** : BOUHADDOUDA ANISSA -> <t:1768402800:t> - <t:1768410000:t> en __040__

[2026-01-13T18:00:35.531Z] info: Message sent to channel 1395052392092930048: <t:1768374000:D> **SAE Autonomie G2** : G2S1A -> <t:1768374000:t> - <t:1768381200:t> en __S17__
<t:1768381200:D> **R1.01 initation dev TD P15** : DAUTRAIX ISABELLE -> <t:1768381200:t> - <t:1768388400:t> en __S17__
<t:1768395600:D> **11 R1.08 Gestion Proj. Orga-TD** : BOUHADDOUDA ANISSA -> <t:1768395600:t> - <t:1768402800:t> en __S12__
<t:1768402800:D> **R1.08 Gestion Proj. Orga-TD** : BOUHADDOUDA ANISSA -> <t:1768402800:t> - <t:1768410000:t> en __040__

[2026-01-13T18:00:35.532Z] info: Sending message to channel 1395056179914473612: <t:1768381200:D> **R1.01 Initiation dev-TPA** : VIDAL VINCENT -> <t:1768381200:t> - <t:1768388400:t> en __S24__
<t:1768395600:D> **R1.01 initation dev TD P15** : VIDAL VINCENT -> <t:1768395600:t> - <t:1768402800:t> en __040__
<t:1768402800:D> **R1.08 Gestion Proj. Orga-TD** : LAGACHE ALEXANDRA -> <t:1768402800:t> - <t:1768410000:t> en __S11__

[2026-01-13T18:00:35.532Z] info: Message sent to channel 1395056179914473612: <t:1768381200:D> **R1.01 Initiation dev-TPA** : VIDAL VINCENT -> <t:1768381200:t> - <t:1768388400:t> en __S24__
<t:1768395600:D> **R1.01 initation dev TD P15** : VIDAL VINCENT -> <t:1768395600:t> - <t:1768402800:t> en __040__
<t:1768402800:D> **R1.08 Gestion Proj. Orga-TD** : LAGACHE ALEXANDRA -> <t:1768402800:t> - <t:1768410000:t> en __S11__

[2026-01-13T18:00:35.532Z] info: Sending message to channel 1395052422401101905: <t:1768374000:D> **R1.01 Initiation dev-TPB** : VIDAL VINCENT -> <t:1768374000:t> - <t:1768381200:t> en __S03__
<t:1768395600:D> **R1.01 initation dev TD P15** : VIDAL VINCENT -> <t:1768395600:t> - <t:1768402800:t> en __040__
<t:1768402800:D> **R1.08 Gestion Proj. Orga-TD** : LAGACHE ALEXANDRA -> <t:1768402800:t> - <t:1768410000:t> en __S11__

[2026-01-13T18:00:35.533Z] info: Message sent to channel 1395052422401101905: <t:1768374000:D> **R1.01 Initiation dev-TPB** : VIDAL VINCENT -> <t:1768374000:t> - <t:1768381200:t> en __S03__
<t:1768395600:D> **R1.01 initation dev TD P15** : VIDAL VINCENT -> <t:1768395600:t> - <t:1768402800:t> en __040__
<t:1768402800:D> **R1.08 Gestion Proj. Orga-TD** : LAGACHE ALEXANDRA -> <t:1768402800:t> - <t:1768410000:t> en __S11__

[2026-01-13T18:00:35.533Z] info: Sending message to channel 1395052443192266916: <t:1768374000:D> **SAE Autonomie G4** : G4S1B -> <t:1768374000:t> - <t:1768381200:t> en __S24__
<t:1768381200:D> **11 R1.08 Gestion Proj. Orga-TD** : MAGNIN FLORENCE -> <t:1768381200:t> - <t:1768388400:t> en __040__
<t:1768395600:D> **R1.08 Gestion Proj. Orga-TD** : MAGNIN FLORENCE -> <t:1768395600:t> - <t:1768402800:t> en __S10__
<t:1768402800:D> **19 R1.11 Com-TD** : DEBOUTE JOCELYNE -> <t:1768402800:t> - <t:1768410000:t> en __S12__

[2026-01-13T18:00:35.534Z] info: Message sent to channel 1395052443192266916: <t:1768374000:D> **SAE Autonomie G4** : G4S1B -> <t:1768374000:t> - <t:1768381200:t> en __S24__
<t:1768381200:D> **11 R1.08 Gestion Proj. Orga-TD** : MAGNIN FLORENCE -> <t:1768381200:t> - <t:1768388400:t> en __040__
<t:1768395600:D> **R1.08 Gestion Proj. Orga-TD** : MAGNIN FLORENCE -> <t:1768395600:t> - <t:1768402800:t> en __S10__
<t:1768402800:D> **19 R1.11 Com-TD** : DEBOUTE JOCELYNE -> <t:1768402800:t> - <t:1768410000:t> en __S12__

[2026-01-13T18:00:35.534Z] info: Sending message to channel 1395052467070177290: <t:1768374000:D> **SAE Autonomie G4** : G4S1B -> <t:1768374000:t> - <t:1768381200:t> en __S24__
<t:1768381200:D> **11 R1.08 Gestion Proj. Orga-TD** : MAGNIN FLORENCE -> <t:1768381200:t> - <t:1768388400:t> en __040__
<t:1768395600:D> **R1.08 Gestion Proj. Orga-TD** : MAGNIN FLORENCE -> <t:1768395600:t> - <t:1768402800:t> en __S10__
<t:1768402800:D> **19 R1.11 Com-TD** : DEBOUTE JOCELYNE -> <t:1768402800:t> - <t:1768410000:t> en __S12__

[2026-01-13T18:00:35.534Z] info: Message sent to channel 1395052467070177290: <t:1768374000:D> **SAE Autonomie G4** : G4S1B -> <t:1768374000:t> - <t:1768381200:t> en __S24__
<t:1768381200:D> **11 R1.08 Gestion Proj. Orga-TD** : MAGNIN FLORENCE -> <t:1768381200:t> - <t:1768388400:t> en __040__
<t:1768395600:D> **R1.08 Gestion Proj. Orga-TD** : MAGNIN FLORENCE -> <t:1768395600:t> - <t:1768402800:t> en __S10__
<t:1768402800:D> **19 R1.11 Com-TD** : DEBOUTE JOCELYNE -> <t:1768402800:t> - <t:1768410000:t> en __S12__

[2026-01-13T18:00:35.535Z] info: Sending message to channel 1395052827985842288: <t:1768374000:D> **R1.12 PPP-TD P2** : OLIVESI AURELIE -> <t:1768374000:t> - <t:1768381200:t> en __S15__
<t:1768381200:D> **19 R1.11 Com-TD** : BESSON MATHIEU -> <t:1768381200:t> - <t:1768388400:t> en __S15__
<t:1768395600:D> **11 R1.08 Gestion Proj. Orga-TD** : LAGACHE ALEXANDRA -> <t:1768395600:t> - <t:1768402800:t> en __S15__
<t:1768402800:D> **R1.05-2 SQL-PE** : BUYLE-BODIN NICOLAS -> <t:1768402800:t> - <t:1768410000:t> en __S14__

[2026-01-13T18:00:35.535Z] info: Message sent to channel 1395052827985842288: <t:1768374000:D> **R1.12 PPP-TD P2** : OLIVESI AURELIE -> <t:1768374000:t> - <t:1768381200:t> en __S15__
<t:1768381200:D> **19 R1.11 Com-TD** : BESSON MATHIEU -> <t:1768381200:t> - <t:1768388400:t> en __S15__
<t:1768395600:D> **11 R1.08 Gestion Proj. Orga-TD** : LAGACHE ALEXANDRA -> <t:1768395600:t> - <t:1768402800:t> en __S15__
<t:1768402800:D> **R1.05-2 SQL-PE** : BUYLE-BODIN NICOLAS -> <t:1768402800:t> - <t:1768410000:t> en __S14__

[2026-01-13T18:00:35.535Z] info: Sending message to channel 1395052882486890707: <t:1768374000:D> **R1.12 PPP-TD P2** : OLIVESI AURELIE -> <t:1768374000:t> - <t:1768381200:t> en __S15__
<t:1768381200:D> **19 R1.11 Com-TD** : BESSON MATHIEU -> <t:1768381200:t> - <t:1768388400:t> en __S15__
<t:1768395600:D> **11 R1.08 Gestion Proj. Orga-TD** : LAGACHE ALEXANDRA -> <t:1768395600:t> - <t:1768402800:t> en __S15__
<t:1768402800:D> **R1.05-2 SQL-PE** : BUYLE-BODIN NICOLAS -> <t:1768402800:t> - <t:1768410000:t> en __S14__

[2026-01-13T18:00:35.536Z] info: Message sent to channel 1395052882486890707: <t:1768374000:D> **R1.12 PPP-TD P2** : OLIVESI AURELIE -> <t:1768374000:t> - <t:1768381200:t> en __S15__
<t:1768381200:D> **19 R1.11 Com-TD** : BESSON MATHIEU -> <t:1768381200:t> - <t:1768388400:t> en __S15__
<t:1768395600:D> **11 R1.08 Gestion Proj. Orga-TD** : LAGACHE ALEXANDRA -> <t:1768395600:t> - <t:1768402800:t> en __S15__
<t:1768402800:D> **R1.05-2 SQL-PE** : BUYLE-BODIN NICOLAS -> <t:1768402800:t> - <t:1768410000:t> en __S14__

[2026-01-13T18:00:35.536Z] info: Sending message to channel 1395371275643256924: <t:1768374000:D> **11 R3.11  Droit des contrats et du numérique-TD** : DUFOUR KARLINE -> <t:1768374000:t> - <t:1768381200:t> en __040__
<t:1768381200:D> **R3.13 communication professionnelle-TPA** : DEBOUTE JOCELYNE -> <t:1768381200:t> - <t:1768388400:t> en __S21__
<t:1768395600:D> **11 R3.02 Dév. Efficace (algo)-TD** : KHEDDOUCI HAMAMACHE -> <t:1768395600:t> - <t:1768402800:t> en __S03__
<t:1768402800:D> **R3.06 Archi. Réseaux-DS** : MERRHEIM XAVIER -> <t:1768402800:t> - <t:1768410000:t> en __H20,S25,H21__

[2026-01-13T18:00:35.536Z] info: Message sent to channel 1395371275643256924: <t:1768374000:D> **11 R3.11  Droit des contrats et du numérique-TD** : DUFOUR KARLINE -> <t:1768374000:t> - <t:1768381200:t> en __040__
<t:1768381200:D> **R3.13 communication professionnelle-TPA** : DEBOUTE JOCELYNE -> <t:1768381200:t> - <t:1768388400:t> en __S21__
<t:1768395600:D> **11 R3.02 Dév. Efficace (algo)-TD** : KHEDDOUCI HAMAMACHE -> <t:1768395600:t> - <t:1768402800:t> en __S03__
<t:1768402800:D> **R3.06 Archi. Réseaux-DS** : MERRHEIM XAVIER -> <t:1768402800:t> - <t:1768410000:t> en __H20,S25,H21__

[2026-01-13T18:00:35.537Z] info: Sending message to channel 1395371292533723147: <t:1768374000:D> **11 R3.11  Droit des contrats et du numérique-TD** : DUFOUR KARLINE -> <t:1768374000:t> - <t:1768381200:t> en __040__
<t:1768381200:D> **R3.05 Programmation système-TPB** : BUONOMO CAMILLE -> <t:1768381200:t> - <t:1768388400:t> en __S16__
<t:1768395600:D> **11 R3.02 Dév. Efficace (algo)-TD** : KHEDDOUCI HAMAMACHE -> <t:1768395600:t> - <t:1768402800:t> en __S03__
<t:1768402800:D> **R3.06 Archi. Réseaux-DS** : MERRHEIM XAVIER -> <t:1768402800:t> - <t:1768410000:t> en __H20,S25,H21__

[2026-01-13T18:00:35.537Z] info: Message sent to channel 1395371292533723147: <t:1768374000:D> **11 R3.11  Droit des contrats et du numérique-TD** : DUFOUR KARLINE -> <t:1768374000:t> - <t:1768381200:t> en __040__
<t:1768381200:D> **R3.05 Programmation système-TPB** : BUONOMO CAMILLE -> <t:1768381200:t> - <t:1768388400:t> en __S16__
<t:1768395600:D> **11 R3.02 Dév. Efficace (algo)-TD** : KHEDDOUCI HAMAMACHE -> <t:1768395600:t> - <t:1768402800:t> en __S03__
<t:1768402800:D> **R3.06 Archi. Réseaux-DS** : MERRHEIM XAVIER -> <t:1768402800:t> - <t:1768410000:t> en __H20,S25,H21__

[2026-01-13T18:00:35.538Z] info: Sending message to channel 1395371451573600287: <t:1768374000:D> **21 R3.02 Dév. Efficace (algo)-TD** : KHEDDOUCI HAMAMACHE -> <t:1768374000:t> - <t:1768381200:t> en __S16__
<t:1768381200:D> **11 R3.02 Dév. Efficace (algo)-TD** : BEN HADID AMIRA -> <t:1768381200:t> - <t:1768388400:t> en __S14__
<t:1768402800:D> **R3.06 Archi. Réseaux-DS** : MERRHEIM XAVIER -> <t:1768402800:t> - <t:1768410000:t> en __H20,S25,H21__

[2026-01-13T18:00:35.538Z] info: Message sent to channel 1395371451573600287: <t:1768374000:D> **21 R3.02 Dév. Efficace (algo)-TD** : KHEDDOUCI HAMAMACHE -> <t:1768374000:t> - <t:1768381200:t> en __S16__
<t:1768381200:D> **11 R3.02 Dév. Efficace (algo)-TD** : BEN HADID AMIRA -> <t:1768381200:t> - <t:1768388400:t> en __S14__
<t:1768402800:D> **R3.06 Archi. Réseaux-DS** : MERRHEIM XAVIER -> <t:1768402800:t> - <t:1768410000:t> en __H20,S25,H21__

[2026-01-13T18:00:35.540Z] info: Sending message to channel 1395371471345553540: <t:1768374000:D> **21 R3.02 Dév. Efficace (algo)-TD** : KHEDDOUCI HAMAMACHE -> <t:1768374000:t> - <t:1768381200:t> en __S16__
<t:1768381200:D> **11 R3.02 Dév. Efficace (algo)-TD** : BEN HADID AMIRA -> <t:1768381200:t> - <t:1768388400:t> en __S14__
<t:1768395600:D> **R3.13 communication professionnelle-TPB** : DEBOUTE JOCELYNE -> <t:1768395600:t> - <t:1768402800:t> en __S21__
<t:1768402800:D> **R3.06 Archi. Réseaux-DS** : MERRHEIM XAVIER -> <t:1768402800:t> - <t:1768410000:t> en __H20,S25,H21__

[2026-01-13T18:00:35.540Z] info: Message sent to channel 1395371471345553540: <t:1768374000:D> **21 R3.02 Dév. Efficace (algo)-TD** : KHEDDOUCI HAMAMACHE -> <t:1768374000:t> - <t:1768381200:t> en __S16__
<t:1768381200:D> **11 R3.02 Dév. Efficace (algo)-TD** : BEN HADID AMIRA -> <t:1768381200:t> - <t:1768388400:t> en __S14__
<t:1768395600:D> **R3.13 communication professionnelle-TPB** : DEBOUTE JOCELYNE -> <t:1768395600:t> - <t:1768402800:t> en __S21__
<t:1768402800:D> **R3.06 Archi. Réseaux-DS** : MERRHEIM XAVIER -> <t:1768402800:t> - <t:1768410000:t> en __H20,S25,H21__

[2026-01-13T18:00:35.541Z] info: Sending message to channel 1395371506099425310: <t:1768381200:D> **21 R3.11  Droit des contrats et du numérique-TD** : DUFOUR KARLINE -> <t:1768381200:t> - <t:1768388400:t> en __S10__
<t:1768395600:D> **21R3.04-1 Qualité de developpement-Conception-TD** : DUCHENE ERIC -> <t:1768395600:t> - <t:1768402800:t> en __S17__
<t:1768402800:D> **R3.06 Archi. Réseaux-DS** : MERRHEIM XAVIER -> <t:1768402800:t> - <t:1768410000:t> en __H20,S25,H21__

[2026-01-13T18:00:35.541Z] info: Message sent to channel 1395371506099425310: <t:1768381200:D> **21 R3.11  Droit des contrats et du numérique-TD** : DUFOUR KARLINE -> <t:1768381200:t> - <t:1768388400:t> en __S10__
<t:1768395600:D> **21R3.04-1 Qualité de developpement-Conception-TD** : DUCHENE ERIC -> <t:1768395600:t> - <t:1768402800:t> en __S17__
<t:1768402800:D> **R3.06 Archi. Réseaux-DS** : MERRHEIM XAVIER -> <t:1768402800:t> - <t:1768410000:t> en __H20,S25,H21__

[2026-01-13T18:00:35.541Z] info: Sending message to channel 1395371591797575750: <t:1768381200:D> **21 R3.11  Droit des contrats et du numérique-TD** : DUFOUR KARLINE -> <t:1768381200:t> - <t:1768388400:t> en __S10__
<t:1768395600:D> **21R3.04-1 Qualité de developpement-Conception-TD** : DUCHENE ERIC -> <t:1768395600:t> - <t:1768402800:t> en __S17__
<t:1768402800:D> **R3.06 Archi. Réseaux-DS** : MERRHEIM XAVIER -> <t:1768402800:t> - <t:1768410000:t> en __H20,S25,H21__

[2026-01-13T18:00:35.542Z] info: Message sent to channel 1395371591797575750: <t:1768381200:D> **21 R3.11  Droit des contrats et du numérique-TD** : DUFOUR KARLINE -> <t:1768381200:t> - <t:1768388400:t> en __S10__
<t:1768395600:D> **21R3.04-1 Qualité de developpement-Conception-TD** : DUCHENE ERIC -> <t:1768395600:t> - <t:1768402800:t> en __S17__
<t:1768402800:D> **R3.06 Archi. Réseaux-DS** : MERRHEIM XAVIER -> <t:1768402800:t> - <t:1768410000:t> en __H20,S25,H21__

[2026-01-13T18:00:35.542Z] info: Sending message to channel 1409494181839376455: <t:1768374000:D> **21R5.A.04 Qualité algo** : WATRIGANT REMI -> <t:1768374000:t> - <t:1768381200:t> en __S26__
<t:1768381200:D> **11R5.A.04 Qualité algo** : WATRIGANT REMI -> <t:1768381200:t> - <t:1768388400:t> en __S26__
<t:1768395600:D> **11R5.A.10 MongoDB avancé** : AIDEL OSMAN -> <t:1768395600:t> - <t:1768402800:t> en __S26__
<t:1768402800:D> **S5.A.01 SAE Dev avancé** : BUT3 RA1B -> <t:1768402800:t> - <t:1768410000:t> en __S26__

[2026-01-13T18:00:35.542Z] info: Message sent to channel 1409494181839376455: <t:1768374000:D> **21R5.A.04 Qualité algo** : WATRIGANT REMI -> <t:1768374000:t> - <t:1768381200:t> en __S26__
<t:1768381200:D> **11R5.A.04 Qualité algo** : WATRIGANT REMI -> <t:1768381200:t> - <t:1768388400:t> en __S26__
<t:1768395600:D> **11R5.A.10 MongoDB avancé** : AIDEL OSMAN -> <t:1768395600:t> - <t:1768402800:t> en __S26__
<t:1768402800:D> **S5.A.01 SAE Dev avancé** : BUT3 RA1B -> <t:1768402800:t> - <t:1768410000:t> en __S26__

[2026-01-13T18:00:35.543Z] info: Sending message to channel 1409494206942286006: <t:1768374000:D> **21R5.A.04 Qualité algo** : WATRIGANT REMI -> <t:1768374000:t> - <t:1768381200:t> en __S26__
<t:1768381200:D> **11R5.A.04 Qualité algo** : WATRIGANT REMI -> <t:1768381200:t> - <t:1768388400:t> en __S26__
<t:1768395600:D> **11R5.A.10 MongoDB avancé** : AIDEL OSMAN -> <t:1768395600:t> - <t:1768402800:t> en __S26__
<t:1768402800:D> **S5.A.01 SAE Dev avancé** : BUT3 RA1B -> <t:1768402800:t> - <t:1768410000:t> en __S26__

[2026-01-13T18:00:35.543Z] info: Message sent to channel 1409494206942286006: <t:1768374000:D> **21R5.A.04 Qualité algo** : WATRIGANT REMI -> <t:1768374000:t> - <t:1768381200:t> en __S26__
<t:1768381200:D> **11R5.A.04 Qualité algo** : WATRIGANT REMI -> <t:1768381200:t> - <t:1768388400:t> en __S26__
<t:1768395600:D> **11R5.A.10 MongoDB avancé** : AIDEL OSMAN -> <t:1768395600:t> - <t:1768402800:t> en __S26__
<t:1768402800:D> **S5.A.01 SAE Dev avancé** : BUT3 RA1B -> <t:1768402800:t> - <t:1768410000:t> en __S26__

[2026-01-13T18:00:35.544Z] info: Sending message to channel 1409495503292338257: <t:1768374000:D> **11R5.A.07 Automatisation TPA** : BUSSON ANTHONY -> <t:1768374000:t> - <t:1768381200:t> en __S13__
<t:1768381200:D> **21R5.A.10 Neo4J** : KHEDDOUCI HAMAMACHE -> <t:1768381200:t> - <t:1768388400:t> en __S13__
<t:1768395600:D> **21R5.A.14 Anglais TD** : CANQUE FLORENCE -> <t:1768395600:t> - <t:1768402800:t> en __028__
<t:1768402800:D> **11R5.A.10 MongoDB avancé** : AIDEL OSMAN -> <t:1768402800:t> - <t:1768410000:t> en __S13__

[2026-01-13T18:00:35.544Z] info: Message sent to channel 1409495503292338257: <t:1768374000:D> **11R5.A.07 Automatisation TPA** : BUSSON ANTHONY -> <t:1768374000:t> - <t:1768381200:t> en __S13__
<t:1768381200:D> **21R5.A.10 Neo4J** : KHEDDOUCI HAMAMACHE -> <t:1768381200:t> - <t:1768388400:t> en __S13__
<t:1768395600:D> **21R5.A.14 Anglais TD** : CANQUE FLORENCE -> <t:1768395600:t> - <t:1768402800:t> en __028__
<t:1768402800:D> **11R5.A.10 MongoDB avancé** : AIDEL OSMAN -> <t:1768402800:t> - <t:1768410000:t> en __S13__

[2026-01-13T18:00:35.545Z] info: Sending message to channel 1409495513891344426: <t:1768381200:D> **21R5.A.10 Neo4J** : KHEDDOUCI HAMAMACHE -> <t:1768381200:t> - <t:1768388400:t> en __S13__
<t:1768395600:D> **21R5.A.14 Anglais TD** : CANQUE FLORENCE -> <t:1768395600:t> - <t:1768402800:t> en __028__
<t:1768402800:D> **11R5.A.10 MongoDB avancé** : AIDEL OSMAN -> <t:1768402800:t> - <t:1768410000:t> en __S13__

[2026-01-13T18:00:35.545Z] info: Message sent to channel 1409495513891344426: <t:1768381200:D> **21R5.A.10 Neo4J** : KHEDDOUCI HAMAMACHE -> <t:1768381200:t> - <t:1768388400:t> en __S13__
<t:1768395600:D> **21R5.A.14 Anglais TD** : CANQUE FLORENCE -> <t:1768395600:t> - <t:1768402800:t> en __028__
<t:1768402800:D> **11R5.A.10 MongoDB avancé** : AIDEL OSMAN -> <t:1768402800:t> - <t:1768410000:t> en __S13__

[2026-01-13T18:00:35.545Z] info: Sending message to channel 1409495882436706366: <t:1768381200:D> **11 S5.B.01 Saé cybersécurité** : BALDE THIERNO -> <t:1768381200:t> - <t:1768388400:t> en __S01__
<t:1768393800:D> **11 R5.B.09 Cybercecurite TD** : BALDE THIERNO -> <t:1768393800:t> - <t:1768401000:t> en __S01__
<t:1768401000:D> **21 R5.B.09 Cybercecurite TD** : BALDE THIERNO -> <t:1768401000:t> - <t:1768408200:t> en __S01__

[2026-01-13T18:00:35.546Z] info: Message sent to channel 1409495882436706366: <t:1768381200:D> **11 S5.B.01 Saé cybersécurité** : BALDE THIERNO -> <t:1768381200:t> - <t:1768388400:t> en __S01__
<t:1768393800:D> **11 R5.B.09 Cybercecurite TD** : BALDE THIERNO -> <t:1768393800:t> - <t:1768401000:t> en __S01__
<t:1768401000:D> **21 R5.B.09 Cybercecurite TD** : BALDE THIERNO -> <t:1768401000:t> - <t:1768408200:t> en __S01__

[2026-01-13T18:00:35.546Z] info: Sending message to channel 1409496113396060181: <t:1768374000:D> **11R5.C.06 ETL** : CELLIER OLIVIER -> <t:1768374000:t> - <t:1768381200:t> en __S22__
<t:1768381200:D> **21R5.C.06 ETL** : CELLIER OLIVIER -> <t:1768381200:t> - <t:1768388400:t> en __S22__
<t:1768395600:D> **R6.C.05 Admin BD P1** : BARON ARIANE -> <t:1768395600:t> - <t:1768402800:t> en __S22__
<t:1768402800:D> **SAE autonomie** : BUT3 AGED -> <t:1768402800:t> - <t:1768410000:t> en __S22__

[2026-01-13T18:00:35.546Z] info: Message sent to channel 1409496113396060181: <t:1768374000:D> **11R5.C.06 ETL** : CELLIER OLIVIER -> <t:1768374000:t> - <t:1768381200:t> en __S22__
<t:1768381200:D> **21R5.C.06 ETL** : CELLIER OLIVIER -> <t:1768381200:t> - <t:1768388400:t> en __S22__
<t:1768395600:D> **R6.C.05 Admin BD P1** : BARON ARIANE -> <t:1768395600:t> - <t:1768402800:t> en __S22__
<t:1768402800:D> **SAE autonomie** : BUT3 AGED -> <t:1768402800:t> - <t:1768410000:t> en __S22__

[2026-01-13T18:00:35.547Z] info: Daily timetables sent
[2026-01-13T23:41:12.486Z] info: Received command: group from user: 340168359716978691
[2026-01-13T23:41:12.486Z] info: Received group command: group=g1, semester=, composedGroup=noGroup
[2026-01-13T23:41:57.836Z] info: Received command: group from user: 340168359716978691
[2026-01-13T23:41:57.837Z] info: Received group command: group=g1, semester=s3, composedGroup=g1s3a
[2026-01-14T18:00:00.219Z] info: Downloading ICS files for tomorrow for groups: aspea, aspeb, g1s1a, g1s1b, g2s1a, g2s1b, g3s1a, g3s1b, g4s1a, g4s1b, g5s1a, g5s1b, g1s3a, g1s3b, g2s3a, g2s3b, g3a2, g4s3a, g4s3b, but3ra1a, but3ra1b, but3ra2a, but3ra2b, but3ra3a, but3ra3b, but3dacs, but3aged
[2026-01-14T18:00:00.219Z] info: Downloading ICS file from https://edt.univ-lyon1.fr/jsp/custom/modules/plannings/anonymous_cal.jsp?resources=9272&projectId=1&calType=ical&firstDate=2026-01-15&lastDate=2026-01-15 to src/calendars/tomorrow/aspea.ics
[2026-01-14T18:00:00.453Z] info: ICS file downloaded successfully to src/calendars/tomorrow/aspea.ics
[2026-01-14T18:00:00.453Z] info: ICS file for aspea downloaded successfully.
[2026-01-14T18:00:00.453Z] info: Downloading ICS file from https://edt.univ-lyon1.fr/jsp/custom/modules/plannings/anonymous_cal.jsp?resources=18783&projectId=1&calType=ical&firstDate=2026-01-15&lastDate=2026-01-15 to src/calendars/tomorrow/aspeb.ics
[2026-01-14T18:00:00.547Z] info: ICS file downloaded successfully to src/calendars/tomorrow/aspeb.ics
[2026-01-14T18:00:00.547Z] info: ICS file for aspeb downloaded successfully.
[2026-01-14T18:00:00.548Z] info: Downloading ICS file from https://edt.univ-lyon1.fr/jsp/custom/modules/plannings/anonymous_cal.jsp?resources=12096&projectId=1&calType=ical&firstDate=2026-01-15&lastDate=2026-01-15 to src/calendars/tomorrow/g1s1a.ics
[2026-01-14T18:00:00.695Z] info: ICS file downloaded successfully to src/calendars/tomorrow/g1s1a.ics
[2026-01-14T18:00:00.695Z] info: ICS file for g1s1a downloaded successfully.
[2026-01-14T18:00:00.696Z] info: Downloading ICS file from https://edt.univ-lyon1.fr/jsp/custom/modules/plannings/anonymous_cal.jsp?resources=12102&projectId=1&calType=ical&firstDate=2026-01-15&lastDate=2026-01-15 to src/calendars/tomorrow/g1s1b.ics
[2026-01-14T18:00:00.772Z] info: ICS file downloaded successfully to src/calendars/tomorrow/g1s1b.ics
[2026-01-14T18:00:00.772Z] info: ICS file for g1s1b downloaded successfully.
[2026-01-14T18:00:00.772Z] info: Downloading ICS file from https://edt.univ-lyon1.fr/jsp/custom/modules/plannings/anonymous_cal.jsp?resources=12403&projectId=1&calType=ical&firstDate=2026-01-15&lastDate=2026-01-15 to src/calendars/tomorrow/g2s1a.ics
[2026-01-14T18:00:00.930Z] info: ICS file downloaded successfully to src/calendars/tomorrow/g2s1a.ics
[2026-01-14T18:00:00.930Z] info: ICS file for g2s1a downloaded successfully.
[2026-01-14T18:00:00.930Z] info: Downloading ICS file from https://edt.univ-lyon1.fr/jsp/custom/modules/plannings/anonymous_cal.jsp?resources=12406&projectId=1&calType=ical&firstDate=2026-01-15&lastDate=2026-01-15 to src/calendars/tomorrow/g2s1b.ics
[2026-01-14T18:00:01.070Z] info: ICS file downloaded successfully to src/calendars/tomorrow/g2s1b.ics
[2026-01-14T18:00:01.071Z] info: ICS file for g2s1b downloaded successfully.
[2026-01-14T18:00:01.071Z] info: Downloading ICS file from https://edt.univ-lyon1.fr/jsp/custom/modules/plannings/anonymous_cal.jsp?resources=12419&projectId=1&calType=ical&firstDate=2026-01-15&lastDate=2026-01-15 to src/calendars/tomorrow/g3s1a.ics
[2026-01-14T18:00:01.171Z] info: ICS file downloaded successfully to src/calendars/tomorrow/g3s1a.ics
[2026-01-14T18:00:01.172Z] info: ICS file for g3s1a downloaded successfully.
[2026-01-14T18:00:01.172Z] info: Downloading ICS file from https://edt.univ-lyon1.fr/jsp/custom/modules/plannings/anonymous_cal.jsp?resources=12425&projectId=1&calType=ical&firstDate=2026-01-15&lastDate=2026-01-15 to src/calendars/tomorrow/g3s1b.ics
[2026-01-14T18:00:01.248Z] info: ICS file downloaded successfully to src/calendars/tomorrow/g3s1b.ics
[2026-01-14T18:00:01.248Z] info: ICS file for g3s1b downloaded successfully.
[2026-01-14T18:00:01.248Z] info: Downloading ICS file from https://edt.univ-lyon1.fr/jsp/custom/modules/plannings/anonymous_cal.jsp?resources=12424&projectId=1&calType=ical&firstDate=2026-01-15&lastDate=2026-01-15 to src/calendars/tomorrow/g4s1a.ics
[2026-01-14T18:00:01.345Z] info: ICS file downloaded successfully to src/calendars/tomorrow/g4s1a.ics
[2026-01-14T18:00:01.346Z] info: ICS file for g4s1a downloaded successfully.
[2026-01-14T18:00:01.346Z] info: Downloading ICS file from https://edt.univ-lyon1.fr/jsp/custom/modules/plannings/anonymous_cal.jsp?resources=12444&projectId=1&calType=ical&firstDate=2026-01-15&lastDate=2026-01-15 to src/calendars/tomorrow/g4s1b.ics
[2026-01-14T18:00:01.476Z] info: ICS file downloaded successfully to src/calendars/tomorrow/g4s1b.ics
[2026-01-14T18:00:01.476Z] info: ICS file for g4s1b downloaded successfully.
[2026-01-14T18:00:01.477Z] info: Downloading ICS file from https://edt.univ-lyon1.fr/jsp/custom/modules/plannings/anonymous_cal.jsp?resources=12460&projectId=1&calType=ical&firstDate=2026-01-15&lastDate=2026-01-15 to src/calendars/tomorrow/g5s1a.ics
[2026-01-14T18:00:01.551Z] info: ICS file downloaded successfully to src/calendars/tomorrow/g5s1a.ics
[2026-01-14T18:00:01.551Z] info: ICS file for g5s1a downloaded successfully.
[2026-01-14T18:00:01.552Z] info: Downloading ICS file from https://edt.univ-lyon1.fr/jsp/custom/modules/plannings/anonymous_cal.jsp?resources=12461&projectId=1&calType=ical&firstDate=2026-01-15&lastDate=2026-01-15 to src/calendars/tomorrow/g5s1b.ics
[2026-01-14T18:00:01.672Z] info: ICS file downloaded successfully to src/calendars/tomorrow/g5s1b.ics
[2026-01-14T18:00:01.672Z] info: ICS file for g5s1b downloaded successfully.
[2026-01-14T18:00:01.673Z] info: Downloading ICS file from https://edt.univ-lyon1.fr/jsp/custom/modules/plannings/anonymous_cal.jsp?resources=35708&projectId=1&calType=ical&firstDate=2026-01-15&lastDate=2026-01-15 to src/calendars/tomorrow/g1s3a.ics
[2026-01-14T18:00:01.811Z] info: ICS file downloaded successfully to src/calendars/tomorrow/g1s3a.ics
[2026-01-14T18:00:01.812Z] info: ICS file for g1s3a downloaded successfully.
[2026-01-14T18:00:01.812Z] info: Downloading ICS file from https://edt.univ-lyon1.fr/jsp/custom/modules/plannings/anonymous_cal.jsp?resources=35709&projectId=1&calType=ical&firstDate=2026-01-15&lastDate=2026-01-15 to src/calendars/tomorrow/g1s3b.ics
[2026-01-14T18:00:01.870Z] info: ICS file downloaded successfully to src/calendars/tomorrow/g1s3b.ics
[2026-01-14T18:00:01.871Z] info: ICS file for g1s3b downloaded successfully.
[2026-01-14T18:00:01.871Z] info: Downloading ICS file from https://edt.univ-lyon1.fr/jsp/custom/modules/plannings/anonymous_cal.jsp?resources=35710&projectId=1&calType=ical&firstDate=2026-01-15&lastDate=2026-01-15 to src/calendars/tomorrow/g2s3a.ics
[2026-01-14T18:00:02.004Z] info: ICS file downloaded successfully to src/calendars/tomorrow/g2s3a.ics
[2026-01-14T18:00:02.004Z] info: ICS file for g2s3a downloaded successfully.
[2026-01-14T18:00:02.005Z] info: Downloading ICS file from https://edt.univ-lyon1.fr/jsp/custom/modules/plannings/anonymous_cal.jsp?resources=35713&projectId=1&calType=ical&firstDate=2026-01-15&lastDate=2026-01-15 to src/calendars/tomorrow/g2s3b.ics
[2026-01-14T18:00:02.091Z] info: ICS file downloaded successfully to src/calendars/tomorrow/g2s3b.ics
[2026-01-14T18:00:02.091Z] info: ICS file for g2s3b downloaded successfully.
[2026-01-14T18:00:02.092Z] info: Downloading ICS file from https://edt.univ-lyon1.fr/jsp/custom/modules/plannings/anonymous_cal.jsp?resources=35714&projectId=1&calType=ical&firstDate=2026-01-15&lastDate=2026-01-15 to src/calendars/tomorrow/g3a2.ics
[2026-01-14T18:00:02.215Z] info: ICS file downloaded successfully to src/calendars/tomorrow/g3a2.ics
[2026-01-14T18:00:02.215Z] info: ICS file for g3a2 downloaded successfully.
[2026-01-14T18:00:02.215Z] info: Downloading ICS file from https://edt.univ-lyon1.fr/jsp/custom/modules/plannings/anonymous_cal.jsp?resources=35717&projectId=1&calType=ical&firstDate=2026-01-15&lastDate=2026-01-15 to src/calendars/tomorrow/g4s3a.ics
[2026-01-14T18:00:02.346Z] info: ICS file downloaded successfully to src/calendars/tomorrow/g4s3a.ics
[2026-01-14T18:00:02.346Z] info: ICS file for g4s3a downloaded successfully.
[2026-01-14T18:00:02.346Z] info: Downloading ICS file from https://edt.univ-lyon1.fr/jsp/custom/modules/plannings/anonymous_cal.jsp?resources=35718&projectId=1&calType=ical&firstDate=2026-01-15&lastDate=2026-01-15 to src/calendars/tomorrow/g4s3b.ics
[2026-01-14T18:00:02.459Z] info: ICS file downloaded successfully to src/calendars/tomorrow/g4s3b.ics
[2026-01-14T18:00:02.459Z] info: ICS file for g4s3b downloaded successfully.
[2026-01-14T18:00:02.459Z] info: Downloading ICS file from https://edt.univ-lyon1.fr/jsp/custom/modules/plannings/anonymous_cal.jsp?resources=6161&projectId=1&calType=ical&firstDate=2026-01-15&lastDate=2026-01-15 to src/calendars/tomorrow/but3ra1a.ics
[2026-01-14T18:00:02.573Z] info: ICS file downloaded successfully to src/calendars/tomorrow/but3ra1a.ics
[2026-01-14T18:00:02.573Z] info: ICS file for but3ra1a downloaded successfully.
[2026-01-14T18:00:02.573Z] info: Downloading ICS file from https://edt.univ-lyon1.fr/jsp/custom/modules/plannings/anonymous_cal.jsp?resources=6163&projectId=1&calType=ical&firstDate=2026-01-15&lastDate=2026-01-15 to src/calendars/tomorrow/but3ra1b.ics
[2026-01-14T18:00:02.719Z] info: ICS file downloaded successfully to src/calendars/tomorrow/but3ra1b.ics
[2026-01-14T18:00:02.720Z] info: ICS file for but3ra1b downloaded successfully.
[2026-01-14T18:00:02.720Z] info: Downloading ICS file from https://edt.univ-lyon1.fr/jsp/custom/modules/plannings/anonymous_cal.jsp?resources=6165&projectId=1&calType=ical&firstDate=2026-01-15&lastDate=2026-01-15 to src/calendars/tomorrow/but3ra2a.ics
[2026-01-14T18:00:02.823Z] info: ICS file downloaded successfully to src/calendars/tomorrow/but3ra2a.ics
[2026-01-14T18:00:02.824Z] info: ICS file for but3ra2a downloaded successfully.
[2026-01-14T18:00:02.824Z] info: Downloading ICS file from https://edt.univ-lyon1.fr/jsp/custom/modules/plannings/anonymous_cal.jsp?resources=6168&projectId=1&calType=ical&firstDate=2026-01-15&lastDate=2026-01-15 to src/calendars/tomorrow/but3ra2b.ics
[2026-01-14T18:00:02.908Z] info: ICS file downloaded successfully to src/calendars/tomorrow/but3ra2b.ics
[2026-01-14T18:00:02.908Z] info: ICS file for but3ra2b downloaded successfully.
[2026-01-14T18:00:02.908Z] info: Downloading ICS file from https://edt.univ-lyon1.fr/jsp/custom/modules/plannings/anonymous_cal.jsp?resources=14059&projectId=1&calType=ical&firstDate=2026-01-15&lastDate=2026-01-15 to src/calendars/tomorrow/but3ra3a.ics
[2026-01-14T18:00:02.988Z] info: ICS file downloaded successfully to src/calendars/tomorrow/but3ra3a.ics
[2026-01-14T18:00:02.989Z] info: ICS file for but3ra3a downloaded successfully.
[2026-01-14T18:00:02.989Z] info: Downloading ICS file from https://edt.univ-lyon1.fr/jsp/custom/modules/plannings/anonymous_cal.jsp?resources=14064&projectId=1&calType=ical&firstDate=2026-01-15&lastDate=2026-01-15 to src/calendars/tomorrow/but3ra3b.ics
[2026-01-14T18:00:03.087Z] info: ICS file downloaded successfully to src/calendars/tomorrow/but3ra3b.ics
[2026-01-14T18:00:03.088Z] info: ICS file for but3ra3b downloaded successfully.
[2026-01-14T18:00:03.088Z] info: Downloading ICS file from https://edt.univ-lyon1.fr/jsp/custom/modules/plannings/anonymous_cal.jsp?resources=6136&projectId=1&calType=ical&firstDate=2026-01-15&lastDate=2026-01-15 to src/calendars/tomorrow/but3dacs.ics
[2026-01-14T18:00:03.227Z] info: ICS file downloaded successfully to src/calendars/tomorrow/but3dacs.ics
[2026-01-14T18:00:03.228Z] info: ICS file for but3dacs downloaded successfully.
[2026-01-14T18:00:03.228Z] info: Downloading ICS file from https://edt.univ-lyon1.fr/jsp/custom/modules/plannings/anonymous_cal.jsp?resources=6048&projectId=1&calType=ical&firstDate=2026-01-15&lastDate=2026-01-15 to src/calendars/tomorrow/but3aged.ics
[2026-01-14T18:00:03.358Z] info: ICS file downloaded successfully to src/calendars/tomorrow/but3aged.ics
[2026-01-14T18:00:03.358Z] info: ICS file for but3aged downloaded successfully.
[2026-01-14T18:00:03.358Z] info: Sending daily timetables
[2026-01-14T18:00:03.367Z] info: Sending message to channel 1395052296521646282: <t:1768460400:D> **R1.05-2 SQL-TD** : BARON ARIANE -> <t:1768460400:t> - <t:1768467600:t> en __S14__
<t:1768467600:D> **11 R1.08 Gestion Proj. Orga-TD** : LAGACHE ALEXANDRA -> <t:1768467600:t> - <t:1768474800:t> en __S15__

[2026-01-14T18:00:03.367Z] info: Message sent to channel 1395052296521646282: <t:1768460400:D> **R1.05-2 SQL-TD** : BARON ARIANE -> <t:1768460400:t> - <t:1768467600:t> en __S14__
<t:1768467600:D> **11 R1.08 Gestion Proj. Orga-TD** : LAGACHE ALEXANDRA -> <t:1768467600:t> - <t:1768474800:t> en __S15__

[2026-01-14T18:00:03.368Z] info: Sending message to channel 1395052332969885726: <t:1768460400:D> **R1.05-2 SQL-TD** : BARON ARIANE -> <t:1768460400:t> - <t:1768467600:t> en __S14__
<t:1768467600:D> **11 R1.08 Gestion Proj. Orga-TD** : LAGACHE ALEXANDRA -> <t:1768467600:t> - <t:1768474800:t> en __S15__

[2026-01-14T18:00:03.368Z] info: Message sent to channel 1395052332969885726: <t:1768460400:D> **R1.05-2 SQL-TD** : BARON ARIANE -> <t:1768460400:t> - <t:1768467600:t> en __S14__
<t:1768467600:D> **11 R1.08 Gestion Proj. Orga-TD** : LAGACHE ALEXANDRA -> <t:1768467600:t> - <t:1768474800:t> en __S15__

[2026-01-14T18:00:03.368Z] info: Sending message to channel 1395052379866660874: <t:1768460400:D> **16 R1.04 Intro Systèmes-TD** : BUYLE-BODIN NICOLAS -> <t:1768460400:t> - <t:1768467600:t> en __S16__
<t:1768467600:D> **R1.04 Intro Systèmes-PE** : BUYLE-BODIN NICOLAS -> <t:1768467600:t> - <t:1768474800:t> en __S16__

[2026-01-14T18:00:03.368Z] info: Message sent to channel 1395052379866660874: <t:1768460400:D> **16 R1.04 Intro Systèmes-TD** : BUYLE-BODIN NICOLAS -> <t:1768460400:t> - <t:1768467600:t> en __S16__
<t:1768467600:D> **R1.04 Intro Systèmes-PE** : BUYLE-BODIN NICOLAS -> <t:1768467600:t> - <t:1768474800:t> en __S16__

[2026-01-14T18:00:03.369Z] info: Sending message to channel 1395052392092930048: <t:1768460400:D> **16 R1.04 Intro Systèmes-TD** : BUYLE-BODIN NICOLAS -> <t:1768460400:t> - <t:1768467600:t> en __S16__
<t:1768467600:D> **R1.04 Intro Systèmes-PE** : BUYLE-BODIN NICOLAS -> <t:1768467600:t> - <t:1768474800:t> en __S16__

[2026-01-14T18:00:03.369Z] info: Message sent to channel 1395052392092930048: <t:1768460400:D> **16 R1.04 Intro Systèmes-TD** : BUYLE-BODIN NICOLAS -> <t:1768460400:t> - <t:1768467600:t> en __S16__
<t:1768467600:D> **R1.04 Intro Systèmes-PE** : BUYLE-BODIN NICOLAS -> <t:1768467600:t> - <t:1768474800:t> en __S16__

[2026-01-14T18:00:03.370Z] info: Sending message to channel 1395056179914473612: <t:1768460400:D> **R1.05-2 SQL-PE** : BENSLIMANE DJAMAL -> <t:1768460400:t> - <t:1768467600:t> en __S03__
<t:1768467600:D> **R1.05-2 SQL-TD** : BENSLIMANE DJAMAL -> <t:1768467600:t> - <t:1768474800:t> en __S24__
<t:1768480200:D> **SAE Autonomie G3** : G3S1A -> <t:1768480200:t> - <t:1768487400:t> en __S24__

[2026-01-14T18:00:03.370Z] info: Message sent to channel 1395056179914473612: <t:1768460400:D> **R1.05-2 SQL-PE** : BENSLIMANE DJAMAL -> <t:1768460400:t> - <t:1768467600:t> en __S03__
<t:1768467600:D> **R1.05-2 SQL-TD** : BENSLIMANE DJAMAL -> <t:1768467600:t> - <t:1768474800:t> en __S24__
<t:1768480200:D> **SAE Autonomie G3** : G3S1A -> <t:1768480200:t> - <t:1768487400:t> en __S24__

[2026-01-14T18:00:03.370Z] info: Sending message to channel 1395052422401101905: <t:1768460400:D> **R1.05-2 SQL-PE** : BENSLIMANE DJAMAL -> <t:1768460400:t> - <t:1768467600:t> en __S03__
<t:1768467600:D> **R1.05-2 SQL-TD** : BENSLIMANE DJAMAL -> <t:1768467600:t> - <t:1768474800:t> en __S24__
<t:1768480200:D> **SAE Autonomie G3** : G3S1A -> <t:1768480200:t> - <t:1768487400:t> en __S24__

[2026-01-14T18:00:03.370Z] info: Message sent to channel 1395052422401101905: <t:1768460400:D> **R1.05-2 SQL-PE** : BENSLIMANE DJAMAL -> <t:1768460400:t> - <t:1768467600:t> en __S03__
<t:1768467600:D> **R1.05-2 SQL-TD** : BENSLIMANE DJAMAL -> <t:1768467600:t> - <t:1768474800:t> en __S24__
<t:1768480200:D> **SAE Autonomie G3** : G3S1A -> <t:1768480200:t> - <t:1768487400:t> en __S24__

[2026-01-14T18:00:03.371Z] info: Sending message to channel 1395052443192266916: <t:1768460400:D> **SAE Autonomie G4** : G4S1B -> <t:1768460400:t> - <t:1768467600:t> en __S26__
<t:1768467600:D> **R1.05-2 SQL-PE** : BONNET CHRISTINE -> <t:1768467600:t> - <t:1768474800:t> en __S03__

[2026-01-14T18:00:03.371Z] info: Message sent to channel 1395052443192266916: <t:1768460400:D> **SAE Autonomie G4** : G4S1B -> <t:1768460400:t> - <t:1768467600:t> en __S26__
<t:1768467600:D> **R1.05-2 SQL-PE** : BONNET CHRISTINE -> <t:1768467600:t> - <t:1768474800:t> en __S03__

[2026-01-14T18:00:03.371Z] info: Sending message to channel 1395052467070177290: <t:1768460400:D> **SAE Autonomie G4** : G4S1B -> <t:1768460400:t> - <t:1768467600:t> en __S26__
<t:1768467600:D> **R1.05-2 SQL-PE** : BONNET CHRISTINE -> <t:1768467600:t> - <t:1768474800:t> en __S03__

[2026-01-14T18:00:03.372Z] info: Message sent to channel 1395052467070177290: <t:1768460400:D> **SAE Autonomie G4** : G4S1B -> <t:1768460400:t> - <t:1768467600:t> en __S26__
<t:1768467600:D> **R1.05-2 SQL-PE** : BONNET CHRISTINE -> <t:1768467600:t> - <t:1768474800:t> en __S03__

[2026-01-14T18:00:03.372Z] info: Sending message to channel 1395052827985842288: <t:1768460400:D> **R1.08 Gestion Proj. Orga-TD** : LAGACHE ALEXANDRA -> <t:1768460400:t> - <t:1768467600:t> en __040__
<t:1768467600:D> **R1.01 initation dev TD P15** : BARON ARIANE -> <t:1768467600:t> - <t:1768474800:t> en __040__

[2026-01-14T18:00:03.372Z] info: Message sent to channel 1395052827985842288: <t:1768460400:D> **R1.08 Gestion Proj. Orga-TD** : LAGACHE ALEXANDRA -> <t:1768460400:t> - <t:1768467600:t> en __040__
<t:1768467600:D> **R1.01 initation dev TD P15** : BARON ARIANE -> <t:1768467600:t> - <t:1768474800:t> en __040__

[2026-01-14T18:00:03.373Z] info: Sending message to channel 1395052882486890707: <t:1768460400:D> **R1.08 Gestion Proj. Orga-TD** : LAGACHE ALEXANDRA -> <t:1768460400:t> - <t:1768467600:t> en __040__
<t:1768467600:D> **R1.01 initation dev TD P15** : BARON ARIANE -> <t:1768467600:t> - <t:1768474800:t> en __040__

[2026-01-14T18:00:03.373Z] info: Message sent to channel 1395052882486890707: <t:1768460400:D> **R1.08 Gestion Proj. Orga-TD** : LAGACHE ALEXANDRA -> <t:1768460400:t> - <t:1768467600:t> en __040__
<t:1768467600:D> **R1.01 initation dev TD P15** : BARON ARIANE -> <t:1768467600:t> - <t:1768474800:t> en __040__

[2026-01-14T18:00:03.373Z] info: Sending message to channel 1395371275643256924: <t:1768460400:D> **R3.01-2 Développement Web  : Javascript DS** : LEROUX STEPHANE -> <t:1768460400:t> - <t:1768467600:t> en __S25,Amphi2__

[2026-01-14T18:00:03.373Z] info: Message sent to channel 1395371275643256924: <t:1768460400:D> **R3.01-2 Développement Web  : Javascript DS** : LEROUX STEPHANE -> <t:1768460400:t> - <t:1768467600:t> en __S25,Amphi2__

[2026-01-14T18:00:03.374Z] info: Sending message to channel 1395371292533723147: <t:1768460400:D> **R3.01-2 Développement Web  : Javascript DS** : LEROUX STEPHANE -> <t:1768460400:t> - <t:1768467600:t> en __S25,Amphi2__

[2026-01-14T18:00:03.374Z] info: Message sent to channel 1395371292533723147: <t:1768460400:D> **R3.01-2 Développement Web  : Javascript DS** : LEROUX STEPHANE -> <t:1768460400:t> - <t:1768467600:t> en __S25,Amphi2__

[2026-01-14T18:00:03.375Z] info: Sending message to channel 1395371451573600287: <t:1768460400:D> **R3.01-2 Développement Web  : Javascript DS** : LEROUX STEPHANE -> <t:1768460400:t> - <t:1768467600:t> en __S25,Amphi2__
<t:1768467600:D> **11 R3.11  Droit des contrats et du numérique-TD** : DUFOUR KARLINE -> <t:1768467600:t> - <t:1768474800:t> en __S12__

[2026-01-14T18:00:03.376Z] info: Message sent to channel 1395371451573600287: <t:1768460400:D> **R3.01-2 Développement Web  : Javascript DS** : LEROUX STEPHANE -> <t:1768460400:t> - <t:1768467600:t> en __S25,Amphi2__
<t:1768467600:D> **11 R3.11  Droit des contrats et du numérique-TD** : DUFOUR KARLINE -> <t:1768467600:t> - <t:1768474800:t> en __S12__

[2026-01-14T18:00:03.376Z] info: Sending message to channel 1395371471345553540: <t:1768460400:D> **R3.01-2 Développement Web  : Javascript DS** : LEROUX STEPHANE -> <t:1768460400:t> - <t:1768467600:t> en __S25,Amphi2__
<t:1768467600:D> **11 R3.11  Droit des contrats et du numérique-TD** : DUFOUR KARLINE -> <t:1768467600:t> - <t:1768474800:t> en __S12__

[2026-01-14T18:00:03.376Z] info: Message sent to channel 1395371471345553540: <t:1768460400:D> **R3.01-2 Développement Web  : Javascript DS** : LEROUX STEPHANE -> <t:1768460400:t> - <t:1768467600:t> en __S25,Amphi2__
<t:1768467600:D> **11 R3.11  Droit des contrats et du numérique-TD** : DUFOUR KARLINE -> <t:1768467600:t> - <t:1768474800:t> en __S12__

[2026-01-14T18:00:03.377Z] info: Sending message to channel 1395371506099425310: <t:1768460400:D> **R3.01-2 Développement Web  : Javascript DS** : LEROUX STEPHANE -> <t:1768460400:t> - <t:1768467600:t> en __S25,Amphi2__

[2026-01-14T18:00:03.377Z] info: Message sent to channel 1395371506099425310: <t:1768460400:D> **R3.01-2 Développement Web  : Javascript DS** : LEROUX STEPHANE -> <t:1768460400:t> - <t:1768467600:t> en __S25,Amphi2__

[2026-01-14T18:00:03.377Z] info: Sending message to channel 1395371591797575750: <t:1768460400:D> **R3.01-2 Développement Web  : Javascript DS** : LEROUX STEPHANE -> <t:1768460400:t> - <t:1768467600:t> en __S25,Amphi2__

[2026-01-14T18:00:03.377Z] info: Message sent to channel 1395371591797575750: <t:1768460400:D> **R3.01-2 Développement Web  : Javascript DS** : LEROUX STEPHANE -> <t:1768460400:t> - <t:1768467600:t> en __S25,Amphi2__

[2026-01-14T18:00:03.378Z] info: Sending message to channel 1409494181839376455: <t:1768460400:D> **21R5.A.10 Neo4J** : FACI NOURA -> <t:1768460400:t> - <t:1768467600:t> en __S24__
<t:1768467600:D> **11R5.A.10 Neo4J** : FACI NOURA -> <t:1768467600:t> - <t:1768474800:t> en __S26__
<t:1768480200:D> **11R5.A.14 Anglais TD** : BESSAC MARIETTE -> <t:1768480200:t> - <t:1768487400:t> en __028__
<t:1768487400:D> **21R5.A.14 Anglais TD** : BESSAC MARIETTE -> <t:1768487400:t> - <t:1768494600:t> en __028__

[2026-01-14T18:00:03.378Z] info: Message sent to channel 1409494181839376455: <t:1768460400:D> **21R5.A.10 Neo4J** : FACI NOURA -> <t:1768460400:t> - <t:1768467600:t> en __S24__
<t:1768467600:D> **11R5.A.10 Neo4J** : FACI NOURA -> <t:1768467600:t> - <t:1768474800:t> en __S26__
<t:1768480200:D> **11R5.A.14 Anglais TD** : BESSAC MARIETTE -> <t:1768480200:t> - <t:1768487400:t> en __028__
<t:1768487400:D> **21R5.A.14 Anglais TD** : BESSAC MARIETTE -> <t:1768487400:t> - <t:1768494600:t> en __028__

[2026-01-14T18:00:03.379Z] info: Sending message to channel 1409494206942286006: <t:1768460400:D> **21R5.A.10 Neo4J** : FACI NOURA -> <t:1768460400:t> - <t:1768467600:t> en __S24__
<t:1768467600:D> **11R5.A.10 Neo4J** : FACI NOURA -> <t:1768467600:t> - <t:1768474800:t> en __S26__
<t:1768480200:D> **11R5.A.14 Anglais TD** : BESSAC MARIETTE -> <t:1768480200:t> - <t:1768487400:t> en __028__
<t:1768487400:D> **21R5.A.14 Anglais TD** : BESSAC MARIETTE -> <t:1768487400:t> - <t:1768494600:t> en __028__

[2026-01-14T18:00:03.379Z] info: Message sent to channel 1409494206942286006: <t:1768460400:D> **21R5.A.10 Neo4J** : FACI NOURA -> <t:1768460400:t> - <t:1768467600:t> en __S24__
<t:1768467600:D> **11R5.A.10 Neo4J** : FACI NOURA -> <t:1768467600:t> - <t:1768474800:t> en __S26__
<t:1768480200:D> **11R5.A.14 Anglais TD** : BESSAC MARIETTE -> <t:1768480200:t> - <t:1768487400:t> en __028__
<t:1768487400:D> **21R5.A.14 Anglais TD** : BESSAC MARIETTE -> <t:1768487400:t> - <t:1768494600:t> en __028__

[2026-01-14T18:00:03.380Z] info: Sending message to channel 1409495503292338257: <t:1768460400:D> **11 R5.A.11 Aide à la décision TD RA** : JOUBERT AUDE -> <t:1768460400:t> - <t:1768467600:t> en __S27__
<t:1768467600:D> **11R5.A.10 Neo4J** : KHEDDOUCI HAMAMACHE -> <t:1768467600:t> - <t:1768474800:t> en __S13__
<t:1768480200:D> **S5.A.01 SAE Dev avancé** : BUT3 RA3A -> <t:1768480200:t> - <t:1768487400:t> en __S13__
<t:1768487400:D> **S5.A.01 SAE Dev avancé SN** : NDIAYE SAMBA NDOJH -> <t:1768487400:t> - <t:1768494600:t> en __S13__

[2026-01-14T18:00:03.380Z] info: Message sent to channel 1409495503292338257: <t:1768460400:D> **11 R5.A.11 Aide à la décision TD RA** : JOUBERT AUDE -> <t:1768460400:t> - <t:1768467600:t> en __S27__
<t:1768467600:D> **11R5.A.10 Neo4J** : KHEDDOUCI HAMAMACHE -> <t:1768467600:t> - <t:1768474800:t> en __S13__
<t:1768480200:D> **S5.A.01 SAE Dev avancé** : BUT3 RA3A -> <t:1768480200:t> - <t:1768487400:t> en __S13__
<t:1768487400:D> **S5.A.01 SAE Dev avancé SN** : NDIAYE SAMBA NDOJH -> <t:1768487400:t> - <t:1768494600:t> en __S13__

[2026-01-14T18:00:03.380Z] info: Sending message to channel 1409495513891344426: <t:1768460400:D> **11 R5.A.11 Aide à la décision TD RA** : JOUBERT AUDE -> <t:1768460400:t> - <t:1768467600:t> en __S27__
<t:1768467600:D> **11R5.A.10 Neo4J** : KHEDDOUCI HAMAMACHE -> <t:1768467600:t> - <t:1768474800:t> en __S13__
<t:1768480200:D> **S5.A.01 SAE Dev avancé** : BUT3 RA3A -> <t:1768480200:t> - <t:1768487400:t> en __S13__
<t:1768487400:D> **S5.A.01 SAE Dev avancé SN** : NDIAYE SAMBA NDOJH -> <t:1768487400:t> - <t:1768494600:t> en __S13__

[2026-01-14T18:00:03.381Z] info: Message sent to channel 1409495513891344426: <t:1768460400:D> **11 R5.A.11 Aide à la décision TD RA** : JOUBERT AUDE -> <t:1768460400:t> - <t:1768467600:t> en __S27__
<t:1768467600:D> **11R5.A.10 Neo4J** : KHEDDOUCI HAMAMACHE -> <t:1768467600:t> - <t:1768474800:t> en __S13__
<t:1768480200:D> **S5.A.01 SAE Dev avancé** : BUT3 RA3A -> <t:1768480200:t> - <t:1768487400:t> en __S13__
<t:1768487400:D> **S5.A.01 SAE Dev avancé SN** : NDIAYE SAMBA NDOJH -> <t:1768487400:t> - <t:1768494600:t> en __S13__

[2026-01-14T18:00:03.381Z] info: Sending message to channel 1409495882436706366: <t:1768460400:D> **R5.B.04 Bash-scripting** : TORTAY LOIC -> <t:1768460400:t> - <t:1768467600:t> en __S01__
<t:1768482000:D> **11 R5.B.05 Automatisation de la chaîne de production** : BUSSON ANTHONY -> <t:1768482000:t> - <t:1768489200:t> en __S01__
<t:1768489200:D> **21 R5.B.05 Automatisation de la chaîne de production** : BUSSON ANTHONY -> <t:1768489200:t> - <t:1768496400:t> en __S01__

[2026-01-14T18:00:03.381Z] info: Message sent to channel 1409495882436706366: <t:1768460400:D> **R5.B.04 Bash-scripting** : TORTAY LOIC -> <t:1768460400:t> - <t:1768467600:t> en __S01__
<t:1768482000:D> **11 R5.B.05 Automatisation de la chaîne de production** : BUSSON ANTHONY -> <t:1768482000:t> - <t:1768489200:t> en __S01__
<t:1768489200:D> **21 R5.B.05 Automatisation de la chaîne de production** : BUSSON ANTHONY -> <t:1768489200:t> - <t:1768496400:t> en __S01__

[2026-01-14T18:00:03.382Z] info: Sending message to channel 1409496113396060181: <t:1768460400:D> **11 R5.C.05-2 Base de données orientées graph** : KHEDDOUCI HAMAMACHE -> <t:1768460400:t> - <t:1768467600:t> en __S22__
<t:1768467600:D> **12 R5.C.09 Statistiques Inférentielles** : JOUBERT AUDE -> <t:1768467600:t> - <t:1768474800:t> en __S11__
<t:1768478400:D> **11 R5.C.11-1 Visualisation des données** : BONNEFOY CELINE -> <t:1768478400:t> - <t:1768485600:t> en __S22__
<t:1768485600:D> **12 R5.C.11-1 Visualisation des données** : BONNEFOY CELINE -> <t:1768485600:t> - <t:1768492800:t> en __S22__

[2026-01-14T18:00:03.382Z] info: Message sent to channel 1409496113396060181: <t:1768460400:D> **11 R5.C.05-2 Base de données orientées graph** : KHEDDOUCI HAMAMACHE -> <t:1768460400:t> - <t:1768467600:t> en __S22__
<t:1768467600:D> **12 R5.C.09 Statistiques Inférentielles** : JOUBERT AUDE -> <t:1768467600:t> - <t:1768474800:t> en __S11__
<t:1768478400:D> **11 R5.C.11-1 Visualisation des données** : BONNEFOY CELINE -> <t:1768478400:t> - <t:1768485600:t> en __S22__
<t:1768485600:D> **12 R5.C.11-1 Visualisation des données** : BONNEFOY CELINE -> <t:1768485600:t> - <t:1768492800:t> en __S22__

[2026-01-14T18:00:03.382Z] info: Daily timetables sent
[2026-01-15T18:00:00.721Z] info: Downloading ICS files for tomorrow for groups: aspea, aspeb, g1s1a, g1s1b, g2s1a, g2s1b, g3s1a, g3s1b, g4s1a, g4s1b, g5s1a, g5s1b, g1s3a, g1s3b, g2s3a, g2s3b, g3a2, g4s3a, g4s3b, but3ra1a, but3ra1b, but3ra2a, but3ra2b, but3ra3a, but3ra3b, but3dacs, but3aged
[2026-01-15T18:00:00.721Z] info: Downloading ICS file from https://edt.univ-lyon1.fr/jsp/custom/modules/plannings/anonymous_cal.jsp?resources=9272&projectId=1&calType=ical&firstDate=2026-01-16&lastDate=2026-01-16 to src/calendars/tomorrow/aspea.ics
[2026-01-15T18:00:06.016Z] error: Error downloading file from https://edt.univ-lyon1.fr/jsp/custom/modules/plannings/anonymous_cal.jsp?resources=9272&projectId=1&calType=ical&firstDate=2026-01-16&lastDate=2026-01-16: getaddrinfo EAI_AGAIN edt.univ-lyon1.fr
[2026-01-15T18:00:06.017Z] error: Échec du téléchargement pour aspea : getaddrinfo EAI_AGAIN edt.univ-lyon1.fr
[2026-01-15T18:00:06.018Z] info: Downloading ICS file from https://edt.univ-lyon1.fr/jsp/custom/modules/plannings/anonymous_cal.jsp?resources=18783&projectId=1&calType=ical&firstDate=2026-01-16&lastDate=2026-01-16 to src/calendars/tomorrow/aspeb.ics
[2026-01-15T18:00:12.160Z] error: Error downloading file from https://edt.univ-lyon1.fr/jsp/custom/modules/plannings/anonymous_cal.jsp?resources=18783&projectId=1&calType=ical&firstDate=2026-01-16&lastDate=2026-01-16: getaddrinfo EAI_AGAIN edt.univ-lyon1.fr
[2026-01-15T18:00:12.161Z] error: Échec du téléchargement pour aspeb : getaddrinfo EAI_AGAIN edt.univ-lyon1.fr
[2026-01-15T18:00:12.161Z] info: Downloading ICS file from https://edt.univ-lyon1.fr/jsp/custom/modules/plannings/anonymous_cal.jsp?resources=12096&projectId=1&calType=ical&firstDate=2026-01-16&lastDate=2026-01-16 to src/calendars/tomorrow/g1s1a.ics
[2026-01-15T18:00:18.304Z] error: Error downloading file from https://edt.univ-lyon1.fr/jsp/custom/modules/plannings/anonymous_cal.jsp?resources=12096&projectId=1&calType=ical&firstDate=2026-01-16&lastDate=2026-01-16: getaddrinfo EAI_AGAIN edt.univ-lyon1.fr
[2026-01-15T18:00:18.305Z] error: Échec du téléchargement pour g1s1a : getaddrinfo EAI_AGAIN edt.univ-lyon1.fr
[2026-01-15T18:00:18.305Z] info: Downloading ICS file from https://edt.univ-lyon1.fr/jsp/custom/modules/plannings/anonymous_cal.jsp?resources=12102&projectId=1&calType=ical&firstDate=2026-01-16&lastDate=2026-01-16 to src/calendars/tomorrow/g1s1b.ics
[2026-01-15T18:00:24.448Z] error: Error downloading file from https://edt.univ-lyon1.fr/jsp/custom/modules/plannings/anonymous_cal.jsp?resources=12102&projectId=1&calType=ical&firstDate=2026-01-16&lastDate=2026-01-16: getaddrinfo EAI_AGAIN edt.univ-lyon1.fr
[2026-01-15T18:00:24.449Z] error: Échec du téléchargement pour g1s1b : getaddrinfo EAI_AGAIN edt.univ-lyon1.fr
[2026-01-15T18:00:24.449Z] info: Downloading ICS file from https://edt.univ-lyon1.fr/jsp/custom/modules/plannings/anonymous_cal.jsp?resources=12403&projectId=1&calType=ical&firstDate=2026-01-16&lastDate=2026-01-16 to src/calendars/tomorrow/g2s1a.ics
[2026-01-15T18:00:30.592Z] error: Error downloading file from https://edt.univ-lyon1.fr/jsp/custom/modules/plannings/anonymous_cal.jsp?resources=12403&projectId=1&calType=ical&firstDate=2026-01-16&lastDate=2026-01-16: getaddrinfo EAI_AGAIN edt.univ-lyon1.fr
[2026-01-15T18:00:30.593Z] error: Échec du téléchargement pour g2s1a : getaddrinfo EAI_AGAIN edt.univ-lyon1.fr
[2026-01-15T18:00:30.593Z] info: Downloading ICS file from https://edt.univ-lyon1.fr/jsp/custom/modules/plannings/anonymous_cal.jsp?resources=12406&projectId=1&calType=ical&firstDate=2026-01-16&lastDate=2026-01-16 to src/calendars/tomorrow/g2s1b.ics
[2026-01-15T18:00:36.736Z] error: Error downloading file from https://edt.univ-lyon1.fr/jsp/custom/modules/plannings/anonymous_cal.jsp?resources=12406&projectId=1&calType=ical&firstDate=2026-01-16&lastDate=2026-01-16: getaddrinfo EAI_AGAIN edt.univ-lyon1.fr
[2026-01-15T18:00:36.737Z] error: Échec du téléchargement pour g2s1b : getaddrinfo EAI_AGAIN edt.univ-lyon1.fr
[2026-01-15T18:00:36.737Z] info: Downloading ICS file from https://edt.univ-lyon1.fr/jsp/custom/modules/plannings/anonymous_cal.jsp?resources=12419&projectId=1&calType=ical&firstDate=2026-01-16&lastDate=2026-01-16 to src/calendars/tomorrow/g3s1a.ics
[2026-01-15T18:00:42.880Z] error: Error downloading file from https://edt.univ-lyon1.fr/jsp/custom/modules/plannings/anonymous_cal.jsp?resources=12419&projectId=1&calType=ical&firstDate=2026-01-16&lastDate=2026-01-16: getaddrinfo EAI_AGAIN edt.univ-lyon1.fr
[2026-01-15T18:00:42.880Z] error: Échec du téléchargement pour g3s1a : getaddrinfo EAI_AGAIN edt.univ-lyon1.fr
[2026-01-15T18:00:42.881Z] info: Downloading ICS file from https://edt.univ-lyon1.fr/jsp/custom/modules/plannings/anonymous_cal.jsp?resources=12425&projectId=1&calType=ical&firstDate=2026-01-16&lastDate=2026-01-16 to src/calendars/tomorrow/g3s1b.ics
[2026-01-15T18:00:49.024Z] error: Error downloading file from https://edt.univ-lyon1.fr/jsp/custom/modules/plannings/anonymous_cal.jsp?resources=12425&projectId=1&calType=ical&firstDate=2026-01-16&lastDate=2026-01-16: getaddrinfo EAI_AGAIN edt.univ-lyon1.fr
[2026-01-15T18:00:49.025Z] error: Échec du téléchargement pour g3s1b : getaddrinfo EAI_AGAIN edt.univ-lyon1.fr
[2026-01-15T18:00:49.025Z] info: Downloading ICS file from https://edt.univ-lyon1.fr/jsp/custom/modules/plannings/anonymous_cal.jsp?resources=12424&projectId=1&calType=ical&firstDate=2026-01-16&lastDate=2026-01-16 to src/calendars/tomorrow/g4s1a.ics
[2026-01-15T18:00:53.309Z] info: ICS file downloaded successfully to src/calendars/tomorrow/g4s1a.ics
[2026-01-15T18:00:53.309Z] info: ICS file for g4s1a downloaded successfully.
[2026-01-15T18:00:53.309Z] info: Downloading ICS file from https://edt.univ-lyon1.fr/jsp/custom/modules/plannings/anonymous_cal.jsp?resources=12444&projectId=1&calType=ical&firstDate=2026-01-16&lastDate=2026-01-16 to src/calendars/tomorrow/g4s1b.ics
[2026-01-15T18:00:53.437Z] info: ICS file downloaded successfully to src/calendars/tomorrow/g4s1b.ics
[2026-01-15T18:00:53.437Z] info: ICS file for g4s1b downloaded successfully.
[2026-01-15T18:00:53.437Z] info: Downloading ICS file from https://edt.univ-lyon1.fr/jsp/custom/modules/plannings/anonymous_cal.jsp?resources=12460&projectId=1&calType=ical&firstDate=2026-01-16&lastDate=2026-01-16 to src/calendars/tomorrow/g5s1a.ics
[2026-01-15T18:00:53.598Z] info: ICS file downloaded successfully to src/calendars/tomorrow/g5s1a.ics
[2026-01-15T18:00:53.599Z] info: ICS file for g5s1a downloaded successfully.
[2026-01-15T18:00:53.599Z] info: Downloading ICS file from https://edt.univ-lyon1.fr/jsp/custom/modules/plannings/anonymous_cal.jsp?resources=12461&projectId=1&calType=ical&firstDate=2026-01-16&lastDate=2026-01-16 to src/calendars/tomorrow/g5s1b.ics
[2026-01-15T18:00:53.804Z] info: ICS file downloaded successfully to src/calendars/tomorrow/g5s1b.ics
[2026-01-15T18:00:53.805Z] info: ICS file for g5s1b downloaded successfully.
[2026-01-15T18:00:53.805Z] info: Downloading ICS file from https://edt.univ-lyon1.fr/jsp/custom/modules/plannings/anonymous_cal.jsp?resources=35708&projectId=1&calType=ical&firstDate=2026-01-16&lastDate=2026-01-16 to src/calendars/tomorrow/g1s3a.ics
[2026-01-15T18:00:53.900Z] info: ICS file downloaded successfully to src/calendars/tomorrow/g1s3a.ics
[2026-01-15T18:00:53.901Z] info: ICS file for g1s3a downloaded successfully.
[2026-01-15T18:00:53.901Z] info: Downloading ICS file from https://edt.univ-lyon1.fr/jsp/custom/modules/plannings/anonymous_cal.jsp?resources=35709&projectId=1&calType=ical&firstDate=2026-01-16&lastDate=2026-01-16 to src/calendars/tomorrow/g1s3b.ics
[2026-01-15T18:00:53.994Z] info: ICS file downloaded successfully to src/calendars/tomorrow/g1s3b.ics
[2026-01-15T18:00:53.995Z] info: ICS file for g1s3b downloaded successfully.
[2026-01-15T18:00:53.995Z] info: Downloading ICS file from https://edt.univ-lyon1.fr/jsp/custom/modules/plannings/anonymous_cal.jsp?resources=35710&projectId=1&calType=ical&firstDate=2026-01-16&lastDate=2026-01-16 to src/calendars/tomorrow/g2s3a.ics
[2026-01-15T18:00:54.120Z] info: ICS file downloaded successfully to src/calendars/tomorrow/g2s3a.ics
[2026-01-15T18:00:54.121Z] info: ICS file for g2s3a downloaded successfully.
[2026-01-15T18:00:54.121Z] info: Downloading ICS file from https://edt.univ-lyon1.fr/jsp/custom/modules/plannings/anonymous_cal.jsp?resources=35713&projectId=1&calType=ical&firstDate=2026-01-16&lastDate=2026-01-16 to src/calendars/tomorrow/g2s3b.ics
[2026-01-15T18:00:54.198Z] info: ICS file downloaded successfully to src/calendars/tomorrow/g2s3b.ics
[2026-01-15T18:00:54.198Z] info: ICS file for g2s3b downloaded successfully.
[2026-01-15T18:00:54.198Z] info: Downloading ICS file from https://edt.univ-lyon1.fr/jsp/custom/modules/plannings/anonymous_cal.jsp?resources=35714&projectId=1&calType=ical&firstDate=2026-01-16&lastDate=2026-01-16 to src/calendars/tomorrow/g3a2.ics
[2026-01-15T18:00:54.243Z] info: ICS file downloaded successfully to src/calendars/tomorrow/g3a2.ics
[2026-01-15T18:00:54.243Z] info: ICS file for g3a2 downloaded successfully.
[2026-01-15T18:00:54.243Z] info: Downloading ICS file from https://edt.univ-lyon1.fr/jsp/custom/modules/plannings/anonymous_cal.jsp?resources=35717&projectId=1&calType=ical&firstDate=2026-01-16&lastDate=2026-01-16 to src/calendars/tomorrow/g4s3a.ics
[2026-01-15T18:00:54.389Z] info: ICS file downloaded successfully to src/calendars/tomorrow/g4s3a.ics
[2026-01-15T18:00:54.389Z] info: ICS file for g4s3a downloaded successfully.
[2026-01-15T18:00:54.390Z] info: Downloading ICS file from https://edt.univ-lyon1.fr/jsp/custom/modules/plannings/anonymous_cal.jsp?resources=35718&projectId=1&calType=ical&firstDate=2026-01-16&lastDate=2026-01-16 to src/calendars/tomorrow/g4s3b.ics
[2026-01-15T18:00:54.458Z] info: ICS file downloaded successfully to src/calendars/tomorrow/g4s3b.ics
[2026-01-15T18:00:54.458Z] info: ICS file for g4s3b downloaded successfully.
[2026-01-15T18:00:54.458Z] info: Downloading ICS file from https://edt.univ-lyon1.fr/jsp/custom/modules/plannings/anonymous_cal.jsp?resources=6161&projectId=1&calType=ical&firstDate=2026-01-16&lastDate=2026-01-16 to src/calendars/tomorrow/but3ra1a.ics
[2026-01-15T18:00:54.545Z] info: ICS file downloaded successfully to src/calendars/tomorrow/but3ra1a.ics
[2026-01-15T18:00:54.546Z] info: ICS file for but3ra1a downloaded successfully.
[2026-01-15T18:00:54.546Z] info: Downloading ICS file from https://edt.univ-lyon1.fr/jsp/custom/modules/plannings/anonymous_cal.jsp?resources=6163&projectId=1&calType=ical&firstDate=2026-01-16&lastDate=2026-01-16 to src/calendars/tomorrow/but3ra1b.ics
[2026-01-15T18:00:54.627Z] info: ICS file downloaded successfully to src/calendars/tomorrow/but3ra1b.ics
[2026-01-15T18:00:54.628Z] info: ICS file for but3ra1b downloaded successfully.
[2026-01-15T18:00:54.628Z] info: Downloading ICS file from https://edt.univ-lyon1.fr/jsp/custom/modules/plannings/anonymous_cal.jsp?resources=6165&projectId=1&calType=ical&firstDate=2026-01-16&lastDate=2026-01-16 to src/calendars/tomorrow/but3ra2a.ics
[2026-01-15T18:00:54.754Z] info: ICS file downloaded successfully to src/calendars/tomorrow/but3ra2a.ics
[2026-01-15T18:00:54.754Z] info: ICS file for but3ra2a downloaded successfully.
[2026-01-15T18:00:54.755Z] info: Downloading ICS file from https://edt.univ-lyon1.fr/jsp/custom/modules/plannings/anonymous_cal.jsp?resources=6168&projectId=1&calType=ical&firstDate=2026-01-16&lastDate=2026-01-16 to src/calendars/tomorrow/but3ra2b.ics
[2026-01-15T18:00:54.870Z] info: ICS file downloaded successfully to src/calendars/tomorrow/but3ra2b.ics
[2026-01-15T18:00:54.871Z] info: ICS file for but3ra2b downloaded successfully.
[2026-01-15T18:00:54.871Z] info: Downloading ICS file from https://edt.univ-lyon1.fr/jsp/custom/modules/plannings/anonymous_cal.jsp?resources=14059&projectId=1&calType=ical&firstDate=2026-01-16&lastDate=2026-01-16 to src/calendars/tomorrow/but3ra3a.ics
[2026-01-15T18:00:54.982Z] info: ICS file downloaded successfully to src/calendars/tomorrow/but3ra3a.ics
[2026-01-15T18:00:54.982Z] info: ICS file for but3ra3a downloaded successfully.
[2026-01-15T18:00:54.982Z] info: Downloading ICS file from https://edt.univ-lyon1.fr/jsp/custom/modules/plannings/anonymous_cal.jsp?resources=14064&projectId=1&calType=ical&firstDate=2026-01-16&lastDate=2026-01-16 to src/calendars/tomorrow/but3ra3b.ics
[2026-01-15T18:00:55.287Z] info: ICS file downloaded successfully to src/calendars/tomorrow/but3ra3b.ics
[2026-01-15T18:00:55.287Z] info: ICS file for but3ra3b downloaded successfully.
[2026-01-15T18:00:55.288Z] info: Downloading ICS file from https://edt.univ-lyon1.fr/jsp/custom/modules/plannings/anonymous_cal.jsp?resources=6136&projectId=1&calType=ical&firstDate=2026-01-16&lastDate=2026-01-16 to src/calendars/tomorrow/but3dacs.ics
[2026-01-15T18:00:55.430Z] info: ICS file downloaded successfully to src/calendars/tomorrow/but3dacs.ics
[2026-01-15T18:00:55.431Z] info: ICS file for but3dacs downloaded successfully.
[2026-01-15T18:00:55.431Z] info: Downloading ICS file from https://edt.univ-lyon1.fr/jsp/custom/modules/plannings/anonymous_cal.jsp?resources=6048&projectId=1&calType=ical&firstDate=2026-01-16&lastDate=2026-01-16 to src/calendars/tomorrow/but3aged.ics
[2026-01-15T18:00:55.688Z] info: ICS file downloaded successfully to src/calendars/tomorrow/but3aged.ics
[2026-01-15T18:00:55.688Z] info: ICS file for but3aged downloaded successfully.
[2026-01-15T18:00:55.688Z] info: Sending daily timetables
[2026-01-15T18:00:55.694Z] info: Sending message to channel 1395371772550975558: Aucun calendrier trouvé pour le groupe aspea pour tomorrow.
[2026-01-15T18:00:55.694Z] info: Message sent to channel 1395371772550975558: Aucun calendrier trouvé pour le groupe aspea pour tomorrow.
[2026-01-15T18:00:55.694Z] info: Sending message to channel 1395371789298700358: Aucun calendrier trouvé pour le groupe aspeb pour tomorrow.
[2026-01-15T18:00:55.694Z] info: Message sent to channel 1395371789298700358: Aucun calendrier trouvé pour le groupe aspeb pour tomorrow.
[2026-01-15T18:00:55.694Z] info: Sending message to channel 1395052296521646282: Aucun calendrier trouvé pour le groupe g1s1a pour tomorrow.
[2026-01-15T18:00:55.694Z] info: Message sent to channel 1395052296521646282: Aucun calendrier trouvé pour le groupe g1s1a pour tomorrow.
[2026-01-15T18:00:55.694Z] info: Sending message to channel 1395052332969885726: Aucun calendrier trouvé pour le groupe g1s1b pour tomorrow.
[2026-01-15T18:00:55.694Z] info: Message sent to channel 1395052332969885726: Aucun calendrier trouvé pour le groupe g1s1b pour tomorrow.
[2026-01-15T18:00:55.695Z] info: Sending message to channel 1395052379866660874: Aucun calendrier trouvé pour le groupe g2s1a pour tomorrow.
[2026-01-15T18:00:55.695Z] info: Message sent to channel 1395052379866660874: Aucun calendrier trouvé pour le groupe g2s1a pour tomorrow.
[2026-01-15T18:00:55.695Z] info: Sending message to channel 1395052392092930048: Aucun calendrier trouvé pour le groupe g2s1b pour tomorrow.
[2026-01-15T18:00:55.695Z] info: Message sent to channel 1395052392092930048: Aucun calendrier trouvé pour le groupe g2s1b pour tomorrow.
[2026-01-15T18:00:55.695Z] info: Sending message to channel 1395056179914473612: Aucun calendrier trouvé pour le groupe g3s1a pour tomorrow.
[2026-01-15T18:00:55.695Z] info: Message sent to channel 1395056179914473612: Aucun calendrier trouvé pour le groupe g3s1a pour tomorrow.
[2026-01-15T18:00:55.695Z] info: Sending message to channel 1395052422401101905: Aucun calendrier trouvé pour le groupe g3s1b pour tomorrow.
[2026-01-15T18:00:55.695Z] info: Message sent to channel 1395052422401101905: Aucun calendrier trouvé pour le groupe g3s1b pour tomorrow.
[2026-01-15T18:00:55.696Z] info: Sending message to channel 1395052443192266916: <t:1768546800:D> **16 R1.04 Intro Systèmes-TD** : BUYLE-BODIN NICOLAS -> <t:1768546800:t> - <t:1768554000:t> en __S16__
<t:1768554000:D> **R1.04 Intro Systèmes-PE** : BUYLE-BODIN NICOLAS -> <t:1768554000:t> - <t:1768561200:t> en __S16__
<t:1768566600:D> **R1.01 Initiation dev-TPA** : NDIAYE SAMBA NDOJH -> <t:1768566600:t> - <t:1768573800:t> en __S16__

[2026-01-15T18:00:55.696Z] info: Message sent to channel 1395052443192266916: <t:1768546800:D> **16 R1.04 Intro Systèmes-TD** : BUYLE-BODIN NICOLAS -> <t:1768546800:t> - <t:1768554000:t> en __S16__
<t:1768554000:D> **R1.04 Intro Systèmes-PE** : BUYLE-BODIN NICOLAS -> <t:1768554000:t> - <t:1768561200:t> en __S16__
<t:1768566600:D> **R1.01 Initiation dev-TPA** : NDIAYE SAMBA NDOJH -> <t:1768566600:t> - <t:1768573800:t> en __S16__

[2026-01-15T18:00:55.696Z] info: Sending message to channel 1395052467070177290: <t:1768546800:D> **16 R1.04 Intro Systèmes-TD** : BUYLE-BODIN NICOLAS -> <t:1768546800:t> - <t:1768554000:t> en __S16__
<t:1768554000:D> **R1.04 Intro Systèmes-PE** : BUYLE-BODIN NICOLAS -> <t:1768554000:t> - <t:1768561200:t> en __S16__
<t:1768573800:D> **R1.01 Initiation dev-TPB** : NDIAYE SAMBA NDOJH -> <t:1768573800:t> - <t:1768581000:t> en __S16__

[2026-01-15T18:00:55.696Z] info: Message sent to channel 1395052467070177290: <t:1768546800:D> **16 R1.04 Intro Systèmes-TD** : BUYLE-BODIN NICOLAS -> <t:1768546800:t> - <t:1768554000:t> en __S16__
<t:1768554000:D> **R1.04 Intro Systèmes-PE** : BUYLE-BODIN NICOLAS -> <t:1768554000:t> - <t:1768561200:t> en __S16__
<t:1768573800:D> **R1.01 Initiation dev-TPB** : NDIAYE SAMBA NDOJH -> <t:1768573800:t> - <t:1768581000:t> en __S16__

[2026-01-15T18:00:55.697Z] info: Sending message to channel 1395052827985842288: <t:1768546800:D> **SAE Autonomie G5** : G5S1A -> <t:1768546800:t> - <t:1768554000:t> en __S27__
<t:1768554000:D> **SAE Autonomie G5** : G5S1A -> <t:1768554000:t> - <t:1768561200:t> en __S27__
<t:1768566600:D> **SAE Autonomie G5** : G5S1A -> <t:1768566600:t> - <t:1768573800:t> en __S27__
<t:1768573800:D> **SAE Autonomie G5** : G5S1A -> <t:1768573800:t> - <t:1768581000:t> en __S27__

[2026-01-15T18:00:55.697Z] info: Message sent to channel 1395052827985842288: <t:1768546800:D> **SAE Autonomie G5** : G5S1A -> <t:1768546800:t> - <t:1768554000:t> en __S27__
<t:1768554000:D> **SAE Autonomie G5** : G5S1A -> <t:1768554000:t> - <t:1768561200:t> en __S27__
<t:1768566600:D> **SAE Autonomie G5** : G5S1A -> <t:1768566600:t> - <t:1768573800:t> en __S27__
<t:1768573800:D> **SAE Autonomie G5** : G5S1A -> <t:1768573800:t> - <t:1768581000:t> en __S27__

[2026-01-15T18:00:55.697Z] info: Sending message to channel 1395052882486890707: <t:1768546800:D> **SAE Autonomie G5** : G5S1A -> <t:1768546800:t> - <t:1768554000:t> en __S27__
<t:1768554000:D> **SAE Autonomie G5** : G5S1A -> <t:1768554000:t> - <t:1768561200:t> en __S27__
<t:1768566600:D> **SAE Autonomie G5** : G5S1A -> <t:1768566600:t> - <t:1768573800:t> en __S27__
<t:1768573800:D> **SAE Autonomie G5** : G5S1A -> <t:1768573800:t> - <t:1768581000:t> en __S27__

[2026-01-15T18:00:55.698Z] info: Message sent to channel 1395052882486890707: <t:1768546800:D> **SAE Autonomie G5** : G5S1A -> <t:1768546800:t> - <t:1768554000:t> en __S27__
<t:1768554000:D> **SAE Autonomie G5** : G5S1A -> <t:1768554000:t> - <t:1768561200:t> en __S27__
<t:1768566600:D> **SAE Autonomie G5** : G5S1A -> <t:1768566600:t> - <t:1768573800:t> en __S27__
<t:1768573800:D> **SAE Autonomie G5** : G5S1A -> <t:1768573800:t> - <t:1768581000:t> en __S27__

[2026-01-15T18:00:55.698Z] info: Sending message to channel 1395371275643256924: <t:1768554000:D> **R3.14 PPP-entretien A** : G1S3A -> <t:1768554000:t> - <t:1768561200:t> en __040__
<t:1768573800:D> **12 R3.12 Anglais-TD** : GARACCI DANIEL -> <t:1768573800:t> - <t:1768581000:t> en __026-Langues__

[2026-01-15T18:00:55.698Z] info: Message sent to channel 1395371275643256924: <t:1768554000:D> **R3.14 PPP-entretien A** : G1S3A -> <t:1768554000:t> - <t:1768561200:t> en __040__
<t:1768573800:D> **12 R3.12 Anglais-TD** : GARACCI DANIEL -> <t:1768573800:t> - <t:1768581000:t> en __026-Langues__

[2026-01-15T18:00:55.698Z] info: Sending message to channel 1395371292533723147: <t:1768546800:D> **R3.14 PPP-entretien B** : G1S3B -> <t:1768546800:t> - <t:1768554000:t> en __S21__
<t:1768566600:D> **R3.13 communication professionnelle-TPB** : DEBOUTE JOCELYNE -> <t:1768566600:t> - <t:1768573800:t> en __S21__
<t:1768573800:D> **12 R3.12 Anglais-TD** : GARACCI DANIEL -> <t:1768573800:t> - <t:1768581000:t> en __026-Langues__

[2026-01-15T18:00:55.699Z] info: Message sent to channel 1395371292533723147: <t:1768546800:D> **R3.14 PPP-entretien B** : G1S3B -> <t:1768546800:t> - <t:1768554000:t> en __S21__
<t:1768566600:D> **R3.13 communication professionnelle-TPB** : DEBOUTE JOCELYNE -> <t:1768566600:t> - <t:1768573800:t> en __S21__
<t:1768573800:D> **12 R3.12 Anglais-TD** : GARACCI DANIEL -> <t:1768573800:t> - <t:1768581000:t> en __026-Langues__

[2026-01-15T18:00:55.699Z] info: Sending message to channel 1395371506099425310: <t:1768546800:D> **11 R3.11  Droit des contrats et du numérique-TD** : DUFOUR KARLINE -> <t:1768546800:t> - <t:1768554000:t> en __040__
<t:1768554000:D> **R3.13 communication professionnelle-TPA** : DEBOUTE JOCELYNE -> <t:1768554000:t> - <t:1768561200:t> en __S21__
<t:1768566600:D> **12 R3.12 Anglais-TD** : GARACCI DANIEL -> <t:1768566600:t> - <t:1768573800:t> en __026-Langues__

[2026-01-15T18:00:55.699Z] info: Message sent to channel 1395371506099425310: <t:1768546800:D> **11 R3.11  Droit des contrats et du numérique-TD** : DUFOUR KARLINE -> <t:1768546800:t> - <t:1768554000:t> en __040__
<t:1768554000:D> **R3.13 communication professionnelle-TPA** : DEBOUTE JOCELYNE -> <t:1768554000:t> - <t:1768561200:t> en __S21__
<t:1768566600:D> **12 R3.12 Anglais-TD** : GARACCI DANIEL -> <t:1768566600:t> - <t:1768573800:t> en __026-Langues__

[2026-01-15T18:00:55.699Z] info: Sending message to channel 1395371591797575750: <t:1768546800:D> **11 R3.11  Droit des contrats et du numérique-TD** : DUFOUR KARLINE -> <t:1768546800:t> - <t:1768554000:t> en __040__
<t:1768566600:D> **12 R3.12 Anglais-TD** : GARACCI DANIEL -> <t:1768566600:t> - <t:1768573800:t> en __026-Langues__

[2026-01-15T18:00:55.700Z] info: Message sent to channel 1395371591797575750: <t:1768546800:D> **11 R3.11  Droit des contrats et du numérique-TD** : DUFOUR KARLINE -> <t:1768546800:t> - <t:1768554000:t> en __040__
<t:1768566600:D> **12 R3.12 Anglais-TD** : GARACCI DANIEL -> <t:1768566600:t> - <t:1768573800:t> en __026-Langues__

[2026-01-15T18:00:55.701Z] info: Sending message to channel 1409494181839376455: <t:1768546800:D> **S5.A.01 SAE Dev avancé** : BUT3 RA1B -> <t:1768546800:t> - <t:1768554000:t> en __S26__
<t:1768554000:D> **11R5.A.10 MongoDB avancé** : AIDEL OSMAN -> <t:1768554000:t> - <t:1768561200:t> en __S26__
<t:1768566600:D> **21 R5.A.11 Aide à la décision TD RA** : JALOUX CHRISTOPHE -> <t:1768566600:t> - <t:1768573800:t> en __S26__
<t:1768573800:D> **R5.03 Communication TD** : DEBOUTE JOCELYNE -> <t:1768573800:t> - <t:1768581000:t> en __S10__

[2026-01-15T18:00:55.701Z] info: Message sent to channel 1409494181839376455: <t:1768546800:D> **S5.A.01 SAE Dev avancé** : BUT3 RA1B -> <t:1768546800:t> - <t:1768554000:t> en __S26__
<t:1768554000:D> **11R5.A.10 MongoDB avancé** : AIDEL OSMAN -> <t:1768554000:t> - <t:1768561200:t> en __S26__
<t:1768566600:D> **21 R5.A.11 Aide à la décision TD RA** : JALOUX CHRISTOPHE -> <t:1768566600:t> - <t:1768573800:t> en __S26__
<t:1768573800:D> **R5.03 Communication TD** : DEBOUTE JOCELYNE -> <t:1768573800:t> - <t:1768581000:t> en __S10__

[2026-01-15T18:00:55.702Z] info: Sending message to channel 1409494206942286006: <t:1768546800:D> **S5.A.01 SAE Dev avancé** : BUT3 RA1B -> <t:1768546800:t> - <t:1768554000:t> en __S26__
<t:1768554000:D> **11R5.A.10 MongoDB avancé** : AIDEL OSMAN -> <t:1768554000:t> - <t:1768561200:t> en __S26__
<t:1768566600:D> **21 R5.A.11 Aide à la décision TD RA** : JALOUX CHRISTOPHE -> <t:1768566600:t> - <t:1768573800:t> en __S26__
<t:1768573800:D> **R5.03 Communication TD** : DEBOUTE JOCELYNE -> <t:1768573800:t> - <t:1768581000:t> en __S10__

[2026-01-15T18:00:55.702Z] info: Message sent to channel 1409494206942286006: <t:1768546800:D> **S5.A.01 SAE Dev avancé** : BUT3 RA1B -> <t:1768546800:t> - <t:1768554000:t> en __S26__
<t:1768554000:D> **11R5.A.10 MongoDB avancé** : AIDEL OSMAN -> <t:1768554000:t> - <t:1768561200:t> en __S26__
<t:1768566600:D> **21 R5.A.11 Aide à la décision TD RA** : JALOUX CHRISTOPHE -> <t:1768566600:t> - <t:1768573800:t> en __S26__
<t:1768573800:D> **R5.03 Communication TD** : DEBOUTE JOCELYNE -> <t:1768573800:t> - <t:1768581000:t> en __S10__

[2026-01-15T18:00:55.702Z] info: Sending message to channel 1409495503292338257: <t:1768546800:D> **11R5.A.10 MongoDB avancé** : AIDEL OSMAN -> <t:1768546800:t> - <t:1768554000:t> en __S13__
<t:1768554000:D> **21R5.A.04 Qualité algo** : PARREAU ALINE -> <t:1768554000:t> - <t:1768561200:t> en __S13__
<t:1768566600:D> **11R5.A.04 Qualité algo** : PARREAU ALINE -> <t:1768566600:t> - <t:1768573800:t> en __S13__

[2026-01-15T18:00:55.702Z] info: Message sent to channel 1409495503292338257: <t:1768546800:D> **11R5.A.10 MongoDB avancé** : AIDEL OSMAN -> <t:1768546800:t> - <t:1768554000:t> en __S13__
<t:1768554000:D> **21R5.A.04 Qualité algo** : PARREAU ALINE -> <t:1768554000:t> - <t:1768561200:t> en __S13__
<t:1768566600:D> **11R5.A.04 Qualité algo** : PARREAU ALINE -> <t:1768566600:t> - <t:1768573800:t> en __S13__

[2026-01-15T18:00:55.703Z] info: Sending message to channel 1409495513891344426: <t:1768546800:D> **11R5.A.10 MongoDB avancé** : AIDEL OSMAN -> <t:1768546800:t> - <t:1768554000:t> en __S13__
<t:1768554000:D> **21R5.A.04 Qualité algo** : PARREAU ALINE -> <t:1768554000:t> - <t:1768561200:t> en __S13__
<t:1768566600:D> **11R5.A.04 Qualité algo** : PARREAU ALINE -> <t:1768566600:t> - <t:1768573800:t> en __S13__
<t:1768573800:D> **11R5.A.07 Automatisation TPB** : BUSSON ANTHONY -> <t:1768573800:t> - <t:1768581000:t> en __S13__

[2026-01-15T18:00:55.703Z] info: Message sent to channel 1409495513891344426: <t:1768546800:D> **11R5.A.10 MongoDB avancé** : AIDEL OSMAN -> <t:1768546800:t> - <t:1768554000:t> en __S13__
<t:1768554000:D> **21R5.A.04 Qualité algo** : PARREAU ALINE -> <t:1768554000:t> - <t:1768561200:t> en __S13__
<t:1768566600:D> **11R5.A.04 Qualité algo** : PARREAU ALINE -> <t:1768566600:t> - <t:1768573800:t> en __S13__
<t:1768573800:D> **11R5.A.07 Automatisation TPB** : BUSSON ANTHONY -> <t:1768573800:t> - <t:1768581000:t> en __S13__

[2026-01-15T18:00:55.703Z] info: Sending message to channel 1409495882436706366: <t:1768546800:D> **11 R5.B.08 Continuité de service Sauvegarde KC** : CHEKARI KARIM -> <t:1768546800:t> - <t:1768554000:t> en __S01__
<t:1768554000:D> **Perfectionnement en système et réseau P1 BUSSON** : BUSSON ANTHONY -> <t:1768554000:t> - <t:1768561200:t> en __S01__
<t:1768566600:D> **Perfectionnement en système et réseau P1 BUSSON** : BUSSON ANTHONY -> <t:1768566600:t> - <t:1768573800:t> en __S01__

[2026-01-15T18:00:55.703Z] info: Message sent to channel 1409495882436706366: <t:1768546800:D> **11 R5.B.08 Continuité de service Sauvegarde KC** : CHEKARI KARIM -> <t:1768546800:t> - <t:1768554000:t> en __S01__
<t:1768554000:D> **Perfectionnement en système et réseau P1 BUSSON** : BUSSON ANTHONY -> <t:1768554000:t> - <t:1768561200:t> en __S01__
<t:1768566600:D> **Perfectionnement en système et réseau P1 BUSSON** : BUSSON ANTHONY -> <t:1768566600:t> - <t:1768573800:t> en __S01__

[2026-01-15T18:00:55.704Z] info: Sending message to channel 1409496113396060181: <t:1768554000:D> **21 R5.C.05-2 Base de données orientées graph** : KHEDDOUCI HAMAMACHE -> <t:1768554000:t> - <t:1768561200:t> en __S22__
<t:1768564800:D> **Saé autonomie** : BUT3 AGED -> <t:1768564800:t> - <t:1768579200:t> en __S22__

[2026-01-15T18:00:55.704Z] info: Message sent to channel 1409496113396060181: <t:1768554000:D> **21 R5.C.05-2 Base de données orientées graph** : KHEDDOUCI HAMAMACHE -> <t:1768554000:t> - <t:1768561200:t> en __S22__
<t:1768564800:D> **Saé autonomie** : BUT3 AGED -> <t:1768564800:t> - <t:1768579200:t> en __S22__

[2026-01-15T18:00:55.704Z] info: Daily timetables sent
[2026-01-15T21:32:11.435Z] info: Received command: send_today from user: 1280802417100980258
[2026-01-15T21:32:12.304Z] info: Downloading ICS files for tomorrow for groups: aspea, aspeb, g1s1a, g1s1b, g2s1a, g2s1b, g3s1a, g3s1b, g4s1a, g4s1b, g5s1a, g5s1b, g1s3a, g1s3b, g2s3a, g2s3b, g3a2, g4s3a, g4s3b, but3ra1a, but3ra1b, but3ra2a, but3ra2b, but3ra3a, but3ra3b, but3dacs, but3aged
[2026-01-15T21:32:12.304Z] info: Downloading ICS file from https://edt.univ-lyon1.fr/jsp/custom/modules/plannings/anonymous_cal.jsp?resources=9272&projectId=1&calType=ical&firstDate=2026-01-16&lastDate=2026-01-16 to src/calendars/tomorrow/aspea.ics
[2026-01-15T21:32:12.636Z] info: ICS file downloaded successfully to src/calendars/tomorrow/aspea.ics
[2026-01-15T21:32:12.637Z] info: ICS file for aspea downloaded successfully.
[2026-01-15T21:32:12.637Z] info: Downloading ICS file from https://edt.univ-lyon1.fr/jsp/custom/modules/plannings/anonymous_cal.jsp?resources=18783&projectId=1&calType=ical&firstDate=2026-01-16&lastDate=2026-01-16 to src/calendars/tomorrow/aspeb.ics
[2026-01-15T21:32:12.839Z] info: ICS file downloaded successfully to src/calendars/tomorrow/aspeb.ics
[2026-01-15T21:32:12.839Z] info: ICS file for aspeb downloaded successfully.
[2026-01-15T21:32:12.839Z] info: Downloading ICS file from https://edt.univ-lyon1.fr/jsp/custom/modules/plannings/anonymous_cal.jsp?resources=12096&projectId=1&calType=ical&firstDate=2026-01-16&lastDate=2026-01-16 to src/calendars/tomorrow/g1s1a.ics
[2026-01-15T21:32:13.176Z] info: ICS file downloaded successfully to src/calendars/tomorrow/g1s1a.ics
[2026-01-15T21:32:13.176Z] info: ICS file for g1s1a downloaded successfully.
[2026-01-15T21:32:13.177Z] info: Downloading ICS file from https://edt.univ-lyon1.fr/jsp/custom/modules/plannings/anonymous_cal.jsp?resources=12102&projectId=1&calType=ical&firstDate=2026-01-16&lastDate=2026-01-16 to src/calendars/tomorrow/g1s1b.ics
[2026-01-15T21:32:13.347Z] info: ICS file downloaded successfully to src/calendars/tomorrow/g1s1b.ics
[2026-01-15T21:32:13.347Z] info: ICS file for g1s1b downloaded successfully.
[2026-01-15T21:32:13.348Z] info: Downloading ICS file from https://edt.univ-lyon1.fr/jsp/custom/modules/plannings/anonymous_cal.jsp?resources=12403&projectId=1&calType=ical&firstDate=2026-01-16&lastDate=2026-01-16 to src/calendars/tomorrow/g2s1a.ics
[2026-01-15T21:32:13.685Z] info: ICS file downloaded successfully to src/calendars/tomorrow/g2s1a.ics
[2026-01-15T21:32:13.686Z] info: ICS file for g2s1a downloaded successfully.
[2026-01-15T21:32:13.686Z] info: Downloading ICS file from https://edt.univ-lyon1.fr/jsp/custom/modules/plannings/anonymous_cal.jsp?resources=12406&projectId=1&calType=ical&firstDate=2026-01-16&lastDate=2026-01-16 to src/calendars/tomorrow/g2s1b.ics
[2026-01-15T21:32:13.798Z] info: ICS file downloaded successfully to src/calendars/tomorrow/g2s1b.ics
[2026-01-15T21:32:13.798Z] info: ICS file for g2s1b downloaded successfully.
[2026-01-15T21:32:13.798Z] info: Downloading ICS file from https://edt.univ-lyon1.fr/jsp/custom/modules/plannings/anonymous_cal.jsp?resources=12419&projectId=1&calType=ical&firstDate=2026-01-16&lastDate=2026-01-16 to src/calendars/tomorrow/g3s1a.ics
[2026-01-15T21:32:13.908Z] info: ICS file downloaded successfully to src/calendars/tomorrow/g3s1a.ics
[2026-01-15T21:32:13.908Z] info: ICS file for g3s1a downloaded successfully.
[2026-01-15T21:32:13.909Z] info: Downloading ICS file from https://edt.univ-lyon1.fr/jsp/custom/modules/plannings/anonymous_cal.jsp?resources=12425&projectId=1&calType=ical&firstDate=2026-01-16&lastDate=2026-01-16 to src/calendars/tomorrow/g3s1b.ics
[2026-01-15T21:32:13.990Z] info: ICS file downloaded successfully to src/calendars/tomorrow/g3s1b.ics
[2026-01-15T21:32:13.990Z] info: ICS file for g3s1b downloaded successfully.
[2026-01-15T21:32:13.991Z] info: Downloading ICS file from https://edt.univ-lyon1.fr/jsp/custom/modules/plannings/anonymous_cal.jsp?resources=12424&projectId=1&calType=ical&firstDate=2026-01-16&lastDate=2026-01-16 to src/calendars/tomorrow/g4s1a.ics
[2026-01-15T21:32:14.049Z] info: ICS file downloaded successfully to src/calendars/tomorrow/g4s1a.ics
[2026-01-15T21:32:14.049Z] info: ICS file for g4s1a downloaded successfully.
[2026-01-15T21:32:14.049Z] info: Downloading ICS file from https://edt.univ-lyon1.fr/jsp/custom/modules/plannings/anonymous_cal.jsp?resources=12444&projectId=1&calType=ical&firstDate=2026-01-16&lastDate=2026-01-16 to src/calendars/tomorrow/g4s1b.ics
[2026-01-15T21:32:14.119Z] info: ICS file downloaded successfully to src/calendars/tomorrow/g4s1b.ics
[2026-01-15T21:32:14.119Z] info: ICS file for g4s1b downloaded successfully.
[2026-01-15T21:32:14.119Z] info: Downloading ICS file from https://edt.univ-lyon1.fr/jsp/custom/modules/plannings/anonymous_cal.jsp?resources=12460&projectId=1&calType=ical&firstDate=2026-01-16&lastDate=2026-01-16 to src/calendars/tomorrow/g5s1a.ics
[2026-01-15T21:32:14.209Z] info: ICS file downloaded successfully to src/calendars/tomorrow/g5s1a.ics
[2026-01-15T21:32:14.210Z] info: ICS file for g5s1a downloaded successfully.
[2026-01-15T21:32:14.210Z] info: Downloading ICS file from https://edt.univ-lyon1.fr/jsp/custom/modules/plannings/anonymous_cal.jsp?resources=12461&projectId=1&calType=ical&firstDate=2026-01-16&lastDate=2026-01-16 to src/calendars/tomorrow/g5s1b.ics
[2026-01-15T21:32:14.351Z] info: ICS file downloaded successfully to src/calendars/tomorrow/g5s1b.ics
[2026-01-15T21:32:14.352Z] info: ICS file for g5s1b downloaded successfully.
[2026-01-15T21:32:14.352Z] info: Downloading ICS file from https://edt.univ-lyon1.fr/jsp/custom/modules/plannings/anonymous_cal.jsp?resources=35708&projectId=1&calType=ical&firstDate=2026-01-16&lastDate=2026-01-16 to src/calendars/tomorrow/g1s3a.ics
[2026-01-15T21:32:14.517Z] info: ICS file downloaded successfully to src/calendars/tomorrow/g1s3a.ics
[2026-01-15T21:32:14.518Z] info: ICS file for g1s3a downloaded successfully.
[2026-01-15T21:32:14.518Z] info: Downloading ICS file from https://edt.univ-lyon1.fr/jsp/custom/modules/plannings/anonymous_cal.jsp?resources=35709&projectId=1&calType=ical&firstDate=2026-01-16&lastDate=2026-01-16 to src/calendars/tomorrow/g1s3b.ics
[2026-01-15T21:32:14.608Z] info: ICS file downloaded successfully to src/calendars/tomorrow/g1s3b.ics
[2026-01-15T21:32:14.608Z] info: ICS file for g1s3b downloaded successfully.
[2026-01-15T21:32:14.608Z] info: Downloading ICS file from https://edt.univ-lyon1.fr/jsp/custom/modules/plannings/anonymous_cal.jsp?resources=35710&projectId=1&calType=ical&firstDate=2026-01-16&lastDate=2026-01-16 to src/calendars/tomorrow/g2s3a.ics
[2026-01-15T21:32:14.675Z] info: ICS file downloaded successfully to src/calendars/tomorrow/g2s3a.ics
[2026-01-15T21:32:14.675Z] info: ICS file for g2s3a downloaded successfully.
[2026-01-15T21:32:14.675Z] info: Downloading ICS file from https://edt.univ-lyon1.fr/jsp/custom/modules/plannings/anonymous_cal.jsp?resources=35713&projectId=1&calType=ical&firstDate=2026-01-16&lastDate=2026-01-16 to src/calendars/tomorrow/g2s3b.ics
[2026-01-15T21:32:14.826Z] info: ICS file downloaded successfully to src/calendars/tomorrow/g2s3b.ics
[2026-01-15T21:32:14.826Z] info: ICS file for g2s3b downloaded successfully.
[2026-01-15T21:32:14.826Z] info: Downloading ICS file from https://edt.univ-lyon1.fr/jsp/custom/modules/plannings/anonymous_cal.jsp?resources=35714&projectId=1&calType=ical&firstDate=2026-01-16&lastDate=2026-01-16 to src/calendars/tomorrow/g3a2.ics
[2026-01-15T21:32:14.885Z] info: ICS file downloaded successfully to src/calendars/tomorrow/g3a2.ics
[2026-01-15T21:32:14.886Z] info: ICS file for g3a2 downloaded successfully.
[2026-01-15T21:32:14.886Z] info: Downloading ICS file from https://edt.univ-lyon1.fr/jsp/custom/modules/plannings/anonymous_cal.jsp?resources=35717&projectId=1&calType=ical&firstDate=2026-01-16&lastDate=2026-01-16 to src/calendars/tomorrow/g4s3a.ics
[2026-01-15T21:32:15.047Z] info: ICS file downloaded successfully to src/calendars/tomorrow/g4s3a.ics
[2026-01-15T21:32:15.047Z] info: ICS file for g4s3a downloaded successfully.
[2026-01-15T21:32:15.047Z] info: Downloading ICS file from https://edt.univ-lyon1.fr/jsp/custom/modules/plannings/anonymous_cal.jsp?resources=35718&projectId=1&calType=ical&firstDate=2026-01-16&lastDate=2026-01-16 to src/calendars/tomorrow/g4s3b.ics
[2026-01-15T21:32:15.145Z] info: ICS file downloaded successfully to src/calendars/tomorrow/g4s3b.ics
[2026-01-15T21:32:15.145Z] info: ICS file for g4s3b downloaded successfully.
[2026-01-15T21:32:15.145Z] info: Downloading ICS file from https://edt.univ-lyon1.fr/jsp/custom/modules/plannings/anonymous_cal.jsp?resources=6161&projectId=1&calType=ical&firstDate=2026-01-16&lastDate=2026-01-16 to src/calendars/tomorrow/but3ra1a.ics
[2026-01-15T21:32:15.282Z] info: ICS file downloaded successfully to src/calendars/tomorrow/but3ra1a.ics
[2026-01-15T21:32:15.282Z] info: ICS file for but3ra1a downloaded successfully.
[2026-01-15T21:32:15.282Z] info: Downloading ICS file from https://edt.univ-lyon1.fr/jsp/custom/modules/plannings/anonymous_cal.jsp?resources=6163&projectId=1&calType=ical&firstDate=2026-01-16&lastDate=2026-01-16 to src/calendars/tomorrow/but3ra1b.ics
[2026-01-15T21:32:15.435Z] info: ICS file downloaded successfully to src/calendars/tomorrow/but3ra1b.ics
[2026-01-15T21:32:15.435Z] info: ICS file for but3ra1b downloaded successfully.
[2026-01-15T21:32:15.436Z] info: Downloading ICS file from https://edt.univ-lyon1.fr/jsp/custom/modules/plannings/anonymous_cal.jsp?resources=6165&projectId=1&calType=ical&firstDate=2026-01-16&lastDate=2026-01-16 to src/calendars/tomorrow/but3ra2a.ics
[2026-01-15T21:32:15.514Z] info: ICS file downloaded successfully to src/calendars/tomorrow/but3ra2a.ics
[2026-01-15T21:32:15.515Z] info: ICS file for but3ra2a downloaded successfully.
[2026-01-15T21:32:15.515Z] info: Downloading ICS file from https://edt.univ-lyon1.fr/jsp/custom/modules/plannings/anonymous_cal.jsp?resources=6168&projectId=1&calType=ical&firstDate=2026-01-16&lastDate=2026-01-16 to src/calendars/tomorrow/but3ra2b.ics
[2026-01-15T21:32:15.654Z] info: ICS file downloaded successfully to src/calendars/tomorrow/but3ra2b.ics
[2026-01-15T21:32:15.655Z] info: ICS file for but3ra2b downloaded successfully.
[2026-01-15T21:32:15.655Z] info: Downloading ICS file from https://edt.univ-lyon1.fr/jsp/custom/modules/plannings/anonymous_cal.jsp?resources=14059&projectId=1&calType=ical&firstDate=2026-01-16&lastDate=2026-01-16 to src/calendars/tomorrow/but3ra3a.ics
[2026-01-15T21:32:15.781Z] info: ICS file downloaded successfully to src/calendars/tomorrow/but3ra3a.ics
[2026-01-15T21:32:15.782Z] info: ICS file for but3ra3a downloaded successfully.
[2026-01-15T21:32:15.782Z] info: Downloading ICS file from https://edt.univ-lyon1.fr/jsp/custom/modules/plannings/anonymous_cal.jsp?resources=14064&projectId=1&calType=ical&firstDate=2026-01-16&lastDate=2026-01-16 to src/calendars/tomorrow/but3ra3b.ics
[2026-01-15T21:32:15.948Z] info: ICS file downloaded successfully to src/calendars/tomorrow/but3ra3b.ics
[2026-01-15T21:32:15.948Z] info: ICS file for but3ra3b downloaded successfully.
[2026-01-15T21:32:15.948Z] info: Downloading ICS file from https://edt.univ-lyon1.fr/jsp/custom/modules/plannings/anonymous_cal.jsp?resources=6136&projectId=1&calType=ical&firstDate=2026-01-16&lastDate=2026-01-16 to src/calendars/tomorrow/but3dacs.ics
[2026-01-15T21:32:16.027Z] info: ICS file downloaded successfully to src/calendars/tomorrow/but3dacs.ics
[2026-01-15T21:32:16.027Z] info: ICS file for but3dacs downloaded successfully.
[2026-01-15T21:32:16.028Z] info: Downloading ICS file from https://edt.univ-lyon1.fr/jsp/custom/modules/plannings/anonymous_cal.jsp?resources=6048&projectId=1&calType=ical&firstDate=2026-01-16&lastDate=2026-01-16 to src/calendars/tomorrow/but3aged.ics
[2026-01-15T21:32:16.172Z] info: ICS file downloaded successfully to src/calendars/tomorrow/but3aged.ics
[2026-01-15T21:32:16.173Z] info: ICS file for but3aged downloaded successfully.
[2026-01-15T21:32:16.173Z] info: Sending daily timetables
[2026-01-15T21:32:16.187Z] info: Sending message to channel 1395371772550975558: <t:1768554000:D> **Communication et service réseaux-TD** : BARON ARIANE -> <t:1768554000:t> - <t:1768561200:t> en __S25__

[2026-01-15T21:32:16.188Z] info: Message sent to channel 1395371772550975558: <t:1768554000:D> **Communication et service réseaux-TD** : BARON ARIANE -> <t:1768554000:t> - <t:1768561200:t> en __S25__

[2026-01-15T21:32:16.189Z] info: Sending message to channel 1395052296521646282: <t:1768546800:D> **R1.10 Anglais-TPA P2** : CANQUE FLORENCE -> <t:1768546800:t> - <t:1768554000:t> en __026-Langues__
<t:1768554000:D> **R1.04 Intro Systèmes-PE** : DAUTRAIX ISABELLE -> <t:1768554000:t> - <t:1768561200:t> en __S14__
<t:1768566600:D> **R1.12 PPP-TD P2** : DECHAVANNE LAURINE -> <t:1768566600:t> - <t:1768573800:t> en __S14__
<t:1768573800:D> **16 R1.04 Intro Systèmes-TD** : DAUTRAIX ISABELLE -> <t:1768573800:t> - <t:1768581000:t> en __S24__

[2026-01-15T21:32:16.189Z] info: Message sent to channel 1395052296521646282: <t:1768546800:D> **R1.10 Anglais-TPA P2** : CANQUE FLORENCE -> <t:1768546800:t> - <t:1768554000:t> en __026-Langues__
<t:1768554000:D> **R1.04 Intro Systèmes-PE** : DAUTRAIX ISABELLE -> <t:1768554000:t> - <t:1768561200:t> en __S14__
<t:1768566600:D> **R1.12 PPP-TD P2** : DECHAVANNE LAURINE -> <t:1768566600:t> - <t:1768573800:t> en __S14__
<t:1768573800:D> **16 R1.04 Intro Systèmes-TD** : DAUTRAIX ISABELLE -> <t:1768573800:t> - <t:1768581000:t> en __S24__

[2026-01-15T21:32:16.190Z] info: Sending message to channel 1395052332969885726: <t:1768546800:D> **14 R1.06 Maths discrètes TPB** : JALOUX CHRISTOPHE -> <t:1768546800:t> - <t:1768554000:t> en __S10__
<t:1768554000:D> **R1.04 Intro Systèmes-PE** : DAUTRAIX ISABELLE -> <t:1768554000:t> - <t:1768561200:t> en __S14__
<t:1768566600:D> **R1.12 PPP-TD P2** : DECHAVANNE LAURINE -> <t:1768566600:t> - <t:1768573800:t> en __S14__
<t:1768573800:D> **16 R1.04 Intro Systèmes-TD** : DAUTRAIX ISABELLE -> <t:1768573800:t> - <t:1768581000:t> en __S24__

[2026-01-15T21:32:16.190Z] info: Message sent to channel 1395052332969885726: <t:1768546800:D> **14 R1.06 Maths discrètes TPB** : JALOUX CHRISTOPHE -> <t:1768546800:t> - <t:1768554000:t> en __S10__
<t:1768554000:D> **R1.04 Intro Systèmes-PE** : DAUTRAIX ISABELLE -> <t:1768554000:t> - <t:1768561200:t> en __S14__
<t:1768566600:D> **R1.12 PPP-TD P2** : DECHAVANNE LAURINE -> <t:1768566600:t> - <t:1768573800:t> en __S14__
<t:1768573800:D> **16 R1.04 Intro Systèmes-TD** : DAUTRAIX ISABELLE -> <t:1768573800:t> - <t:1768581000:t> en __S24__

[2026-01-15T21:32:16.191Z] info: Sending message to channel 1395052379866660874: <t:1768546800:D> **R1.05-2 SQL-PE** : BARON ARIANE -> <t:1768546800:t> - <t:1768554000:t> en __S14__
<t:1768554000:D> **R1.10 Anglais-TPA P2** : CANQUE FLORENCE -> <t:1768554000:t> - <t:1768561200:t> en __026-Langues__
<t:1768566600:D> **SAE Autonomie G2** : G2S1A -> <t:1768566600:t> - <t:1768573800:t> en __S03__
<t:1768573800:D> **R1.12 PPP-TD P2** : DECHAVANNE LAURINE -> <t:1768573800:t> - <t:1768581000:t> en __S14__

[2026-01-15T21:32:16.191Z] info: Message sent to channel 1395052379866660874: <t:1768546800:D> **R1.05-2 SQL-PE** : BARON ARIANE -> <t:1768546800:t> - <t:1768554000:t> en __S14__
<t:1768554000:D> **R1.10 Anglais-TPA P2** : CANQUE FLORENCE -> <t:1768554000:t> - <t:1768561200:t> en __026-Langues__
<t:1768566600:D> **SAE Autonomie G2** : G2S1A -> <t:1768566600:t> - <t:1768573800:t> en __S03__
<t:1768573800:D> **R1.12 PPP-TD P2** : DECHAVANNE LAURINE -> <t:1768573800:t> - <t:1768581000:t> en __S14__

[2026-01-15T21:32:16.192Z] info: Sending message to channel 1395052392092930048: <t:1768546800:D> **R1.05-2 SQL-PE** : BARON ARIANE -> <t:1768546800:t> - <t:1768554000:t> en __S14__
<t:1768554000:D> **14 R1.06 Maths discrètes TPB** : JALOUX CHRISTOPHE -> <t:1768554000:t> - <t:1768561200:t> en __S10__
<t:1768566600:D> **SAE Autonomie G2** : G2S1A -> <t:1768566600:t> - <t:1768573800:t> en __S03__
<t:1768573800:D> **R1.12 PPP-TD P2** : DECHAVANNE LAURINE -> <t:1768573800:t> - <t:1768581000:t> en __S14__

[2026-01-15T21:32:16.192Z] info: Message sent to channel 1395052392092930048: <t:1768546800:D> **R1.05-2 SQL-PE** : BARON ARIANE -> <t:1768546800:t> - <t:1768554000:t> en __S14__
<t:1768554000:D> **14 R1.06 Maths discrètes TPB** : JALOUX CHRISTOPHE -> <t:1768554000:t> - <t:1768561200:t> en __S10__
<t:1768566600:D> **SAE Autonomie G2** : G2S1A -> <t:1768566600:t> - <t:1768573800:t> en __S03__
<t:1768573800:D> **R1.12 PPP-TD P2** : DECHAVANNE LAURINE -> <t:1768573800:t> - <t:1768581000:t> en __S14__

[2026-01-15T21:32:16.192Z] info: Sending message to channel 1395056179914473612: <t:1768546800:D> **SAE Autonomie G3** : G3S1A -> <t:1768546800:t> - <t:1768554000:t> en __S24__
<t:1768554000:D> **19 R1.11 Com-TD** : KOCH SONJA -> <t:1768554000:t> - <t:1768561200:t> en __S12__
<t:1768566600:D> **R1.04 Intro Systèmes-PE** : PARAUD JEAN-CHRISTOPHE -> <t:1768566600:t> - <t:1768573800:t> en __S17__
<t:1768573800:D> **16 R1.04 Intro Systèmes-TD** : PARAUD JEAN-CHRISTOPHE -> <t:1768573800:t> - <t:1768581000:t> en __S17__

[2026-01-15T21:32:16.193Z] info: Message sent to channel 1395056179914473612: <t:1768546800:D> **SAE Autonomie G3** : G3S1A -> <t:1768546800:t> - <t:1768554000:t> en __S24__
<t:1768554000:D> **19 R1.11 Com-TD** : KOCH SONJA -> <t:1768554000:t> - <t:1768561200:t> en __S12__
<t:1768566600:D> **R1.04 Intro Systèmes-PE** : PARAUD JEAN-CHRISTOPHE -> <t:1768566600:t> - <t:1768573800:t> en __S17__
<t:1768573800:D> **16 R1.04 Intro Systèmes-TD** : PARAUD JEAN-CHRISTOPHE -> <t:1768573800:t> - <t:1768581000:t> en __S17__

[2026-01-15T21:32:16.193Z] info: Sending message to channel 1395052422401101905: <t:1768546800:D> **SAE Autonomie G3** : G3S1A -> <t:1768546800:t> - <t:1768554000:t> en __S24__
<t:1768554000:D> **19 R1.11 Com-TD** : KOCH SONJA -> <t:1768554000:t> - <t:1768561200:t> en __S12__
<t:1768566600:D> **R1.04 Intro Systèmes-PE** : PARAUD JEAN-CHRISTOPHE -> <t:1768566600:t> - <t:1768573800:t> en __S17__
<t:1768573800:D> **16 R1.04 Intro Systèmes-TD** : PARAUD JEAN-CHRISTOPHE -> <t:1768573800:t> - <t:1768581000:t> en __S17__

[2026-01-15T21:32:16.193Z] info: Message sent to channel 1395052422401101905: <t:1768546800:D> **SAE Autonomie G3** : G3S1A -> <t:1768546800:t> - <t:1768554000:t> en __S24__
<t:1768554000:D> **19 R1.11 Com-TD** : KOCH SONJA -> <t:1768554000:t> - <t:1768561200:t> en __S12__
<t:1768566600:D> **R1.04 Intro Systèmes-PE** : PARAUD JEAN-CHRISTOPHE -> <t:1768566600:t> - <t:1768573800:t> en __S17__
<t:1768573800:D> **16 R1.04 Intro Systèmes-TD** : PARAUD JEAN-CHRISTOPHE -> <t:1768573800:t> - <t:1768581000:t> en __S17__

[2026-01-15T21:32:16.194Z] info: Sending message to channel 1395052443192266916: <t:1768546800:D> **16 R1.04 Intro Systèmes-TD** : BUYLE-BODIN NICOLAS -> <t:1768546800:t> - <t:1768554000:t> en __S16__
<t:1768554000:D> **R1.04 Intro Systèmes-PE** : BUYLE-BODIN NICOLAS -> <t:1768554000:t> - <t:1768561200:t> en __S16__
<t:1768566600:D> **R1.01 Initiation dev-TPA** : NDIAYE SAMBA NDOJH -> <t:1768566600:t> - <t:1768573800:t> en __S16__

[2026-01-15T21:32:16.194Z] info: Message sent to channel 1395052443192266916: <t:1768546800:D> **16 R1.04 Intro Systèmes-TD** : BUYLE-BODIN NICOLAS -> <t:1768546800:t> - <t:1768554000:t> en __S16__
<t:1768554000:D> **R1.04 Intro Systèmes-PE** : BUYLE-BODIN NICOLAS -> <t:1768554000:t> - <t:1768561200:t> en __S16__
<t:1768566600:D> **R1.01 Initiation dev-TPA** : NDIAYE SAMBA NDOJH -> <t:1768566600:t> - <t:1768573800:t> en __S16__

[2026-01-15T21:32:16.195Z] info: Sending message to channel 1395052467070177290: <t:1768546800:D> **16 R1.04 Intro Systèmes-TD** : BUYLE-BODIN NICOLAS -> <t:1768546800:t> - <t:1768554000:t> en __S16__
<t:1768554000:D> **R1.04 Intro Systèmes-PE** : BUYLE-BODIN NICOLAS -> <t:1768554000:t> - <t:1768561200:t> en __S16__
<t:1768573800:D> **R1.01 Initiation dev-TPB** : NDIAYE SAMBA NDOJH -> <t:1768573800:t> - <t:1768581000:t> en __S16__

[2026-01-15T21:32:16.195Z] info: Message sent to channel 1395052467070177290: <t:1768546800:D> **16 R1.04 Intro Systèmes-TD** : BUYLE-BODIN NICOLAS -> <t:1768546800:t> - <t:1768554000:t> en __S16__
<t:1768554000:D> **R1.04 Intro Systèmes-PE** : BUYLE-BODIN NICOLAS -> <t:1768554000:t> - <t:1768561200:t> en __S16__
<t:1768573800:D> **R1.01 Initiation dev-TPB** : NDIAYE SAMBA NDOJH -> <t:1768573800:t> - <t:1768581000:t> en __S16__

[2026-01-15T21:32:16.195Z] info: Sending message to channel 1395052827985842288: <t:1768546800:D> **SAE Autonomie G5** : G5S1A -> <t:1768546800:t> - <t:1768554000:t> en __S27__
<t:1768554000:D> **SAE Autonomie G5** : G5S1A -> <t:1768554000:t> - <t:1768561200:t> en __S27__
<t:1768566600:D> **SAE Autonomie G5** : G5S1A -> <t:1768566600:t> - <t:1768573800:t> en __S27__
<t:1768573800:D> **SAE Autonomie G5** : G5S1A -> <t:1768573800:t> - <t:1768581000:t> en __S27__

[2026-01-15T21:32:16.196Z] info: Message sent to channel 1395052827985842288: <t:1768546800:D> **SAE Autonomie G5** : G5S1A -> <t:1768546800:t> - <t:1768554000:t> en __S27__
<t:1768554000:D> **SAE Autonomie G5** : G5S1A -> <t:1768554000:t> - <t:1768561200:t> en __S27__
<t:1768566600:D> **SAE Autonomie G5** : G5S1A -> <t:1768566600:t> - <t:1768573800:t> en __S27__
<t:1768573800:D> **SAE Autonomie G5** : G5S1A -> <t:1768573800:t> - <t:1768581000:t> en __S27__

[2026-01-15T21:32:16.197Z] info: Sending message to channel 1395052882486890707: <t:1768546800:D> **SAE Autonomie G5** : G5S1A -> <t:1768546800:t> - <t:1768554000:t> en __S27__
<t:1768554000:D> **SAE Autonomie G5** : G5S1A -> <t:1768554000:t> - <t:1768561200:t> en __S27__
<t:1768566600:D> **SAE Autonomie G5** : G5S1A -> <t:1768566600:t> - <t:1768573800:t> en __S27__
<t:1768573800:D> **SAE Autonomie G5** : G5S1A -> <t:1768573800:t> - <t:1768581000:t> en __S27__

[2026-01-15T21:32:16.197Z] info: Message sent to channel 1395052882486890707: <t:1768546800:D> **SAE Autonomie G5** : G5S1A -> <t:1768546800:t> - <t:1768554000:t> en __S27__
<t:1768554000:D> **SAE Autonomie G5** : G5S1A -> <t:1768554000:t> - <t:1768561200:t> en __S27__
<t:1768566600:D> **SAE Autonomie G5** : G5S1A -> <t:1768566600:t> - <t:1768573800:t> en __S27__
<t:1768573800:D> **SAE Autonomie G5** : G5S1A -> <t:1768573800:t> - <t:1768581000:t> en __S27__

[2026-01-15T21:32:16.198Z] info: Sending message to channel 1395371275643256924: <t:1768554000:D> **R3.14 PPP-entretien A** : G1S3A -> <t:1768554000:t> - <t:1768561200:t> en __040__
<t:1768573800:D> **12 R3.12 Anglais-TD** : GARACCI DANIEL -> <t:1768573800:t> - <t:1768581000:t> en __026-Langues__

[2026-01-15T21:32:16.198Z] info: Message sent to channel 1395371275643256924: <t:1768554000:D> **R3.14 PPP-entretien A** : G1S3A -> <t:1768554000:t> - <t:1768561200:t> en __040__
<t:1768573800:D> **12 R3.12 Anglais-TD** : GARACCI DANIEL -> <t:1768573800:t> - <t:1768581000:t> en __026-Langues__

[2026-01-15T21:32:16.199Z] info: Sending message to channel 1395371292533723147: <t:1768546800:D> **R3.14 PPP-entretien B** : G1S3B -> <t:1768546800:t> - <t:1768554000:t> en __S21__
<t:1768566600:D> **R3.13 communication professionnelle-TPB** : DEBOUTE JOCELYNE -> <t:1768566600:t> - <t:1768573800:t> en __S21__
<t:1768573800:D> **12 R3.12 Anglais-TD** : GARACCI DANIEL -> <t:1768573800:t> - <t:1768581000:t> en __026-Langues__

[2026-01-15T21:32:16.199Z] info: Message sent to channel 1395371292533723147: <t:1768546800:D> **R3.14 PPP-entretien B** : G1S3B -> <t:1768546800:t> - <t:1768554000:t> en __S21__
<t:1768566600:D> **R3.13 communication professionnelle-TPB** : DEBOUTE JOCELYNE -> <t:1768566600:t> - <t:1768573800:t> en __S21__
<t:1768573800:D> **12 R3.12 Anglais-TD** : GARACCI DANIEL -> <t:1768573800:t> - <t:1768581000:t> en __026-Langues__

[2026-01-15T21:32:16.200Z] info: Sending message to channel 1395371506099425310: <t:1768546800:D> **11 R3.11  Droit des contrats et du numérique-TD** : DUFOUR KARLINE -> <t:1768546800:t> - <t:1768554000:t> en __040__
<t:1768554000:D> **R3.13 communication professionnelle-TPA** : DEBOUTE JOCELYNE -> <t:1768554000:t> - <t:1768561200:t> en __S21__
<t:1768566600:D> **12 R3.12 Anglais-TD** : GARACCI DANIEL -> <t:1768566600:t> - <t:1768573800:t> en __026-Langues__

[2026-01-15T21:32:16.200Z] info: Message sent to channel 1395371506099425310: <t:1768546800:D> **11 R3.11  Droit des contrats et du numérique-TD** : DUFOUR KARLINE -> <t:1768546800:t> - <t:1768554000:t> en __040__
<t:1768554000:D> **R3.13 communication professionnelle-TPA** : DEBOUTE JOCELYNE -> <t:1768554000:t> - <t:1768561200:t> en __S21__
<t:1768566600:D> **12 R3.12 Anglais-TD** : GARACCI DANIEL -> <t:1768566600:t> - <t:1768573800:t> en __026-Langues__

[2026-01-15T21:32:16.201Z] info: Sending message to channel 1395371591797575750: <t:1768546800:D> **11 R3.11  Droit des contrats et du numérique-TD** : DUFOUR KARLINE -> <t:1768546800:t> - <t:1768554000:t> en __040__
<t:1768566600:D> **12 R3.12 Anglais-TD** : GARACCI DANIEL -> <t:1768566600:t> - <t:1768573800:t> en __026-Langues__

[2026-01-15T21:32:16.201Z] info: Message sent to channel 1395371591797575750: <t:1768546800:D> **11 R3.11  Droit des contrats et du numérique-TD** : DUFOUR KARLINE -> <t:1768546800:t> - <t:1768554000:t> en __040__
<t:1768566600:D> **12 R3.12 Anglais-TD** : GARACCI DANIEL -> <t:1768566600:t> - <t:1768573800:t> en __026-Langues__

[2026-01-15T21:32:16.201Z] info: Sending message to channel 1409494181839376455: <t:1768546800:D> **S5.A.01 SAE Dev avancé** : BUT3 RA1B -> <t:1768546800:t> - <t:1768554000:t> en __S26__
<t:1768554000:D> **11R5.A.10 MongoDB avancé** : AIDEL OSMAN -> <t:1768554000:t> - <t:1768561200:t> en __S26__
<t:1768566600:D> **21 R5.A.11 Aide à la décision TD RA** : JALOUX CHRISTOPHE -> <t:1768566600:t> - <t:1768573800:t> en __S26__
<t:1768573800:D> **R5.03 Communication TD** : DEBOUTE JOCELYNE -> <t:1768573800:t> - <t:1768581000:t> en __S10__

[2026-01-15T21:32:16.202Z] info: Message sent to channel 1409494181839376455: <t:1768546800:D> **S5.A.01 SAE Dev avancé** : BUT3 RA1B -> <t:1768546800:t> - <t:1768554000:t> en __S26__
<t:1768554000:D> **11R5.A.10 MongoDB avancé** : AIDEL OSMAN -> <t:1768554000:t> - <t:1768561200:t> en __S26__
<t:1768566600:D> **21 R5.A.11 Aide à la décision TD RA** : JALOUX CHRISTOPHE -> <t:1768566600:t> - <t:1768573800:t> en __S26__
<t:1768573800:D> **R5.03 Communication TD** : DEBOUTE JOCELYNE -> <t:1768573800:t> - <t:1768581000:t> en __S10__

[2026-01-15T21:32:16.202Z] info: Sending message to channel 1409494206942286006: <t:1768546800:D> **S5.A.01 SAE Dev avancé** : BUT3 RA1B -> <t:1768546800:t> - <t:1768554000:t> en __S26__
<t:1768554000:D> **11R5.A.10 MongoDB avancé** : AIDEL OSMAN -> <t:1768554000:t> - <t:1768561200:t> en __S26__
<t:1768566600:D> **21 R5.A.11 Aide à la décision TD RA** : JALOUX CHRISTOPHE -> <t:1768566600:t> - <t:1768573800:t> en __S26__
<t:1768573800:D> **R5.03 Communication TD** : DEBOUTE JOCELYNE -> <t:1768573800:t> - <t:1768581000:t> en __S10__

[2026-01-15T21:32:16.202Z] info: Message sent to channel 1409494206942286006: <t:1768546800:D> **S5.A.01 SAE Dev avancé** : BUT3 RA1B -> <t:1768546800:t> - <t:1768554000:t> en __S26__
<t:1768554000:D> **11R5.A.10 MongoDB avancé** : AIDEL OSMAN -> <t:1768554000:t> - <t:1768561200:t> en __S26__
<t:1768566600:D> **21 R5.A.11 Aide à la décision TD RA** : JALOUX CHRISTOPHE -> <t:1768566600:t> - <t:1768573800:t> en __S26__
<t:1768573800:D> **R5.03 Communication TD** : DEBOUTE JOCELYNE -> <t:1768573800:t> - <t:1768581000:t> en __S10__

[2026-01-15T21:32:16.203Z] info: Sending message to channel 1409495503292338257: <t:1768546800:D> **11R5.A.10 MongoDB avancé** : AIDEL OSMAN -> <t:1768546800:t> - <t:1768554000:t> en __S13__
<t:1768554000:D> **21R5.A.04 Qualité algo** : PARREAU ALINE -> <t:1768554000:t> - <t:1768561200:t> en __S13__
<t:1768566600:D> **11R5.A.04 Qualité algo** : PARREAU ALINE -> <t:1768566600:t> - <t:1768573800:t> en __S13__

[2026-01-15T21:32:16.203Z] info: Message sent to channel 1409495503292338257: <t:1768546800:D> **11R5.A.10 MongoDB avancé** : AIDEL OSMAN -> <t:1768546800:t> - <t:1768554000:t> en __S13__
<t:1768554000:D> **21R5.A.04 Qualité algo** : PARREAU ALINE -> <t:1768554000:t> - <t:1768561200:t> en __S13__
<t:1768566600:D> **11R5.A.04 Qualité algo** : PARREAU ALINE -> <t:1768566600:t> - <t:1768573800:t> en __S13__

[2026-01-15T21:32:16.204Z] info: Sending message to channel 1409495513891344426: <t:1768546800:D> **11R5.A.10 MongoDB avancé** : AIDEL OSMAN -> <t:1768546800:t> - <t:1768554000:t> en __S13__
<t:1768554000:D> **21R5.A.04 Qualité algo** : PARREAU ALINE -> <t:1768554000:t> - <t:1768561200:t> en __S13__
<t:1768566600:D> **11R5.A.04 Qualité algo** : PARREAU ALINE -> <t:1768566600:t> - <t:1768573800:t> en __S13__
<t:1768573800:D> **11R5.A.07 Automatisation TPB** : BUSSON ANTHONY -> <t:1768573800:t> - <t:1768581000:t> en __S13__

[2026-01-15T21:32:16.204Z] info: Message sent to channel 1409495513891344426: <t:1768546800:D> **11R5.A.10 MongoDB avancé** : AIDEL OSMAN -> <t:1768546800:t> - <t:1768554000:t> en __S13__
<t:1768554000:D> **21R5.A.04 Qualité algo** : PARREAU ALINE -> <t:1768554000:t> - <t:1768561200:t> en __S13__
<t:1768566600:D> **11R5.A.04 Qualité algo** : PARREAU ALINE -> <t:1768566600:t> - <t:1768573800:t> en __S13__
<t:1768573800:D> **11R5.A.07 Automatisation TPB** : BUSSON ANTHONY -> <t:1768573800:t> - <t:1768581000:t> en __S13__

[2026-01-15T21:32:16.205Z] info: Sending message to channel 1409495882436706366: <t:1768546800:D> **11 R5.B.08 Continuité de service Sauvegarde KC** : CHEKARI KARIM -> <t:1768546800:t> - <t:1768554000:t> en __S01__
<t:1768554000:D> **Perfectionnement en système et réseau P1 BUSSON** : BUSSON ANTHONY -> <t:1768554000:t> - <t:1768561200:t> en __S01__
<t:1768566600:D> **Perfectionnement en système et réseau P1 BUSSON** : BUSSON ANTHONY -> <t:1768566600:t> - <t:1768573800:t> en __S01__

[2026-01-15T21:32:16.205Z] info: Message sent to channel 1409495882436706366: <t:1768546800:D> **11 R5.B.08 Continuité de service Sauvegarde KC** : CHEKARI KARIM -> <t:1768546800:t> - <t:1768554000:t> en __S01__
<t:1768554000:D> **Perfectionnement en système et réseau P1 BUSSON** : BUSSON ANTHONY -> <t:1768554000:t> - <t:1768561200:t> en __S01__
<t:1768566600:D> **Perfectionnement en système et réseau P1 BUSSON** : BUSSON ANTHONY -> <t:1768566600:t> - <t:1768573800:t> en __S01__

[2026-01-15T21:32:16.206Z] info: Sending message to channel 1409496113396060181: <t:1768554000:D> **21 R5.C.05-2 Base de données orientées graph** : KHEDDOUCI HAMAMACHE -> <t:1768554000:t> - <t:1768561200:t> en __S22__
<t:1768564800:D> **Saé autonomie** : BUT3 AGED -> <t:1768564800:t> - <t:1768579200:t> en __S22__

[2026-01-15T21:32:16.206Z] info: Message sent to channel 1409496113396060181: <t:1768554000:D> **21 R5.C.05-2 Base de données orientées graph** : KHEDDOUCI HAMAMACHE -> <t:1768554000:t> - <t:1768561200:t> en __S22__
<t:1768564800:D> **Saé autonomie** : BUT3 AGED -> <t:1768564800:t> - <t:1768579200:t> en __S22__

[2026-01-15T21:32:16.206Z] info: Daily timetables sent
[2026-01-18T17:50:00.737Z] info: Downloading ICS files for next week for groups: aspea, aspeb, g1s1a, g1s1b, g2s1a, g2s1b, g3s1a, g3s1b, g4s1a, g4s1b, g5s1a, g5s1b, g1s3a, g1s3b, g2s3a, g2s3b, g3a2, g4s3a, g4s3b, but3ra1a, but3ra1b, but3ra2a, but3ra2b, but3ra3a, but3ra3b, but3dacs, but3aged
[2026-01-18T17:50:00.737Z] info: Downloading ICS file from https://edt.univ-lyon1.fr/jsp/custom/modules/plannings/anonymous_cal.jsp?resources=9272&projectId=1&calType=ical&firstDate=2026-01-19&lastDate=2026-01-25 to src/calendars/nextweek/aspea.ics
[2026-01-18T17:50:01.047Z] info: ICS file downloaded successfully to src/calendars/nextweek/aspea.ics
[2026-01-18T17:50:01.048Z] info: ICS file for aspea downloaded successfully.
[2026-01-18T17:50:01.048Z] info: Downloading ICS file from https://edt.univ-lyon1.fr/jsp/custom/modules/plannings/anonymous_cal.jsp?resources=18783&projectId=1&calType=ical&firstDate=2026-01-19&lastDate=2026-01-25 to src/calendars/nextweek/aspeb.ics
[2026-01-18T17:50:01.165Z] info: ICS file downloaded successfully to src/calendars/nextweek/aspeb.ics
[2026-01-18T17:50:01.165Z] info: ICS file for aspeb downloaded successfully.
[2026-01-18T17:50:01.165Z] info: Downloading ICS file from https://edt.univ-lyon1.fr/jsp/custom/modules/plannings/anonymous_cal.jsp?resources=12096&projectId=1&calType=ical&firstDate=2026-01-19&lastDate=2026-01-25 to src/calendars/nextweek/g1s1a.ics
[2026-01-18T17:50:01.303Z] info: ICS file downloaded successfully to src/calendars/nextweek/g1s1a.ics
[2026-01-18T17:50:01.303Z] info: ICS file for g1s1a downloaded successfully.
[2026-01-18T17:50:01.304Z] info: Downloading ICS file from https://edt.univ-lyon1.fr/jsp/custom/modules/plannings/anonymous_cal.jsp?resources=12102&projectId=1&calType=ical&firstDate=2026-01-19&lastDate=2026-01-25 to src/calendars/nextweek/g1s1b.ics
[2026-01-18T17:50:01.440Z] info: ICS file downloaded successfully to src/calendars/nextweek/g1s1b.ics
[2026-01-18T17:50:01.441Z] info: ICS file for g1s1b downloaded successfully.
[2026-01-18T17:50:01.441Z] info: Downloading ICS file from https://edt.univ-lyon1.fr/jsp/custom/modules/plannings/anonymous_cal.jsp?resources=12403&projectId=1&calType=ical&firstDate=2026-01-19&lastDate=2026-01-25 to src/calendars/nextweek/g2s1a.ics
[2026-01-18T17:50:01.535Z] info: ICS file downloaded successfully to src/calendars/nextweek/g2s1a.ics
[2026-01-18T17:50:01.536Z] info: ICS file for g2s1a downloaded successfully.
[2026-01-18T17:50:01.536Z] info: Downloading ICS file from https://edt.univ-lyon1.fr/jsp/custom/modules/plannings/anonymous_cal.jsp?resources=12406&projectId=1&calType=ical&firstDate=2026-01-19&lastDate=2026-01-25 to src/calendars/nextweek/g2s1b.ics
[2026-01-18T17:50:01.640Z] info: ICS file downloaded successfully to src/calendars/nextweek/g2s1b.ics
[2026-01-18T17:50:01.640Z] info: ICS file for g2s1b downloaded successfully.
[2026-01-18T17:50:01.640Z] info: Downloading ICS file from https://edt.univ-lyon1.fr/jsp/custom/modules/plannings/anonymous_cal.jsp?resources=12419&projectId=1&calType=ical&firstDate=2026-01-19&lastDate=2026-01-25 to src/calendars/nextweek/g3s1a.ics
[2026-01-18T17:50:01.713Z] info: ICS file downloaded successfully to src/calendars/nextweek/g3s1a.ics
[2026-01-18T17:50:01.713Z] info: ICS file for g3s1a downloaded successfully.
[2026-01-18T17:50:01.713Z] info: Downloading ICS file from https://edt.univ-lyon1.fr/jsp/custom/modules/plannings/anonymous_cal.jsp?resources=12425&projectId=1&calType=ical&firstDate=2026-01-19&lastDate=2026-01-25 to src/calendars/nextweek/g3s1b.ics
[2026-01-18T17:50:01.837Z] info: ICS file downloaded successfully to src/calendars/nextweek/g3s1b.ics
[2026-01-18T17:50:01.838Z] info: ICS file for g3s1b downloaded successfully.
[2026-01-18T17:50:01.838Z] info: Downloading ICS file from https://edt.univ-lyon1.fr/jsp/custom/modules/plannings/anonymous_cal.jsp?resources=12424&projectId=1&calType=ical&firstDate=2026-01-19&lastDate=2026-01-25 to src/calendars/nextweek/g4s1a.ics
[2026-01-18T17:50:01.911Z] info: ICS file downloaded successfully to src/calendars/nextweek/g4s1a.ics
[2026-01-18T17:50:01.912Z] info: ICS file for g4s1a downloaded successfully.
[2026-01-18T17:50:01.912Z] info: Downloading ICS file from https://edt.univ-lyon1.fr/jsp/custom/modules/plannings/anonymous_cal.jsp?resources=12444&projectId=1&calType=ical&firstDate=2026-01-19&lastDate=2026-01-25 to src/calendars/nextweek/g4s1b.ics
[2026-01-18T17:50:02.037Z] info: ICS file downloaded successfully to src/calendars/nextweek/g4s1b.ics
[2026-01-18T17:50:02.038Z] info: ICS file for g4s1b downloaded successfully.
[2026-01-18T17:50:02.038Z] info: Downloading ICS file from https://edt.univ-lyon1.fr/jsp/custom/modules/plannings/anonymous_cal.jsp?resources=12460&projectId=1&calType=ical&firstDate=2026-01-19&lastDate=2026-01-25 to src/calendars/nextweek/g5s1a.ics
[2026-01-18T17:50:02.156Z] info: ICS file downloaded successfully to src/calendars/nextweek/g5s1a.ics
[2026-01-18T17:50:02.157Z] info: ICS file for g5s1a downloaded successfully.
[2026-01-18T17:50:02.157Z] info: Downloading ICS file from https://edt.univ-lyon1.fr/jsp/custom/modules/plannings/anonymous_cal.jsp?resources=12461&projectId=1&calType=ical&firstDate=2026-01-19&lastDate=2026-01-25 to src/calendars/nextweek/g5s1b.ics
[2026-01-18T17:50:02.222Z] info: ICS file downloaded successfully to src/calendars/nextweek/g5s1b.ics
[2026-01-18T17:50:02.223Z] info: ICS file for g5s1b downloaded successfully.
[2026-01-18T17:50:02.223Z] info: Downloading ICS file from https://edt.univ-lyon1.fr/jsp/custom/modules/plannings/anonymous_cal.jsp?resources=35708&projectId=1&calType=ical&firstDate=2026-01-19&lastDate=2026-01-25 to src/calendars/nextweek/g1s3a.ics
[2026-01-18T17:50:02.291Z] info: ICS file downloaded successfully to src/calendars/nextweek/g1s3a.ics
[2026-01-18T17:50:02.291Z] info: ICS file for g1s3a downloaded successfully.
[2026-01-18T17:50:02.291Z] info: Downloading ICS file from https://edt.univ-lyon1.fr/jsp/custom/modules/plannings/anonymous_cal.jsp?resources=35709&projectId=1&calType=ical&firstDate=2026-01-19&lastDate=2026-01-25 to src/calendars/nextweek/g1s3b.ics
[2026-01-18T17:50:02.421Z] info: ICS file downloaded successfully to src/calendars/nextweek/g1s3b.ics
[2026-01-18T17:50:02.421Z] info: ICS file for g1s3b downloaded successfully.
[2026-01-18T17:50:02.421Z] info: Downloading ICS file from https://edt.univ-lyon1.fr/jsp/custom/modules/plannings/anonymous_cal.jsp?resources=35710&projectId=1&calType=ical&firstDate=2026-01-19&lastDate=2026-01-25 to src/calendars/nextweek/g2s3a.ics
[2026-01-18T17:50:02.527Z] info: ICS file downloaded successfully to src/calendars/nextweek/g2s3a.ics
[2026-01-18T17:50:02.527Z] info: ICS file for g2s3a downloaded successfully.
[2026-01-18T17:50:02.527Z] info: Downloading ICS file from https://edt.univ-lyon1.fr/jsp/custom/modules/plannings/anonymous_cal.jsp?resources=35713&projectId=1&calType=ical&firstDate=2026-01-19&lastDate=2026-01-25 to src/calendars/nextweek/g2s3b.ics
[2026-01-18T17:50:02.650Z] info: ICS file downloaded successfully to src/calendars/nextweek/g2s3b.ics
[2026-01-18T17:50:02.650Z] info: ICS file for g2s3b downloaded successfully.
[2026-01-18T17:50:02.650Z] info: Downloading ICS file from https://edt.univ-lyon1.fr/jsp/custom/modules/plannings/anonymous_cal.jsp?resources=35714&projectId=1&calType=ical&firstDate=2026-01-19&lastDate=2026-01-25 to src/calendars/nextweek/g3a2.ics
[2026-01-18T17:50:02.733Z] info: ICS file downloaded successfully to src/calendars/nextweek/g3a2.ics
[2026-01-18T17:50:02.733Z] info: ICS file for g3a2 downloaded successfully.
[2026-01-18T17:50:02.734Z] info: Downloading ICS file from https://edt.univ-lyon1.fr/jsp/custom/modules/plannings/anonymous_cal.jsp?resources=35717&projectId=1&calType=ical&firstDate=2026-01-19&lastDate=2026-01-25 to src/calendars/nextweek/g4s3a.ics
[2026-01-18T17:50:02.831Z] info: ICS file downloaded successfully to src/calendars/nextweek/g4s3a.ics
[2026-01-18T17:50:02.831Z] info: ICS file for g4s3a downloaded successfully.
[2026-01-18T17:50:02.832Z] info: Downloading ICS file from https://edt.univ-lyon1.fr/jsp/custom/modules/plannings/anonymous_cal.jsp?resources=35718&projectId=1&calType=ical&firstDate=2026-01-19&lastDate=2026-01-25 to src/calendars/nextweek/g4s3b.ics
[2026-01-18T17:50:02.956Z] info: ICS file downloaded successfully to src/calendars/nextweek/g4s3b.ics
[2026-01-18T17:50:02.957Z] info: ICS file for g4s3b downloaded successfully.
[2026-01-18T17:50:02.957Z] info: Downloading ICS file from https://edt.univ-lyon1.fr/jsp/custom/modules/plannings/anonymous_cal.jsp?resources=6161&projectId=1&calType=ical&firstDate=2026-01-19&lastDate=2026-01-25 to src/calendars/nextweek/but3ra1a.ics
[2026-01-18T17:50:03.043Z] info: ICS file downloaded successfully to src/calendars/nextweek/but3ra1a.ics
[2026-01-18T17:50:03.044Z] info: ICS file for but3ra1a downloaded successfully.
[2026-01-18T17:50:03.044Z] info: Downloading ICS file from https://edt.univ-lyon1.fr/jsp/custom/modules/plannings/anonymous_cal.jsp?resources=6163&projectId=1&calType=ical&firstDate=2026-01-19&lastDate=2026-01-25 to src/calendars/nextweek/but3ra1b.ics
[2026-01-18T17:50:03.100Z] info: ICS file downloaded successfully to src/calendars/nextweek/but3ra1b.ics
[2026-01-18T17:50:03.101Z] info: ICS file for but3ra1b downloaded successfully.
[2026-01-18T17:50:03.101Z] info: Downloading ICS file from https://edt.univ-lyon1.fr/jsp/custom/modules/plannings/anonymous_cal.jsp?resources=6165&projectId=1&calType=ical&firstDate=2026-01-19&lastDate=2026-01-25 to src/calendars/nextweek/but3ra2a.ics
[2026-01-18T17:50:03.249Z] info: ICS file downloaded successfully to src/calendars/nextweek/but3ra2a.ics
[2026-01-18T17:50:03.249Z] info: ICS file for but3ra2a downloaded successfully.
[2026-01-18T17:50:03.250Z] info: Downloading ICS file from https://edt.univ-lyon1.fr/jsp/custom/modules/plannings/anonymous_cal.jsp?resources=6168&projectId=1&calType=ical&firstDate=2026-01-19&lastDate=2026-01-25 to src/calendars/nextweek/but3ra2b.ics
[2026-01-18T17:50:03.349Z] info: ICS file downloaded successfully to src/calendars/nextweek/but3ra2b.ics
[2026-01-18T17:50:03.350Z] info: ICS file for but3ra2b downloaded successfully.
[2026-01-18T17:50:03.350Z] info: Downloading ICS file from https://edt.univ-lyon1.fr/jsp/custom/modules/plannings/anonymous_cal.jsp?resources=14059&projectId=1&calType=ical&firstDate=2026-01-19&lastDate=2026-01-25 to src/calendars/nextweek/but3ra3a.ics
[2026-01-18T17:50:03.424Z] info: ICS file downloaded successfully to src/calendars/nextweek/but3ra3a.ics
[2026-01-18T17:50:03.425Z] info: ICS file for but3ra3a downloaded successfully.
[2026-01-18T17:50:03.425Z] info: Downloading ICS file from https://edt.univ-lyon1.fr/jsp/custom/modules/plannings/anonymous_cal.jsp?resources=14064&projectId=1&calType=ical&firstDate=2026-01-19&lastDate=2026-01-25 to src/calendars/nextweek/but3ra3b.ics
[2026-01-18T17:50:03.496Z] info: ICS file downloaded successfully to src/calendars/nextweek/but3ra3b.ics
[2026-01-18T17:50:03.497Z] info: ICS file for but3ra3b downloaded successfully.
[2026-01-18T17:50:03.497Z] info: Downloading ICS file from https://edt.univ-lyon1.fr/jsp/custom/modules/plannings/anonymous_cal.jsp?resources=6136&projectId=1&calType=ical&firstDate=2026-01-19&lastDate=2026-01-25 to src/calendars/nextweek/but3dacs.ics
[2026-01-18T17:50:03.597Z] info: ICS file downloaded successfully to src/calendars/nextweek/but3dacs.ics
[2026-01-18T17:50:03.598Z] info: ICS file for but3dacs downloaded successfully.
[2026-01-18T17:50:03.598Z] info: Downloading ICS file from https://edt.univ-lyon1.fr/jsp/custom/modules/plannings/anonymous_cal.jsp?resources=6048&projectId=1&calType=ical&firstDate=2026-01-19&lastDate=2026-01-25 to src/calendars/nextweek/but3aged.ics
[2026-01-18T17:50:03.679Z] info: ICS file downloaded successfully to src/calendars/nextweek/but3aged.ics
[2026-01-18T17:50:03.679Z] info: ICS file for but3aged downloaded successfully.
[2026-01-18T17:50:03.679Z] info: Sending weekly timetables
[2026-01-18T17:50:03.692Z] info: Sending message to channel 1395371772550975558: <t:1768806000:D> **S2.01 Développement efficace-TD ASPE** : KHEDDOUCI HAMAMACHE -> <t:1768806000:t> - <t:1768813200:t> en __S13__
<t:1768813200:D> **S2.15 Probabilités ASPE** : JALOUX CHRISTOPHE -> <t:1768813200:t> - <t:1768820400:t> en __S10__
<t:1768827600:D> **11 S2.18 Communication-TD** : DEBOUTE JOCELYNE -> <t:1768827600:t> - <t:1768834800:t> en __S15__
<t:1768834800:D> **S2.17 Anglais ASPE** : BESSAC MARIETTE -> <t:1768834800:t> - <t:1768842000:t> en __028__
<t:1768899600:D> **11 S2.19 Gestion TD** : DUFOUR KARLINE -> <t:1768899600:t> - <t:1768906800:t> en __S12__
<t:1768914000:D> **S2.13 SQL avancé** : BARON ARIANE -> <t:1768914000:t> - <t:1768921200:t> en __S14__
<t:1768921200:D> **S2.02 IHM ASPE** : BELKHATIR MOHAMMED -> <t:1768921200:t> - <t:1768928400:t> en __S14__
<t:1768978800:D> **21 S2.19 Gestion TD** : DUFOUR KARLINE -> <t:1768978800:t> - <t:1768986000:t> en __S15__
<t:1768986000:D> **11 S2.04 Architecture logicielle** : GONCALVES ISABELLE -> <t:1768986000:t> - <t:1768993200:t> en __S16__
<t:1769000400:D> **21 S2.04 Architecture logicielle** : GONCALVES ISABELLE -> <t:1769000400:t> - <t:1769007600:t> en __S16__
<t:1769007600:D> **11Economie durable et numérique** : LAGACHE ALEXANDRA -> <t:1769007600:t> - <t:1769014800:t> en __S11__
<t:1769151600:D> **S2.15 Probabilités ASPE** : JALOUX CHRISTOPHE -> <t:1769151600:t> - <t:1769158800:t> en __S10__
<t:1769158800:D> **S2.12 Qualité de développement ASPE** : PERNELLE PHILIPPE -> <t:1769158800:t> - <t:1769166000:t> en __S16__

[2026-01-18T17:50:03.693Z] info: Message sent to channel 1395371772550975558: <t:1768806000:D> **S2.01 Développement efficace-TD ASPE** : KHEDDOUCI HAMAMACHE -> <t:1768806000:t> - <t:1768813200:t> en __S13__
<t:1768813200:D> **S2.15 Probabilités ASPE** : JALOUX CHRISTOPHE -> <t:1768813200:t> - <t:1768820400:t> en __S10__
<t:1768827600:D> **11 S2.18 Communication-TD** : DEBOUTE JOCELYNE -> <t:1768827600:t> - <t:1768834800:t> en __S15__
<t:1768834800:D> **S2.17 Anglais ASPE** : BESSAC MARIETTE -> <t:1768834800:t> - <t:1768842000:t> en __028__
<t:1768899600:D> **11 S2.19 Gestion TD** : DUFOUR KARLINE -> <t:1768899600:t> - <t:1768906800:t> en __S12__
<t:1768914000:D> **S2.13 SQL avancé** : BARON ARIANE -> <t:1768914000:t> - <t:1768921200:t> en __S14__
<t:1768921200:D> **S2.02 IHM ASPE** : BELKHATIR MOHAMMED -> <t:1768921200:t> - <t:1768928400:t> en __S14__
<t:1768978800:D> **21 S2.19 Gestion TD** : DUFOUR KARLINE -> <t:1768978800:t> - <t:1768986000:t> en __S15__
<t:1768986000:D> **11 S2.04 Architecture logicielle** : GONCALVES ISABELLE -> <t:1768986000:t> - <t:1768993200:t> en __S16__
<t:1769000400:D> **21 S2.04 Architecture logicielle** : GONCALVES ISABELLE -> <t:1769000400:t> - <t:1769007600:t> en __S16__
<t:1769007600:D> **11Economie durable et numérique** : LAGACHE ALEXANDRA -> <t:1769007600:t> - <t:1769014800:t> en __S11__
<t:1769151600:D> **S2.15 Probabilités ASPE** : JALOUX CHRISTOPHE -> <t:1769151600:t> - <t:1769158800:t> en __S10__
<t:1769158800:D> **S2.12 Qualité de développement ASPE** : PERNELLE PHILIPPE -> <t:1769158800:t> - <t:1769166000:t> en __S16__

[2026-01-18T17:50:03.694Z] info: Sending message to channel 1395052296521646282: <t:1768806000:D> **15 R1.06 Maths discrètes DS** : JALOUX CHRISTOPHE -> <t:1768806000:t> - <t:1768813200:t> en __H20__
<t:1768892400:D> **R1.08 Gestion Proj. Orga DS** : LAGACHE ALEXANDRA -> <t:1768892400:t> - <t:1768899600:t> en __H20,S04-Salle DS,S25__
<t:1768914000:D> **R1.10 Anglais-TPA P2** : CANQUE FLORENCE -> <t:1768914000:t> - <t:1768921200:t> en __028__
<t:1768921200:D> **R1.01 initiation dev DS** : BUYLE-BODIN NICOLAS -> <t:1768921200:t> - <t:1768928400:t> en __S25,Amphi1,Amphi2__
<t:1768978800:D> **R1.04 Intro Systèmes DS** : PARAUD JEAN-CHRISTOPHE -> <t:1768978800:t> - <t:1768986000:t> en __Amphi2,S25,H20__
<t:1768986000:D> **R1.05-2 SQL DS** : BENSLIMANE DJAMAL -> <t:1768986000:t> - <t:1768993200:t> en __H20,H21,Amphi2,S25__
<t:1769065200:D> **R1.11 Com-TPA** : BESSON MATHIEU -> <t:1769065200:t> - <t:1769072400:t> en __S21__
<t:1769072400:D> **22 SAE 101 102 Initiation Dev-TPA** : BUYLE-BODIN NICOLAS -> <t:1769072400:t> - <t:1769079600:t> en __S14__
<t:1769171400:D> **R1.12 PPP-TD P2** : DECHAVANNE LAURINE -> <t:1769171400:t> - <t:1769178600:t> en __S13__

[2026-01-18T17:50:03.694Z] info: Message sent to channel 1395052296521646282: <t:1768806000:D> **15 R1.06 Maths discrètes DS** : JALOUX CHRISTOPHE -> <t:1768806000:t> - <t:1768813200:t> en __H20__
<t:1768892400:D> **R1.08 Gestion Proj. Orga DS** : LAGACHE ALEXANDRA -> <t:1768892400:t> - <t:1768899600:t> en __H20,S04-Salle DS,S25__
<t:1768914000:D> **R1.10 Anglais-TPA P2** : CANQUE FLORENCE -> <t:1768914000:t> - <t:1768921200:t> en __028__
<t:1768921200:D> **R1.01 initiation dev DS** : BUYLE-BODIN NICOLAS -> <t:1768921200:t> - <t:1768928400:t> en __S25,Amphi1,Amphi2__
<t:1768978800:D> **R1.04 Intro Systèmes DS** : PARAUD JEAN-CHRISTOPHE -> <t:1768978800:t> - <t:1768986000:t> en __Amphi2,S25,H20__
<t:1768986000:D> **R1.05-2 SQL DS** : BENSLIMANE DJAMAL -> <t:1768986000:t> - <t:1768993200:t> en __H20,H21,Amphi2,S25__
<t:1769065200:D> **R1.11 Com-TPA** : BESSON MATHIEU -> <t:1769065200:t> - <t:1769072400:t> en __S21__
<t:1769072400:D> **22 SAE 101 102 Initiation Dev-TPA** : BUYLE-BODIN NICOLAS -> <t:1769072400:t> - <t:1769079600:t> en __S14__
<t:1769171400:D> **R1.12 PPP-TD P2** : DECHAVANNE LAURINE -> <t:1769171400:t> - <t:1769178600:t> en __S13__

[2026-01-18T17:50:03.697Z] info: Sending message to channel 1395052332969885726: <t:1768806000:D> **15 R1.06 Maths discrètes DS** : JALOUX CHRISTOPHE -> <t:1768806000:t> - <t:1768813200:t> en __H20__
<t:1768892400:D> **R1.08 Gestion Proj. Orga DS** : LAGACHE ALEXANDRA -> <t:1768892400:t> - <t:1768899600:t> en __H20,S04-Salle DS,S25__
<t:1768921200:D> **R1.01 initiation dev DS** : BUYLE-BODIN NICOLAS -> <t:1768921200:t> - <t:1768928400:t> en __S25,Amphi1,Amphi2__
<t:1768978800:D> **R1.04 Intro Systèmes DS** : PARAUD JEAN-CHRISTOPHE -> <t:1768978800:t> - <t:1768986000:t> en __Amphi2,S25,H20__
<t:1768986000:D> **R1.05-2 SQL DS** : BENSLIMANE DJAMAL -> <t:1768986000:t> - <t:1768993200:t> en __H20,H21,Amphi2,S25__
<t:1769000400:D> **R1.10 Anglais-TPB P2** : BESSAC MARIETTE -> <t:1769000400:t> - <t:1769007600:t> en __028__
<t:1769065200:D> **SAE 101 102 Initiation Dev-TPB** : BUYLE-BODIN NICOLAS -> <t:1769065200:t> - <t:1769072400:t> en __S17__
<t:1769072400:D> **110 R1.11 Com-TPB** : BESSON MATHIEU -> <t:1769072400:t> - <t:1769079600:t> en __037-Conseil__
<t:1769171400:D> **R1.12 PPP-TD P2** : DECHAVANNE LAURINE -> <t:1769171400:t> - <t:1769178600:t> en __S13__

[2026-01-18T17:50:03.697Z] info: Message sent to channel 1395052332969885726: <t:1768806000:D> **15 R1.06 Maths discrètes DS** : JALOUX CHRISTOPHE -> <t:1768806000:t> - <t:1768813200:t> en __H20__
<t:1768892400:D> **R1.08 Gestion Proj. Orga DS** : LAGACHE ALEXANDRA -> <t:1768892400:t> - <t:1768899600:t> en __H20,S04-Salle DS,S25__
<t:1768921200:D> **R1.01 initiation dev DS** : BUYLE-BODIN NICOLAS -> <t:1768921200:t> - <t:1768928400:t> en __S25,Amphi1,Amphi2__
<t:1768978800:D> **R1.04 Intro Systèmes DS** : PARAUD JEAN-CHRISTOPHE -> <t:1768978800:t> - <t:1768986000:t> en __Amphi2,S25,H20__
<t:1768986000:D> **R1.05-2 SQL DS** : BENSLIMANE DJAMAL -> <t:1768986000:t> - <t:1768993200:t> en __H20,H21,Amphi2,S25__
<t:1769000400:D> **R1.10 Anglais-TPB P2** : BESSAC MARIETTE -> <t:1769000400:t> - <t:1769007600:t> en __028__
<t:1769065200:D> **SAE 101 102 Initiation Dev-TPB** : BUYLE-BODIN NICOLAS -> <t:1769065200:t> - <t:1769072400:t> en __S17__
<t:1769072400:D> **110 R1.11 Com-TPB** : BESSON MATHIEU -> <t:1769072400:t> - <t:1769079600:t> en __037-Conseil__
<t:1769171400:D> **R1.12 PPP-TD P2** : DECHAVANNE LAURINE -> <t:1769171400:t> - <t:1769178600:t> en __S13__

[2026-01-18T17:50:03.698Z] info: Sending message to channel 1395052379866660874: <t:1768813200:D> **15 R1.06 Maths discrètes DS** : G2S1A -> <t:1768813200:t> - <t:1768820400:t> en __H20__
<t:1768827600:D> **R1.10 Anglais-TPA P2** : CANQUE FLORENCE -> <t:1768827600:t> - <t:1768834800:t> en __026-Langues__
<t:1768834800:D> **22 SAE 101 102 Initiation Dev-TPA** : NDIAYE SAMBA NDOJH -> <t:1768834800:t> - <t:1768842000:t> en __S24__
<t:1768892400:D> **R1.08 Gestion Proj. Orga DS** : LAGACHE ALEXANDRA -> <t:1768892400:t> - <t:1768899600:t> en __H20,S04-Salle DS,S25__
<t:1768921200:D> **R1.01 initiation dev DS** : BUYLE-BODIN NICOLAS -> <t:1768921200:t> - <t:1768928400:t> en __S25,Amphi1,Amphi2__
<t:1768978800:D> **R1.04 Intro Systèmes DS** : PARAUD JEAN-CHRISTOPHE -> <t:1768978800:t> - <t:1768986000:t> en __Amphi2,S25,H20__
<t:1768986000:D> **R1.05-2 SQL DS** : BENSLIMANE DJAMAL -> <t:1768986000:t> - <t:1768993200:t> en __H20,H21,Amphi2,S25__
<t:1769178600:D> **R1.12 PPP-TD P2** : DECHAVANNE LAURINE -> <t:1769178600:t> - <t:1769185800:t> en __S13__

[2026-01-18T17:50:03.698Z] info: Message sent to channel 1395052379866660874: <t:1768813200:D> **15 R1.06 Maths discrètes DS** : G2S1A -> <t:1768813200:t> - <t:1768820400:t> en __H20__
<t:1768827600:D> **R1.10 Anglais-TPA P2** : CANQUE FLORENCE -> <t:1768827600:t> - <t:1768834800:t> en __026-Langues__
<t:1768834800:D> **22 SAE 101 102 Initiation Dev-TPA** : NDIAYE SAMBA NDOJH -> <t:1768834800:t> - <t:1768842000:t> en __S24__
<t:1768892400:D> **R1.08 Gestion Proj. Orga DS** : LAGACHE ALEXANDRA -> <t:1768892400:t> - <t:1768899600:t> en __H20,S04-Salle DS,S25__
<t:1768921200:D> **R1.01 initiation dev DS** : BUYLE-BODIN NICOLAS -> <t:1768921200:t> - <t:1768928400:t> en __S25,Amphi1,Amphi2__
<t:1768978800:D> **R1.04 Intro Systèmes DS** : PARAUD JEAN-CHRISTOPHE -> <t:1768978800:t> - <t:1768986000:t> en __Amphi2,S25,H20__
<t:1768986000:D> **R1.05-2 SQL DS** : BENSLIMANE DJAMAL -> <t:1768986000:t> - <t:1768993200:t> en __H20,H21,Amphi2,S25__
<t:1769178600:D> **R1.12 PPP-TD P2** : DECHAVANNE LAURINE -> <t:1769178600:t> - <t:1769185800:t> en __S13__

[2026-01-18T17:50:03.699Z] info: Sending message to channel 1395052392092930048: <t:1768813200:D> **15 R1.06 Maths discrètes DS** : G2S1A -> <t:1768813200:t> - <t:1768820400:t> en __H20__
<t:1768827600:D> **R1.10 Anglais-TPB P2** : BESSAC MARIETTE -> <t:1768827600:t> - <t:1768834800:t> en __028__
<t:1768892400:D> **R1.08 Gestion Proj. Orga DS** : LAGACHE ALEXANDRA -> <t:1768892400:t> - <t:1768899600:t> en __H20,S04-Salle DS,S25__
<t:1768899600:D> **SAE 101 102 Initiation Dev-TPB** : NDIAYE SAMBA NDOJH -> <t:1768899600:t> - <t:1768906800:t> en __S03__
<t:1768921200:D> **R1.01 initiation dev DS** : BUYLE-BODIN NICOLAS -> <t:1768921200:t> - <t:1768928400:t> en __S25,Amphi1,Amphi2__
<t:1768978800:D> **R1.04 Intro Systèmes DS** : PARAUD JEAN-CHRISTOPHE -> <t:1768978800:t> - <t:1768986000:t> en __Amphi2,S25,H20__
<t:1768986000:D> **R1.05-2 SQL DS** : BENSLIMANE DJAMAL -> <t:1768986000:t> - <t:1768993200:t> en __H20,H21,Amphi2,S25__
<t:1769178600:D> **R1.12 PPP-TD P2** : DECHAVANNE LAURINE -> <t:1769178600:t> - <t:1769185800:t> en __S13__

[2026-01-18T17:50:03.700Z] info: Message sent to channel 1395052392092930048: <t:1768813200:D> **15 R1.06 Maths discrètes DS** : G2S1A -> <t:1768813200:t> - <t:1768820400:t> en __H20__
<t:1768827600:D> **R1.10 Anglais-TPB P2** : BESSAC MARIETTE -> <t:1768827600:t> - <t:1768834800:t> en __028__
<t:1768892400:D> **R1.08 Gestion Proj. Orga DS** : LAGACHE ALEXANDRA -> <t:1768892400:t> - <t:1768899600:t> en __H20,S04-Salle DS,S25__
<t:1768899600:D> **SAE 101 102 Initiation Dev-TPB** : NDIAYE SAMBA NDOJH -> <t:1768899600:t> - <t:1768906800:t> en __S03__
<t:1768921200:D> **R1.01 initiation dev DS** : BUYLE-BODIN NICOLAS -> <t:1768921200:t> - <t:1768928400:t> en __S25,Amphi1,Amphi2__
<t:1768978800:D> **R1.04 Intro Systèmes DS** : PARAUD JEAN-CHRISTOPHE -> <t:1768978800:t> - <t:1768986000:t> en __Amphi2,S25,H20__
<t:1768986000:D> **R1.05-2 SQL DS** : BENSLIMANE DJAMAL -> <t:1768986000:t> - <t:1768993200:t> en __H20,H21,Amphi2,S25__
<t:1769178600:D> **R1.12 PPP-TD P2** : DECHAVANNE LAURINE -> <t:1769178600:t> - <t:1769185800:t> en __S13__

[2026-01-18T17:50:03.701Z] info: Sending message to channel 1395056179914473612: <t:1768806000:D> **15 R1.06 Maths discrètes DS H20** : JOUBERT AUDE -> <t:1768806000:t> - <t:1768813200:t> en ____
<t:1768813200:D> **R1.10 Anglais-TPA P2** : ABAUZIT DUFAUD GISELE -> <t:1768813200:t> - <t:1768820400:t> en __028__
<t:1768892400:D> **R1.08 Gestion Proj. Orga DS** : LAGACHE ALEXANDRA -> <t:1768892400:t> - <t:1768899600:t> en __H20,S04-Salle DS,S25__
<t:1768899600:D> **R1.12 PPP-TD P2** : VIZET PONCET CECILE -> <t:1768899600:t> - <t:1768906800:t> en __040__
<t:1768921200:D> **R1.01 initiation dev DS** : BUYLE-BODIN NICOLAS -> <t:1768921200:t> - <t:1768928400:t> en __S25,Amphi1,Amphi2__
<t:1768978800:D> **R1.04 Intro Systèmes DS** : PARAUD JEAN-CHRISTOPHE -> <t:1768978800:t> - <t:1768986000:t> en __Amphi2,S25,H20__
<t:1768986000:D> **R1.05-2 SQL DS** : BENSLIMANE DJAMAL -> <t:1768986000:t> - <t:1768993200:t> en __H20,H21,Amphi2,S25__
<t:1769151600:D> **R1.11 Com-TPA** : KOCH SONJA -> <t:1769151600:t> - <t:1769158800:t> en __S15__
<t:1769158800:D> **22 SAE 101 102 Initiation Dev-TPA** : BEN HADID AMIRA -> <t:1769158800:t> - <t:1769166000:t> en __S24__

[2026-01-18T17:50:03.701Z] info: Message sent to channel 1395056179914473612: <t:1768806000:D> **15 R1.06 Maths discrètes DS H20** : JOUBERT AUDE -> <t:1768806000:t> - <t:1768813200:t> en ____
<t:1768813200:D> **R1.10 Anglais-TPA P2** : ABAUZIT DUFAUD GISELE -> <t:1768813200:t> - <t:1768820400:t> en __028__
<t:1768892400:D> **R1.08 Gestion Proj. Orga DS** : LAGACHE ALEXANDRA -> <t:1768892400:t> - <t:1768899600:t> en __H20,S04-Salle DS,S25__
<t:1768899600:D> **R1.12 PPP-TD P2** : VIZET PONCET CECILE -> <t:1768899600:t> - <t:1768906800:t> en __040__
<t:1768921200:D> **R1.01 initiation dev DS** : BUYLE-BODIN NICOLAS -> <t:1768921200:t> - <t:1768928400:t> en __S25,Amphi1,Amphi2__
<t:1768978800:D> **R1.04 Intro Systèmes DS** : PARAUD JEAN-CHRISTOPHE -> <t:1768978800:t> - <t:1768986000:t> en __Amphi2,S25,H20__
<t:1768986000:D> **R1.05-2 SQL DS** : BENSLIMANE DJAMAL -> <t:1768986000:t> - <t:1768993200:t> en __H20,H21,Amphi2,S25__
<t:1769151600:D> **R1.11 Com-TPA** : KOCH SONJA -> <t:1769151600:t> - <t:1769158800:t> en __S15__
<t:1769158800:D> **22 SAE 101 102 Initiation Dev-TPA** : BEN HADID AMIRA -> <t:1769158800:t> - <t:1769166000:t> en __S24__

[2026-01-18T17:50:03.702Z] info: Sending message to channel 1395052422401101905: <t:1768806000:D> **15 R1.06 Maths discrètes DS H20** : JOUBERT AUDE -> <t:1768806000:t> - <t:1768813200:t> en ____
<t:1768813200:D> **R1.10 Anglais-TPB P2** : CANQUE FLORENCE -> <t:1768813200:t> - <t:1768820400:t> en __026-Langues__
<t:1768892400:D> **R1.08 Gestion Proj. Orga DS** : LAGACHE ALEXANDRA -> <t:1768892400:t> - <t:1768899600:t> en __H20,S04-Salle DS,S25__
<t:1768899600:D> **R1.12 PPP-TD P2** : VIZET PONCET CECILE -> <t:1768899600:t> - <t:1768906800:t> en __040__
<t:1768921200:D> **R1.01 initiation dev DS** : BUYLE-BODIN NICOLAS -> <t:1768921200:t> - <t:1768928400:t> en __S25,Amphi1,Amphi2__
<t:1768978800:D> **R1.04 Intro Systèmes DS** : PARAUD JEAN-CHRISTOPHE -> <t:1768978800:t> - <t:1768986000:t> en __Amphi2,S25,H20__
<t:1768986000:D> **R1.05-2 SQL DS** : BENSLIMANE DJAMAL -> <t:1768986000:t> - <t:1768993200:t> en __H20,H21,Amphi2,S25__
<t:1769151600:D> **SAE 101 102 Initiation Dev-TPB** : BEN HADID AMIRA -> <t:1769151600:t> - <t:1769158800:t> en __S03__
<t:1769158800:D> **110 R1.11 Com-TPB** : KOCH SONJA -> <t:1769158800:t> - <t:1769166000:t> en __037-Conseil__

[2026-01-18T17:50:03.702Z] info: Message sent to channel 1395052422401101905: <t:1768806000:D> **15 R1.06 Maths discrètes DS H20** : JOUBERT AUDE -> <t:1768806000:t> - <t:1768813200:t> en ____
<t:1768813200:D> **R1.10 Anglais-TPB P2** : CANQUE FLORENCE -> <t:1768813200:t> - <t:1768820400:t> en __026-Langues__
<t:1768892400:D> **R1.08 Gestion Proj. Orga DS** : LAGACHE ALEXANDRA -> <t:1768892400:t> - <t:1768899600:t> en __H20,S04-Salle DS,S25__
<t:1768899600:D> **R1.12 PPP-TD P2** : VIZET PONCET CECILE -> <t:1768899600:t> - <t:1768906800:t> en __040__
<t:1768921200:D> **R1.01 initiation dev DS** : BUYLE-BODIN NICOLAS -> <t:1768921200:t> - <t:1768928400:t> en __S25,Amphi1,Amphi2__
<t:1768978800:D> **R1.04 Intro Systèmes DS** : PARAUD JEAN-CHRISTOPHE -> <t:1768978800:t> - <t:1768986000:t> en __Amphi2,S25,H20__
<t:1768986000:D> **R1.05-2 SQL DS** : BENSLIMANE DJAMAL -> <t:1768986000:t> - <t:1768993200:t> en __H20,H21,Amphi2,S25__
<t:1769151600:D> **SAE 101 102 Initiation Dev-TPB** : BEN HADID AMIRA -> <t:1769151600:t> - <t:1769158800:t> en __S03__
<t:1769158800:D> **110 R1.11 Com-TPB** : KOCH SONJA -> <t:1769158800:t> - <t:1769166000:t> en __037-Conseil__

[2026-01-18T17:50:03.704Z] info: Sending message to channel 1395052443192266916: <t:1768813200:D> **15 R1.06 Maths discrètes DS H20** : JOUBERT AUDE -> <t:1768813200:t> - <t:1768820400:t> en ____
<t:1768827600:D> **22 SAE 101 102 Initiation Dev-TPA** : ZEITOUN SEBASTIEN -> <t:1768827600:t> - <t:1768834800:t> en __S14__
<t:1768892400:D> **R1.08 Gestion Proj. Orga DS** : LAGACHE ALEXANDRA -> <t:1768892400:t> - <t:1768899600:t> en __H20,S04-Salle DS,S25__
<t:1768914000:D> **R1.12 PPP-TD P2** : VIZET PONCET CECILE -> <t:1768914000:t> - <t:1768921200:t> en __037-Conseil__
<t:1768921200:D> **R1.01 initiation dev DS** : BUYLE-BODIN NICOLAS -> <t:1768921200:t> - <t:1768928400:t> en __S25,Amphi1,Amphi2__
<t:1768978800:D> **R1.04 Intro Systèmes DS** : PARAUD JEAN-CHRISTOPHE -> <t:1768978800:t> - <t:1768986000:t> en __Amphi2,S25,H20__
<t:1768986000:D> **R1.05-2 SQL DS** : BENSLIMANE DJAMAL -> <t:1768986000:t> - <t:1768993200:t> en __H20,H21,Amphi2,S25__
<t:1769171400:D> **R1.11 Com-TPA** : DEBOUTE JOCELYNE -> <t:1769171400:t> - <t:1769178600:t> en __S12__

[2026-01-18T17:50:03.704Z] info: Message sent to channel 1395052443192266916: <t:1768813200:D> **15 R1.06 Maths discrètes DS H20** : JOUBERT AUDE -> <t:1768813200:t> - <t:1768820400:t> en ____
<t:1768827600:D> **22 SAE 101 102 Initiation Dev-TPA** : ZEITOUN SEBASTIEN -> <t:1768827600:t> - <t:1768834800:t> en __S14__
<t:1768892400:D> **R1.08 Gestion Proj. Orga DS** : LAGACHE ALEXANDRA -> <t:1768892400:t> - <t:1768899600:t> en __H20,S04-Salle DS,S25__
<t:1768914000:D> **R1.12 PPP-TD P2** : VIZET PONCET CECILE -> <t:1768914000:t> - <t:1768921200:t> en __037-Conseil__
<t:1768921200:D> **R1.01 initiation dev DS** : BUYLE-BODIN NICOLAS -> <t:1768921200:t> - <t:1768928400:t> en __S25,Amphi1,Amphi2__
<t:1768978800:D> **R1.04 Intro Systèmes DS** : PARAUD JEAN-CHRISTOPHE -> <t:1768978800:t> - <t:1768986000:t> en __Amphi2,S25,H20__
<t:1768986000:D> **R1.05-2 SQL DS** : BENSLIMANE DJAMAL -> <t:1768986000:t> - <t:1768993200:t> en __H20,H21,Amphi2,S25__
<t:1769171400:D> **R1.11 Com-TPA** : DEBOUTE JOCELYNE -> <t:1769171400:t> - <t:1769178600:t> en __S12__

[2026-01-18T17:50:03.705Z] info: Sending message to channel 1395052467070177290: <t:1768813200:D> **15 R1.06 Maths discrètes DS H20** : JOUBERT AUDE -> <t:1768813200:t> - <t:1768820400:t> en ____
<t:1768834800:D> **SAE 101 102 Initiation Dev-TPB** : ZEITOUN SEBASTIEN -> <t:1768834800:t> - <t:1768842000:t> en __S14__
<t:1768892400:D> **R1.08 Gestion Proj. Orga DS** : LAGACHE ALEXANDRA -> <t:1768892400:t> - <t:1768899600:t> en __H20,S04-Salle DS,S25__
<t:1768899600:D> **110 R1.11 Com-TPB** : DEBOUTE JOCELYNE -> <t:1768899600:t> - <t:1768906800:t> en __S15__
<t:1768914000:D> **R1.12 PPP-TD P2** : VIZET PONCET CECILE -> <t:1768914000:t> - <t:1768921200:t> en __037-Conseil__
<t:1768921200:D> **R1.01 initiation dev DS** : BUYLE-BODIN NICOLAS -> <t:1768921200:t> - <t:1768928400:t> en __S25,Amphi1,Amphi2__
<t:1768978800:D> **R1.04 Intro Systèmes DS** : PARAUD JEAN-CHRISTOPHE -> <t:1768978800:t> - <t:1768986000:t> en __Amphi2,S25,H20__
<t:1768986000:D> **R1.05-2 SQL DS** : BENSLIMANE DJAMAL -> <t:1768986000:t> - <t:1768993200:t> en __H20,H21,Amphi2,S25__

[2026-01-18T17:50:03.706Z] info: Message sent to channel 1395052467070177290: <t:1768813200:D> **15 R1.06 Maths discrètes DS H20** : JOUBERT AUDE -> <t:1768813200:t> - <t:1768820400:t> en ____
<t:1768834800:D> **SAE 101 102 Initiation Dev-TPB** : ZEITOUN SEBASTIEN -> <t:1768834800:t> - <t:1768842000:t> en __S14__
<t:1768892400:D> **R1.08 Gestion Proj. Orga DS** : LAGACHE ALEXANDRA -> <t:1768892400:t> - <t:1768899600:t> en __H20,S04-Salle DS,S25__
<t:1768899600:D> **110 R1.11 Com-TPB** : DEBOUTE JOCELYNE -> <t:1768899600:t> - <t:1768906800:t> en __S15__
<t:1768914000:D> **R1.12 PPP-TD P2** : VIZET PONCET CECILE -> <t:1768914000:t> - <t:1768921200:t> en __037-Conseil__
<t:1768921200:D> **R1.01 initiation dev DS** : BUYLE-BODIN NICOLAS -> <t:1768921200:t> - <t:1768928400:t> en __S25,Amphi1,Amphi2__
<t:1768978800:D> **R1.04 Intro Systèmes DS** : PARAUD JEAN-CHRISTOPHE -> <t:1768978800:t> - <t:1768986000:t> en __Amphi2,S25,H20__
<t:1768986000:D> **R1.05-2 SQL DS** : BENSLIMANE DJAMAL -> <t:1768986000:t> - <t:1768993200:t> en __H20,H21,Amphi2,S25__

[2026-01-18T17:50:03.707Z] info: Sending message to channel 1395052827985842288: <t:1768813200:D> **15 R1.06 Maths discrètes DS** : LEROUX STEPHANE -> <t:1768813200:t> - <t:1768820400:t> en __S25__
<t:1768827600:D> **R1.12 PPP-TD P2** : OLIVESI AURELIE -> <t:1768827600:t> - <t:1768834800:t> en __S21__
<t:1768892400:D> **R1.08 Gestion Proj. Orga DS** : LAGACHE ALEXANDRA -> <t:1768892400:t> - <t:1768899600:t> en __H20,S04-Salle DS,S25__
<t:1768914000:D> **R1.05-2 SQL-TD** : BUYLE-BODIN NICOLAS -> <t:1768914000:t> - <t:1768921200:t> en __S16__
<t:1768921200:D> **R1.01 initiation dev DS** : BUYLE-BODIN NICOLAS -> <t:1768921200:t> - <t:1768928400:t> en __S25,Amphi1,Amphi2__
<t:1768978800:D> **R1.04 Intro Systèmes DS** : PARAUD JEAN-CHRISTOPHE -> <t:1768978800:t> - <t:1768986000:t> en __Amphi2,S25,H20__
<t:1768986000:D> **R1.05-2 SQL DS** : BENSLIMANE DJAMAL -> <t:1768986000:t> - <t:1768993200:t> en __H20,H21,Amphi2,S25__
<t:1769000400:D> **R1.11 Com-TPA** : BESSON MATHIEU -> <t:1769000400:t> - <t:1769007600:t> en __037-Conseil__
<t:1769072400:D> **22 SAE 101 102 Initiation Dev-TPA** : DAUTRAIX ISABELLE -> <t:1769072400:t> - <t:1769079600:t> en __S24__
<t:1769158800:D> **R1.10 Anglais-TPA P2** : BESSAC MARIETTE -> <t:1769158800:t> - <t:1769166000:t> en __026-Langues__

[2026-01-18T17:50:03.707Z] info: Message sent to channel 1395052827985842288: <t:1768813200:D> **15 R1.06 Maths discrètes DS** : LEROUX STEPHANE -> <t:1768813200:t> - <t:1768820400:t> en __S25__
<t:1768827600:D> **R1.12 PPP-TD P2** : OLIVESI AURELIE -> <t:1768827600:t> - <t:1768834800:t> en __S21__
<t:1768892400:D> **R1.08 Gestion Proj. Orga DS** : LAGACHE ALEXANDRA -> <t:1768892400:t> - <t:1768899600:t> en __H20,S04-Salle DS,S25__
<t:1768914000:D> **R1.05-2 SQL-TD** : BUYLE-BODIN NICOLAS -> <t:1768914000:t> - <t:1768921200:t> en __S16__
<t:1768921200:D> **R1.01 initiation dev DS** : BUYLE-BODIN NICOLAS -> <t:1768921200:t> - <t:1768928400:t> en __S25,Amphi1,Amphi2__
<t:1768978800:D> **R1.04 Intro Systèmes DS** : PARAUD JEAN-CHRISTOPHE -> <t:1768978800:t> - <t:1768986000:t> en __Amphi2,S25,H20__
<t:1768986000:D> **R1.05-2 SQL DS** : BENSLIMANE DJAMAL -> <t:1768986000:t> - <t:1768993200:t> en __H20,H21,Amphi2,S25__
<t:1769000400:D> **R1.11 Com-TPA** : BESSON MATHIEU -> <t:1769000400:t> - <t:1769007600:t> en __037-Conseil__
<t:1769072400:D> **22 SAE 101 102 Initiation Dev-TPA** : DAUTRAIX ISABELLE -> <t:1769072400:t> - <t:1769079600:t> en __S24__
<t:1769158800:D> **R1.10 Anglais-TPA P2** : BESSAC MARIETTE -> <t:1769158800:t> - <t:1769166000:t> en __026-Langues__

[2026-01-18T17:50:03.708Z] info: Sending message to channel 1395052882486890707: <t:1768813200:D> **15 R1.06 Maths discrètes DS** : LEROUX STEPHANE -> <t:1768813200:t> - <t:1768820400:t> en __S25__
<t:1768827600:D> **R1.12 PPP-TD P2** : OLIVESI AURELIE -> <t:1768827600:t> - <t:1768834800:t> en __S21__
<t:1768892400:D> **R1.08 Gestion Proj. Orga DS** : LAGACHE ALEXANDRA -> <t:1768892400:t> - <t:1768899600:t> en __H20,S04-Salle DS,S25__
<t:1768899600:D> **R1.10 Anglais-TPB P2** : CANQUE FLORENCE -> <t:1768899600:t> - <t:1768906800:t> en __028__
<t:1768914000:D> **R1.05-2 SQL-TD** : BUYLE-BODIN NICOLAS -> <t:1768914000:t> - <t:1768921200:t> en __S16__
<t:1768921200:D> **R1.01 initiation dev DS** : BUYLE-BODIN NICOLAS -> <t:1768921200:t> - <t:1768928400:t> en __S25,Amphi1,Amphi2__
<t:1768978800:D> **R1.04 Intro Systèmes DS** : PARAUD JEAN-CHRISTOPHE -> <t:1768978800:t> - <t:1768986000:t> en __Amphi2,S25,H20__
<t:1768986000:D> **R1.05-2 SQL DS** : BENSLIMANE DJAMAL -> <t:1768986000:t> - <t:1768993200:t> en __H20,H21,Amphi2,S25__
<t:1769007600:D> **110 R1.11 Com-TPB** : BESSON MATHIEU -> <t:1769007600:t> - <t:1769014800:t> en __S12__
<t:1769065200:D> **SAE 101 102 Initiation Dev-TPB** : DAUTRAIX ISABELLE -> <t:1769065200:t> - <t:1769072400:t> en __S16__

[2026-01-18T17:50:03.708Z] info: Message sent to channel 1395052882486890707: <t:1768813200:D> **15 R1.06 Maths discrètes DS** : LEROUX STEPHANE -> <t:1768813200:t> - <t:1768820400:t> en __S25__
<t:1768827600:D> **R1.12 PPP-TD P2** : OLIVESI AURELIE -> <t:1768827600:t> - <t:1768834800:t> en __S21__
<t:1768892400:D> **R1.08 Gestion Proj. Orga DS** : LAGACHE ALEXANDRA -> <t:1768892400:t> - <t:1768899600:t> en __H20,S04-Salle DS,S25__
<t:1768899600:D> **R1.10 Anglais-TPB P2** : CANQUE FLORENCE -> <t:1768899600:t> - <t:1768906800:t> en __028__
<t:1768914000:D> **R1.05-2 SQL-TD** : BUYLE-BODIN NICOLAS -> <t:1768914000:t> - <t:1768921200:t> en __S16__
<t:1768921200:D> **R1.01 initiation dev DS** : BUYLE-BODIN NICOLAS -> <t:1768921200:t> - <t:1768928400:t> en __S25,Amphi1,Amphi2__
<t:1768978800:D> **R1.04 Intro Systèmes DS** : PARAUD JEAN-CHRISTOPHE -> <t:1768978800:t> - <t:1768986000:t> en __Amphi2,S25,H20__
<t:1768986000:D> **R1.05-2 SQL DS** : BENSLIMANE DJAMAL -> <t:1768986000:t> - <t:1768993200:t> en __H20,H21,Amphi2,S25__
<t:1769007600:D> **110 R1.11 Com-TPB** : BESSON MATHIEU -> <t:1769007600:t> - <t:1769014800:t> en __S12__
<t:1769065200:D> **SAE 101 102 Initiation Dev-TPB** : DAUTRAIX ISABELLE -> <t:1769065200:t> - <t:1769072400:t> en __S16__

[2026-01-18T17:50:03.709Z] info: Sending message to channel 1395371275643256924: <t:1768806000:D> **R3.04-1 Qualité de developpement-Conception DS** : DUCHENE ERIC -> <t:1768806000:t> - <t:1768813200:t> en __S25,S04-Salle DS__
<t:1768813200:D> **R3.13 communication professionnelle-TPA** : DEBOUTE JOCELYNE -> <t:1768813200:t> - <t:1768820400:t> en __S21__
<t:1768827600:D> **SAE TPA10** : JOUBERT AUDE -> <t:1768827600:t> - <t:1768834800:t> en __S11,S16__
<t:1768834800:D> **SAE TPA9** : JOUBERT AUDE -> <t:1768834800:t> - <t:1768842000:t> en __S16,S11__
<t:1768914000:D> **11 R3.02 Dév. Efficace (algo)-TD** : BEN HADID AMIRA -> <t:1768914000:t> - <t:1768921200:t> en __S27__
<t:1768978800:D> **R3.05 Programmation système-DS** : WATRIGANT REMI -> <t:1768978800:t> - <t:1768986000:t> en __H21__
<t:1769007600:D> **11 R3.02 Dév. Efficace (algo)-TD** : KHEDDOUCI HAMAMACHE -> <t:1769007600:t> - <t:1769014800:t> en __S16__

[2026-01-18T17:50:03.709Z] info: Message sent to channel 1395371275643256924: <t:1768806000:D> **R3.04-1 Qualité de developpement-Conception DS** : DUCHENE ERIC -> <t:1768806000:t> - <t:1768813200:t> en __S25,S04-Salle DS__
<t:1768813200:D> **R3.13 communication professionnelle-TPA** : DEBOUTE JOCELYNE -> <t:1768813200:t> - <t:1768820400:t> en __S21__
<t:1768827600:D> **SAE TPA10** : JOUBERT AUDE -> <t:1768827600:t> - <t:1768834800:t> en __S11,S16__
<t:1768834800:D> **SAE TPA9** : JOUBERT AUDE -> <t:1768834800:t> - <t:1768842000:t> en __S16,S11__
<t:1768914000:D> **11 R3.02 Dév. Efficace (algo)-TD** : BEN HADID AMIRA -> <t:1768914000:t> - <t:1768921200:t> en __S27__
<t:1768978800:D> **R3.05 Programmation système-DS** : WATRIGANT REMI -> <t:1768978800:t> - <t:1768986000:t> en __H21__
<t:1769007600:D> **11 R3.02 Dév. Efficace (algo)-TD** : KHEDDOUCI HAMAMACHE -> <t:1769007600:t> - <t:1769014800:t> en __S16__

[2026-01-18T17:50:03.710Z] info: Sending message to channel 1395371292533723147: <t:1768806000:D> **R3.04-1 Qualité de developpement-Conception DS** : DUCHENE ERIC -> <t:1768806000:t> - <t:1768813200:t> en __S25,S04-Salle DS__
<t:1768892400:D> **SAE TPB9** : JOUBERT AUDE -> <t:1768892400:t> - <t:1768899600:t> en __S16,S11__
<t:1768899600:D> **SAE TPB10** : JOUBERT AUDE -> <t:1768899600:t> - <t:1768906800:t> en __S11,S16__
<t:1768914000:D> **11 R3.02 Dév. Efficace (algo)-TD** : BEN HADID AMIRA -> <t:1768914000:t> - <t:1768921200:t> en __S27__
<t:1768978800:D> **R3.05 Programmation système-DS** : WATRIGANT REMI -> <t:1768978800:t> - <t:1768986000:t> en __H21__
<t:1768986000:D> **R3.13 communication professionnelle-TPB** : DEBOUTE JOCELYNE -> <t:1768986000:t> - <t:1768993200:t> en __S21__
<t:1769007600:D> **11 R3.02 Dév. Efficace (algo)-TD** : KHEDDOUCI HAMAMACHE -> <t:1769007600:t> - <t:1769014800:t> en __S16__

[2026-01-18T17:50:03.711Z] info: Message sent to channel 1395371292533723147: <t:1768806000:D> **R3.04-1 Qualité de developpement-Conception DS** : DUCHENE ERIC -> <t:1768806000:t> - <t:1768813200:t> en __S25,S04-Salle DS__
<t:1768892400:D> **SAE TPB9** : JOUBERT AUDE -> <t:1768892400:t> - <t:1768899600:t> en __S16,S11__
<t:1768899600:D> **SAE TPB10** : JOUBERT AUDE -> <t:1768899600:t> - <t:1768906800:t> en __S11,S16__
<t:1768914000:D> **11 R3.02 Dév. Efficace (algo)-TD** : BEN HADID AMIRA -> <t:1768914000:t> - <t:1768921200:t> en __S27__
<t:1768978800:D> **R3.05 Programmation système-DS** : WATRIGANT REMI -> <t:1768978800:t> - <t:1768986000:t> en __H21__
<t:1768986000:D> **R3.13 communication professionnelle-TPB** : DEBOUTE JOCELYNE -> <t:1768986000:t> - <t:1768993200:t> en __S21__
<t:1769007600:D> **11 R3.02 Dév. Efficace (algo)-TD** : KHEDDOUCI HAMAMACHE -> <t:1769007600:t> - <t:1769014800:t> en __S16__

[2026-01-18T17:50:03.712Z] info: Sending message to channel 1395371451573600287: <t:1768806000:D> **R3.04-1 Qualité de developpement-Conception DS** : DUCHENE ERIC -> <t:1768806000:t> - <t:1768813200:t> en __S25,S04-Salle DS__
<t:1768813200:D> **11 R3.02 Dév. Efficace (algo)-TD** : KHEDDOUCI HAMAMACHE -> <t:1768813200:t> - <t:1768820400:t> en __S17__
<t:1768892400:D> **SAE TPA10** : JALOUX CHRISTOPHE -> <t:1768892400:t> - <t:1768899600:t> en __S10,S17__
<t:1768899600:D> **SAE TPA9** : JALOUX CHRISTOPHE -> <t:1768899600:t> - <t:1768906800:t> en __S17,S10__
<t:1768914000:D> **12 R3.12 Anglais-TD** : BESSAC MARIETTE -> <t:1768914000:t> - <t:1768921200:t> en __026-Langues__
<t:1768921200:D> **12 R3.12 Anglais-TD** : BESSAC MARIETTE -> <t:1768921200:t> - <t:1768928400:t> en __026-Langues__
<t:1768978800:D> **R3.05 Programmation système-DS** : WATRIGANT REMI -> <t:1768978800:t> - <t:1768986000:t> en __H21__
<t:1769007600:D> **R3.13 communication professionnelle-TPA** : DEBOUTE JOCELYNE -> <t:1769007600:t> - <t:1769014800:t> en __S21__
<t:1769171400:D> **11 R3.02 Dév. Efficace (algo)-TD** : BEN HADID AMIRA -> <t:1769171400:t> - <t:1769178600:t> en __S14__

[2026-01-18T17:50:03.712Z] info: Message sent to channel 1395371451573600287: <t:1768806000:D> **R3.04-1 Qualité de developpement-Conception DS** : DUCHENE ERIC -> <t:1768806000:t> - <t:1768813200:t> en __S25,S04-Salle DS__
<t:1768813200:D> **11 R3.02 Dév. Efficace (algo)-TD** : KHEDDOUCI HAMAMACHE -> <t:1768813200:t> - <t:1768820400:t> en __S17__
<t:1768892400:D> **SAE TPA10** : JALOUX CHRISTOPHE -> <t:1768892400:t> - <t:1768899600:t> en __S10,S17__
<t:1768899600:D> **SAE TPA9** : JALOUX CHRISTOPHE -> <t:1768899600:t> - <t:1768906800:t> en __S17,S10__
<t:1768914000:D> **12 R3.12 Anglais-TD** : BESSAC MARIETTE -> <t:1768914000:t> - <t:1768921200:t> en __026-Langues__
<t:1768921200:D> **12 R3.12 Anglais-TD** : BESSAC MARIETTE -> <t:1768921200:t> - <t:1768928400:t> en __026-Langues__
<t:1768978800:D> **R3.05 Programmation système-DS** : WATRIGANT REMI -> <t:1768978800:t> - <t:1768986000:t> en __H21__
<t:1769007600:D> **R3.13 communication professionnelle-TPA** : DEBOUTE JOCELYNE -> <t:1769007600:t> - <t:1769014800:t> en __S21__
<t:1769171400:D> **11 R3.02 Dév. Efficace (algo)-TD** : BEN HADID AMIRA -> <t:1769171400:t> - <t:1769178600:t> en __S14__

[2026-01-18T17:50:03.713Z] info: Sending message to channel 1395371471345553540: <t:1768806000:D> **R3.04-1 Qualité de developpement-Conception DS** : DUCHENE ERIC -> <t:1768806000:t> - <t:1768813200:t> en __S25,S04-Salle DS__
<t:1768813200:D> **11 R3.02 Dév. Efficace (algo)-TD** : KHEDDOUCI HAMAMACHE -> <t:1768813200:t> - <t:1768820400:t> en __S17__
<t:1768827600:D> **SAE TPB9** : JALOUX CHRISTOPHE -> <t:1768827600:t> - <t:1768834800:t> en __S10,S17__
<t:1768834800:D> **SAE TPB10** : JALOUX CHRISTOPHE -> <t:1768834800:t> - <t:1768842000:t> en __S10,S17__
<t:1768914000:D> **12 R3.12 Anglais-TD** : BESSAC MARIETTE -> <t:1768914000:t> - <t:1768921200:t> en __026-Langues__
<t:1768921200:D> **12 R3.12 Anglais-TD** : BESSAC MARIETTE -> <t:1768921200:t> - <t:1768928400:t> en __026-Langues__
<t:1768978800:D> **R3.05 Programmation système-DS** : WATRIGANT REMI -> <t:1768978800:t> - <t:1768986000:t> en __H21__
<t:1769000400:D> **R3.13 communication professionnelle-TPB** : DEBOUTE JOCELYNE -> <t:1769000400:t> - <t:1769007600:t> en __S21__
<t:1769171400:D> **11 R3.02 Dév. Efficace (algo)-TD** : BEN HADID AMIRA -> <t:1769171400:t> - <t:1769178600:t> en __S14__

[2026-01-18T17:50:03.714Z] info: Message sent to channel 1395371471345553540: <t:1768806000:D> **R3.04-1 Qualité de developpement-Conception DS** : DUCHENE ERIC -> <t:1768806000:t> - <t:1768813200:t> en __S25,S04-Salle DS__
<t:1768813200:D> **11 R3.02 Dév. Efficace (algo)-TD** : KHEDDOUCI HAMAMACHE -> <t:1768813200:t> - <t:1768820400:t> en __S17__
<t:1768827600:D> **SAE TPB9** : JALOUX CHRISTOPHE -> <t:1768827600:t> - <t:1768834800:t> en __S10,S17__
<t:1768834800:D> **SAE TPB10** : JALOUX CHRISTOPHE -> <t:1768834800:t> - <t:1768842000:t> en __S10,S17__
<t:1768914000:D> **12 R3.12 Anglais-TD** : BESSAC MARIETTE -> <t:1768914000:t> - <t:1768921200:t> en __026-Langues__
<t:1768921200:D> **12 R3.12 Anglais-TD** : BESSAC MARIETTE -> <t:1768921200:t> - <t:1768928400:t> en __026-Langues__
<t:1768978800:D> **R3.05 Programmation système-DS** : WATRIGANT REMI -> <t:1768978800:t> - <t:1768986000:t> en __H21__
<t:1769000400:D> **R3.13 communication professionnelle-TPB** : DEBOUTE JOCELYNE -> <t:1769000400:t> - <t:1769007600:t> en __S21__
<t:1769171400:D> **11 R3.02 Dév. Efficace (algo)-TD** : BEN HADID AMIRA -> <t:1769171400:t> - <t:1769178600:t> en __S14__

[2026-01-18T17:50:03.715Z] info: Sending message to channel 1395371640291983370: <t:1768813200:D> **22 R3.07 SQL et Programmation TP** : BARON ARIANE -> <t:1768813200:t> - <t:1768820400:t> en __S27__
<t:1768827600:D> **14 R3.09 Cryptographie-TP** : LEROUX STEPHANE -> <t:1768827600:t> - <t:1768834800:t> en __S13__
<t:1768834800:D> **SAES3 encadré** : VIDAL VINCENT -> <t:1768834800:t> - <t:1768842000:t> en __S13__
<t:1768892400:D> **R3.02 Dev efficaceTD** : KHEDDOUCI HAMAMACHE -> <t:1768892400:t> - <t:1768899600:t> en __S15__
<t:1768899600:D> **21 R3.09 Cryptographie-TD** : LEROUX STEPHANE -> <t:1768899600:t> - <t:1768906800:t> en __S13__
<t:1768914000:D> **SAE Autonomie** : G3S3S4 -> <t:1768914000:t> - <t:1768921200:t> en __S13__
<t:1768978800:D> **13 R3.03 Analyse-TD** : FACI NOURA -> <t:1768978800:t> - <t:1768986000:t> en __S13__
<t:1768986000:D> **11 R3.11 Droit des contrats et du numérique-TD** : DUFOUR KARLINE -> <t:1768986000:t> - <t:1768993200:t> en __040__
<t:1769000400:D> **R3.06 Archi réseaux-TD** : CHEKARI KARIM -> <t:1769000400:t> - <t:1769007600:t> en __S13__
<t:1769007600:D> **R3.06 Archi réseaux-TP** : CHEKARI KARIM -> <t:1769007600:t> - <t:1769014800:t> en __S18 - TP Réseau__
<t:1769072400:D> **21 R3.11 Droit des contrats et du numérique-TD** : DUFOUR KARLINE -> <t:1769072400:t> - <t:1769079600:t> en __S11__
<t:1769086800:D> **R3.06 Archi réseaux-TD** : CHEKARI KARIM -> <t:1769086800:t> - <t:1769094000:t> en __S13__
<t:1769151600:D> **R3.07 SQL et Programmation TD** : BARON ARIANE -> <t:1769151600:t> - <t:1769158800:t> en __S27__
<t:1769158800:D> **11 R3.14 PPP-TD** : DEBOUTE JOCELYNE -> <t:1769158800:t> - <t:1769166000:t> en __S10__

[2026-01-18T17:50:03.715Z] info: Message sent to channel 1395371640291983370: <t:1768813200:D> **22 R3.07 SQL et Programmation TP** : BARON ARIANE -> <t:1768813200:t> - <t:1768820400:t> en __S27__
<t:1768827600:D> **14 R3.09 Cryptographie-TP** : LEROUX STEPHANE -> <t:1768827600:t> - <t:1768834800:t> en __S13__
<t:1768834800:D> **SAES3 encadré** : VIDAL VINCENT -> <t:1768834800:t> - <t:1768842000:t> en __S13__
<t:1768892400:D> **R3.02 Dev efficaceTD** : KHEDDOUCI HAMAMACHE -> <t:1768892400:t> - <t:1768899600:t> en __S15__
<t:1768899600:D> **21 R3.09 Cryptographie-TD** : LEROUX STEPHANE -> <t:1768899600:t> - <t:1768906800:t> en __S13__
<t:1768914000:D> **SAE Autonomie** : G3S3S4 -> <t:1768914000:t> - <t:1768921200:t> en __S13__
<t:1768978800:D> **13 R3.03 Analyse-TD** : FACI NOURA -> <t:1768978800:t> - <t:1768986000:t> en __S13__
<t:1768986000:D> **11 R3.11 Droit des contrats et du numérique-TD** : DUFOUR KARLINE -> <t:1768986000:t> - <t:1768993200:t> en __040__
<t:1769000400:D> **R3.06 Archi réseaux-TD** : CHEKARI KARIM -> <t:1769000400:t> - <t:1769007600:t> en __S13__
<t:1769007600:D> **R3.06 Archi réseaux-TP** : CHEKARI KARIM -> <t:1769007600:t> - <t:1769014800:t> en __S18 - TP Réseau__
<t:1769072400:D> **21 R3.11 Droit des contrats et du numérique-TD** : DUFOUR KARLINE -> <t:1769072400:t> - <t:1769079600:t> en __S11__
<t:1769086800:D> **R3.06 Archi réseaux-TD** : CHEKARI KARIM -> <t:1769086800:t> - <t:1769094000:t> en __S13__
<t:1769151600:D> **R3.07 SQL et Programmation TD** : BARON ARIANE -> <t:1769151600:t> - <t:1769158800:t> en __S27__
<t:1769158800:D> **11 R3.14 PPP-TD** : DEBOUTE JOCELYNE -> <t:1769158800:t> - <t:1769166000:t> en __S10__

[2026-01-18T17:50:03.716Z] info: Sending message to channel 1395371506099425310: <t:1768806000:D> **R3.04-1 Qualité de developpement-Conception DS** : DUCHENE ERIC -> <t:1768806000:t> - <t:1768813200:t> en __S25,S04-Salle DS__
<t:1768834800:D> **R3.13 communication professionnelle-TPA** : DEBOUTE JOCELYNE -> <t:1768834800:t> - <t:1768842000:t> en __S21__
<t:1768892400:D> **R3.13 communication professionnelle-TPB** : DEBOUTE JOCELYNE -> <t:1768892400:t> - <t:1768899600:t> en __S21__
<t:1768899600:D> **11 R3.02 Dév. Efficace (algo)-TD** : BEN HADID AMIRA -> <t:1768899600:t> - <t:1768906800:t> en __S14__
<t:1768914000:D> **SAE TPA9** : PEYTAVIE ADRIEN -> <t:1768914000:t> - <t:1768921200:t> en __S12,S17__
<t:1768921200:D> **SAE TPA10** : PEYTAVIE ADRIEN -> <t:1768921200:t> - <t:1768928400:t> en __S12,S17__
<t:1768978800:D> **R3.05 Programmation système-DS** : WATRIGANT REMI -> <t:1768978800:t> - <t:1768986000:t> en __H21__
<t:1768986000:D> **11 R3.02 Dév. Efficace (algo)-TD** : KHEDDOUCI HAMAMACHE -> <t:1768986000:t> - <t:1768993200:t> en __S17__
<t:1769000400:D> **11 R3.02 Dév. Efficace (algo)-TD** : KHEDDOUCI HAMAMACHE -> <t:1769000400:t> - <t:1769007600:t> en __S14__

[2026-01-18T17:50:03.716Z] info: Message sent to channel 1395371506099425310: <t:1768806000:D> **R3.04-1 Qualité de developpement-Conception DS** : DUCHENE ERIC -> <t:1768806000:t> - <t:1768813200:t> en __S25,S04-Salle DS__
<t:1768834800:D> **R3.13 communication professionnelle-TPA** : DEBOUTE JOCELYNE -> <t:1768834800:t> - <t:1768842000:t> en __S21__
<t:1768892400:D> **R3.13 communication professionnelle-TPB** : DEBOUTE JOCELYNE -> <t:1768892400:t> - <t:1768899600:t> en __S21__
<t:1768899600:D> **11 R3.02 Dév. Efficace (algo)-TD** : BEN HADID AMIRA -> <t:1768899600:t> - <t:1768906800:t> en __S14__
<t:1768914000:D> **SAE TPA9** : PEYTAVIE ADRIEN -> <t:1768914000:t> - <t:1768921200:t> en __S12,S17__
<t:1768921200:D> **SAE TPA10** : PEYTAVIE ADRIEN -> <t:1768921200:t> - <t:1768928400:t> en __S12,S17__
<t:1768978800:D> **R3.05 Programmation système-DS** : WATRIGANT REMI -> <t:1768978800:t> - <t:1768986000:t> en __H21__
<t:1768986000:D> **11 R3.02 Dév. Efficace (algo)-TD** : KHEDDOUCI HAMAMACHE -> <t:1768986000:t> - <t:1768993200:t> en __S17__
<t:1769000400:D> **11 R3.02 Dév. Efficace (algo)-TD** : KHEDDOUCI HAMAMACHE -> <t:1769000400:t> - <t:1769007600:t> en __S14__

[2026-01-18T17:50:03.718Z] info: Sending message to channel 1395371591797575750: <t:1768806000:D> **R3.04-1 Qualité de developpement-Conception DS** : DUCHENE ERIC -> <t:1768806000:t> - <t:1768813200:t> en __S25,S04-Salle DS__
<t:1768827600:D> **SAE TPB9** : PEYTAVIE ADRIEN -> <t:1768827600:t> - <t:1768834800:t> en __S12,S03__
<t:1768834800:D> **SAE TPB10** : PEYTAVIE ADRIEN -> <t:1768834800:t> - <t:1768842000:t> en __S03,S12__
<t:1768892400:D> **R3.13 communication professionnelle-TPB** : DEBOUTE JOCELYNE -> <t:1768892400:t> - <t:1768899600:t> en __S21__
<t:1768899600:D> **11 R3.02 Dév. Efficace (algo)-TD** : BEN HADID AMIRA -> <t:1768899600:t> - <t:1768906800:t> en __S14__
<t:1768978800:D> **R3.05 Programmation système-DS** : WATRIGANT REMI -> <t:1768978800:t> - <t:1768986000:t> en __H21__
<t:1768986000:D> **11 R3.02 Dév. Efficace (algo)-TD** : KHEDDOUCI HAMAMACHE -> <t:1768986000:t> - <t:1768993200:t> en __S17__
<t:1769000400:D> **11 R3.02 Dév. Efficace (algo)-TD** : KHEDDOUCI HAMAMACHE -> <t:1769000400:t> - <t:1769007600:t> en __S14__

[2026-01-18T17:50:03.718Z] info: Message sent to channel 1395371591797575750: <t:1768806000:D> **R3.04-1 Qualité de developpement-Conception DS** : DUCHENE ERIC -> <t:1768806000:t> - <t:1768813200:t> en __S25,S04-Salle DS__
<t:1768827600:D> **SAE TPB9** : PEYTAVIE ADRIEN -> <t:1768827600:t> - <t:1768834800:t> en __S12,S03__
<t:1768834800:D> **SAE TPB10** : PEYTAVIE ADRIEN -> <t:1768834800:t> - <t:1768842000:t> en __S03,S12__
<t:1768892400:D> **R3.13 communication professionnelle-TPB** : DEBOUTE JOCELYNE -> <t:1768892400:t> - <t:1768899600:t> en __S21__
<t:1768899600:D> **11 R3.02 Dév. Efficace (algo)-TD** : BEN HADID AMIRA -> <t:1768899600:t> - <t:1768906800:t> en __S14__
<t:1768978800:D> **R3.05 Programmation système-DS** : WATRIGANT REMI -> <t:1768978800:t> - <t:1768986000:t> en __H21__
<t:1768986000:D> **11 R3.02 Dév. Efficace (algo)-TD** : KHEDDOUCI HAMAMACHE -> <t:1768986000:t> - <t:1768993200:t> en __S17__
<t:1769000400:D> **11 R3.02 Dév. Efficace (algo)-TD** : KHEDDOUCI HAMAMACHE -> <t:1769000400:t> - <t:1769007600:t> en __S14__

[2026-01-18T17:50:03.723Z] info: Message sent to channel 1409494803489488986 in 24 parts.
[2026-01-18T17:50:03.728Z] info: Message sent to channel 1409494819574775808 in 23 parts.
[2026-01-18T17:50:03.729Z] info: Weekly timetables sent
[2026-01-18T18:00:00.397Z] info: Downloading ICS files for tomorrow for groups: aspea, aspeb, g1s1a, g1s1b, g2s1a, g2s1b, g3s1a, g3s1b, g4s1a, g4s1b, g5s1a, g5s1b, g1s3a, g1s3b, g2s3a, g2s3b, g3a2, g4s3a, g4s3b, but3ra1a, but3ra1b, but3ra2a, but3ra2b, but3ra3a, but3ra3b, but3dacs, but3aged
[2026-01-18T18:00:00.398Z] info: Downloading ICS file from https://edt.univ-lyon1.fr/jsp/custom/modules/plannings/anonymous_cal.jsp?resources=9272&projectId=1&calType=ical&firstDate=2026-01-19&lastDate=2026-01-19 to src/calendars/tomorrow/aspea.ics
[2026-01-18T18:00:00.498Z] info: ICS file downloaded successfully to src/calendars/tomorrow/aspea.ics
[2026-01-18T18:00:00.498Z] info: ICS file for aspea downloaded successfully.
[2026-01-18T18:00:00.499Z] info: Downloading ICS file from https://edt.univ-lyon1.fr/jsp/custom/modules/plannings/anonymous_cal.jsp?resources=18783&projectId=1&calType=ical&firstDate=2026-01-19&lastDate=2026-01-19 to src/calendars/tomorrow/aspeb.ics
[2026-01-18T18:00:00.572Z] info: ICS file downloaded successfully to src/calendars/tomorrow/aspeb.ics
[2026-01-18T18:00:00.572Z] info: ICS file for aspeb downloaded successfully.
[2026-01-18T18:00:00.572Z] info: Downloading ICS file from https://edt.univ-lyon1.fr/jsp/custom/modules/plannings/anonymous_cal.jsp?resources=12096&projectId=1&calType=ical&firstDate=2026-01-19&lastDate=2026-01-19 to src/calendars/tomorrow/g1s1a.ics
[2026-01-18T18:00:00.663Z] info: ICS file downloaded successfully to src/calendars/tomorrow/g1s1a.ics
[2026-01-18T18:00:00.664Z] info: ICS file for g1s1a downloaded successfully.
[2026-01-18T18:00:00.664Z] info: Downloading ICS file from https://edt.univ-lyon1.fr/jsp/custom/modules/plannings/anonymous_cal.jsp?resources=12102&projectId=1&calType=ical&firstDate=2026-01-19&lastDate=2026-01-19 to src/calendars/tomorrow/g1s1b.ics
[2026-01-18T18:00:00.747Z] info: ICS file downloaded successfully to src/calendars/tomorrow/g1s1b.ics
[2026-01-18T18:00:00.748Z] info: ICS file for g1s1b downloaded successfully.
[2026-01-18T18:00:00.748Z] info: Downloading ICS file from https://edt.univ-lyon1.fr/jsp/custom/modules/plannings/anonymous_cal.jsp?resources=12403&projectId=1&calType=ical&firstDate=2026-01-19&lastDate=2026-01-19 to src/calendars/tomorrow/g2s1a.ics
[2026-01-18T18:00:00.848Z] info: ICS file downloaded successfully to src/calendars/tomorrow/g2s1a.ics
[2026-01-18T18:00:00.848Z] info: ICS file for g2s1a downloaded successfully.
[2026-01-18T18:00:00.848Z] info: Downloading ICS file from https://edt.univ-lyon1.fr/jsp/custom/modules/plannings/anonymous_cal.jsp?resources=12406&projectId=1&calType=ical&firstDate=2026-01-19&lastDate=2026-01-19 to src/calendars/tomorrow/g2s1b.ics
[2026-01-18T18:00:00.931Z] info: ICS file downloaded successfully to src/calendars/tomorrow/g2s1b.ics
[2026-01-18T18:00:00.931Z] info: ICS file for g2s1b downloaded successfully.
[2026-01-18T18:00:00.931Z] info: Downloading ICS file from https://edt.univ-lyon1.fr/jsp/custom/modules/plannings/anonymous_cal.jsp?resources=12419&projectId=1&calType=ical&firstDate=2026-01-19&lastDate=2026-01-19 to src/calendars/tomorrow/g3s1a.ics
[2026-01-18T18:00:01.060Z] info: ICS file downloaded successfully to src/calendars/tomorrow/g3s1a.ics
[2026-01-18T18:00:01.060Z] info: ICS file for g3s1a downloaded successfully.
[2026-01-18T18:00:01.060Z] info: Downloading ICS file from https://edt.univ-lyon1.fr/jsp/custom/modules/plannings/anonymous_cal.jsp?resources=12425&projectId=1&calType=ical&firstDate=2026-01-19&lastDate=2026-01-19 to src/calendars/tomorrow/g3s1b.ics
[2026-01-18T18:00:01.185Z] info: ICS file downloaded successfully to src/calendars/tomorrow/g3s1b.ics
[2026-01-18T18:00:01.186Z] info: ICS file for g3s1b downloaded successfully.
[2026-01-18T18:00:01.186Z] info: Downloading ICS file from https://edt.univ-lyon1.fr/jsp/custom/modules/plannings/anonymous_cal.jsp?resources=12424&projectId=1&calType=ical&firstDate=2026-01-19&lastDate=2026-01-19 to src/calendars/tomorrow/g4s1a.ics
[2026-01-18T18:00:01.285Z] info: ICS file downloaded successfully to src/calendars/tomorrow/g4s1a.ics
[2026-01-18T18:00:01.285Z] info: ICS file for g4s1a downloaded successfully.
[2026-01-18T18:00:01.286Z] info: Downloading ICS file from https://edt.univ-lyon1.fr/jsp/custom/modules/plannings/anonymous_cal.jsp?resources=12444&projectId=1&calType=ical&firstDate=2026-01-19&lastDate=2026-01-19 to src/calendars/tomorrow/g4s1b.ics
[2026-01-18T18:00:01.373Z] info: ICS file downloaded successfully to src/calendars/tomorrow/g4s1b.ics
[2026-01-18T18:00:01.373Z] info: ICS file for g4s1b downloaded successfully.
[2026-01-18T18:00:01.373Z] info: Downloading ICS file from https://edt.univ-lyon1.fr/jsp/custom/modules/plannings/anonymous_cal.jsp?resources=12460&projectId=1&calType=ical&firstDate=2026-01-19&lastDate=2026-01-19 to src/calendars/tomorrow/g5s1a.ics
[2026-01-18T18:00:01.505Z] info: ICS file downloaded successfully to src/calendars/tomorrow/g5s1a.ics
[2026-01-18T18:00:01.506Z] info: ICS file for g5s1a downloaded successfully.
[2026-01-18T18:00:01.506Z] info: Downloading ICS file from https://edt.univ-lyon1.fr/jsp/custom/modules/plannings/anonymous_cal.jsp?resources=12461&projectId=1&calType=ical&firstDate=2026-01-19&lastDate=2026-01-19 to src/calendars/tomorrow/g5s1b.ics
[2026-01-18T18:00:01.597Z] info: ICS file downloaded successfully to src/calendars/tomorrow/g5s1b.ics
[2026-01-18T18:00:01.597Z] info: ICS file for g5s1b downloaded successfully.
[2026-01-18T18:00:01.597Z] info: Downloading ICS file from https://edt.univ-lyon1.fr/jsp/custom/modules/plannings/anonymous_cal.jsp?resources=35708&projectId=1&calType=ical&firstDate=2026-01-19&lastDate=2026-01-19 to src/calendars/tomorrow/g1s3a.ics
[2026-01-18T18:00:01.678Z] info: ICS file downloaded successfully to src/calendars/tomorrow/g1s3a.ics
[2026-01-18T18:00:01.678Z] info: ICS file for g1s3a downloaded successfully.
[2026-01-18T18:00:01.679Z] info: Downloading ICS file from https://edt.univ-lyon1.fr/jsp/custom/modules/plannings/anonymous_cal.jsp?resources=35709&projectId=1&calType=ical&firstDate=2026-01-19&lastDate=2026-01-19 to src/calendars/tomorrow/g1s3b.ics
[2026-01-18T18:00:01.777Z] info: ICS file downloaded successfully to src/calendars/tomorrow/g1s3b.ics
[2026-01-18T18:00:01.778Z] info: ICS file for g1s3b downloaded successfully.
[2026-01-18T18:00:01.778Z] info: Downloading ICS file from https://edt.univ-lyon1.fr/jsp/custom/modules/plannings/anonymous_cal.jsp?resources=35710&projectId=1&calType=ical&firstDate=2026-01-19&lastDate=2026-01-19 to src/calendars/tomorrow/g2s3a.ics
[2026-01-18T18:00:01.874Z] info: ICS file downloaded successfully to src/calendars/tomorrow/g2s3a.ics
[2026-01-18T18:00:01.875Z] info: ICS file for g2s3a downloaded successfully.
[2026-01-18T18:00:01.875Z] info: Downloading ICS file from https://edt.univ-lyon1.fr/jsp/custom/modules/plannings/anonymous_cal.jsp?resources=35713&projectId=1&calType=ical&firstDate=2026-01-19&lastDate=2026-01-19 to src/calendars/tomorrow/g2s3b.ics
[2026-01-18T18:00:01.949Z] info: ICS file downloaded successfully to src/calendars/tomorrow/g2s3b.ics
[2026-01-18T18:00:01.949Z] info: ICS file for g2s3b downloaded successfully.
[2026-01-18T18:00:01.949Z] info: Downloading ICS file from https://edt.univ-lyon1.fr/jsp/custom/modules/plannings/anonymous_cal.jsp?resources=35714&projectId=1&calType=ical&firstDate=2026-01-19&lastDate=2026-01-19 to src/calendars/tomorrow/g3a2.ics
[2026-01-18T18:00:02.046Z] info: ICS file downloaded successfully to src/calendars/tomorrow/g3a2.ics
[2026-01-18T18:00:02.047Z] info: ICS file for g3a2 downloaded successfully.
[2026-01-18T18:00:02.047Z] info: Downloading ICS file from https://edt.univ-lyon1.fr/jsp/custom/modules/plannings/anonymous_cal.jsp?resources=35717&projectId=1&calType=ical&firstDate=2026-01-19&lastDate=2026-01-19 to src/calendars/tomorrow/g4s3a.ics
[2026-01-18T18:00:02.181Z] info: ICS file downloaded successfully to src/calendars/tomorrow/g4s3a.ics
[2026-01-18T18:00:02.182Z] info: ICS file for g4s3a downloaded successfully.
[2026-01-18T18:00:02.182Z] info: Downloading ICS file from https://edt.univ-lyon1.fr/jsp/custom/modules/plannings/anonymous_cal.jsp?resources=35718&projectId=1&calType=ical&firstDate=2026-01-19&lastDate=2026-01-19 to src/calendars/tomorrow/g4s3b.ics
[2026-01-18T18:00:02.301Z] info: ICS file downloaded successfully to src/calendars/tomorrow/g4s3b.ics
[2026-01-18T18:00:02.302Z] info: ICS file for g4s3b downloaded successfully.
[2026-01-18T18:00:02.302Z] info: Downloading ICS file from https://edt.univ-lyon1.fr/jsp/custom/modules/plannings/anonymous_cal.jsp?resources=6161&projectId=1&calType=ical&firstDate=2026-01-19&lastDate=2026-01-19 to src/calendars/tomorrow/but3ra1a.ics
[2026-01-18T18:00:02.384Z] info: ICS file downloaded successfully to src/calendars/tomorrow/but3ra1a.ics
[2026-01-18T18:00:02.385Z] info: ICS file for but3ra1a downloaded successfully.
[2026-01-18T18:00:02.385Z] info: Downloading ICS file from https://edt.univ-lyon1.fr/jsp/custom/modules/plannings/anonymous_cal.jsp?resources=6163&projectId=1&calType=ical&firstDate=2026-01-19&lastDate=2026-01-19 to src/calendars/tomorrow/but3ra1b.ics
[2026-01-18T18:00:02.461Z] info: ICS file downloaded successfully to src/calendars/tomorrow/but3ra1b.ics
[2026-01-18T18:00:02.462Z] info: ICS file for but3ra1b downloaded successfully.
[2026-01-18T18:00:02.462Z] info: Downloading ICS file from https://edt.univ-lyon1.fr/jsp/custom/modules/plannings/anonymous_cal.jsp?resources=6165&projectId=1&calType=ical&firstDate=2026-01-19&lastDate=2026-01-19 to src/calendars/tomorrow/but3ra2a.ics
[2026-01-18T18:00:02.601Z] info: ICS file downloaded successfully to src/calendars/tomorrow/but3ra2a.ics
[2026-01-18T18:00:02.601Z] info: ICS file for but3ra2a downloaded successfully.
[2026-01-18T18:00:02.601Z] info: Downloading ICS file from https://edt.univ-lyon1.fr/jsp/custom/modules/plannings/anonymous_cal.jsp?resources=6168&projectId=1&calType=ical&firstDate=2026-01-19&lastDate=2026-01-19 to src/calendars/tomorrow/but3ra2b.ics
[2026-01-18T18:00:02.686Z] info: ICS file downloaded successfully to src/calendars/tomorrow/but3ra2b.ics
[2026-01-18T18:00:02.687Z] info: ICS file for but3ra2b downloaded successfully.
[2026-01-18T18:00:02.687Z] info: Downloading ICS file from https://edt.univ-lyon1.fr/jsp/custom/modules/plannings/anonymous_cal.jsp?resources=14059&projectId=1&calType=ical&firstDate=2026-01-19&lastDate=2026-01-19 to src/calendars/tomorrow/but3ra3a.ics
[2026-01-18T18:00:02.743Z] info: ICS file downloaded successfully to src/calendars/tomorrow/but3ra3a.ics
[2026-01-18T18:00:02.743Z] info: ICS file for but3ra3a downloaded successfully.
[2026-01-18T18:00:02.744Z] info: Downloading ICS file from https://edt.univ-lyon1.fr/jsp/custom/modules/plannings/anonymous_cal.jsp?resources=14064&projectId=1&calType=ical&firstDate=2026-01-19&lastDate=2026-01-19 to src/calendars/tomorrow/but3ra3b.ics
[2026-01-18T18:00:02.836Z] info: ICS file downloaded successfully to src/calendars/tomorrow/but3ra3b.ics
[2026-01-18T18:00:02.837Z] info: ICS file for but3ra3b downloaded successfully.
[2026-01-18T18:00:02.837Z] info: Downloading ICS file from https://edt.univ-lyon1.fr/jsp/custom/modules/plannings/anonymous_cal.jsp?resources=6136&projectId=1&calType=ical&firstDate=2026-01-19&lastDate=2026-01-19 to src/calendars/tomorrow/but3dacs.ics
[2026-01-18T18:00:02.958Z] info: ICS file downloaded successfully to src/calendars/tomorrow/but3dacs.ics
[2026-01-18T18:00:02.958Z] info: ICS file for but3dacs downloaded successfully.
[2026-01-18T18:00:02.958Z] info: Downloading ICS file from https://edt.univ-lyon1.fr/jsp/custom/modules/plannings/anonymous_cal.jsp?resources=6048&projectId=1&calType=ical&firstDate=2026-01-19&lastDate=2026-01-19 to src/calendars/tomorrow/but3aged.ics
[2026-01-18T18:00:03.055Z] info: ICS file downloaded successfully to src/calendars/tomorrow/but3aged.ics
[2026-01-18T18:00:03.055Z] info: ICS file for but3aged downloaded successfully.
[2026-01-18T18:00:03.055Z] info: Sending daily timetables
[2026-01-18T18:00:03.071Z] info: Sending message to channel 1395371772550975558: <t:1768806000:D> **S2.01 Développement efficace-TD ASPE** : KHEDDOUCI HAMAMACHE -> <t:1768806000:t> - <t:1768813200:t> en __S13__
<t:1768813200:D> **S2.15 Probabilités ASPE** : JALOUX CHRISTOPHE -> <t:1768813200:t> - <t:1768820400:t> en __S10__
<t:1768827600:D> **11 S2.18 Communication-TD** : DEBOUTE JOCELYNE -> <t:1768827600:t> - <t:1768834800:t> en __S15__
<t:1768834800:D> **S2.17 Anglais ASPE** : BESSAC MARIETTE -> <t:1768834800:t> - <t:1768842000:t> en __028__

[2026-01-18T18:00:03.071Z] info: Message sent to channel 1395371772550975558: <t:1768806000:D> **S2.01 Développement efficace-TD ASPE** : KHEDDOUCI HAMAMACHE -> <t:1768806000:t> - <t:1768813200:t> en __S13__
<t:1768813200:D> **S2.15 Probabilités ASPE** : JALOUX CHRISTOPHE -> <t:1768813200:t> - <t:1768820400:t> en __S10__
<t:1768827600:D> **11 S2.18 Communication-TD** : DEBOUTE JOCELYNE -> <t:1768827600:t> - <t:1768834800:t> en __S15__
<t:1768834800:D> **S2.17 Anglais ASPE** : BESSAC MARIETTE -> <t:1768834800:t> - <t:1768842000:t> en __028__

[2026-01-18T18:00:03.072Z] info: Sending message to channel 1395052296521646282: <t:1768806000:D> **15 R1.06 Maths discrètes DS** : JALOUX CHRISTOPHE -> <t:1768806000:t> - <t:1768813200:t> en __H20__

[2026-01-18T18:00:03.072Z] info: Message sent to channel 1395052296521646282: <t:1768806000:D> **15 R1.06 Maths discrètes DS** : JALOUX CHRISTOPHE -> <t:1768806000:t> - <t:1768813200:t> en __H20__

[2026-01-18T18:00:03.072Z] info: Sending message to channel 1395052332969885726: <t:1768806000:D> **15 R1.06 Maths discrètes DS** : JALOUX CHRISTOPHE -> <t:1768806000:t> - <t:1768813200:t> en __H20__

[2026-01-18T18:00:03.073Z] info: Message sent to channel 1395052332969885726: <t:1768806000:D> **15 R1.06 Maths discrètes DS** : JALOUX CHRISTOPHE -> <t:1768806000:t> - <t:1768813200:t> en __H20__

[2026-01-18T18:00:03.073Z] info: Sending message to channel 1395052379866660874: <t:1768813200:D> **15 R1.06 Maths discrètes DS** : G2S1A -> <t:1768813200:t> - <t:1768820400:t> en __H20__
<t:1768827600:D> **R1.10 Anglais-TPA P2** : CANQUE FLORENCE -> <t:1768827600:t> - <t:1768834800:t> en __026-Langues__
<t:1768834800:D> **22 SAE 101 102 Initiation Dev-TPA** : NDIAYE SAMBA NDOJH -> <t:1768834800:t> - <t:1768842000:t> en __S24__

[2026-01-18T18:00:03.073Z] info: Message sent to channel 1395052379866660874: <t:1768813200:D> **15 R1.06 Maths discrètes DS** : G2S1A -> <t:1768813200:t> - <t:1768820400:t> en __H20__
<t:1768827600:D> **R1.10 Anglais-TPA P2** : CANQUE FLORENCE -> <t:1768827600:t> - <t:1768834800:t> en __026-Langues__
<t:1768834800:D> **22 SAE 101 102 Initiation Dev-TPA** : NDIAYE SAMBA NDOJH -> <t:1768834800:t> - <t:1768842000:t> en __S24__

[2026-01-18T18:00:03.074Z] info: Sending message to channel 1395052392092930048: <t:1768813200:D> **15 R1.06 Maths discrètes DS** : G2S1A -> <t:1768813200:t> - <t:1768820400:t> en __H20__
<t:1768827600:D> **R1.10 Anglais-TPB P2** : BESSAC MARIETTE -> <t:1768827600:t> - <t:1768834800:t> en __028__

[2026-01-18T18:00:03.074Z] info: Message sent to channel 1395052392092930048: <t:1768813200:D> **15 R1.06 Maths discrètes DS** : G2S1A -> <t:1768813200:t> - <t:1768820400:t> en __H20__
<t:1768827600:D> **R1.10 Anglais-TPB P2** : BESSAC MARIETTE -> <t:1768827600:t> - <t:1768834800:t> en __028__

[2026-01-18T18:00:03.075Z] info: Sending message to channel 1395056179914473612: <t:1768806000:D> **15 R1.06 Maths discrètes DS H20** : JOUBERT AUDE -> <t:1768806000:t> - <t:1768813200:t> en ____
<t:1768813200:D> **R1.10 Anglais-TPA P2** : ABAUZIT DUFAUD GISELE -> <t:1768813200:t> - <t:1768820400:t> en __028__

[2026-01-18T18:00:03.075Z] info: Message sent to channel 1395056179914473612: <t:1768806000:D> **15 R1.06 Maths discrètes DS H20** : JOUBERT AUDE -> <t:1768806000:t> - <t:1768813200:t> en ____
<t:1768813200:D> **R1.10 Anglais-TPA P2** : ABAUZIT DUFAUD GISELE -> <t:1768813200:t> - <t:1768820400:t> en __028__

[2026-01-18T18:00:03.076Z] info: Sending message to channel 1395052422401101905: <t:1768806000:D> **15 R1.06 Maths discrètes DS H20** : JOUBERT AUDE -> <t:1768806000:t> - <t:1768813200:t> en ____
<t:1768813200:D> **R1.10 Anglais-TPB P2** : CANQUE FLORENCE -> <t:1768813200:t> - <t:1768820400:t> en __026-Langues__

[2026-01-18T18:00:03.076Z] info: Message sent to channel 1395052422401101905: <t:1768806000:D> **15 R1.06 Maths discrètes DS H20** : JOUBERT AUDE -> <t:1768806000:t> - <t:1768813200:t> en ____
<t:1768813200:D> **R1.10 Anglais-TPB P2** : CANQUE FLORENCE -> <t:1768813200:t> - <t:1768820400:t> en __026-Langues__

[2026-01-18T18:00:03.076Z] info: Sending message to channel 1395052443192266916: <t:1768813200:D> **15 R1.06 Maths discrètes DS H20** : JOUBERT AUDE -> <t:1768813200:t> - <t:1768820400:t> en ____
<t:1768827600:D> **22 SAE 101 102 Initiation Dev-TPA** : ZEITOUN SEBASTIEN -> <t:1768827600:t> - <t:1768834800:t> en __S14__

[2026-01-18T18:00:03.077Z] info: Message sent to channel 1395052443192266916: <t:1768813200:D> **15 R1.06 Maths discrètes DS H20** : JOUBERT AUDE -> <t:1768813200:t> - <t:1768820400:t> en ____
<t:1768827600:D> **22 SAE 101 102 Initiation Dev-TPA** : ZEITOUN SEBASTIEN -> <t:1768827600:t> - <t:1768834800:t> en __S14__

[2026-01-18T18:00:03.077Z] info: Sending message to channel 1395052467070177290: <t:1768813200:D> **15 R1.06 Maths discrètes DS H20** : JOUBERT AUDE -> <t:1768813200:t> - <t:1768820400:t> en ____
<t:1768834800:D> **SAE 101 102 Initiation Dev-TPB** : ZEITOUN SEBASTIEN -> <t:1768834800:t> - <t:1768842000:t> en __S14__

[2026-01-18T18:00:03.077Z] info: Message sent to channel 1395052467070177290: <t:1768813200:D> **15 R1.06 Maths discrètes DS H20** : JOUBERT AUDE -> <t:1768813200:t> - <t:1768820400:t> en ____
<t:1768834800:D> **SAE 101 102 Initiation Dev-TPB** : ZEITOUN SEBASTIEN -> <t:1768834800:t> - <t:1768842000:t> en __S14__

[2026-01-18T18:00:03.078Z] info: Sending message to channel 1395052827985842288: <t:1768813200:D> **15 R1.06 Maths discrètes DS** : LEROUX STEPHANE -> <t:1768813200:t> - <t:1768820400:t> en __S25__
<t:1768827600:D> **R1.12 PPP-TD P2** : OLIVESI AURELIE -> <t:1768827600:t> - <t:1768834800:t> en __S21__

[2026-01-18T18:00:03.078Z] info: Message sent to channel 1395052827985842288: <t:1768813200:D> **15 R1.06 Maths discrètes DS** : LEROUX STEPHANE -> <t:1768813200:t> - <t:1768820400:t> en __S25__
<t:1768827600:D> **R1.12 PPP-TD P2** : OLIVESI AURELIE -> <t:1768827600:t> - <t:1768834800:t> en __S21__

[2026-01-18T18:00:03.080Z] info: Sending message to channel 1395052882486890707: <t:1768813200:D> **15 R1.06 Maths discrètes DS** : LEROUX STEPHANE -> <t:1768813200:t> - <t:1768820400:t> en __S25__
<t:1768827600:D> **R1.12 PPP-TD P2** : OLIVESI AURELIE -> <t:1768827600:t> - <t:1768834800:t> en __S21__

[2026-01-18T18:00:03.081Z] info: Message sent to channel 1395052882486890707: <t:1768813200:D> **15 R1.06 Maths discrètes DS** : LEROUX STEPHANE -> <t:1768813200:t> - <t:1768820400:t> en __S25__
<t:1768827600:D> **R1.12 PPP-TD P2** : OLIVESI AURELIE -> <t:1768827600:t> - <t:1768834800:t> en __S21__

[2026-01-18T18:00:03.082Z] info: Sending message to channel 1395371275643256924: <t:1768806000:D> **R3.04-1 Qualité de developpement-Conception DS** : DUCHENE ERIC -> <t:1768806000:t> - <t:1768813200:t> en __S25,S04-Salle DS__
<t:1768813200:D> **R3.13 communication professionnelle-TPA** : DEBOUTE JOCELYNE -> <t:1768813200:t> - <t:1768820400:t> en __S21__
<t:1768827600:D> **SAE TPA10** : JOUBERT AUDE -> <t:1768827600:t> - <t:1768834800:t> en __S11,S16__
<t:1768834800:D> **SAE TPA9** : JOUBERT AUDE -> <t:1768834800:t> - <t:1768842000:t> en __S16,S11__

[2026-01-18T18:00:03.082Z] info: Message sent to channel 1395371275643256924: <t:1768806000:D> **R3.04-1 Qualité de developpement-Conception DS** : DUCHENE ERIC -> <t:1768806000:t> - <t:1768813200:t> en __S25,S04-Salle DS__
<t:1768813200:D> **R3.13 communication professionnelle-TPA** : DEBOUTE JOCELYNE -> <t:1768813200:t> - <t:1768820400:t> en __S21__
<t:1768827600:D> **SAE TPA10** : JOUBERT AUDE -> <t:1768827600:t> - <t:1768834800:t> en __S11,S16__
<t:1768834800:D> **SAE TPA9** : JOUBERT AUDE -> <t:1768834800:t> - <t:1768842000:t> en __S16,S11__

[2026-01-18T18:00:03.082Z] info: Sending message to channel 1395371292533723147: <t:1768806000:D> **R3.04-1 Qualité de developpement-Conception DS** : DUCHENE ERIC -> <t:1768806000:t> - <t:1768813200:t> en __S25,S04-Salle DS__

[2026-01-18T18:00:03.082Z] info: Message sent to channel 1395371292533723147: <t:1768806000:D> **R3.04-1 Qualité de developpement-Conception DS** : DUCHENE ERIC -> <t:1768806000:t> - <t:1768813200:t> en __S25,S04-Salle DS__

[2026-01-18T18:00:03.083Z] info: Sending message to channel 1395371451573600287: <t:1768806000:D> **R3.04-1 Qualité de developpement-Conception DS** : DUCHENE ERIC -> <t:1768806000:t> - <t:1768813200:t> en __S25,S04-Salle DS__
<t:1768813200:D> **11 R3.02 Dév. Efficace (algo)-TD** : KHEDDOUCI HAMAMACHE -> <t:1768813200:t> - <t:1768820400:t> en __S17__

[2026-01-18T18:00:03.083Z] info: Message sent to channel 1395371451573600287: <t:1768806000:D> **R3.04-1 Qualité de developpement-Conception DS** : DUCHENE ERIC -> <t:1768806000:t> - <t:1768813200:t> en __S25,S04-Salle DS__
<t:1768813200:D> **11 R3.02 Dév. Efficace (algo)-TD** : KHEDDOUCI HAMAMACHE -> <t:1768813200:t> - <t:1768820400:t> en __S17__

[2026-01-18T18:00:03.084Z] info: Sending message to channel 1395371471345553540: <t:1768806000:D> **R3.04-1 Qualité de developpement-Conception DS** : DUCHENE ERIC -> <t:1768806000:t> - <t:1768813200:t> en __S25,S04-Salle DS__
<t:1768813200:D> **11 R3.02 Dév. Efficace (algo)-TD** : KHEDDOUCI HAMAMACHE -> <t:1768813200:t> - <t:1768820400:t> en __S17__
<t:1768827600:D> **SAE TPB9** : JALOUX CHRISTOPHE -> <t:1768827600:t> - <t:1768834800:t> en __S10,S17__
<t:1768834800:D> **SAE TPB10** : JALOUX CHRISTOPHE -> <t:1768834800:t> - <t:1768842000:t> en __S10,S17__

[2026-01-18T18:00:03.084Z] info: Message sent to channel 1395371471345553540: <t:1768806000:D> **R3.04-1 Qualité de developpement-Conception DS** : DUCHENE ERIC -> <t:1768806000:t> - <t:1768813200:t> en __S25,S04-Salle DS__
<t:1768813200:D> **11 R3.02 Dév. Efficace (algo)-TD** : KHEDDOUCI HAMAMACHE -> <t:1768813200:t> - <t:1768820400:t> en __S17__
<t:1768827600:D> **SAE TPB9** : JALOUX CHRISTOPHE -> <t:1768827600:t> - <t:1768834800:t> en __S10,S17__
<t:1768834800:D> **SAE TPB10** : JALOUX CHRISTOPHE -> <t:1768834800:t> - <t:1768842000:t> en __S10,S17__

[2026-01-18T18:00:03.084Z] info: Sending message to channel 1395371640291983370: <t:1768813200:D> **22 R3.07 SQL et Programmation TP** : BARON ARIANE -> <t:1768813200:t> - <t:1768820400:t> en __S27__
<t:1768827600:D> **14 R3.09 Cryptographie-TP** : LEROUX STEPHANE -> <t:1768827600:t> - <t:1768834800:t> en __S13__
<t:1768834800:D> **SAES3 encadré** : VIDAL VINCENT -> <t:1768834800:t> - <t:1768842000:t> en __S13__

[2026-01-18T18:00:03.085Z] info: Message sent to channel 1395371640291983370: <t:1768813200:D> **22 R3.07 SQL et Programmation TP** : BARON ARIANE -> <t:1768813200:t> - <t:1768820400:t> en __S27__
<t:1768827600:D> **14 R3.09 Cryptographie-TP** : LEROUX STEPHANE -> <t:1768827600:t> - <t:1768834800:t> en __S13__
<t:1768834800:D> **SAES3 encadré** : VIDAL VINCENT -> <t:1768834800:t> - <t:1768842000:t> en __S13__

[2026-01-18T18:00:03.085Z] info: Sending message to channel 1395371506099425310: <t:1768806000:D> **R3.04-1 Qualité de developpement-Conception DS** : DUCHENE ERIC -> <t:1768806000:t> - <t:1768813200:t> en __S25,S04-Salle DS__
<t:1768834800:D> **R3.13 communication professionnelle-TPA** : DEBOUTE JOCELYNE -> <t:1768834800:t> - <t:1768842000:t> en __S21__

[2026-01-18T18:00:03.085Z] info: Message sent to channel 1395371506099425310: <t:1768806000:D> **R3.04-1 Qualité de developpement-Conception DS** : DUCHENE ERIC -> <t:1768806000:t> - <t:1768813200:t> en __S25,S04-Salle DS__
<t:1768834800:D> **R3.13 communication professionnelle-TPA** : DEBOUTE JOCELYNE -> <t:1768834800:t> - <t:1768842000:t> en __S21__

[2026-01-18T18:00:03.086Z] info: Sending message to channel 1395371591797575750: <t:1768806000:D> **R3.04-1 Qualité de developpement-Conception DS** : DUCHENE ERIC -> <t:1768806000:t> - <t:1768813200:t> en __S25,S04-Salle DS__
<t:1768827600:D> **SAE TPB9** : PEYTAVIE ADRIEN -> <t:1768827600:t> - <t:1768834800:t> en __S12,S03__
<t:1768834800:D> **SAE TPB10** : PEYTAVIE ADRIEN -> <t:1768834800:t> - <t:1768842000:t> en __S03,S12__

[2026-01-18T18:00:03.086Z] info: Message sent to channel 1395371591797575750: <t:1768806000:D> **R3.04-1 Qualité de developpement-Conception DS** : DUCHENE ERIC -> <t:1768806000:t> - <t:1768813200:t> en __S25,S04-Salle DS__
<t:1768827600:D> **SAE TPB9** : PEYTAVIE ADRIEN -> <t:1768827600:t> - <t:1768834800:t> en __S12,S03__
<t:1768834800:D> **SAE TPB10** : PEYTAVIE ADRIEN -> <t:1768834800:t> - <t:1768842000:t> en __S03,S12__

[2026-01-18T18:00:03.087Z] info: Sending message to channel 1409494803489488986: <t:1768806000:D> **21R5.A.10 Neo4J** : FACI NOURA -> <t:1768806000:t> - <t:1768813200:t> en __S26__
<t:1768813200:D> **11R5.A.10 Neo4J** : FACI NOURA -> <t:1768813200:t> - <t:1768820400:t> en __S26__
<t:1768827600:D> **21R5.A.04 Qualité algo** : DUCHENE ERIC -> <t:1768827600:t> - <t:1768834800:t> en __S26__
<t:1768834800:D> **11R5.A.04 Qualité algo** : DUCHENE ERIC -> <t:1768834800:t> - <t:1768842000:t> en __S26__

[2026-01-18T18:00:03.087Z] info: Message sent to channel 1409494803489488986: <t:1768806000:D> **21R5.A.10 Neo4J** : FACI NOURA -> <t:1768806000:t> - <t:1768813200:t> en __S26__
<t:1768813200:D> **11R5.A.10 Neo4J** : FACI NOURA -> <t:1768813200:t> - <t:1768820400:t> en __S26__
<t:1768827600:D> **21R5.A.04 Qualité algo** : DUCHENE ERIC -> <t:1768827600:t> - <t:1768834800:t> en __S26__
<t:1768834800:D> **11R5.A.04 Qualité algo** : DUCHENE ERIC -> <t:1768834800:t> - <t:1768842000:t> en __S26__

[2026-01-18T18:00:03.087Z] info: Sending message to channel 1409494819574775808: <t:1768806000:D> **21R5.A.10 Neo4J** : FACI NOURA -> <t:1768806000:t> - <t:1768813200:t> en __S26__
<t:1768813200:D> **11R5.A.10 Neo4J** : FACI NOURA -> <t:1768813200:t> - <t:1768820400:t> en __S26__
<t:1768827600:D> **21R5.A.04 Qualité algo** : DUCHENE ERIC -> <t:1768827600:t> - <t:1768834800:t> en __S26__
<t:1768834800:D> **11R5.A.04 Qualité algo** : DUCHENE ERIC -> <t:1768834800:t> - <t:1768842000:t> en __S26__

[2026-01-18T18:00:03.088Z] info: Message sent to channel 1409494819574775808: <t:1768806000:D> **21R5.A.10 Neo4J** : FACI NOURA -> <t:1768806000:t> - <t:1768813200:t> en __S26__
<t:1768813200:D> **11R5.A.10 Neo4J** : FACI NOURA -> <t:1768813200:t> - <t:1768820400:t> en __S26__
<t:1768827600:D> **21R5.A.04 Qualité algo** : DUCHENE ERIC -> <t:1768827600:t> - <t:1768834800:t> en __S26__
<t:1768834800:D> **11R5.A.04 Qualité algo** : DUCHENE ERIC -> <t:1768834800:t> - <t:1768842000:t> en __S26__

[2026-01-18T18:00:03.088Z] info: Daily timetables sent
[2026-01-19T18:00:00.557Z] info: Downloading ICS files for tomorrow for groups: aspea, aspeb, g1s1a, g1s1b, g2s1a, g2s1b, g3s1a, g3s1b, g4s1a, g4s1b, g5s1a, g5s1b, g1s3a, g1s3b, g2s3a, g2s3b, g3a2, g4s3a, g4s3b, but3ra1a, but3ra1b, but3ra2a, but3ra2b, but3ra3a, but3ra3b, but3dacs, but3aged
[2026-01-19T18:00:00.558Z] info: Downloading ICS file from https://edt.univ-lyon1.fr/jsp/custom/modules/plannings/anonymous_cal.jsp?resources=9272&projectId=1&calType=ical&firstDate=2026-01-20&lastDate=2026-01-20 to src/calendars/tomorrow/aspea.ics
[2026-01-19T18:00:00.825Z] info: ICS file downloaded successfully to src/calendars/tomorrow/aspea.ics
[2026-01-19T18:00:00.825Z] info: ICS file for aspea downloaded successfully.
[2026-01-19T18:00:00.825Z] info: Downloading ICS file from https://edt.univ-lyon1.fr/jsp/custom/modules/plannings/anonymous_cal.jsp?resources=18783&projectId=1&calType=ical&firstDate=2026-01-20&lastDate=2026-01-20 to src/calendars/tomorrow/aspeb.ics
[2026-01-19T18:00:00.907Z] info: ICS file downloaded successfully to src/calendars/tomorrow/aspeb.ics
[2026-01-19T18:00:00.907Z] info: ICS file for aspeb downloaded successfully.
[2026-01-19T18:00:00.907Z] info: Downloading ICS file from https://edt.univ-lyon1.fr/jsp/custom/modules/plannings/anonymous_cal.jsp?resources=12096&projectId=1&calType=ical&firstDate=2026-01-20&lastDate=2026-01-20 to src/calendars/tomorrow/g1s1a.ics
[2026-01-19T18:00:01.004Z] info: ICS file downloaded successfully to src/calendars/tomorrow/g1s1a.ics
[2026-01-19T18:00:01.004Z] info: ICS file for g1s1a downloaded successfully.
[2026-01-19T18:00:01.004Z] info: Downloading ICS file from https://edt.univ-lyon1.fr/jsp/custom/modules/plannings/anonymous_cal.jsp?resources=12102&projectId=1&calType=ical&firstDate=2026-01-20&lastDate=2026-01-20 to src/calendars/tomorrow/g1s1b.ics
[2026-01-19T18:00:01.171Z] info: ICS file downloaded successfully to src/calendars/tomorrow/g1s1b.ics
[2026-01-19T18:00:01.172Z] info: ICS file for g1s1b downloaded successfully.
[2026-01-19T18:00:01.172Z] info: Downloading ICS file from https://edt.univ-lyon1.fr/jsp/custom/modules/plannings/anonymous_cal.jsp?resources=12403&projectId=1&calType=ical&firstDate=2026-01-20&lastDate=2026-01-20 to src/calendars/tomorrow/g2s1a.ics
[2026-01-19T18:00:01.316Z] info: ICS file downloaded successfully to src/calendars/tomorrow/g2s1a.ics
[2026-01-19T18:00:01.316Z] info: ICS file for g2s1a downloaded successfully.
[2026-01-19T18:00:01.317Z] info: Downloading ICS file from https://edt.univ-lyon1.fr/jsp/custom/modules/plannings/anonymous_cal.jsp?resources=12406&projectId=1&calType=ical&firstDate=2026-01-20&lastDate=2026-01-20 to src/calendars/tomorrow/g2s1b.ics
[2026-01-19T18:00:01.471Z] info: ICS file downloaded successfully to src/calendars/tomorrow/g2s1b.ics
[2026-01-19T18:00:01.472Z] info: ICS file for g2s1b downloaded successfully.
[2026-01-19T18:00:01.472Z] info: Downloading ICS file from https://edt.univ-lyon1.fr/jsp/custom/modules/plannings/anonymous_cal.jsp?resources=12419&projectId=1&calType=ical&firstDate=2026-01-20&lastDate=2026-01-20 to src/calendars/tomorrow/g3s1a.ics
[2026-01-19T18:00:01.579Z] info: ICS file downloaded successfully to src/calendars/tomorrow/g3s1a.ics
[2026-01-19T18:00:01.579Z] info: ICS file for g3s1a downloaded successfully.
[2026-01-19T18:00:01.579Z] info: Downloading ICS file from https://edt.univ-lyon1.fr/jsp/custom/modules/plannings/anonymous_cal.jsp?resources=12425&projectId=1&calType=ical&firstDate=2026-01-20&lastDate=2026-01-20 to src/calendars/tomorrow/g3s1b.ics
[2026-01-19T18:00:01.686Z] info: ICS file downloaded successfully to src/calendars/tomorrow/g3s1b.ics
[2026-01-19T18:00:01.687Z] info: ICS file for g3s1b downloaded successfully.
[2026-01-19T18:00:01.687Z] info: Downloading ICS file from https://edt.univ-lyon1.fr/jsp/custom/modules/plannings/anonymous_cal.jsp?resources=12424&projectId=1&calType=ical&firstDate=2026-01-20&lastDate=2026-01-20 to src/calendars/tomorrow/g4s1a.ics
[2026-01-19T18:00:01.851Z] info: ICS file downloaded successfully to src/calendars/tomorrow/g4s1a.ics
[2026-01-19T18:00:01.852Z] info: ICS file for g4s1a downloaded successfully.
[2026-01-19T18:00:01.852Z] info: Downloading ICS file from https://edt.univ-lyon1.fr/jsp/custom/modules/plannings/anonymous_cal.jsp?resources=12444&projectId=1&calType=ical&firstDate=2026-01-20&lastDate=2026-01-20 to src/calendars/tomorrow/g4s1b.ics
[2026-01-19T18:00:01.949Z] info: ICS file downloaded successfully to src/calendars/tomorrow/g4s1b.ics
[2026-01-19T18:00:01.949Z] info: ICS file for g4s1b downloaded successfully.
[2026-01-19T18:00:01.949Z] info: Downloading ICS file from https://edt.univ-lyon1.fr/jsp/custom/modules/plannings/anonymous_cal.jsp?resources=12460&projectId=1&calType=ical&firstDate=2026-01-20&lastDate=2026-01-20 to src/calendars/tomorrow/g5s1a.ics
[2026-01-19T18:00:02.090Z] info: ICS file downloaded successfully to src/calendars/tomorrow/g5s1a.ics
[2026-01-19T18:00:02.090Z] info: ICS file for g5s1a downloaded successfully.
[2026-01-19T18:00:02.090Z] info: Downloading ICS file from https://edt.univ-lyon1.fr/jsp/custom/modules/plannings/anonymous_cal.jsp?resources=12461&projectId=1&calType=ical&firstDate=2026-01-20&lastDate=2026-01-20 to src/calendars/tomorrow/g5s1b.ics
[2026-01-19T18:00:02.237Z] info: ICS file downloaded successfully to src/calendars/tomorrow/g5s1b.ics
[2026-01-19T18:00:02.238Z] info: ICS file for g5s1b downloaded successfully.
[2026-01-19T18:00:02.238Z] info: Downloading ICS file from https://edt.univ-lyon1.fr/jsp/custom/modules/plannings/anonymous_cal.jsp?resources=35708&projectId=1&calType=ical&firstDate=2026-01-20&lastDate=2026-01-20 to src/calendars/tomorrow/g1s3a.ics
[2026-01-19T18:00:02.388Z] info: ICS file downloaded successfully to src/calendars/tomorrow/g1s3a.ics
[2026-01-19T18:00:02.389Z] info: ICS file for g1s3a downloaded successfully.
[2026-01-19T18:00:02.389Z] info: Downloading ICS file from https://edt.univ-lyon1.fr/jsp/custom/modules/plannings/anonymous_cal.jsp?resources=35709&projectId=1&calType=ical&firstDate=2026-01-20&lastDate=2026-01-20 to src/calendars/tomorrow/g1s3b.ics
[2026-01-19T18:00:02.536Z] info: ICS file downloaded successfully to src/calendars/tomorrow/g1s3b.ics
[2026-01-19T18:00:02.537Z] info: ICS file for g1s3b downloaded successfully.
[2026-01-19T18:00:02.537Z] info: Downloading ICS file from https://edt.univ-lyon1.fr/jsp/custom/modules/plannings/anonymous_cal.jsp?resources=35710&projectId=1&calType=ical&firstDate=2026-01-20&lastDate=2026-01-20 to src/calendars/tomorrow/g2s3a.ics
[2026-01-19T18:00:02.713Z] info: ICS file downloaded successfully to src/calendars/tomorrow/g2s3a.ics
[2026-01-19T18:00:02.713Z] info: ICS file for g2s3a downloaded successfully.
[2026-01-19T18:00:02.713Z] info: Downloading ICS file from https://edt.univ-lyon1.fr/jsp/custom/modules/plannings/anonymous_cal.jsp?resources=35713&projectId=1&calType=ical&firstDate=2026-01-20&lastDate=2026-01-20 to src/calendars/tomorrow/g2s3b.ics
[2026-01-19T18:00:02.820Z] info: ICS file downloaded successfully to src/calendars/tomorrow/g2s3b.ics
[2026-01-19T18:00:02.820Z] info: ICS file for g2s3b downloaded successfully.
[2026-01-19T18:00:02.820Z] info: Downloading ICS file from https://edt.univ-lyon1.fr/jsp/custom/modules/plannings/anonymous_cal.jsp?resources=35714&projectId=1&calType=ical&firstDate=2026-01-20&lastDate=2026-01-20 to src/calendars/tomorrow/g3a2.ics
[2026-01-19T18:00:02.977Z] info: ICS file downloaded successfully to src/calendars/tomorrow/g3a2.ics
[2026-01-19T18:00:02.977Z] info: ICS file for g3a2 downloaded successfully.
[2026-01-19T18:00:02.978Z] info: Downloading ICS file from https://edt.univ-lyon1.fr/jsp/custom/modules/plannings/anonymous_cal.jsp?resources=35717&projectId=1&calType=ical&firstDate=2026-01-20&lastDate=2026-01-20 to src/calendars/tomorrow/g4s3a.ics
[2026-01-19T18:00:03.065Z] info: ICS file downloaded successfully to src/calendars/tomorrow/g4s3a.ics
[2026-01-19T18:00:03.066Z] info: ICS file for g4s3a downloaded successfully.
[2026-01-19T18:00:03.066Z] info: Downloading ICS file from https://edt.univ-lyon1.fr/jsp/custom/modules/plannings/anonymous_cal.jsp?resources=35718&projectId=1&calType=ical&firstDate=2026-01-20&lastDate=2026-01-20 to src/calendars/tomorrow/g4s3b.ics
[2026-01-19T18:00:03.166Z] info: ICS file downloaded successfully to src/calendars/tomorrow/g4s3b.ics
[2026-01-19T18:00:03.167Z] info: ICS file for g4s3b downloaded successfully.
[2026-01-19T18:00:03.167Z] info: Downloading ICS file from https://edt.univ-lyon1.fr/jsp/custom/modules/plannings/anonymous_cal.jsp?resources=6161&projectId=1&calType=ical&firstDate=2026-01-20&lastDate=2026-01-20 to src/calendars/tomorrow/but3ra1a.ics
[2026-01-19T18:00:03.266Z] info: ICS file downloaded successfully to src/calendars/tomorrow/but3ra1a.ics
[2026-01-19T18:00:03.267Z] info: ICS file for but3ra1a downloaded successfully.
[2026-01-19T18:00:03.267Z] info: Downloading ICS file from https://edt.univ-lyon1.fr/jsp/custom/modules/plannings/anonymous_cal.jsp?resources=6163&projectId=1&calType=ical&firstDate=2026-01-20&lastDate=2026-01-20 to src/calendars/tomorrow/but3ra1b.ics
[2026-01-19T18:00:03.359Z] info: ICS file downloaded successfully to src/calendars/tomorrow/but3ra1b.ics
[2026-01-19T18:00:03.359Z] info: ICS file for but3ra1b downloaded successfully.
[2026-01-19T18:00:03.359Z] info: Downloading ICS file from https://edt.univ-lyon1.fr/jsp/custom/modules/plannings/anonymous_cal.jsp?resources=6165&projectId=1&calType=ical&firstDate=2026-01-20&lastDate=2026-01-20 to src/calendars/tomorrow/but3ra2a.ics
[2026-01-19T18:00:03.468Z] info: ICS file downloaded successfully to src/calendars/tomorrow/but3ra2a.ics
[2026-01-19T18:00:03.468Z] info: ICS file for but3ra2a downloaded successfully.
[2026-01-19T18:00:03.469Z] info: Downloading ICS file from https://edt.univ-lyon1.fr/jsp/custom/modules/plannings/anonymous_cal.jsp?resources=6168&projectId=1&calType=ical&firstDate=2026-01-20&lastDate=2026-01-20 to src/calendars/tomorrow/but3ra2b.ics
[2026-01-19T18:00:03.550Z] info: ICS file downloaded successfully to src/calendars/tomorrow/but3ra2b.ics
[2026-01-19T18:00:03.550Z] info: ICS file for but3ra2b downloaded successfully.
[2026-01-19T18:00:03.550Z] info: Downloading ICS file from https://edt.univ-lyon1.fr/jsp/custom/modules/plannings/anonymous_cal.jsp?resources=14059&projectId=1&calType=ical&firstDate=2026-01-20&lastDate=2026-01-20 to src/calendars/tomorrow/but3ra3a.ics
[2026-01-19T18:00:03.602Z] info: ICS file downloaded successfully to src/calendars/tomorrow/but3ra3a.ics
[2026-01-19T18:00:03.602Z] info: ICS file for but3ra3a downloaded successfully.
[2026-01-19T18:00:03.602Z] info: Downloading ICS file from https://edt.univ-lyon1.fr/jsp/custom/modules/plannings/anonymous_cal.jsp?resources=14064&projectId=1&calType=ical&firstDate=2026-01-20&lastDate=2026-01-20 to src/calendars/tomorrow/but3ra3b.ics
[2026-01-19T18:00:03.732Z] info: ICS file downloaded successfully to src/calendars/tomorrow/but3ra3b.ics
[2026-01-19T18:00:03.732Z] info: ICS file for but3ra3b downloaded successfully.
[2026-01-19T18:00:03.732Z] info: Downloading ICS file from https://edt.univ-lyon1.fr/jsp/custom/modules/plannings/anonymous_cal.jsp?resources=6136&projectId=1&calType=ical&firstDate=2026-01-20&lastDate=2026-01-20 to src/calendars/tomorrow/but3dacs.ics
[2026-01-19T18:00:03.811Z] info: ICS file downloaded successfully to src/calendars/tomorrow/but3dacs.ics
[2026-01-19T18:00:03.812Z] info: ICS file for but3dacs downloaded successfully.
[2026-01-19T18:00:03.812Z] info: Downloading ICS file from https://edt.univ-lyon1.fr/jsp/custom/modules/plannings/anonymous_cal.jsp?resources=6048&projectId=1&calType=ical&firstDate=2026-01-20&lastDate=2026-01-20 to src/calendars/tomorrow/but3aged.ics
[2026-01-19T18:00:03.954Z] info: ICS file downloaded successfully to src/calendars/tomorrow/but3aged.ics
[2026-01-19T18:00:03.954Z] info: ICS file for but3aged downloaded successfully.
[2026-01-19T18:00:03.954Z] info: Sending daily timetables
[2026-01-19T18:00:03.966Z] info: Sending message to channel 1395371772550975558: <t:1768899600:D> **11 S2.19 Gestion TD** : DUFOUR KARLINE -> <t:1768899600:t> - <t:1768906800:t> en __S12__
<t:1768914000:D> **S2.13 SQL avancé** : BARON ARIANE -> <t:1768914000:t> - <t:1768921200:t> en __S14__
<t:1768921200:D> **S2.02 IHM ASPE** : BELKHATIR MOHAMMED -> <t:1768921200:t> - <t:1768928400:t> en __S14__

[2026-01-19T18:00:03.966Z] info: Message sent to channel 1395371772550975558: <t:1768899600:D> **11 S2.19 Gestion TD** : DUFOUR KARLINE -> <t:1768899600:t> - <t:1768906800:t> en __S12__
<t:1768914000:D> **S2.13 SQL avancé** : BARON ARIANE -> <t:1768914000:t> - <t:1768921200:t> en __S14__
<t:1768921200:D> **S2.02 IHM ASPE** : BELKHATIR MOHAMMED -> <t:1768921200:t> - <t:1768928400:t> en __S14__

[2026-01-19T18:00:03.967Z] info: Sending message to channel 1395052296521646282: <t:1768892400:D> **R1.08 Gestion Proj. Orga DS** : LAGACHE ALEXANDRA -> <t:1768892400:t> - <t:1768899600:t> en __H20,S04-Salle DS,S25__
<t:1768914000:D> **R1.10 Anglais-TPA P2** : CANQUE FLORENCE -> <t:1768914000:t> - <t:1768921200:t> en __028__
<t:1768921200:D> **R1.01 initiation dev DS** : BUYLE-BODIN NICOLAS -> <t:1768921200:t> - <t:1768928400:t> en __S25,Amphi1,Amphi2__

[2026-01-19T18:00:03.967Z] info: Message sent to channel 1395052296521646282: <t:1768892400:D> **R1.08 Gestion Proj. Orga DS** : LAGACHE ALEXANDRA -> <t:1768892400:t> - <t:1768899600:t> en __H20,S04-Salle DS,S25__
<t:1768914000:D> **R1.10 Anglais-TPA P2** : CANQUE FLORENCE -> <t:1768914000:t> - <t:1768921200:t> en __028__
<t:1768921200:D> **R1.01 initiation dev DS** : BUYLE-BODIN NICOLAS -> <t:1768921200:t> - <t:1768928400:t> en __S25,Amphi1,Amphi2__

[2026-01-19T18:00:03.967Z] info: Sending message to channel 1395052332969885726: <t:1768892400:D> **R1.08 Gestion Proj. Orga DS** : LAGACHE ALEXANDRA -> <t:1768892400:t> - <t:1768899600:t> en __H20,S04-Salle DS,S25__
<t:1768921200:D> **R1.01 initiation dev DS** : BUYLE-BODIN NICOLAS -> <t:1768921200:t> - <t:1768928400:t> en __S25,Amphi1,Amphi2__

[2026-01-19T18:00:03.970Z] info: Message sent to channel 1395052332969885726: <t:1768892400:D> **R1.08 Gestion Proj. Orga DS** : LAGACHE ALEXANDRA -> <t:1768892400:t> - <t:1768899600:t> en __H20,S04-Salle DS,S25__
<t:1768921200:D> **R1.01 initiation dev DS** : BUYLE-BODIN NICOLAS -> <t:1768921200:t> - <t:1768928400:t> en __S25,Amphi1,Amphi2__

[2026-01-19T18:00:03.970Z] info: Sending message to channel 1395052379866660874: <t:1768892400:D> **R1.08 Gestion Proj. Orga DS** : LAGACHE ALEXANDRA -> <t:1768892400:t> - <t:1768899600:t> en __H20,S04-Salle DS,S25__
<t:1768921200:D> **R1.01 initiation dev DS** : BUYLE-BODIN NICOLAS -> <t:1768921200:t> - <t:1768928400:t> en __S25,Amphi1,Amphi2__

[2026-01-19T18:00:03.971Z] info: Message sent to channel 1395052379866660874: <t:1768892400:D> **R1.08 Gestion Proj. Orga DS** : LAGACHE ALEXANDRA -> <t:1768892400:t> - <t:1768899600:t> en __H20,S04-Salle DS,S25__
<t:1768921200:D> **R1.01 initiation dev DS** : BUYLE-BODIN NICOLAS -> <t:1768921200:t> - <t:1768928400:t> en __S25,Amphi1,Amphi2__

[2026-01-19T18:00:03.971Z] info: Sending message to channel 1395052392092930048: <t:1768892400:D> **R1.08 Gestion Proj. Orga DS** : LAGACHE ALEXANDRA -> <t:1768892400:t> - <t:1768899600:t> en __H20,S04-Salle DS,S25__
<t:1768899600:D> **SAE 101 102 Initiation Dev-TPB** : NDIAYE SAMBA NDOJH -> <t:1768899600:t> - <t:1768906800:t> en __S03__
<t:1768921200:D> **R1.01 initiation dev DS** : BUYLE-BODIN NICOLAS -> <t:1768921200:t> - <t:1768928400:t> en __S25,Amphi1,Amphi2__

[2026-01-19T18:00:03.972Z] info: Message sent to channel 1395052392092930048: <t:1768892400:D> **R1.08 Gestion Proj. Orga DS** : LAGACHE ALEXANDRA -> <t:1768892400:t> - <t:1768899600:t> en __H20,S04-Salle DS,S25__
<t:1768899600:D> **SAE 101 102 Initiation Dev-TPB** : NDIAYE SAMBA NDOJH -> <t:1768899600:t> - <t:1768906800:t> en __S03__
<t:1768921200:D> **R1.01 initiation dev DS** : BUYLE-BODIN NICOLAS -> <t:1768921200:t> - <t:1768928400:t> en __S25,Amphi1,Amphi2__

[2026-01-19T18:00:03.972Z] info: Sending message to channel 1395056179914473612: <t:1768892400:D> **R1.08 Gestion Proj. Orga DS** : LAGACHE ALEXANDRA -> <t:1768892400:t> - <t:1768899600:t> en __H20,S04-Salle DS,S25__
<t:1768899600:D> **R1.12 PPP-TD P2** : VIZET PONCET CECILE -> <t:1768899600:t> - <t:1768906800:t> en __040__
<t:1768921200:D> **R1.01 initiation dev DS** : BUYLE-BODIN NICOLAS -> <t:1768921200:t> - <t:1768928400:t> en __S25,Amphi1,Amphi2__

[2026-01-19T18:00:03.973Z] info: Message sent to channel 1395056179914473612: <t:1768892400:D> **R1.08 Gestion Proj. Orga DS** : LAGACHE ALEXANDRA -> <t:1768892400:t> - <t:1768899600:t> en __H20,S04-Salle DS,S25__
<t:1768899600:D> **R1.12 PPP-TD P2** : VIZET PONCET CECILE -> <t:1768899600:t> - <t:1768906800:t> en __040__
<t:1768921200:D> **R1.01 initiation dev DS** : BUYLE-BODIN NICOLAS -> <t:1768921200:t> - <t:1768928400:t> en __S25,Amphi1,Amphi2__

[2026-01-19T18:00:03.973Z] info: Sending message to channel 1395052422401101905: <t:1768892400:D> **R1.08 Gestion Proj. Orga DS** : LAGACHE ALEXANDRA -> <t:1768892400:t> - <t:1768899600:t> en __H20,S04-Salle DS,S25__
<t:1768899600:D> **R1.12 PPP-TD P2** : VIZET PONCET CECILE -> <t:1768899600:t> - <t:1768906800:t> en __040__
<t:1768921200:D> **R1.01 initiation dev DS** : BUYLE-BODIN NICOLAS -> <t:1768921200:t> - <t:1768928400:t> en __S25,Amphi1,Amphi2__

[2026-01-19T18:00:03.973Z] info: Message sent to channel 1395052422401101905: <t:1768892400:D> **R1.08 Gestion Proj. Orga DS** : LAGACHE ALEXANDRA -> <t:1768892400:t> - <t:1768899600:t> en __H20,S04-Salle DS,S25__
<t:1768899600:D> **R1.12 PPP-TD P2** : VIZET PONCET CECILE -> <t:1768899600:t> - <t:1768906800:t> en __040__
<t:1768921200:D> **R1.01 initiation dev DS** : BUYLE-BODIN NICOLAS -> <t:1768921200:t> - <t:1768928400:t> en __S25,Amphi1,Amphi2__

[2026-01-19T18:00:03.974Z] info: Sending message to channel 1395052443192266916: <t:1768892400:D> **R1.08 Gestion Proj. Orga DS** : LAGACHE ALEXANDRA -> <t:1768892400:t> - <t:1768899600:t> en __H20,S04-Salle DS,S25__
<t:1768914000:D> **R1.12 PPP-TD P2** : VIZET PONCET CECILE -> <t:1768914000:t> - <t:1768921200:t> en __037-Conseil__
<t:1768921200:D> **R1.01 initiation dev DS** : BUYLE-BODIN NICOLAS -> <t:1768921200:t> - <t:1768928400:t> en __S25,Amphi1,Amphi2__

[2026-01-19T18:00:03.974Z] info: Message sent to channel 1395052443192266916: <t:1768892400:D> **R1.08 Gestion Proj. Orga DS** : LAGACHE ALEXANDRA -> <t:1768892400:t> - <t:1768899600:t> en __H20,S04-Salle DS,S25__
<t:1768914000:D> **R1.12 PPP-TD P2** : VIZET PONCET CECILE -> <t:1768914000:t> - <t:1768921200:t> en __037-Conseil__
<t:1768921200:D> **R1.01 initiation dev DS** : BUYLE-BODIN NICOLAS -> <t:1768921200:t> - <t:1768928400:t> en __S25,Amphi1,Amphi2__

[2026-01-19T18:00:03.974Z] info: Sending message to channel 1395052467070177290: <t:1768892400:D> **R1.08 Gestion Proj. Orga DS** : LAGACHE ALEXANDRA -> <t:1768892400:t> - <t:1768899600:t> en __H20,S04-Salle DS,S25__
<t:1768899600:D> **110 R1.11 Com-TPB** : DEBOUTE JOCELYNE -> <t:1768899600:t> - <t:1768906800:t> en __S15__
<t:1768914000:D> **R1.12 PPP-TD P2** : VIZET PONCET CECILE -> <t:1768914000:t> - <t:1768921200:t> en __037-Conseil__
<t:1768921200:D> **R1.01 initiation dev DS** : BUYLE-BODIN NICOLAS -> <t:1768921200:t> - <t:1768928400:t> en __S25,Amphi1,Amphi2__

[2026-01-19T18:00:03.975Z] info: Message sent to channel 1395052467070177290: <t:1768892400:D> **R1.08 Gestion Proj. Orga DS** : LAGACHE ALEXANDRA -> <t:1768892400:t> - <t:1768899600:t> en __H20,S04-Salle DS,S25__
<t:1768899600:D> **110 R1.11 Com-TPB** : DEBOUTE JOCELYNE -> <t:1768899600:t> - <t:1768906800:t> en __S15__
<t:1768914000:D> **R1.12 PPP-TD P2** : VIZET PONCET CECILE -> <t:1768914000:t> - <t:1768921200:t> en __037-Conseil__
<t:1768921200:D> **R1.01 initiation dev DS** : BUYLE-BODIN NICOLAS -> <t:1768921200:t> - <t:1768928400:t> en __S25,Amphi1,Amphi2__

[2026-01-19T18:00:03.975Z] info: Sending message to channel 1395052827985842288: <t:1768892400:D> **R1.08 Gestion Proj. Orga DS** : LAGACHE ALEXANDRA -> <t:1768892400:t> - <t:1768899600:t> en __H20,S04-Salle DS,S25__
<t:1768914000:D> **R1.05-2 SQL-TD** : BUYLE-BODIN NICOLAS -> <t:1768914000:t> - <t:1768921200:t> en __S16__
<t:1768921200:D> **R1.01 initiation dev DS** : BUYLE-BODIN NICOLAS -> <t:1768921200:t> - <t:1768928400:t> en __S25,Amphi1,Amphi2__

[2026-01-19T18:00:03.975Z] info: Message sent to channel 1395052827985842288: <t:1768892400:D> **R1.08 Gestion Proj. Orga DS** : LAGACHE ALEXANDRA -> <t:1768892400:t> - <t:1768899600:t> en __H20,S04-Salle DS,S25__
<t:1768914000:D> **R1.05-2 SQL-TD** : BUYLE-BODIN NICOLAS -> <t:1768914000:t> - <t:1768921200:t> en __S16__
<t:1768921200:D> **R1.01 initiation dev DS** : BUYLE-BODIN NICOLAS -> <t:1768921200:t> - <t:1768928400:t> en __S25,Amphi1,Amphi2__

[2026-01-19T18:00:03.976Z] info: Sending message to channel 1395052882486890707: <t:1768892400:D> **R1.08 Gestion Proj. Orga DS** : LAGACHE ALEXANDRA -> <t:1768892400:t> - <t:1768899600:t> en __H20,S04-Salle DS,S25__
<t:1768899600:D> **R1.10 Anglais-TPB P2** : CANQUE FLORENCE -> <t:1768899600:t> - <t:1768906800:t> en __028__
<t:1768914000:D> **R1.05-2 SQL-TD** : BUYLE-BODIN NICOLAS -> <t:1768914000:t> - <t:1768921200:t> en __S16__
<t:1768921200:D> **R1.01 initiation dev DS** : BUYLE-BODIN NICOLAS -> <t:1768921200:t> - <t:1768928400:t> en __S25,Amphi1,Amphi2__

[2026-01-19T18:00:03.976Z] info: Message sent to channel 1395052882486890707: <t:1768892400:D> **R1.08 Gestion Proj. Orga DS** : LAGACHE ALEXANDRA -> <t:1768892400:t> - <t:1768899600:t> en __H20,S04-Salle DS,S25__
<t:1768899600:D> **R1.10 Anglais-TPB P2** : CANQUE FLORENCE -> <t:1768899600:t> - <t:1768906800:t> en __028__
<t:1768914000:D> **R1.05-2 SQL-TD** : BUYLE-BODIN NICOLAS -> <t:1768914000:t> - <t:1768921200:t> en __S16__
<t:1768921200:D> **R1.01 initiation dev DS** : BUYLE-BODIN NICOLAS -> <t:1768921200:t> - <t:1768928400:t> en __S25,Amphi1,Amphi2__

[2026-01-19T18:00:03.976Z] info: Sending message to channel 1395371275643256924: <t:1768914000:D> **11 R3.02 Dév. Efficace (algo)-TD** : BEN HADID AMIRA -> <t:1768914000:t> - <t:1768921200:t> en __S27__

[2026-01-19T18:00:03.977Z] info: Message sent to channel 1395371275643256924: <t:1768914000:D> **11 R3.02 Dév. Efficace (algo)-TD** : BEN HADID AMIRA -> <t:1768914000:t> - <t:1768921200:t> en __S27__

[2026-01-19T18:00:03.977Z] info: Sending message to channel 1395371292533723147: <t:1768892400:D> **SAE TPB9** : JOUBERT AUDE -> <t:1768892400:t> - <t:1768899600:t> en __S16,S11__
<t:1768899600:D> **SAE TPB10** : JOUBERT AUDE -> <t:1768899600:t> - <t:1768906800:t> en __S11,S16__
<t:1768914000:D> **11 R3.02 Dév. Efficace (algo)-TD** : BEN HADID AMIRA -> <t:1768914000:t> - <t:1768921200:t> en __S27__

[2026-01-19T18:00:03.977Z] info: Message sent to channel 1395371292533723147: <t:1768892400:D> **SAE TPB9** : JOUBERT AUDE -> <t:1768892400:t> - <t:1768899600:t> en __S16,S11__
<t:1768899600:D> **SAE TPB10** : JOUBERT AUDE -> <t:1768899600:t> - <t:1768906800:t> en __S11,S16__
<t:1768914000:D> **11 R3.02 Dév. Efficace (algo)-TD** : BEN HADID AMIRA -> <t:1768914000:t> - <t:1768921200:t> en __S27__

[2026-01-19T18:00:03.979Z] info: Sending message to channel 1395371451573600287: <t:1768892400:D> **SAE TPA10** : JALOUX CHRISTOPHE -> <t:1768892400:t> - <t:1768899600:t> en __S10,S17__
<t:1768899600:D> **SAE TPA9** : JALOUX CHRISTOPHE -> <t:1768899600:t> - <t:1768906800:t> en __S17,S10__
<t:1768914000:D> **12 R3.12 Anglais-TD** : BESSAC MARIETTE -> <t:1768914000:t> - <t:1768921200:t> en __026-Langues__
<t:1768921200:D> **12 R3.12 Anglais-TD** : BESSAC MARIETTE -> <t:1768921200:t> - <t:1768928400:t> en __026-Langues__

[2026-01-19T18:00:03.979Z] info: Message sent to channel 1395371451573600287: <t:1768892400:D> **SAE TPA10** : JALOUX CHRISTOPHE -> <t:1768892400:t> - <t:1768899600:t> en __S10,S17__
<t:1768899600:D> **SAE TPA9** : JALOUX CHRISTOPHE -> <t:1768899600:t> - <t:1768906800:t> en __S17,S10__
<t:1768914000:D> **12 R3.12 Anglais-TD** : BESSAC MARIETTE -> <t:1768914000:t> - <t:1768921200:t> en __026-Langues__
<t:1768921200:D> **12 R3.12 Anglais-TD** : BESSAC MARIETTE -> <t:1768921200:t> - <t:1768928400:t> en __026-Langues__

[2026-01-19T18:00:03.980Z] info: Sending message to channel 1395371471345553540: <t:1768914000:D> **12 R3.12 Anglais-TD** : BESSAC MARIETTE -> <t:1768914000:t> - <t:1768921200:t> en __026-Langues__
<t:1768921200:D> **12 R3.12 Anglais-TD** : BESSAC MARIETTE -> <t:1768921200:t> - <t:1768928400:t> en __026-Langues__

[2026-01-19T18:00:03.980Z] info: Message sent to channel 1395371471345553540: <t:1768914000:D> **12 R3.12 Anglais-TD** : BESSAC MARIETTE -> <t:1768914000:t> - <t:1768921200:t> en __026-Langues__
<t:1768921200:D> **12 R3.12 Anglais-TD** : BESSAC MARIETTE -> <t:1768921200:t> - <t:1768928400:t> en __026-Langues__

[2026-01-19T18:00:03.981Z] info: Sending message to channel 1395371640291983370: <t:1768892400:D> **R3.02 Dev efficaceTD** : KHEDDOUCI HAMAMACHE -> <t:1768892400:t> - <t:1768899600:t> en __S15__
<t:1768899600:D> **21 R3.09 Cryptographie-TD** : LEROUX STEPHANE -> <t:1768899600:t> - <t:1768906800:t> en __S13__
<t:1768914000:D> **SAE Autonomie** : G3S3S4 -> <t:1768914000:t> - <t:1768921200:t> en __S13__

[2026-01-19T18:00:03.981Z] info: Message sent to channel 1395371640291983370: <t:1768892400:D> **R3.02 Dev efficaceTD** : KHEDDOUCI HAMAMACHE -> <t:1768892400:t> - <t:1768899600:t> en __S15__
<t:1768899600:D> **21 R3.09 Cryptographie-TD** : LEROUX STEPHANE -> <t:1768899600:t> - <t:1768906800:t> en __S13__
<t:1768914000:D> **SAE Autonomie** : G3S3S4 -> <t:1768914000:t> - <t:1768921200:t> en __S13__

[2026-01-19T18:00:03.982Z] info: Sending message to channel 1395371506099425310: <t:1768892400:D> **R3.13 communication professionnelle-TPB** : DEBOUTE JOCELYNE -> <t:1768892400:t> - <t:1768899600:t> en __S21__
<t:1768899600:D> **11 R3.02 Dév. Efficace (algo)-TD** : BEN HADID AMIRA -> <t:1768899600:t> - <t:1768906800:t> en __S14__
<t:1768914000:D> **SAE TPA9** : PEYTAVIE ADRIEN -> <t:1768914000:t> - <t:1768921200:t> en __S12,S17__
<t:1768921200:D> **SAE TPA10** : PEYTAVIE ADRIEN -> <t:1768921200:t> - <t:1768928400:t> en __S12,S17__

[2026-01-19T18:00:03.982Z] info: Message sent to channel 1395371506099425310: <t:1768892400:D> **R3.13 communication professionnelle-TPB** : DEBOUTE JOCELYNE -> <t:1768892400:t> - <t:1768899600:t> en __S21__
<t:1768899600:D> **11 R3.02 Dév. Efficace (algo)-TD** : BEN HADID AMIRA -> <t:1768899600:t> - <t:1768906800:t> en __S14__
<t:1768914000:D> **SAE TPA9** : PEYTAVIE ADRIEN -> <t:1768914000:t> - <t:1768921200:t> en __S12,S17__
<t:1768921200:D> **SAE TPA10** : PEYTAVIE ADRIEN -> <t:1768921200:t> - <t:1768928400:t> en __S12,S17__

[2026-01-19T18:00:03.982Z] info: Sending message to channel 1395371591797575750: <t:1768892400:D> **R3.13 communication professionnelle-TPB** : DEBOUTE JOCELYNE -> <t:1768892400:t> - <t:1768899600:t> en __S21__
<t:1768899600:D> **11 R3.02 Dév. Efficace (algo)-TD** : BEN HADID AMIRA -> <t:1768899600:t> - <t:1768906800:t> en __S14__

[2026-01-19T18:00:03.982Z] info: Message sent to channel 1395371591797575750: <t:1768892400:D> **R3.13 communication professionnelle-TPB** : DEBOUTE JOCELYNE -> <t:1768892400:t> - <t:1768899600:t> en __S21__
<t:1768899600:D> **11 R3.02 Dév. Efficace (algo)-TD** : BEN HADID AMIRA -> <t:1768899600:t> - <t:1768906800:t> en __S14__

[2026-01-19T18:00:03.983Z] info: Sending message to channel 1409494803489488986: <t:1768892400:D> **R5.A.06 Programmation multimédia TPA** : PEYTAVIE ADRIEN -> <t:1768892400:t> - <t:1768899600:t> en __S26__
<t:1768899600:D> **R5.A.14 Anglais TPA** : BESSAC MARIETTE -> <t:1768899600:t> - <t:1768906800:t> en __026-Langues__
<t:1768914000:D> **21 R5.A.11 Aide à la décision TD** : JOUBERT AUDE -> <t:1768914000:t> - <t:1768921200:t> en __S26__
<t:1768921200:D> **11R5.A.02 PPP TD** : VIZET PONCET CECILE -> <t:1768921200:t> - <t:1768928400:t> en __S26__

[2026-01-19T18:00:03.983Z] info: Message sent to channel 1409494803489488986: <t:1768892400:D> **R5.A.06 Programmation multimédia TPA** : PEYTAVIE ADRIEN -> <t:1768892400:t> - <t:1768899600:t> en __S26__
<t:1768899600:D> **R5.A.14 Anglais TPA** : BESSAC MARIETTE -> <t:1768899600:t> - <t:1768906800:t> en __026-Langues__
<t:1768914000:D> **21 R5.A.11 Aide à la décision TD** : JOUBERT AUDE -> <t:1768914000:t> - <t:1768921200:t> en __S26__
<t:1768921200:D> **11R5.A.02 PPP TD** : VIZET PONCET CECILE -> <t:1768921200:t> - <t:1768928400:t> en __S26__

[2026-01-19T18:00:03.984Z] info: Sending message to channel 1409494819574775808: <t:1768899600:D> **21R5.A.06 Programmation multimédia TPB** : PEYTAVIE ADRIEN -> <t:1768899600:t> - <t:1768906800:t> en __S26__
<t:1768914000:D> **21 R5.A.11 Aide à la décision TD** : JOUBERT AUDE -> <t:1768914000:t> - <t:1768921200:t> en __S26__
<t:1768921200:D> **11R5.A.02 PPP TD** : VIZET PONCET CECILE -> <t:1768921200:t> - <t:1768928400:t> en __S26__

[2026-01-19T18:00:03.984Z] info: Message sent to channel 1409494819574775808: <t:1768899600:D> **21R5.A.06 Programmation multimédia TPB** : PEYTAVIE ADRIEN -> <t:1768899600:t> - <t:1768906800:t> en __S26__
<t:1768914000:D> **21 R5.A.11 Aide à la décision TD** : JOUBERT AUDE -> <t:1768914000:t> - <t:1768921200:t> en __S26__
<t:1768921200:D> **11R5.A.02 PPP TD** : VIZET PONCET CECILE -> <t:1768921200:t> - <t:1768928400:t> en __S26__

[2026-01-19T18:00:03.985Z] info: Daily timetables sent
[2026-01-20T18:00:00.589Z] info: Downloading ICS files for tomorrow for groups: aspea, aspeb, g1s1a, g1s1b, g2s1a, g2s1b, g3s1a, g3s1b, g4s1a, g4s1b, g5s1a, g5s1b, g1s3a, g1s3b, g2s3a, g2s3b, g3a2, g4s3a, g4s3b, but3ra1a, but3ra1b, but3ra2a, but3ra2b, but3ra3a, but3ra3b, but3dacs, but3aged
[2026-01-20T18:00:00.590Z] info: Downloading ICS file from https://edt.univ-lyon1.fr/jsp/custom/modules/plannings/anonymous_cal.jsp?resources=9272&projectId=1&calType=ical&firstDate=2026-01-21&lastDate=2026-01-21 to src/calendars/tomorrow/aspea.ics
[2026-01-20T18:00:00.877Z] info: ICS file downloaded successfully to src/calendars/tomorrow/aspea.ics
[2026-01-20T18:00:00.877Z] info: ICS file for aspea downloaded successfully.
[2026-01-20T18:00:00.877Z] info: Downloading ICS file from https://edt.univ-lyon1.fr/jsp/custom/modules/plannings/anonymous_cal.jsp?resources=18783&projectId=1&calType=ical&firstDate=2026-01-21&lastDate=2026-01-21 to src/calendars/tomorrow/aspeb.ics
[2026-01-20T18:00:00.981Z] info: ICS file downloaded successfully to src/calendars/tomorrow/aspeb.ics
[2026-01-20T18:00:00.981Z] info: ICS file for aspeb downloaded successfully.
[2026-01-20T18:00:00.982Z] info: Downloading ICS file from https://edt.univ-lyon1.fr/jsp/custom/modules/plannings/anonymous_cal.jsp?resources=12096&projectId=1&calType=ical&firstDate=2026-01-21&lastDate=2026-01-21 to src/calendars/tomorrow/g1s1a.ics
[2026-01-20T18:00:01.048Z] info: ICS file downloaded successfully to src/calendars/tomorrow/g1s1a.ics
[2026-01-20T18:00:01.048Z] info: ICS file for g1s1a downloaded successfully.
[2026-01-20T18:00:01.049Z] info: Downloading ICS file from https://edt.univ-lyon1.fr/jsp/custom/modules/plannings/anonymous_cal.jsp?resources=12102&projectId=1&calType=ical&firstDate=2026-01-21&lastDate=2026-01-21 to src/calendars/tomorrow/g1s1b.ics
[2026-01-20T18:00:01.139Z] info: ICS file downloaded successfully to src/calendars/tomorrow/g1s1b.ics
[2026-01-20T18:00:01.139Z] info: ICS file for g1s1b downloaded successfully.
[2026-01-20T18:00:01.139Z] info: Downloading ICS file from https://edt.univ-lyon1.fr/jsp/custom/modules/plannings/anonymous_cal.jsp?resources=12403&projectId=1&calType=ical&firstDate=2026-01-21&lastDate=2026-01-21 to src/calendars/tomorrow/g2s1a.ics
[2026-01-20T18:00:01.271Z] info: ICS file downloaded successfully to src/calendars/tomorrow/g2s1a.ics
[2026-01-20T18:00:01.272Z] info: ICS file for g2s1a downloaded successfully.
[2026-01-20T18:00:01.272Z] info: Downloading ICS file from https://edt.univ-lyon1.fr/jsp/custom/modules/plannings/anonymous_cal.jsp?resources=12406&projectId=1&calType=ical&firstDate=2026-01-21&lastDate=2026-01-21 to src/calendars/tomorrow/g2s1b.ics
[2026-01-20T18:00:01.408Z] info: ICS file downloaded successfully to src/calendars/tomorrow/g2s1b.ics
[2026-01-20T18:00:01.409Z] info: ICS file for g2s1b downloaded successfully.
[2026-01-20T18:00:01.409Z] info: Downloading ICS file from https://edt.univ-lyon1.fr/jsp/custom/modules/plannings/anonymous_cal.jsp?resources=12419&projectId=1&calType=ical&firstDate=2026-01-21&lastDate=2026-01-21 to src/calendars/tomorrow/g3s1a.ics
[2026-01-20T18:00:01.507Z] info: ICS file downloaded successfully to src/calendars/tomorrow/g3s1a.ics
[2026-01-20T18:00:01.507Z] info: ICS file for g3s1a downloaded successfully.
[2026-01-20T18:00:01.507Z] info: Downloading ICS file from https://edt.univ-lyon1.fr/jsp/custom/modules/plannings/anonymous_cal.jsp?resources=12425&projectId=1&calType=ical&firstDate=2026-01-21&lastDate=2026-01-21 to src/calendars/tomorrow/g3s1b.ics
[2026-01-20T18:00:01.579Z] info: ICS file downloaded successfully to src/calendars/tomorrow/g3s1b.ics
[2026-01-20T18:00:01.579Z] info: ICS file for g3s1b downloaded successfully.
[2026-01-20T18:00:01.579Z] info: Downloading ICS file from https://edt.univ-lyon1.fr/jsp/custom/modules/plannings/anonymous_cal.jsp?resources=12424&projectId=1&calType=ical&firstDate=2026-01-21&lastDate=2026-01-21 to src/calendars/tomorrow/g4s1a.ics
[2026-01-20T18:00:01.695Z] info: ICS file downloaded successfully to src/calendars/tomorrow/g4s1a.ics
[2026-01-20T18:00:01.696Z] info: ICS file for g4s1a downloaded successfully.
[2026-01-20T18:00:01.696Z] info: Downloading ICS file from https://edt.univ-lyon1.fr/jsp/custom/modules/plannings/anonymous_cal.jsp?resources=12444&projectId=1&calType=ical&firstDate=2026-01-21&lastDate=2026-01-21 to src/calendars/tomorrow/g4s1b.ics
[2026-01-20T18:00:01.821Z] info: ICS file downloaded successfully to src/calendars/tomorrow/g4s1b.ics
[2026-01-20T18:00:01.822Z] info: ICS file for g4s1b downloaded successfully.
[2026-01-20T18:00:01.822Z] info: Downloading ICS file from https://edt.univ-lyon1.fr/jsp/custom/modules/plannings/anonymous_cal.jsp?resources=12460&projectId=1&calType=ical&firstDate=2026-01-21&lastDate=2026-01-21 to src/calendars/tomorrow/g5s1a.ics
[2026-01-20T18:00:01.900Z] info: ICS file downloaded successfully to src/calendars/tomorrow/g5s1a.ics
[2026-01-20T18:00:01.900Z] info: ICS file for g5s1a downloaded successfully.
[2026-01-20T18:00:01.900Z] info: Downloading ICS file from https://edt.univ-lyon1.fr/jsp/custom/modules/plannings/anonymous_cal.jsp?resources=12461&projectId=1&calType=ical&firstDate=2026-01-21&lastDate=2026-01-21 to src/calendars/tomorrow/g5s1b.ics
[2026-01-20T18:00:02.023Z] info: ICS file downloaded successfully to src/calendars/tomorrow/g5s1b.ics
[2026-01-20T18:00:02.024Z] info: ICS file for g5s1b downloaded successfully.
[2026-01-20T18:00:02.024Z] info: Downloading ICS file from https://edt.univ-lyon1.fr/jsp/custom/modules/plannings/anonymous_cal.jsp?resources=35708&projectId=1&calType=ical&firstDate=2026-01-21&lastDate=2026-01-21 to src/calendars/tomorrow/g1s3a.ics
[2026-01-20T18:00:02.129Z] info: ICS file downloaded successfully to src/calendars/tomorrow/g1s3a.ics
[2026-01-20T18:00:02.129Z] info: ICS file for g1s3a downloaded successfully.
[2026-01-20T18:00:02.130Z] info: Downloading ICS file from https://edt.univ-lyon1.fr/jsp/custom/modules/plannings/anonymous_cal.jsp?resources=35709&projectId=1&calType=ical&firstDate=2026-01-21&lastDate=2026-01-21 to src/calendars/tomorrow/g1s3b.ics
[2026-01-20T18:00:02.227Z] info: ICS file downloaded successfully to src/calendars/tomorrow/g1s3b.ics
[2026-01-20T18:00:02.228Z] info: ICS file for g1s3b downloaded successfully.
[2026-01-20T18:00:02.228Z] info: Downloading ICS file from https://edt.univ-lyon1.fr/jsp/custom/modules/plannings/anonymous_cal.jsp?resources=35710&projectId=1&calType=ical&firstDate=2026-01-21&lastDate=2026-01-21 to src/calendars/tomorrow/g2s3a.ics
[2026-01-20T18:00:02.299Z] info: ICS file downloaded successfully to src/calendars/tomorrow/g2s3a.ics
[2026-01-20T18:00:02.299Z] info: ICS file for g2s3a downloaded successfully.
[2026-01-20T18:00:02.299Z] info: Downloading ICS file from https://edt.univ-lyon1.fr/jsp/custom/modules/plannings/anonymous_cal.jsp?resources=35713&projectId=1&calType=ical&firstDate=2026-01-21&lastDate=2026-01-21 to src/calendars/tomorrow/g2s3b.ics
[2026-01-20T18:00:02.385Z] info: ICS file downloaded successfully to src/calendars/tomorrow/g2s3b.ics
[2026-01-20T18:00:02.386Z] info: ICS file for g2s3b downloaded successfully.
[2026-01-20T18:00:02.386Z] info: Downloading ICS file from https://edt.univ-lyon1.fr/jsp/custom/modules/plannings/anonymous_cal.jsp?resources=35714&projectId=1&calType=ical&firstDate=2026-01-21&lastDate=2026-01-21 to src/calendars/tomorrow/g3a2.ics
[2026-01-20T18:00:02.470Z] info: ICS file downloaded successfully to src/calendars/tomorrow/g3a2.ics
[2026-01-20T18:00:02.471Z] info: ICS file for g3a2 downloaded successfully.
[2026-01-20T18:00:02.471Z] info: Downloading ICS file from https://edt.univ-lyon1.fr/jsp/custom/modules/plannings/anonymous_cal.jsp?resources=35717&projectId=1&calType=ical&firstDate=2026-01-21&lastDate=2026-01-21 to src/calendars/tomorrow/g4s3a.ics
[2026-01-20T18:00:02.534Z] info: ICS file downloaded successfully to src/calendars/tomorrow/g4s3a.ics
[2026-01-20T18:00:02.535Z] info: ICS file for g4s3a downloaded successfully.
[2026-01-20T18:00:02.535Z] info: Downloading ICS file from https://edt.univ-lyon1.fr/jsp/custom/modules/plannings/anonymous_cal.jsp?resources=35718&projectId=1&calType=ical&firstDate=2026-01-21&lastDate=2026-01-21 to src/calendars/tomorrow/g4s3b.ics
[2026-01-20T18:00:02.637Z] info: ICS file downloaded successfully to src/calendars/tomorrow/g4s3b.ics
[2026-01-20T18:00:02.637Z] info: ICS file for g4s3b downloaded successfully.
[2026-01-20T18:00:02.638Z] info: Downloading ICS file from https://edt.univ-lyon1.fr/jsp/custom/modules/plannings/anonymous_cal.jsp?resources=6161&projectId=1&calType=ical&firstDate=2026-01-21&lastDate=2026-01-21 to src/calendars/tomorrow/but3ra1a.ics
[2026-01-20T18:00:02.746Z] info: ICS file downloaded successfully to src/calendars/tomorrow/but3ra1a.ics
[2026-01-20T18:00:02.747Z] info: ICS file for but3ra1a downloaded successfully.
[2026-01-20T18:00:02.747Z] info: Downloading ICS file from https://edt.univ-lyon1.fr/jsp/custom/modules/plannings/anonymous_cal.jsp?resources=6163&projectId=1&calType=ical&firstDate=2026-01-21&lastDate=2026-01-21 to src/calendars/tomorrow/but3ra1b.ics
[2026-01-20T18:00:02.844Z] info: ICS file downloaded successfully to src/calendars/tomorrow/but3ra1b.ics
[2026-01-20T18:00:02.848Z] info: ICS file for but3ra1b downloaded successfully.
[2026-01-20T18:00:02.848Z] info: Downloading ICS file from https://edt.univ-lyon1.fr/jsp/custom/modules/plannings/anonymous_cal.jsp?resources=6165&projectId=1&calType=ical&firstDate=2026-01-21&lastDate=2026-01-21 to src/calendars/tomorrow/but3ra2a.ics
[2026-01-20T18:00:02.940Z] info: ICS file downloaded successfully to src/calendars/tomorrow/but3ra2a.ics
[2026-01-20T18:00:02.941Z] info: ICS file for but3ra2a downloaded successfully.
[2026-01-20T18:00:02.941Z] info: Downloading ICS file from https://edt.univ-lyon1.fr/jsp/custom/modules/plannings/anonymous_cal.jsp?resources=6168&projectId=1&calType=ical&firstDate=2026-01-21&lastDate=2026-01-21 to src/calendars/tomorrow/but3ra2b.ics
[2026-01-20T18:00:03.042Z] info: ICS file downloaded successfully to src/calendars/tomorrow/but3ra2b.ics
[2026-01-20T18:00:03.043Z] info: ICS file for but3ra2b downloaded successfully.
[2026-01-20T18:00:03.043Z] info: Downloading ICS file from https://edt.univ-lyon1.fr/jsp/custom/modules/plannings/anonymous_cal.jsp?resources=14059&projectId=1&calType=ical&firstDate=2026-01-21&lastDate=2026-01-21 to src/calendars/tomorrow/but3ra3a.ics
[2026-01-20T18:00:03.100Z] info: ICS file downloaded successfully to src/calendars/tomorrow/but3ra3a.ics
[2026-01-20T18:00:03.100Z] info: ICS file for but3ra3a downloaded successfully.
[2026-01-20T18:00:03.101Z] info: Downloading ICS file from https://edt.univ-lyon1.fr/jsp/custom/modules/plannings/anonymous_cal.jsp?resources=14064&projectId=1&calType=ical&firstDate=2026-01-21&lastDate=2026-01-21 to src/calendars/tomorrow/but3ra3b.ics
[2026-01-20T18:00:03.153Z] info: ICS file downloaded successfully to src/calendars/tomorrow/but3ra3b.ics
[2026-01-20T18:00:03.154Z] info: ICS file for but3ra3b downloaded successfully.
[2026-01-20T18:00:03.154Z] info: Downloading ICS file from https://edt.univ-lyon1.fr/jsp/custom/modules/plannings/anonymous_cal.jsp?resources=6136&projectId=1&calType=ical&firstDate=2026-01-21&lastDate=2026-01-21 to src/calendars/tomorrow/but3dacs.ics
[2026-01-20T18:00:03.211Z] info: ICS file downloaded successfully to src/calendars/tomorrow/but3dacs.ics
[2026-01-20T18:00:03.212Z] info: ICS file for but3dacs downloaded successfully.
[2026-01-20T18:00:03.212Z] info: Downloading ICS file from https://edt.univ-lyon1.fr/jsp/custom/modules/plannings/anonymous_cal.jsp?resources=6048&projectId=1&calType=ical&firstDate=2026-01-21&lastDate=2026-01-21 to src/calendars/tomorrow/but3aged.ics
[2026-01-20T18:00:03.268Z] info: ICS file downloaded successfully to src/calendars/tomorrow/but3aged.ics
[2026-01-20T18:00:03.268Z] info: ICS file for but3aged downloaded successfully.
[2026-01-20T18:00:03.269Z] info: Sending daily timetables
[2026-01-20T18:00:03.279Z] info: Sending message to channel 1395371772550975558: <t:1768978800:D> **21 S2.19 Gestion TD** : DUFOUR KARLINE -> <t:1768978800:t> - <t:1768986000:t> en __S15__
<t:1768986000:D> **11 S2.04 Architecture logicielle** : GONCALVES ISABELLE -> <t:1768986000:t> - <t:1768993200:t> en __S16__
<t:1769000400:D> **21 S2.04 Architecture logicielle** : GONCALVES ISABELLE -> <t:1769000400:t> - <t:1769007600:t> en __S16__
<t:1769007600:D> **11Economie durable et numérique** : LAGACHE ALEXANDRA -> <t:1769007600:t> - <t:1769014800:t> en __S11__

[2026-01-20T18:00:03.279Z] info: Message sent to channel 1395371772550975558: <t:1768978800:D> **21 S2.19 Gestion TD** : DUFOUR KARLINE -> <t:1768978800:t> - <t:1768986000:t> en __S15__
<t:1768986000:D> **11 S2.04 Architecture logicielle** : GONCALVES ISABELLE -> <t:1768986000:t> - <t:1768993200:t> en __S16__
<t:1769000400:D> **21 S2.04 Architecture logicielle** : GONCALVES ISABELLE -> <t:1769000400:t> - <t:1769007600:t> en __S16__
<t:1769007600:D> **11Economie durable et numérique** : LAGACHE ALEXANDRA -> <t:1769007600:t> - <t:1769014800:t> en __S11__

[2026-01-20T18:00:03.280Z] info: Sending message to channel 1395052296521646282: <t:1768978800:D> **R1.04 Intro Systèmes DS** : PARAUD JEAN-CHRISTOPHE -> <t:1768978800:t> - <t:1768986000:t> en __Amphi2,S25,H20__
<t:1768986000:D> **R1.05-2 SQL DS** : BENSLIMANE DJAMAL -> <t:1768986000:t> - <t:1768993200:t> en __H20,H21,Amphi2,S25__

[2026-01-20T18:00:03.280Z] info: Message sent to channel 1395052296521646282: <t:1768978800:D> **R1.04 Intro Systèmes DS** : PARAUD JEAN-CHRISTOPHE -> <t:1768978800:t> - <t:1768986000:t> en __Amphi2,S25,H20__
<t:1768986000:D> **R1.05-2 SQL DS** : BENSLIMANE DJAMAL -> <t:1768986000:t> - <t:1768993200:t> en __H20,H21,Amphi2,S25__

[2026-01-20T18:00:03.281Z] info: Sending message to channel 1395052332969885726: <t:1768978800:D> **R1.04 Intro Systèmes DS** : PARAUD JEAN-CHRISTOPHE -> <t:1768978800:t> - <t:1768986000:t> en __Amphi2,S25,H20__
<t:1768986000:D> **R1.05-2 SQL DS** : BENSLIMANE DJAMAL -> <t:1768986000:t> - <t:1768993200:t> en __H20,H21,Amphi2,S25__
<t:1769000400:D> **R1.10 Anglais-TPB P2** : BESSAC MARIETTE -> <t:1769000400:t> - <t:1769007600:t> en __028__

[2026-01-20T18:00:03.281Z] info: Message sent to channel 1395052332969885726: <t:1768978800:D> **R1.04 Intro Systèmes DS** : PARAUD JEAN-CHRISTOPHE -> <t:1768978800:t> - <t:1768986000:t> en __Amphi2,S25,H20__
<t:1768986000:D> **R1.05-2 SQL DS** : BENSLIMANE DJAMAL -> <t:1768986000:t> - <t:1768993200:t> en __H20,H21,Amphi2,S25__
<t:1769000400:D> **R1.10 Anglais-TPB P2** : BESSAC MARIETTE -> <t:1769000400:t> - <t:1769007600:t> en __028__

[2026-01-20T18:00:03.281Z] info: Sending message to channel 1395052379866660874: <t:1768978800:D> **R1.04 Intro Systèmes DS** : PARAUD JEAN-CHRISTOPHE -> <t:1768978800:t> - <t:1768986000:t> en __Amphi2,S25,H20__
<t:1768986000:D> **R1.05-2 SQL DS** : BENSLIMANE DJAMAL -> <t:1768986000:t> - <t:1768993200:t> en __H20,H21,Amphi2,S25__

[2026-01-20T18:00:03.281Z] info: Message sent to channel 1395052379866660874: <t:1768978800:D> **R1.04 Intro Systèmes DS** : PARAUD JEAN-CHRISTOPHE -> <t:1768978800:t> - <t:1768986000:t> en __Amphi2,S25,H20__
<t:1768986000:D> **R1.05-2 SQL DS** : BENSLIMANE DJAMAL -> <t:1768986000:t> - <t:1768993200:t> en __H20,H21,Amphi2,S25__

[2026-01-20T18:00:03.282Z] info: Sending message to channel 1395052392092930048: <t:1768978800:D> **R1.04 Intro Systèmes DS** : PARAUD JEAN-CHRISTOPHE -> <t:1768978800:t> - <t:1768986000:t> en __Amphi2,S25,H20__
<t:1768986000:D> **R1.05-2 SQL DS** : BENSLIMANE DJAMAL -> <t:1768986000:t> - <t:1768993200:t> en __H20,H21,Amphi2,S25__

[2026-01-20T18:00:03.282Z] info: Message sent to channel 1395052392092930048: <t:1768978800:D> **R1.04 Intro Systèmes DS** : PARAUD JEAN-CHRISTOPHE -> <t:1768978800:t> - <t:1768986000:t> en __Amphi2,S25,H20__
<t:1768986000:D> **R1.05-2 SQL DS** : BENSLIMANE DJAMAL -> <t:1768986000:t> - <t:1768993200:t> en __H20,H21,Amphi2,S25__

[2026-01-20T18:00:03.282Z] info: Sending message to channel 1395056179914473612: <t:1768978800:D> **R1.04 Intro Systèmes DS** : PARAUD JEAN-CHRISTOPHE -> <t:1768978800:t> - <t:1768986000:t> en __Amphi2,S25,H20__
<t:1768986000:D> **R1.05-2 SQL DS** : BENSLIMANE DJAMAL -> <t:1768986000:t> - <t:1768993200:t> en __H20,H21,Amphi2,S25__

[2026-01-20T18:00:03.283Z] info: Message sent to channel 1395056179914473612: <t:1768978800:D> **R1.04 Intro Systèmes DS** : PARAUD JEAN-CHRISTOPHE -> <t:1768978800:t> - <t:1768986000:t> en __Amphi2,S25,H20__
<t:1768986000:D> **R1.05-2 SQL DS** : BENSLIMANE DJAMAL -> <t:1768986000:t> - <t:1768993200:t> en __H20,H21,Amphi2,S25__

[2026-01-20T18:00:03.283Z] info: Sending message to channel 1395052422401101905: <t:1768978800:D> **R1.04 Intro Systèmes DS** : PARAUD JEAN-CHRISTOPHE -> <t:1768978800:t> - <t:1768986000:t> en __Amphi2,S25,H20__
<t:1768986000:D> **R1.05-2 SQL DS** : BENSLIMANE DJAMAL -> <t:1768986000:t> - <t:1768993200:t> en __H20,H21,Amphi2,S25__

[2026-01-20T18:00:03.284Z] info: Message sent to channel 1395052422401101905: <t:1768978800:D> **R1.04 Intro Systèmes DS** : PARAUD JEAN-CHRISTOPHE -> <t:1768978800:t> - <t:1768986000:t> en __Amphi2,S25,H20__
<t:1768986000:D> **R1.05-2 SQL DS** : BENSLIMANE DJAMAL -> <t:1768986000:t> - <t:1768993200:t> en __H20,H21,Amphi2,S25__

[2026-01-20T18:00:03.285Z] info: Sending message to channel 1395052443192266916: <t:1768978800:D> **R1.04 Intro Systèmes DS** : PARAUD JEAN-CHRISTOPHE -> <t:1768978800:t> - <t:1768986000:t> en __Amphi2,S25,H20__
<t:1768986000:D> **R1.05-2 SQL DS** : BENSLIMANE DJAMAL -> <t:1768986000:t> - <t:1768993200:t> en __H20,H21,Amphi2,S25__

[2026-01-20T18:00:03.285Z] info: Message sent to channel 1395052443192266916: <t:1768978800:D> **R1.04 Intro Systèmes DS** : PARAUD JEAN-CHRISTOPHE -> <t:1768978800:t> - <t:1768986000:t> en __Amphi2,S25,H20__
<t:1768986000:D> **R1.05-2 SQL DS** : BENSLIMANE DJAMAL -> <t:1768986000:t> - <t:1768993200:t> en __H20,H21,Amphi2,S25__

[2026-01-20T18:00:03.285Z] info: Sending message to channel 1395052467070177290: <t:1768978800:D> **R1.04 Intro Systèmes DS** : PARAUD JEAN-CHRISTOPHE -> <t:1768978800:t> - <t:1768986000:t> en __Amphi2,S25,H20__
<t:1768986000:D> **R1.05-2 SQL DS** : BENSLIMANE DJAMAL -> <t:1768986000:t> - <t:1768993200:t> en __H20,H21,Amphi2,S25__

[2026-01-20T18:00:03.285Z] info: Message sent to channel 1395052467070177290: <t:1768978800:D> **R1.04 Intro Systèmes DS** : PARAUD JEAN-CHRISTOPHE -> <t:1768978800:t> - <t:1768986000:t> en __Amphi2,S25,H20__
<t:1768986000:D> **R1.05-2 SQL DS** : BENSLIMANE DJAMAL -> <t:1768986000:t> - <t:1768993200:t> en __H20,H21,Amphi2,S25__

[2026-01-20T18:00:03.286Z] info: Sending message to channel 1395052827985842288: <t:1768978800:D> **R1.04 Intro Systèmes DS** : PARAUD JEAN-CHRISTOPHE -> <t:1768978800:t> - <t:1768986000:t> en __Amphi2,S25,H20__
<t:1768986000:D> **R1.05-2 SQL DS** : BENSLIMANE DJAMAL -> <t:1768986000:t> - <t:1768993200:t> en __H20,H21,Amphi2,S25__
<t:1769000400:D> **R1.11 Com-TPA** : BESSON MATHIEU -> <t:1769000400:t> - <t:1769007600:t> en __037-Conseil__

[2026-01-20T18:00:03.286Z] info: Message sent to channel 1395052827985842288: <t:1768978800:D> **R1.04 Intro Systèmes DS** : PARAUD JEAN-CHRISTOPHE -> <t:1768978800:t> - <t:1768986000:t> en __Amphi2,S25,H20__
<t:1768986000:D> **R1.05-2 SQL DS** : BENSLIMANE DJAMAL -> <t:1768986000:t> - <t:1768993200:t> en __H20,H21,Amphi2,S25__
<t:1769000400:D> **R1.11 Com-TPA** : BESSON MATHIEU -> <t:1769000400:t> - <t:1769007600:t> en __037-Conseil__

[2026-01-20T18:00:03.286Z] info: Sending message to channel 1395052882486890707: <t:1768978800:D> **R1.04 Intro Systèmes DS** : PARAUD JEAN-CHRISTOPHE -> <t:1768978800:t> - <t:1768986000:t> en __Amphi2,S25,H20__
<t:1768986000:D> **R1.05-2 SQL DS** : BENSLIMANE DJAMAL -> <t:1768986000:t> - <t:1768993200:t> en __H20,H21,Amphi2,S25__
<t:1769007600:D> **110 R1.11 Com-TPB** : BESSON MATHIEU -> <t:1769007600:t> - <t:1769014800:t> en __S12__

[2026-01-20T18:00:03.287Z] info: Message sent to channel 1395052882486890707: <t:1768978800:D> **R1.04 Intro Systèmes DS** : PARAUD JEAN-CHRISTOPHE -> <t:1768978800:t> - <t:1768986000:t> en __Amphi2,S25,H20__
<t:1768986000:D> **R1.05-2 SQL DS** : BENSLIMANE DJAMAL -> <t:1768986000:t> - <t:1768993200:t> en __H20,H21,Amphi2,S25__
<t:1769007600:D> **110 R1.11 Com-TPB** : BESSON MATHIEU -> <t:1769007600:t> - <t:1769014800:t> en __S12__

[2026-01-20T18:00:03.287Z] info: Sending message to channel 1395371275643256924: <t:1768978800:D> **R3.05 Programmation système-DS** : WATRIGANT REMI -> <t:1768978800:t> - <t:1768986000:t> en __H21__
<t:1769007600:D> **11 R3.02 Dév. Efficace (algo)-TD** : KHEDDOUCI HAMAMACHE -> <t:1769007600:t> - <t:1769014800:t> en __S16__

[2026-01-20T18:00:03.287Z] info: Message sent to channel 1395371275643256924: <t:1768978800:D> **R3.05 Programmation système-DS** : WATRIGANT REMI -> <t:1768978800:t> - <t:1768986000:t> en __H21__
<t:1769007600:D> **11 R3.02 Dév. Efficace (algo)-TD** : KHEDDOUCI HAMAMACHE -> <t:1769007600:t> - <t:1769014800:t> en __S16__

[2026-01-20T18:00:03.288Z] info: Sending message to channel 1395371292533723147: <t:1768978800:D> **R3.05 Programmation système-DS** : WATRIGANT REMI -> <t:1768978800:t> - <t:1768986000:t> en __H21__
<t:1768986000:D> **R3.13 communication professionnelle-TPB** : DEBOUTE JOCELYNE -> <t:1768986000:t> - <t:1768993200:t> en __S21__
<t:1769007600:D> **11 R3.02 Dév. Efficace (algo)-TD** : KHEDDOUCI HAMAMACHE -> <t:1769007600:t> - <t:1769014800:t> en __S16__

[2026-01-20T18:00:03.288Z] info: Message sent to channel 1395371292533723147: <t:1768978800:D> **R3.05 Programmation système-DS** : WATRIGANT REMI -> <t:1768978800:t> - <t:1768986000:t> en __H21__
<t:1768986000:D> **R3.13 communication professionnelle-TPB** : DEBOUTE JOCELYNE -> <t:1768986000:t> - <t:1768993200:t> en __S21__
<t:1769007600:D> **11 R3.02 Dév. Efficace (algo)-TD** : KHEDDOUCI HAMAMACHE -> <t:1769007600:t> - <t:1769014800:t> en __S16__

[2026-01-20T18:00:03.288Z] info: Sending message to channel 1395371451573600287: <t:1768978800:D> **R3.05 Programmation système-DS** : WATRIGANT REMI -> <t:1768978800:t> - <t:1768986000:t> en __H21__
<t:1769007600:D> **R3.13 communication professionnelle-TPA** : DEBOUTE JOCELYNE -> <t:1769007600:t> - <t:1769014800:t> en __S21__

[2026-01-20T18:00:03.288Z] info: Message sent to channel 1395371451573600287: <t:1768978800:D> **R3.05 Programmation système-DS** : WATRIGANT REMI -> <t:1768978800:t> - <t:1768986000:t> en __H21__
<t:1769007600:D> **R3.13 communication professionnelle-TPA** : DEBOUTE JOCELYNE -> <t:1769007600:t> - <t:1769014800:t> en __S21__

[2026-01-20T18:00:03.289Z] info: Sending message to channel 1395371471345553540: <t:1768978800:D> **R3.05 Programmation système-DS** : WATRIGANT REMI -> <t:1768978800:t> - <t:1768986000:t> en __H21__
<t:1769000400:D> **R3.13 communication professionnelle-TPB** : DEBOUTE JOCELYNE -> <t:1769000400:t> - <t:1769007600:t> en __S21__

[2026-01-20T18:00:03.289Z] info: Message sent to channel 1395371471345553540: <t:1768978800:D> **R3.05 Programmation système-DS** : WATRIGANT REMI -> <t:1768978800:t> - <t:1768986000:t> en __H21__
<t:1769000400:D> **R3.13 communication professionnelle-TPB** : DEBOUTE JOCELYNE -> <t:1769000400:t> - <t:1769007600:t> en __S21__

[2026-01-20T18:00:03.290Z] info: Sending message to channel 1395371640291983370: <t:1768978800:D> **13 R3.03 Analyse-TD** : FACI NOURA -> <t:1768978800:t> - <t:1768986000:t> en __S13__
<t:1768986000:D> **11 R3.11 Droit des contrats et du numérique-TD** : DUFOUR KARLINE -> <t:1768986000:t> - <t:1768993200:t> en __040__
<t:1769000400:D> **R3.06 Archi réseaux-TD** : CHEKARI KARIM -> <t:1769000400:t> - <t:1769007600:t> en __S13__
<t:1769007600:D> **R3.06 Archi réseaux-TP** : CHEKARI KARIM -> <t:1769007600:t> - <t:1769014800:t> en __S18 - TP Réseau__

[2026-01-20T18:00:03.290Z] info: Message sent to channel 1395371640291983370: <t:1768978800:D> **13 R3.03 Analyse-TD** : FACI NOURA -> <t:1768978800:t> - <t:1768986000:t> en __S13__
<t:1768986000:D> **11 R3.11 Droit des contrats et du numérique-TD** : DUFOUR KARLINE -> <t:1768986000:t> - <t:1768993200:t> en __040__
<t:1769000400:D> **R3.06 Archi réseaux-TD** : CHEKARI KARIM -> <t:1769000400:t> - <t:1769007600:t> en __S13__
<t:1769007600:D> **R3.06 Archi réseaux-TP** : CHEKARI KARIM -> <t:1769007600:t> - <t:1769014800:t> en __S18 - TP Réseau__

[2026-01-20T18:00:03.290Z] info: Sending message to channel 1395371506099425310: <t:1768978800:D> **R3.05 Programmation système-DS** : WATRIGANT REMI -> <t:1768978800:t> - <t:1768986000:t> en __H21__
<t:1768986000:D> **11 R3.02 Dév. Efficace (algo)-TD** : KHEDDOUCI HAMAMACHE -> <t:1768986000:t> - <t:1768993200:t> en __S17__
<t:1769000400:D> **11 R3.02 Dév. Efficace (algo)-TD** : KHEDDOUCI HAMAMACHE -> <t:1769000400:t> - <t:1769007600:t> en __S14__

[2026-01-20T18:00:03.290Z] info: Message sent to channel 1395371506099425310: <t:1768978800:D> **R3.05 Programmation système-DS** : WATRIGANT REMI -> <t:1768978800:t> - <t:1768986000:t> en __H21__
<t:1768986000:D> **11 R3.02 Dév. Efficace (algo)-TD** : KHEDDOUCI HAMAMACHE -> <t:1768986000:t> - <t:1768993200:t> en __S17__
<t:1769000400:D> **11 R3.02 Dév. Efficace (algo)-TD** : KHEDDOUCI HAMAMACHE -> <t:1769000400:t> - <t:1769007600:t> en __S14__

[2026-01-20T18:00:03.291Z] info: Sending message to channel 1395371591797575750: <t:1768978800:D> **R3.05 Programmation système-DS** : WATRIGANT REMI -> <t:1768978800:t> - <t:1768986000:t> en __H21__
<t:1768986000:D> **11 R3.02 Dév. Efficace (algo)-TD** : KHEDDOUCI HAMAMACHE -> <t:1768986000:t> - <t:1768993200:t> en __S17__
<t:1769000400:D> **11 R3.02 Dév. Efficace (algo)-TD** : KHEDDOUCI HAMAMACHE -> <t:1769000400:t> - <t:1769007600:t> en __S14__

[2026-01-20T18:00:03.291Z] info: Message sent to channel 1395371591797575750: <t:1768978800:D> **R3.05 Programmation système-DS** : WATRIGANT REMI -> <t:1768978800:t> - <t:1768986000:t> en __H21__
<t:1768986000:D> **11 R3.02 Dév. Efficace (algo)-TD** : KHEDDOUCI HAMAMACHE -> <t:1768986000:t> - <t:1768993200:t> en __S17__
<t:1769000400:D> **11 R3.02 Dév. Efficace (algo)-TD** : KHEDDOUCI HAMAMACHE -> <t:1769000400:t> - <t:1769007600:t> en __S14__

[2026-01-20T18:00:03.292Z] info: Sending message to channel 1409494803489488986: <t:1768978800:D> **11R5.A.04 Qualité algo** : DUCHENE ERIC -> <t:1768978800:t> - <t:1768986000:t> en __S26__
<t:1768986000:D> **11R6.02 Droit du numérique** : MAGNIN FLORENCE -> <t:1768986000:t> - <t:1768993200:t> en __S26__
<t:1769000400:D> **21R6.02 Droit du numérique** : MAGNIN FLORENCE -> <t:1769000400:t> - <t:1769007600:t> en __S26__

[2026-01-20T18:00:03.293Z] info: Message sent to channel 1409494803489488986: <t:1768978800:D> **11R5.A.04 Qualité algo** : DUCHENE ERIC -> <t:1768978800:t> - <t:1768986000:t> en __S26__
<t:1768986000:D> **11R6.02 Droit du numérique** : MAGNIN FLORENCE -> <t:1768986000:t> - <t:1768993200:t> en __S26__
<t:1769000400:D> **21R6.02 Droit du numérique** : MAGNIN FLORENCE -> <t:1769000400:t> - <t:1769007600:t> en __S26__

[2026-01-20T18:00:03.293Z] info: Sending message to channel 1409494819574775808: <t:1768978800:D> **11R5.A.04 Qualité algo** : DUCHENE ERIC -> <t:1768978800:t> - <t:1768986000:t> en __S26__
<t:1768986000:D> **11R6.02 Droit du numérique** : MAGNIN FLORENCE -> <t:1768986000:t> - <t:1768993200:t> en __S26__
<t:1769000400:D> **21R6.02 Droit du numérique** : MAGNIN FLORENCE -> <t:1769000400:t> - <t:1769007600:t> en __S26__
<t:1769007600:D> **31R5.A.14 Anglais TPB** : BESSAC MARIETTE -> <t:1769007600:t> - <t:1769014800:t> en __028__

[2026-01-20T18:00:03.293Z] info: Message sent to channel 1409494819574775808: <t:1768978800:D> **11R5.A.04 Qualité algo** : DUCHENE ERIC -> <t:1768978800:t> - <t:1768986000:t> en __S26__
<t:1768986000:D> **11R6.02 Droit du numérique** : MAGNIN FLORENCE -> <t:1768986000:t> - <t:1768993200:t> en __S26__
<t:1769000400:D> **21R6.02 Droit du numérique** : MAGNIN FLORENCE -> <t:1769000400:t> - <t:1769007600:t> en __S26__
<t:1769007600:D> **31R5.A.14 Anglais TPB** : BESSAC MARIETTE -> <t:1769007600:t> - <t:1769014800:t> en __028__

[2026-01-20T18:00:03.294Z] info: Daily timetables sent
[2026-01-21T18:00:00.777Z] info: Downloading ICS files for tomorrow for groups: aspea, aspeb, g1s1a, g1s1b, g2s1a, g2s1b, g3s1a, g3s1b, g4s1a, g4s1b, g5s1a, g5s1b, g1s3a, g1s3b, g2s3a, g2s3b, g3a2, g4s3a, g4s3b, but3ra1a, but3ra1b, but3ra2a, but3ra2b, but3ra3a, but3ra3b, but3dacs, but3aged
[2026-01-21T18:00:00.777Z] info: Downloading ICS file from https://edt.univ-lyon1.fr/jsp/custom/modules/plannings/anonymous_cal.jsp?resources=9272&projectId=1&calType=ical&firstDate=2026-01-22&lastDate=2026-01-22 to src/calendars/tomorrow/aspea.ics
[2026-01-21T18:01:01.078Z] error: Failed to download file at https://edt.univ-lyon1.fr/jsp/custom/modules/plannings/anonymous_cal.jsp?resources=9272&projectId=1&calType=ical&firstDate=2026-01-22&lastDate=2026-01-22, ERROR: 504
[2026-01-21T18:01:01.079Z] error: Échec du téléchargement pour aspea : Failed to download file: 504
[2026-01-21T18:01:01.079Z] info: Downloading ICS file from https://edt.univ-lyon1.fr/jsp/custom/modules/plannings/anonymous_cal.jsp?resources=18783&projectId=1&calType=ical&firstDate=2026-01-22&lastDate=2026-01-22 to src/calendars/tomorrow/aspeb.ics
[2026-01-21T18:01:01.214Z] info: ICS file downloaded successfully to src/calendars/tomorrow/aspeb.ics
[2026-01-21T18:01:01.215Z] info: ICS file for aspeb downloaded successfully.
[2026-01-21T18:01:01.215Z] info: Downloading ICS file from https://edt.univ-lyon1.fr/jsp/custom/modules/plannings/anonymous_cal.jsp?resources=12096&projectId=1&calType=ical&firstDate=2026-01-22&lastDate=2026-01-22 to src/calendars/tomorrow/g1s1a.ics
[2026-01-21T18:01:01.364Z] info: ICS file downloaded successfully to src/calendars/tomorrow/g1s1a.ics
[2026-01-21T18:01:01.365Z] info: ICS file for g1s1a downloaded successfully.
[2026-01-21T18:01:01.365Z] info: Downloading ICS file from https://edt.univ-lyon1.fr/jsp/custom/modules/plannings/anonymous_cal.jsp?resources=12102&projectId=1&calType=ical&firstDate=2026-01-22&lastDate=2026-01-22 to src/calendars/tomorrow/g1s1b.ics
[2026-01-21T18:01:01.439Z] info: ICS file downloaded successfully to src/calendars/tomorrow/g1s1b.ics
[2026-01-21T18:01:01.440Z] info: ICS file for g1s1b downloaded successfully.
[2026-01-21T18:01:01.440Z] info: Downloading ICS file from https://edt.univ-lyon1.fr/jsp/custom/modules/plannings/anonymous_cal.jsp?resources=12403&projectId=1&calType=ical&firstDate=2026-01-22&lastDate=2026-01-22 to src/calendars/tomorrow/g2s1a.ics
[2026-01-21T18:01:01.541Z] info: ICS file downloaded successfully to src/calendars/tomorrow/g2s1a.ics
[2026-01-21T18:01:01.542Z] info: ICS file for g2s1a downloaded successfully.
[2026-01-21T18:01:01.542Z] info: Downloading ICS file from https://edt.univ-lyon1.fr/jsp/custom/modules/plannings/anonymous_cal.jsp?resources=12406&projectId=1&calType=ical&firstDate=2026-01-22&lastDate=2026-01-22 to src/calendars/tomorrow/g2s1b.ics
[2026-01-21T18:01:01.636Z] info: ICS file downloaded successfully to src/calendars/tomorrow/g2s1b.ics
[2026-01-21T18:01:01.636Z] info: ICS file for g2s1b downloaded successfully.
[2026-01-21T18:01:01.637Z] info: Downloading ICS file from https://edt.univ-lyon1.fr/jsp/custom/modules/plannings/anonymous_cal.jsp?resources=12419&projectId=1&calType=ical&firstDate=2026-01-22&lastDate=2026-01-22 to src/calendars/tomorrow/g3s1a.ics
[2026-01-21T18:01:01.739Z] info: ICS file downloaded successfully to src/calendars/tomorrow/g3s1a.ics
[2026-01-21T18:01:01.739Z] info: ICS file for g3s1a downloaded successfully.
[2026-01-21T18:01:01.739Z] info: Downloading ICS file from https://edt.univ-lyon1.fr/jsp/custom/modules/plannings/anonymous_cal.jsp?resources=12425&projectId=1&calType=ical&firstDate=2026-01-22&lastDate=2026-01-22 to src/calendars/tomorrow/g3s1b.ics
[2026-01-21T18:01:01.815Z] info: ICS file downloaded successfully to src/calendars/tomorrow/g3s1b.ics
[2026-01-21T18:01:01.815Z] info: ICS file for g3s1b downloaded successfully.
[2026-01-21T18:01:01.816Z] info: Downloading ICS file from https://edt.univ-lyon1.fr/jsp/custom/modules/plannings/anonymous_cal.jsp?resources=12424&projectId=1&calType=ical&firstDate=2026-01-22&lastDate=2026-01-22 to src/calendars/tomorrow/g4s1a.ics
[2026-01-21T18:01:01.928Z] info: ICS file downloaded successfully to src/calendars/tomorrow/g4s1a.ics
[2026-01-21T18:01:01.928Z] info: ICS file for g4s1a downloaded successfully.
[2026-01-21T18:01:01.929Z] info: Downloading ICS file from https://edt.univ-lyon1.fr/jsp/custom/modules/plannings/anonymous_cal.jsp?resources=12444&projectId=1&calType=ical&firstDate=2026-01-22&lastDate=2026-01-22 to src/calendars/tomorrow/g4s1b.ics
[2026-01-21T18:01:02.015Z] info: ICS file downloaded successfully to src/calendars/tomorrow/g4s1b.ics
[2026-01-21T18:01:02.015Z] info: ICS file for g4s1b downloaded successfully.
[2026-01-21T18:01:02.015Z] info: Downloading ICS file from https://edt.univ-lyon1.fr/jsp/custom/modules/plannings/anonymous_cal.jsp?resources=12460&projectId=1&calType=ical&firstDate=2026-01-22&lastDate=2026-01-22 to src/calendars/tomorrow/g5s1a.ics
[2026-01-21T18:01:02.083Z] info: ICS file downloaded successfully to src/calendars/tomorrow/g5s1a.ics
[2026-01-21T18:01:02.084Z] info: ICS file for g5s1a downloaded successfully.
[2026-01-21T18:01:02.084Z] info: Downloading ICS file from https://edt.univ-lyon1.fr/jsp/custom/modules/plannings/anonymous_cal.jsp?resources=12461&projectId=1&calType=ical&firstDate=2026-01-22&lastDate=2026-01-22 to src/calendars/tomorrow/g5s1b.ics
[2026-01-21T18:01:02.186Z] info: ICS file downloaded successfully to src/calendars/tomorrow/g5s1b.ics
[2026-01-21T18:01:02.186Z] info: ICS file for g5s1b downloaded successfully.
[2026-01-21T18:01:02.186Z] info: Downloading ICS file from https://edt.univ-lyon1.fr/jsp/custom/modules/plannings/anonymous_cal.jsp?resources=35708&projectId=1&calType=ical&firstDate=2026-01-22&lastDate=2026-01-22 to src/calendars/tomorrow/g1s3a.ics
[2026-01-21T18:01:02.250Z] info: ICS file downloaded successfully to src/calendars/tomorrow/g1s3a.ics
[2026-01-21T18:01:02.251Z] info: ICS file for g1s3a downloaded successfully.
[2026-01-21T18:01:02.251Z] info: Downloading ICS file from https://edt.univ-lyon1.fr/jsp/custom/modules/plannings/anonymous_cal.jsp?resources=35709&projectId=1&calType=ical&firstDate=2026-01-22&lastDate=2026-01-22 to src/calendars/tomorrow/g1s3b.ics
[2026-01-21T18:01:02.327Z] info: ICS file downloaded successfully to src/calendars/tomorrow/g1s3b.ics
[2026-01-21T18:01:02.327Z] info: ICS file for g1s3b downloaded successfully.
[2026-01-21T18:01:02.327Z] info: Downloading ICS file from https://edt.univ-lyon1.fr/jsp/custom/modules/plannings/anonymous_cal.jsp?resources=35710&projectId=1&calType=ical&firstDate=2026-01-22&lastDate=2026-01-22 to src/calendars/tomorrow/g2s3a.ics
[2026-01-21T18:01:02.393Z] info: ICS file downloaded successfully to src/calendars/tomorrow/g2s3a.ics
[2026-01-21T18:01:02.394Z] info: ICS file for g2s3a downloaded successfully.
[2026-01-21T18:01:02.394Z] info: Downloading ICS file from https://edt.univ-lyon1.fr/jsp/custom/modules/plannings/anonymous_cal.jsp?resources=35713&projectId=1&calType=ical&firstDate=2026-01-22&lastDate=2026-01-22 to src/calendars/tomorrow/g2s3b.ics
[2026-01-21T18:01:02.493Z] info: ICS file downloaded successfully to src/calendars/tomorrow/g2s3b.ics
[2026-01-21T18:01:02.493Z] info: ICS file for g2s3b downloaded successfully.
[2026-01-21T18:01:02.494Z] info: Downloading ICS file from https://edt.univ-lyon1.fr/jsp/custom/modules/plannings/anonymous_cal.jsp?resources=35714&projectId=1&calType=ical&firstDate=2026-01-22&lastDate=2026-01-22 to src/calendars/tomorrow/g3a2.ics
[2026-01-21T18:01:02.572Z] info: ICS file downloaded successfully to src/calendars/tomorrow/g3a2.ics
[2026-01-21T18:01:02.572Z] info: ICS file for g3a2 downloaded successfully.
[2026-01-21T18:01:02.572Z] info: Downloading ICS file from https://edt.univ-lyon1.fr/jsp/custom/modules/plannings/anonymous_cal.jsp?resources=35717&projectId=1&calType=ical&firstDate=2026-01-22&lastDate=2026-01-22 to src/calendars/tomorrow/g4s3a.ics
[2026-01-21T18:01:02.671Z] info: ICS file downloaded successfully to src/calendars/tomorrow/g4s3a.ics
[2026-01-21T18:01:02.672Z] info: ICS file for g4s3a downloaded successfully.
[2026-01-21T18:01:02.672Z] info: Downloading ICS file from https://edt.univ-lyon1.fr/jsp/custom/modules/plannings/anonymous_cal.jsp?resources=35718&projectId=1&calType=ical&firstDate=2026-01-22&lastDate=2026-01-22 to src/calendars/tomorrow/g4s3b.ics
[2026-01-21T18:01:02.762Z] info: ICS file downloaded successfully to src/calendars/tomorrow/g4s3b.ics
[2026-01-21T18:01:02.763Z] info: ICS file for g4s3b downloaded successfully.
[2026-01-21T18:01:02.763Z] info: Downloading ICS file from https://edt.univ-lyon1.fr/jsp/custom/modules/plannings/anonymous_cal.jsp?resources=6161&projectId=1&calType=ical&firstDate=2026-01-22&lastDate=2026-01-22 to src/calendars/tomorrow/but3ra1a.ics
[2026-01-21T18:01:02.856Z] info: ICS file downloaded successfully to src/calendars/tomorrow/but3ra1a.ics
[2026-01-21T18:01:02.856Z] info: ICS file for but3ra1a downloaded successfully.
[2026-01-21T18:01:02.857Z] info: Downloading ICS file from https://edt.univ-lyon1.fr/jsp/custom/modules/plannings/anonymous_cal.jsp?resources=6163&projectId=1&calType=ical&firstDate=2026-01-22&lastDate=2026-01-22 to src/calendars/tomorrow/but3ra1b.ics
[2026-01-21T18:01:02.996Z] info: ICS file downloaded successfully to src/calendars/tomorrow/but3ra1b.ics
[2026-01-21T18:01:02.996Z] info: ICS file for but3ra1b downloaded successfully.
[2026-01-21T18:01:02.996Z] info: Downloading ICS file from https://edt.univ-lyon1.fr/jsp/custom/modules/plannings/anonymous_cal.jsp?resources=6165&projectId=1&calType=ical&firstDate=2026-01-22&lastDate=2026-01-22 to src/calendars/tomorrow/but3ra2a.ics
[2026-01-21T18:01:03.130Z] info: ICS file downloaded successfully to src/calendars/tomorrow/but3ra2a.ics
[2026-01-21T18:01:03.131Z] info: ICS file for but3ra2a downloaded successfully.
[2026-01-21T18:01:03.131Z] info: Downloading ICS file from https://edt.univ-lyon1.fr/jsp/custom/modules/plannings/anonymous_cal.jsp?resources=6168&projectId=1&calType=ical&firstDate=2026-01-22&lastDate=2026-01-22 to src/calendars/tomorrow/but3ra2b.ics
[2026-01-21T18:01:03.240Z] info: ICS file downloaded successfully to src/calendars/tomorrow/but3ra2b.ics
[2026-01-21T18:01:03.240Z] info: ICS file for but3ra2b downloaded successfully.
[2026-01-21T18:01:03.240Z] info: Downloading ICS file from https://edt.univ-lyon1.fr/jsp/custom/modules/plannings/anonymous_cal.jsp?resources=14059&projectId=1&calType=ical&firstDate=2026-01-22&lastDate=2026-01-22 to src/calendars/tomorrow/but3ra3a.ics
[2026-01-21T18:01:03.342Z] info: ICS file downloaded successfully to src/calendars/tomorrow/but3ra3a.ics
[2026-01-21T18:01:03.343Z] info: ICS file for but3ra3a downloaded successfully.
[2026-01-21T18:01:03.343Z] info: Downloading ICS file from https://edt.univ-lyon1.fr/jsp/custom/modules/plannings/anonymous_cal.jsp?resources=14064&projectId=1&calType=ical&firstDate=2026-01-22&lastDate=2026-01-22 to src/calendars/tomorrow/but3ra3b.ics
[2026-01-21T18:01:03.410Z] info: ICS file downloaded successfully to src/calendars/tomorrow/but3ra3b.ics
[2026-01-21T18:01:03.411Z] info: ICS file for but3ra3b downloaded successfully.
[2026-01-21T18:01:03.411Z] info: Downloading ICS file from https://edt.univ-lyon1.fr/jsp/custom/modules/plannings/anonymous_cal.jsp?resources=6136&projectId=1&calType=ical&firstDate=2026-01-22&lastDate=2026-01-22 to src/calendars/tomorrow/but3dacs.ics
[2026-01-21T18:01:03.524Z] info: ICS file downloaded successfully to src/calendars/tomorrow/but3dacs.ics
[2026-01-21T18:01:03.524Z] info: ICS file for but3dacs downloaded successfully.
[2026-01-21T18:01:03.525Z] info: Downloading ICS file from https://edt.univ-lyon1.fr/jsp/custom/modules/plannings/anonymous_cal.jsp?resources=6048&projectId=1&calType=ical&firstDate=2026-01-22&lastDate=2026-01-22 to src/calendars/tomorrow/but3aged.ics
[2026-01-21T18:01:03.642Z] info: ICS file downloaded successfully to src/calendars/tomorrow/but3aged.ics
[2026-01-21T18:01:03.644Z] info: ICS file for but3aged downloaded successfully.
[2026-01-21T18:01:03.644Z] info: Sending daily timetables
[2026-01-21T18:01:03.653Z] info: Sending message to channel 1395371772550975558: Aucun calendrier trouvé pour le groupe aspea pour tomorrow.
[2026-01-21T18:01:03.654Z] info: Message sent to channel 1395371772550975558: Aucun calendrier trouvé pour le groupe aspea pour tomorrow.
[2026-01-21T18:01:03.655Z] info: Sending message to channel 1395052296521646282: <t:1769065200:D> **R1.11 Com-TPA** : BESSON MATHIEU -> <t:1769065200:t> - <t:1769072400:t> en __S21__
<t:1769072400:D> **22 SAE 101 102 Initiation Dev-TPA** : BUYLE-BODIN NICOLAS -> <t:1769072400:t> - <t:1769079600:t> en __S14__

[2026-01-21T18:01:03.655Z] info: Message sent to channel 1395052296521646282: <t:1769065200:D> **R1.11 Com-TPA** : BESSON MATHIEU -> <t:1769065200:t> - <t:1769072400:t> en __S21__
<t:1769072400:D> **22 SAE 101 102 Initiation Dev-TPA** : BUYLE-BODIN NICOLAS -> <t:1769072400:t> - <t:1769079600:t> en __S14__

[2026-01-21T18:01:03.655Z] info: Sending message to channel 1395052332969885726: <t:1769065200:D> **SAE 101 102 Initiation Dev-TPB** : BUYLE-BODIN NICOLAS -> <t:1769065200:t> - <t:1769072400:t> en __S17__
<t:1769072400:D> **110 R1.11 Com-TPB** : BESSON MATHIEU -> <t:1769072400:t> - <t:1769079600:t> en __037-Conseil__

[2026-01-21T18:01:03.656Z] info: Message sent to channel 1395052332969885726: <t:1769065200:D> **SAE 101 102 Initiation Dev-TPB** : BUYLE-BODIN NICOLAS -> <t:1769065200:t> - <t:1769072400:t> en __S17__
<t:1769072400:D> **110 R1.11 Com-TPB** : BESSON MATHIEU -> <t:1769072400:t> - <t:1769079600:t> en __037-Conseil__

[2026-01-21T18:01:03.657Z] info: Sending message to channel 1395052443192266916: <t:1769065200:D> **R1.11 Com-TPA** : DEBOUTE JOCELYNE -> <t:1769065200:t> - <t:1769072400:t> en __S12__

[2026-01-21T18:01:03.657Z] info: Message sent to channel 1395052443192266916: <t:1769065200:D> **R1.11 Com-TPA** : DEBOUTE JOCELYNE -> <t:1769065200:t> - <t:1769072400:t> en __S12__

[2026-01-21T18:01:03.658Z] info: Sending message to channel 1395052827985842288: <t:1769072400:D> **22 SAE 101 102 Initiation Dev-TPA** : DAUTRAIX ISABELLE -> <t:1769072400:t> - <t:1769079600:t> en __S24__

[2026-01-21T18:01:03.658Z] info: Message sent to channel 1395052827985842288: <t:1769072400:D> **22 SAE 101 102 Initiation Dev-TPA** : DAUTRAIX ISABELLE -> <t:1769072400:t> - <t:1769079600:t> en __S24__

[2026-01-21T18:01:03.658Z] info: Sending message to channel 1395052882486890707: <t:1769065200:D> **SAE 101 102 Initiation Dev-TPB** : DAUTRAIX ISABELLE -> <t:1769065200:t> - <t:1769072400:t> en __S16__

[2026-01-21T18:01:03.659Z] info: Message sent to channel 1395052882486890707: <t:1769065200:D> **SAE 101 102 Initiation Dev-TPB** : DAUTRAIX ISABELLE -> <t:1769065200:t> - <t:1769072400:t> en __S16__

[2026-01-21T18:01:03.659Z] info: Sending message to channel 1395371640291983370: <t:1769072400:D> **21 R3.11 Droit des contrats et du numérique-TD** : DUFOUR KARLINE -> <t:1769072400:t> - <t:1769079600:t> en __S11__
<t:1769086800:D> **R3.06 Archi réseaux-TD** : CHEKARI KARIM -> <t:1769086800:t> - <t:1769094000:t> en __S13__

[2026-01-21T18:01:03.660Z] info: Message sent to channel 1395371640291983370: <t:1769072400:D> **21 R3.11 Droit des contrats et du numérique-TD** : DUFOUR KARLINE -> <t:1769072400:t> - <t:1769079600:t> en __S11__
<t:1769086800:D> **R3.06 Archi réseaux-TD** : CHEKARI KARIM -> <t:1769086800:t> - <t:1769094000:t> en __S13__

[2026-01-21T18:01:03.661Z] info: Sending message to channel 1409494803489488986: <t:1769065200:D> **11 R5.A.11 Aide à la décision TD** : JOUBERT AUDE -> <t:1769065200:t> - <t:1769072400:t> en __S26__
<t:1769072400:D> **S.A.01 SAE Dev avancé SN** : NDIAYE SAMBA NDOJH -> <t:1769072400:t> - <t:1769079600:t> en __S26__
<t:1769086800:D> **R5.03 Communication TD** : DEBOUTE JOCELYNE -> <t:1769086800:t> - <t:1769094000:t> en __S11__
<t:1769094000:D> **R5.A.14 Anglais TPA** : BESSAC MARIETTE -> <t:1769094000:t> - <t:1769101200:t> en __026-Langues__

[2026-01-21T18:01:03.661Z] info: Message sent to channel 1409494803489488986: <t:1769065200:D> **11 R5.A.11 Aide à la décision TD** : JOUBERT AUDE -> <t:1769065200:t> - <t:1769072400:t> en __S26__
<t:1769072400:D> **S.A.01 SAE Dev avancé SN** : NDIAYE SAMBA NDOJH -> <t:1769072400:t> - <t:1769079600:t> en __S26__
<t:1769086800:D> **R5.03 Communication TD** : DEBOUTE JOCELYNE -> <t:1769086800:t> - <t:1769094000:t> en __S11__
<t:1769094000:D> **R5.A.14 Anglais TPA** : BESSAC MARIETTE -> <t:1769094000:t> - <t:1769101200:t> en __026-Langues__

[2026-01-21T18:01:03.661Z] info: Sending message to channel 1409494819574775808: <t:1769065200:D> **11 R5.A.11 Aide à la décision TD** : JOUBERT AUDE -> <t:1769065200:t> - <t:1769072400:t> en __S26__
<t:1769072400:D> **S.A.01 SAE Dev avancé SN** : NDIAYE SAMBA NDOJH -> <t:1769072400:t> - <t:1769079600:t> en __S26__
<t:1769086800:D> **R5.03 Communication TD** : DEBOUTE JOCELYNE -> <t:1769086800:t> - <t:1769094000:t> en __S11__

[2026-01-21T18:01:03.661Z] info: Message sent to channel 1409494819574775808: <t:1769065200:D> **11 R5.A.11 Aide à la décision TD** : JOUBERT AUDE -> <t:1769065200:t> - <t:1769072400:t> en __S26__
<t:1769072400:D> **S.A.01 SAE Dev avancé SN** : NDIAYE SAMBA NDOJH -> <t:1769072400:t> - <t:1769079600:t> en __S26__
<t:1769086800:D> **R5.03 Communication TD** : DEBOUTE JOCELYNE -> <t:1769086800:t> - <t:1769094000:t> en __S11__

[2026-01-21T18:01:03.662Z] info: Daily timetables sent
[2026-01-22T18:00:01.002Z] info: Downloading ICS files for tomorrow for groups: aspea, aspeb, g1s1a, g1s1b, g2s1a, g2s1b, g3s1a, g3s1b, g4s1a, g4s1b, g5s1a, g5s1b, g1s3a, g1s3b, g2s3a, g2s3b, g3a2, g4s3a, g4s3b, but3ra1a, but3ra1b, but3ra2a, but3ra2b, but3ra3a, but3ra3b, but3dacs, but3aged
[2026-01-22T18:00:01.002Z] info: Downloading ICS file from https://edt.univ-lyon1.fr/jsp/custom/modules/plannings/anonymous_cal.jsp?resources=9272&projectId=1&calType=ical&firstDate=2026-01-23&lastDate=2026-01-23 to src/calendars/tomorrow/aspea.ics
[2026-01-22T18:00:01.326Z] info: ICS file downloaded successfully to src/calendars/tomorrow/aspea.ics
[2026-01-22T18:00:01.326Z] info: ICS file for aspea downloaded successfully.
[2026-01-22T18:00:01.326Z] info: Downloading ICS file from https://edt.univ-lyon1.fr/jsp/custom/modules/plannings/anonymous_cal.jsp?resources=18783&projectId=1&calType=ical&firstDate=2026-01-23&lastDate=2026-01-23 to src/calendars/tomorrow/aspeb.ics
[2026-01-22T18:00:01.405Z] info: ICS file downloaded successfully to src/calendars/tomorrow/aspeb.ics
[2026-01-22T18:00:01.405Z] info: ICS file for aspeb downloaded successfully.
[2026-01-22T18:00:01.406Z] info: Downloading ICS file from https://edt.univ-lyon1.fr/jsp/custom/modules/plannings/anonymous_cal.jsp?resources=12096&projectId=1&calType=ical&firstDate=2026-01-23&lastDate=2026-01-23 to src/calendars/tomorrow/g1s1a.ics
[2026-01-22T18:00:01.515Z] info: ICS file downloaded successfully to src/calendars/tomorrow/g1s1a.ics
[2026-01-22T18:00:01.515Z] info: ICS file for g1s1a downloaded successfully.
[2026-01-22T18:00:01.516Z] info: Downloading ICS file from https://edt.univ-lyon1.fr/jsp/custom/modules/plannings/anonymous_cal.jsp?resources=12102&projectId=1&calType=ical&firstDate=2026-01-23&lastDate=2026-01-23 to src/calendars/tomorrow/g1s1b.ics
[2026-01-22T18:00:01.658Z] info: ICS file downloaded successfully to src/calendars/tomorrow/g1s1b.ics
[2026-01-22T18:00:01.658Z] info: ICS file for g1s1b downloaded successfully.
[2026-01-22T18:00:01.658Z] info: Downloading ICS file from https://edt.univ-lyon1.fr/jsp/custom/modules/plannings/anonymous_cal.jsp?resources=12403&projectId=1&calType=ical&firstDate=2026-01-23&lastDate=2026-01-23 to src/calendars/tomorrow/g2s1a.ics
[2026-01-22T18:00:01.781Z] info: ICS file downloaded successfully to src/calendars/tomorrow/g2s1a.ics
[2026-01-22T18:00:01.781Z] info: ICS file for g2s1a downloaded successfully.
[2026-01-22T18:00:01.781Z] info: Downloading ICS file from https://edt.univ-lyon1.fr/jsp/custom/modules/plannings/anonymous_cal.jsp?resources=12406&projectId=1&calType=ical&firstDate=2026-01-23&lastDate=2026-01-23 to src/calendars/tomorrow/g2s1b.ics
[2026-01-22T18:00:01.883Z] info: ICS file downloaded successfully to src/calendars/tomorrow/g2s1b.ics
[2026-01-22T18:00:01.884Z] info: ICS file for g2s1b downloaded successfully.
[2026-01-22T18:00:01.884Z] info: Downloading ICS file from https://edt.univ-lyon1.fr/jsp/custom/modules/plannings/anonymous_cal.jsp?resources=12419&projectId=1&calType=ical&firstDate=2026-01-23&lastDate=2026-01-23 to src/calendars/tomorrow/g3s1a.ics
[2026-01-22T18:00:02.070Z] info: ICS file downloaded successfully to src/calendars/tomorrow/g3s1a.ics
[2026-01-22T18:00:02.070Z] info: ICS file for g3s1a downloaded successfully.
[2026-01-22T18:00:02.070Z] info: Downloading ICS file from https://edt.univ-lyon1.fr/jsp/custom/modules/plannings/anonymous_cal.jsp?resources=12425&projectId=1&calType=ical&firstDate=2026-01-23&lastDate=2026-01-23 to src/calendars/tomorrow/g3s1b.ics
[2026-01-22T18:00:02.198Z] info: ICS file downloaded successfully to src/calendars/tomorrow/g3s1b.ics
[2026-01-22T18:00:02.198Z] info: ICS file for g3s1b downloaded successfully.
[2026-01-22T18:00:02.198Z] info: Downloading ICS file from https://edt.univ-lyon1.fr/jsp/custom/modules/plannings/anonymous_cal.jsp?resources=12424&projectId=1&calType=ical&firstDate=2026-01-23&lastDate=2026-01-23 to src/calendars/tomorrow/g4s1a.ics
[2026-01-22T18:00:02.329Z] info: ICS file downloaded successfully to src/calendars/tomorrow/g4s1a.ics
[2026-01-22T18:00:02.330Z] info: ICS file for g4s1a downloaded successfully.
[2026-01-22T18:00:02.330Z] info: Downloading ICS file from https://edt.univ-lyon1.fr/jsp/custom/modules/plannings/anonymous_cal.jsp?resources=12444&projectId=1&calType=ical&firstDate=2026-01-23&lastDate=2026-01-23 to src/calendars/tomorrow/g4s1b.ics
[2026-01-22T18:00:02.443Z] info: ICS file downloaded successfully to src/calendars/tomorrow/g4s1b.ics
[2026-01-22T18:00:02.443Z] info: ICS file for g4s1b downloaded successfully.
[2026-01-22T18:00:02.444Z] info: Downloading ICS file from https://edt.univ-lyon1.fr/jsp/custom/modules/plannings/anonymous_cal.jsp?resources=12460&projectId=1&calType=ical&firstDate=2026-01-23&lastDate=2026-01-23 to src/calendars/tomorrow/g5s1a.ics
[2026-01-22T18:00:02.582Z] info: ICS file downloaded successfully to src/calendars/tomorrow/g5s1a.ics
[2026-01-22T18:00:02.582Z] info: ICS file for g5s1a downloaded successfully.
[2026-01-22T18:00:02.582Z] info: Downloading ICS file from https://edt.univ-lyon1.fr/jsp/custom/modules/plannings/anonymous_cal.jsp?resources=12461&projectId=1&calType=ical&firstDate=2026-01-23&lastDate=2026-01-23 to src/calendars/tomorrow/g5s1b.ics
[2026-01-22T18:00:02.680Z] info: ICS file downloaded successfully to src/calendars/tomorrow/g5s1b.ics
[2026-01-22T18:00:02.680Z] info: ICS file for g5s1b downloaded successfully.
[2026-01-22T18:00:02.681Z] info: Downloading ICS file from https://edt.univ-lyon1.fr/jsp/custom/modules/plannings/anonymous_cal.jsp?resources=35708&projectId=1&calType=ical&firstDate=2026-01-23&lastDate=2026-01-23 to src/calendars/tomorrow/g1s3a.ics
[2026-01-22T18:00:02.783Z] info: ICS file downloaded successfully to src/calendars/tomorrow/g1s3a.ics
[2026-01-22T18:00:02.783Z] info: ICS file for g1s3a downloaded successfully.
[2026-01-22T18:00:02.783Z] info: Downloading ICS file from https://edt.univ-lyon1.fr/jsp/custom/modules/plannings/anonymous_cal.jsp?resources=35709&projectId=1&calType=ical&firstDate=2026-01-23&lastDate=2026-01-23 to src/calendars/tomorrow/g1s3b.ics
[2026-01-22T18:00:02.904Z] info: ICS file downloaded successfully to src/calendars/tomorrow/g1s3b.ics
[2026-01-22T18:00:02.905Z] info: ICS file for g1s3b downloaded successfully.
[2026-01-22T18:00:02.905Z] info: Downloading ICS file from https://edt.univ-lyon1.fr/jsp/custom/modules/plannings/anonymous_cal.jsp?resources=35710&projectId=1&calType=ical&firstDate=2026-01-23&lastDate=2026-01-23 to src/calendars/tomorrow/g2s3a.ics
[2026-01-22T18:00:03.034Z] info: ICS file downloaded successfully to src/calendars/tomorrow/g2s3a.ics
[2026-01-22T18:00:03.034Z] info: ICS file for g2s3a downloaded successfully.
[2026-01-22T18:00:03.035Z] info: Downloading ICS file from https://edt.univ-lyon1.fr/jsp/custom/modules/plannings/anonymous_cal.jsp?resources=35713&projectId=1&calType=ical&firstDate=2026-01-23&lastDate=2026-01-23 to src/calendars/tomorrow/g2s3b.ics
[2026-01-22T18:00:03.137Z] info: ICS file downloaded successfully to src/calendars/tomorrow/g2s3b.ics
[2026-01-22T18:00:03.138Z] info: ICS file for g2s3b downloaded successfully.
[2026-01-22T18:00:03.138Z] info: Downloading ICS file from https://edt.univ-lyon1.fr/jsp/custom/modules/plannings/anonymous_cal.jsp?resources=35714&projectId=1&calType=ical&firstDate=2026-01-23&lastDate=2026-01-23 to src/calendars/tomorrow/g3a2.ics
[2026-01-22T18:00:03.233Z] info: ICS file downloaded successfully to src/calendars/tomorrow/g3a2.ics
[2026-01-22T18:00:03.233Z] info: ICS file for g3a2 downloaded successfully.
[2026-01-22T18:00:03.233Z] info: Downloading ICS file from https://edt.univ-lyon1.fr/jsp/custom/modules/plannings/anonymous_cal.jsp?resources=35717&projectId=1&calType=ical&firstDate=2026-01-23&lastDate=2026-01-23 to src/calendars/tomorrow/g4s3a.ics
[2026-01-22T18:00:03.294Z] info: ICS file downloaded successfully to src/calendars/tomorrow/g4s3a.ics
[2026-01-22T18:00:03.294Z] info: ICS file for g4s3a downloaded successfully.
[2026-01-22T18:00:03.294Z] info: Downloading ICS file from https://edt.univ-lyon1.fr/jsp/custom/modules/plannings/anonymous_cal.jsp?resources=35718&projectId=1&calType=ical&firstDate=2026-01-23&lastDate=2026-01-23 to src/calendars/tomorrow/g4s3b.ics
[2026-01-22T18:00:03.408Z] info: ICS file downloaded successfully to src/calendars/tomorrow/g4s3b.ics
[2026-01-22T18:00:03.408Z] info: ICS file for g4s3b downloaded successfully.
[2026-01-22T18:00:03.408Z] info: Downloading ICS file from https://edt.univ-lyon1.fr/jsp/custom/modules/plannings/anonymous_cal.jsp?resources=6161&projectId=1&calType=ical&firstDate=2026-01-23&lastDate=2026-01-23 to src/calendars/tomorrow/but3ra1a.ics
[2026-01-22T18:00:03.500Z] info: ICS file downloaded successfully to src/calendars/tomorrow/but3ra1a.ics
[2026-01-22T18:00:03.501Z] info: ICS file for but3ra1a downloaded successfully.
[2026-01-22T18:00:03.501Z] info: Downloading ICS file from https://edt.univ-lyon1.fr/jsp/custom/modules/plannings/anonymous_cal.jsp?resources=6163&projectId=1&calType=ical&firstDate=2026-01-23&lastDate=2026-01-23 to src/calendars/tomorrow/but3ra1b.ics
[2026-01-22T18:00:03.610Z] info: ICS file downloaded successfully to src/calendars/tomorrow/but3ra1b.ics
[2026-01-22T18:00:03.610Z] info: ICS file for but3ra1b downloaded successfully.
[2026-01-22T18:00:03.610Z] info: Downloading ICS file from https://edt.univ-lyon1.fr/jsp/custom/modules/plannings/anonymous_cal.jsp?resources=6165&projectId=1&calType=ical&firstDate=2026-01-23&lastDate=2026-01-23 to src/calendars/tomorrow/but3ra2a.ics
[2026-01-22T18:00:03.727Z] info: ICS file downloaded successfully to src/calendars/tomorrow/but3ra2a.ics
[2026-01-22T18:00:03.727Z] info: ICS file for but3ra2a downloaded successfully.
[2026-01-22T18:00:03.727Z] info: Downloading ICS file from https://edt.univ-lyon1.fr/jsp/custom/modules/plannings/anonymous_cal.jsp?resources=6168&projectId=1&calType=ical&firstDate=2026-01-23&lastDate=2026-01-23 to src/calendars/tomorrow/but3ra2b.ics
[2026-01-22T18:00:03.818Z] info: ICS file downloaded successfully to src/calendars/tomorrow/but3ra2b.ics
[2026-01-22T18:00:03.819Z] info: ICS file for but3ra2b downloaded successfully.
[2026-01-22T18:00:03.820Z] info: Downloading ICS file from https://edt.univ-lyon1.fr/jsp/custom/modules/plannings/anonymous_cal.jsp?resources=14059&projectId=1&calType=ical&firstDate=2026-01-23&lastDate=2026-01-23 to src/calendars/tomorrow/but3ra3a.ics
[2026-01-22T18:00:03.956Z] info: ICS file downloaded successfully to src/calendars/tomorrow/but3ra3a.ics
[2026-01-22T18:00:03.956Z] info: ICS file for but3ra3a downloaded successfully.
[2026-01-22T18:00:03.957Z] info: Downloading ICS file from https://edt.univ-lyon1.fr/jsp/custom/modules/plannings/anonymous_cal.jsp?resources=14064&projectId=1&calType=ical&firstDate=2026-01-23&lastDate=2026-01-23 to src/calendars/tomorrow/but3ra3b.ics
[2026-01-22T18:00:04.091Z] info: ICS file downloaded successfully to src/calendars/tomorrow/but3ra3b.ics
[2026-01-22T18:00:04.092Z] info: ICS file for but3ra3b downloaded successfully.
[2026-01-22T18:00:04.092Z] info: Downloading ICS file from https://edt.univ-lyon1.fr/jsp/custom/modules/plannings/anonymous_cal.jsp?resources=6136&projectId=1&calType=ical&firstDate=2026-01-23&lastDate=2026-01-23 to src/calendars/tomorrow/but3dacs.ics
[2026-01-22T18:00:04.231Z] info: ICS file downloaded successfully to src/calendars/tomorrow/but3dacs.ics
[2026-01-22T18:00:04.232Z] info: ICS file for but3dacs downloaded successfully.
[2026-01-22T18:00:04.232Z] info: Downloading ICS file from https://edt.univ-lyon1.fr/jsp/custom/modules/plannings/anonymous_cal.jsp?resources=6048&projectId=1&calType=ical&firstDate=2026-01-23&lastDate=2026-01-23 to src/calendars/tomorrow/but3aged.ics
[2026-01-22T18:00:04.381Z] info: ICS file downloaded successfully to src/calendars/tomorrow/but3aged.ics
[2026-01-22T18:00:04.382Z] info: ICS file for but3aged downloaded successfully.
[2026-01-22T18:00:04.382Z] info: Sending daily timetables
[2026-01-22T18:00:04.391Z] info: Sending message to channel 1395371772550975558: <t:1769151600:D> **S2.15 Probabilités ASPE** : JALOUX CHRISTOPHE -> <t:1769151600:t> - <t:1769158800:t> en __S10__
<t:1769158800:D> **S2.12 Qualité de développement ASPE** : PERNELLE PHILIPPE -> <t:1769158800:t> - <t:1769166000:t> en __S16__

[2026-01-22T18:00:04.391Z] info: Message sent to channel 1395371772550975558: <t:1769151600:D> **S2.15 Probabilités ASPE** : JALOUX CHRISTOPHE -> <t:1769151600:t> - <t:1769158800:t> en __S10__
<t:1769158800:D> **S2.12 Qualité de développement ASPE** : PERNELLE PHILIPPE -> <t:1769158800:t> - <t:1769166000:t> en __S16__

[2026-01-22T18:00:04.392Z] info: Sending message to channel 1395052296521646282: <t:1769171400:D> **R1.12 PPP-TD P2** : DECHAVANNE LAURINE -> <t:1769171400:t> - <t:1769178600:t> en __S13__

[2026-01-22T18:00:04.392Z] info: Message sent to channel 1395052296521646282: <t:1769171400:D> **R1.12 PPP-TD P2** : DECHAVANNE LAURINE -> <t:1769171400:t> - <t:1769178600:t> en __S13__

[2026-01-22T18:00:04.392Z] info: Sending message to channel 1395052332969885726: <t:1769171400:D> **R1.12 PPP-TD P2** : DECHAVANNE LAURINE -> <t:1769171400:t> - <t:1769178600:t> en __S13__

[2026-01-22T18:00:04.392Z] info: Message sent to channel 1395052332969885726: <t:1769171400:D> **R1.12 PPP-TD P2** : DECHAVANNE LAURINE -> <t:1769171400:t> - <t:1769178600:t> en __S13__

[2026-01-22T18:00:04.393Z] info: Sending message to channel 1395052379866660874: <t:1769178600:D> **R1.12 PPP-TD P2** : DECHAVANNE LAURINE -> <t:1769178600:t> - <t:1769185800:t> en __S13__

[2026-01-22T18:00:04.393Z] info: Message sent to channel 1395052379866660874: <t:1769178600:D> **R1.12 PPP-TD P2** : DECHAVANNE LAURINE -> <t:1769178600:t> - <t:1769185800:t> en __S13__

[2026-01-22T18:00:04.394Z] info: Sending message to channel 1395052392092930048: <t:1769178600:D> **R1.12 PPP-TD P2** : DECHAVANNE LAURINE -> <t:1769178600:t> - <t:1769185800:t> en __S13__

[2026-01-22T18:00:04.394Z] info: Message sent to channel 1395052392092930048: <t:1769178600:D> **R1.12 PPP-TD P2** : DECHAVANNE LAURINE -> <t:1769178600:t> - <t:1769185800:t> en __S13__

[2026-01-22T18:00:04.394Z] info: Sending message to channel 1395056179914473612: <t:1769151600:D> **R1.11 Com-TPA** : KOCH SONJA -> <t:1769151600:t> - <t:1769158800:t> en __S15__
<t:1769158800:D> **22 SAE 101 102 Initiation Dev-TPA** : BEN HADID AMIRA -> <t:1769158800:t> - <t:1769166000:t> en __S24__

[2026-01-22T18:00:04.395Z] info: Message sent to channel 1395056179914473612: <t:1769151600:D> **R1.11 Com-TPA** : KOCH SONJA -> <t:1769151600:t> - <t:1769158800:t> en __S15__
<t:1769158800:D> **22 SAE 101 102 Initiation Dev-TPA** : BEN HADID AMIRA -> <t:1769158800:t> - <t:1769166000:t> en __S24__

[2026-01-22T18:00:04.395Z] info: Sending message to channel 1395052422401101905: <t:1769151600:D> **SAE 101 102 Initiation Dev-TPB** : BEN HADID AMIRA -> <t:1769151600:t> - <t:1769158800:t> en __S03__
<t:1769158800:D> **110 R1.11 Com-TPB** : KOCH SONJA -> <t:1769158800:t> - <t:1769166000:t> en __037-Conseil__

[2026-01-22T18:00:04.395Z] info: Message sent to channel 1395052422401101905: <t:1769151600:D> **SAE 101 102 Initiation Dev-TPB** : BEN HADID AMIRA -> <t:1769151600:t> - <t:1769158800:t> en __S03__
<t:1769158800:D> **110 R1.11 Com-TPB** : KOCH SONJA -> <t:1769158800:t> - <t:1769166000:t> en __037-Conseil__

[2026-01-22T18:00:04.396Z] info: Sending message to channel 1395052827985842288: <t:1769151600:D> **R1.12 PPP-TD P2** : OLIVESI AURELIE -> <t:1769151600:t> - <t:1769158800:t> en __S12__
<t:1769158800:D> **R1.10 Anglais-TPA P2** : BESSAC MARIETTE -> <t:1769158800:t> - <t:1769166000:t> en __026-Langues__

[2026-01-22T18:00:04.396Z] info: Message sent to channel 1395052827985842288: <t:1769151600:D> **R1.12 PPP-TD P2** : OLIVESI AURELIE -> <t:1769151600:t> - <t:1769158800:t> en __S12__
<t:1769158800:D> **R1.10 Anglais-TPA P2** : BESSAC MARIETTE -> <t:1769158800:t> - <t:1769166000:t> en __026-Langues__

[2026-01-22T18:00:04.397Z] info: Sending message to channel 1395052882486890707: <t:1769151600:D> **R1.12 PPP-TD P2** : OLIVESI AURELIE -> <t:1769151600:t> - <t:1769158800:t> en __S12__

[2026-01-22T18:00:04.397Z] info: Message sent to channel 1395052882486890707: <t:1769151600:D> **R1.12 PPP-TD P2** : OLIVESI AURELIE -> <t:1769151600:t> - <t:1769158800:t> en __S12__

[2026-01-22T18:00:04.397Z] info: Sending message to channel 1395371451573600287: <t:1769171400:D> **11 R3.02 Dév. Efficace (algo)-TD** : BEN HADID AMIRA -> <t:1769171400:t> - <t:1769178600:t> en __S14__

[2026-01-22T18:00:04.398Z] info: Message sent to channel 1395371451573600287: <t:1769171400:D> **11 R3.02 Dév. Efficace (algo)-TD** : BEN HADID AMIRA -> <t:1769171400:t> - <t:1769178600:t> en __S14__

[2026-01-22T18:00:04.398Z] info: Sending message to channel 1395371471345553540: <t:1769171400:D> **11 R3.02 Dév. Efficace (algo)-TD** : BEN HADID AMIRA -> <t:1769171400:t> - <t:1769178600:t> en __S14__

[2026-01-22T18:00:04.398Z] info: Message sent to channel 1395371471345553540: <t:1769171400:D> **11 R3.02 Dév. Efficace (algo)-TD** : BEN HADID AMIRA -> <t:1769171400:t> - <t:1769178600:t> en __S14__

[2026-01-22T18:00:04.399Z] info: Sending message to channel 1395371640291983370: <t:1769151600:D> **R3.07 SQL et Programmation TD** : BARON ARIANE -> <t:1769151600:t> - <t:1769158800:t> en __S27__
<t:1769158800:D> **11 R3.14 PPP-TD** : DEBOUTE JOCELYNE -> <t:1769158800:t> - <t:1769166000:t> en __S10__

[2026-01-22T18:00:04.399Z] info: Message sent to channel 1395371640291983370: <t:1769151600:D> **R3.07 SQL et Programmation TD** : BARON ARIANE -> <t:1769151600:t> - <t:1769158800:t> en __S27__
<t:1769158800:D> **11 R3.14 PPP-TD** : DEBOUTE JOCELYNE -> <t:1769158800:t> - <t:1769166000:t> en __S10__

[2026-01-22T18:00:04.400Z] info: Sending message to channel 1409494803489488986: <t:1769151600:D> **11R5.A.10 MongoDB avancé** : AIDEL OSMAN -> <t:1769151600:t> - <t:1769158800:t> en __S26__
<t:1769158800:D> **21R5.A.10 MongoDB avancé** : AIDEL OSMAN -> <t:1769158800:t> - <t:1769166000:t> en __S26__
<t:1769171400:D> **11R5.A.14 Anglais TD** : BESSAC MARIETTE -> <t:1769171400:t> - <t:1769178600:t> en __026-Langues__
<t:1769178600:D> **21R5.A.14 Anglais TD** : BESSAC MARIETTE -> <t:1769178600:t> - <t:1769185800:t> en __026-Langues__

[2026-01-22T18:00:04.400Z] info: Message sent to channel 1409494803489488986: <t:1769151600:D> **11R5.A.10 MongoDB avancé** : AIDEL OSMAN -> <t:1769151600:t> - <t:1769158800:t> en __S26__
<t:1769158800:D> **21R5.A.10 MongoDB avancé** : AIDEL OSMAN -> <t:1769158800:t> - <t:1769166000:t> en __S26__
<t:1769171400:D> **11R5.A.14 Anglais TD** : BESSAC MARIETTE -> <t:1769171400:t> - <t:1769178600:t> en __026-Langues__
<t:1769178600:D> **21R5.A.14 Anglais TD** : BESSAC MARIETTE -> <t:1769178600:t> - <t:1769185800:t> en __026-Langues__

[2026-01-22T18:00:04.401Z] info: Sending message to channel 1409494819574775808: <t:1769151600:D> **11R5.A.10 MongoDB avancé** : AIDEL OSMAN -> <t:1769151600:t> - <t:1769158800:t> en __S26__
<t:1769158800:D> **21R5.A.10 MongoDB avancé** : AIDEL OSMAN -> <t:1769158800:t> - <t:1769166000:t> en __S26__
<t:1769171400:D> **11R5.A.14 Anglais TD** : BESSAC MARIETTE -> <t:1769171400:t> - <t:1769178600:t> en __026-Langues__
<t:1769178600:D> **21R5.A.14 Anglais TD** : BESSAC MARIETTE -> <t:1769178600:t> - <t:1769185800:t> en __026-Langues__

[2026-01-22T18:00:04.401Z] info: Message sent to channel 1409494819574775808: <t:1769151600:D> **11R5.A.10 MongoDB avancé** : AIDEL OSMAN -> <t:1769151600:t> - <t:1769158800:t> en __S26__
<t:1769158800:D> **21R5.A.10 MongoDB avancé** : AIDEL OSMAN -> <t:1769158800:t> - <t:1769166000:t> en __S26__
<t:1769171400:D> **11R5.A.14 Anglais TD** : BESSAC MARIETTE -> <t:1769171400:t> - <t:1769178600:t> en __026-Langues__
<t:1769178600:D> **21R5.A.14 Anglais TD** : BESSAC MARIETTE -> <t:1769178600:t> - <t:1769185800:t> en __026-Langues__

[2026-01-22T18:00:04.403Z] info: Daily timetables sent
