[2026-01-03T17:46:06.050Z] info: Discord bot is ready! 🤖
[2026-01-04T17:50:00.395Z] info: Downloading ICS files for next week for groups: aspea, aspeb, g1s1a, g1s1b, g2s1a, g2s1b, g3s1a, g3s1b, g4s1a, g4s1b, g5s1a, g5s1b, g1s3a, g1s3b, g2s3a, g2s3b, g3a2, g4s3a, g4s3b, but3ra1a, but3ra1b, but3ra2a, but3ra2b, but3ra3a, but3ra3b, but3dacs, but3aged
[2026-01-04T17:50:00.397Z] info: Downloading ICS file from https://edt.univ-lyon1.fr/jsp/custom/modules/plannings/anonymous_cal.jsp?resources=9272&projectId=1&calType=ical&firstDate=2026-01-05&lastDate=2026-01-11 to src/calendars/nextweek/aspea.ics
[2026-01-04T17:50:00.564Z] info: ICS file downloaded successfully to src/calendars/nextweek/aspea.ics
[2026-01-04T17:50:00.565Z] info: ICS file for aspea downloaded successfully.
[2026-01-04T17:50:00.565Z] info: Downloading ICS file from https://edt.univ-lyon1.fr/jsp/custom/modules/plannings/anonymous_cal.jsp?resources=18783&projectId=1&calType=ical&firstDate=2026-01-05&lastDate=2026-01-11 to src/calendars/nextweek/aspeb.ics
[2026-01-04T17:50:00.664Z] info: ICS file downloaded successfully to src/calendars/nextweek/aspeb.ics
[2026-01-04T17:50:00.665Z] info: ICS file for aspeb downloaded successfully.
[2026-01-04T17:50:00.665Z] info: Downloading ICS file from https://edt.univ-lyon1.fr/jsp/custom/modules/plannings/anonymous_cal.jsp?resources=12096&projectId=1&calType=ical&firstDate=2026-01-05&lastDate=2026-01-11 to src/calendars/nextweek/g1s1a.ics
[2026-01-04T17:50:00.767Z] info: ICS file downloaded successfully to src/calendars/nextweek/g1s1a.ics
[2026-01-04T17:50:00.768Z] info: ICS file for g1s1a downloaded successfully.
[2026-01-04T17:50:00.768Z] info: Downloading ICS file from https://edt.univ-lyon1.fr/jsp/custom/modules/plannings/anonymous_cal.jsp?resources=12102&projectId=1&calType=ical&firstDate=2026-01-05&lastDate=2026-01-11 to src/calendars/nextweek/g1s1b.ics
[2026-01-04T17:50:00.871Z] info: ICS file downloaded successfully to src/calendars/nextweek/g1s1b.ics
[2026-01-04T17:50:00.871Z] info: ICS file for g1s1b downloaded successfully.
[2026-01-04T17:50:00.872Z] info: Downloading ICS file from https://edt.univ-lyon1.fr/jsp/custom/modules/plannings/anonymous_cal.jsp?resources=12403&projectId=1&calType=ical&firstDate=2026-01-05&lastDate=2026-01-11 to src/calendars/nextweek/g2s1a.ics
[2026-01-04T17:50:00.958Z] info: ICS file downloaded successfully to src/calendars/nextweek/g2s1a.ics
[2026-01-04T17:50:00.959Z] info: ICS file for g2s1a downloaded successfully.
[2026-01-04T17:50:00.959Z] info: Downloading ICS file from https://edt.univ-lyon1.fr/jsp/custom/modules/plannings/anonymous_cal.jsp?resources=12406&projectId=1&calType=ical&firstDate=2026-01-05&lastDate=2026-01-11 to src/calendars/nextweek/g2s1b.ics
[2026-01-04T17:50:01.069Z] info: ICS file downloaded successfully to src/calendars/nextweek/g2s1b.ics
[2026-01-04T17:50:01.070Z] info: ICS file for g2s1b downloaded successfully.
[2026-01-04T17:50:01.070Z] info: Downloading ICS file from https://edt.univ-lyon1.fr/jsp/custom/modules/plannings/anonymous_cal.jsp?resources=12419&projectId=1&calType=ical&firstDate=2026-01-05&lastDate=2026-01-11 to src/calendars/nextweek/g3s1a.ics
[2026-01-04T17:50:01.138Z] info: ICS file downloaded successfully to src/calendars/nextweek/g3s1a.ics
[2026-01-04T17:50:01.138Z] info: ICS file for g3s1a downloaded successfully.
[2026-01-04T17:50:01.138Z] info: Downloading ICS file from https://edt.univ-lyon1.fr/jsp/custom/modules/plannings/anonymous_cal.jsp?resources=12425&projectId=1&calType=ical&firstDate=2026-01-05&lastDate=2026-01-11 to src/calendars/nextweek/g3s1b.ics
[2026-01-04T17:50:01.254Z] info: ICS file downloaded successfully to src/calendars/nextweek/g3s1b.ics
[2026-01-04T17:50:01.254Z] info: ICS file for g3s1b downloaded successfully.
[2026-01-04T17:50:01.255Z] info: Downloading ICS file from https://edt.univ-lyon1.fr/jsp/custom/modules/plannings/anonymous_cal.jsp?resources=12424&projectId=1&calType=ical&firstDate=2026-01-05&lastDate=2026-01-11 to src/calendars/nextweek/g4s1a.ics
[2026-01-04T17:51:01.318Z] error: Failed to download file at https://edt.univ-lyon1.fr/jsp/custom/modules/plannings/anonymous_cal.jsp?resources=12424&projectId=1&calType=ical&firstDate=2026-01-05&lastDate=2026-01-11, ERROR: 504
[2026-01-04T17:51:01.320Z] error: Échec du téléchargement pour g4s1a : Failed to download file: 504
[2026-01-04T17:51:01.320Z] info: Downloading ICS file from https://edt.univ-lyon1.fr/jsp/custom/modules/plannings/anonymous_cal.jsp?resources=12444&projectId=1&calType=ical&firstDate=2026-01-05&lastDate=2026-01-11 to src/calendars/nextweek/g4s1b.ics
[2026-01-04T17:51:01.452Z] info: ICS file downloaded successfully to src/calendars/nextweek/g4s1b.ics
[2026-01-04T17:51:01.452Z] info: ICS file for g4s1b downloaded successfully.
[2026-01-04T17:51:01.453Z] info: Downloading ICS file from https://edt.univ-lyon1.fr/jsp/custom/modules/plannings/anonymous_cal.jsp?resources=12460&projectId=1&calType=ical&firstDate=2026-01-05&lastDate=2026-01-11 to src/calendars/nextweek/g5s1a.ics
[2026-01-04T17:51:01.566Z] info: ICS file downloaded successfully to src/calendars/nextweek/g5s1a.ics
[2026-01-04T17:51:01.567Z] info: ICS file for g5s1a downloaded successfully.
[2026-01-04T17:51:01.568Z] info: Downloading ICS file from https://edt.univ-lyon1.fr/jsp/custom/modules/plannings/anonymous_cal.jsp?resources=12461&projectId=1&calType=ical&firstDate=2026-01-05&lastDate=2026-01-11 to src/calendars/nextweek/g5s1b.ics
[2026-01-04T17:51:01.649Z] info: ICS file downloaded successfully to src/calendars/nextweek/g5s1b.ics
[2026-01-04T17:51:01.650Z] info: ICS file for g5s1b downloaded successfully.
[2026-01-04T17:51:01.650Z] info: Downloading ICS file from https://edt.univ-lyon1.fr/jsp/custom/modules/plannings/anonymous_cal.jsp?resources=35708&projectId=1&calType=ical&firstDate=2026-01-05&lastDate=2026-01-11 to src/calendars/nextweek/g1s3a.ics
[2026-01-04T17:51:01.740Z] info: ICS file downloaded successfully to src/calendars/nextweek/g1s3a.ics
[2026-01-04T17:51:01.740Z] info: ICS file for g1s3a downloaded successfully.
[2026-01-04T17:51:01.741Z] info: Downloading ICS file from https://edt.univ-lyon1.fr/jsp/custom/modules/plannings/anonymous_cal.jsp?resources=35709&projectId=1&calType=ical&firstDate=2026-01-05&lastDate=2026-01-11 to src/calendars/nextweek/g1s3b.ics
[2026-01-04T17:51:01.864Z] info: ICS file downloaded successfully to src/calendars/nextweek/g1s3b.ics
[2026-01-04T17:51:01.865Z] info: ICS file for g1s3b downloaded successfully.
[2026-01-04T17:51:01.865Z] info: Downloading ICS file from https://edt.univ-lyon1.fr/jsp/custom/modules/plannings/anonymous_cal.jsp?resources=35710&projectId=1&calType=ical&firstDate=2026-01-05&lastDate=2026-01-11 to src/calendars/nextweek/g2s3a.ics
[2026-01-04T17:51:01.945Z] info: ICS file downloaded successfully to src/calendars/nextweek/g2s3a.ics
[2026-01-04T17:51:01.946Z] info: ICS file for g2s3a downloaded successfully.
[2026-01-04T17:51:01.946Z] info: Downloading ICS file from https://edt.univ-lyon1.fr/jsp/custom/modules/plannings/anonymous_cal.jsp?resources=35713&projectId=1&calType=ical&firstDate=2026-01-05&lastDate=2026-01-11 to src/calendars/nextweek/g2s3b.ics
[2026-01-04T17:51:02.010Z] info: ICS file downloaded successfully to src/calendars/nextweek/g2s3b.ics
[2026-01-04T17:51:02.011Z] info: ICS file for g2s3b downloaded successfully.
[2026-01-04T17:51:02.011Z] info: Downloading ICS file from https://edt.univ-lyon1.fr/jsp/custom/modules/plannings/anonymous_cal.jsp?resources=35714&projectId=1&calType=ical&firstDate=2026-01-05&lastDate=2026-01-11 to src/calendars/nextweek/g3a2.ics
[2026-01-04T17:51:02.104Z] info: ICS file downloaded successfully to src/calendars/nextweek/g3a2.ics
[2026-01-04T17:51:02.104Z] info: ICS file for g3a2 downloaded successfully.
[2026-01-04T17:51:02.105Z] info: Downloading ICS file from https://edt.univ-lyon1.fr/jsp/custom/modules/plannings/anonymous_cal.jsp?resources=35717&projectId=1&calType=ical&firstDate=2026-01-05&lastDate=2026-01-11 to src/calendars/nextweek/g4s3a.ics
[2026-01-04T17:52:02.354Z] error: Failed to download file at https://edt.univ-lyon1.fr/jsp/custom/modules/plannings/anonymous_cal.jsp?resources=35717&projectId=1&calType=ical&firstDate=2026-01-05&lastDate=2026-01-11, ERROR: 504
[2026-01-04T17:52:02.355Z] error: Échec du téléchargement pour g4s3a : Failed to download file: 504
[2026-01-04T17:52:02.355Z] info: Downloading ICS file from https://edt.univ-lyon1.fr/jsp/custom/modules/plannings/anonymous_cal.jsp?resources=35718&projectId=1&calType=ical&firstDate=2026-01-05&lastDate=2026-01-11 to src/calendars/nextweek/g4s3b.ics
[2026-01-04T17:52:02.430Z] info: ICS file downloaded successfully to src/calendars/nextweek/g4s3b.ics
[2026-01-04T17:52:02.431Z] info: ICS file for g4s3b downloaded successfully.
[2026-01-04T17:52:02.431Z] info: Downloading ICS file from https://edt.univ-lyon1.fr/jsp/custom/modules/plannings/anonymous_cal.jsp?resources=6161&projectId=1&calType=ical&firstDate=2026-01-05&lastDate=2026-01-11 to src/calendars/nextweek/but3ra1a.ics
[2026-01-04T17:52:02.492Z] info: ICS file downloaded successfully to src/calendars/nextweek/but3ra1a.ics
[2026-01-04T17:52:02.493Z] info: ICS file for but3ra1a downloaded successfully.
[2026-01-04T17:52:02.493Z] info: Downloading ICS file from https://edt.univ-lyon1.fr/jsp/custom/modules/plannings/anonymous_cal.jsp?resources=6163&projectId=1&calType=ical&firstDate=2026-01-05&lastDate=2026-01-11 to src/calendars/nextweek/but3ra1b.ics
[2026-01-04T17:52:02.602Z] info: ICS file downloaded successfully to src/calendars/nextweek/but3ra1b.ics
[2026-01-04T17:52:02.603Z] info: ICS file for but3ra1b downloaded successfully.
[2026-01-04T17:52:02.603Z] info: Downloading ICS file from https://edt.univ-lyon1.fr/jsp/custom/modules/plannings/anonymous_cal.jsp?resources=6165&projectId=1&calType=ical&firstDate=2026-01-05&lastDate=2026-01-11 to src/calendars/nextweek/but3ra2a.ics
[2026-01-04T17:52:02.689Z] info: ICS file downloaded successfully to src/calendars/nextweek/but3ra2a.ics
[2026-01-04T17:52:02.690Z] info: ICS file for but3ra2a downloaded successfully.
[2026-01-04T17:52:02.690Z] info: Downloading ICS file from https://edt.univ-lyon1.fr/jsp/custom/modules/plannings/anonymous_cal.jsp?resources=6168&projectId=1&calType=ical&firstDate=2026-01-05&lastDate=2026-01-11 to src/calendars/nextweek/but3ra2b.ics
[2026-01-04T17:52:02.791Z] info: ICS file downloaded successfully to src/calendars/nextweek/but3ra2b.ics
[2026-01-04T17:52:02.792Z] info: ICS file for but3ra2b downloaded successfully.
[2026-01-04T17:52:02.792Z] info: Downloading ICS file from https://edt.univ-lyon1.fr/jsp/custom/modules/plannings/anonymous_cal.jsp?resources=14059&projectId=1&calType=ical&firstDate=2026-01-05&lastDate=2026-01-11 to src/calendars/nextweek/but3ra3a.ics
[2026-01-04T17:52:02.883Z] info: ICS file downloaded successfully to src/calendars/nextweek/but3ra3a.ics
[2026-01-04T17:52:02.884Z] info: ICS file for but3ra3a downloaded successfully.
[2026-01-04T17:52:02.884Z] info: Downloading ICS file from https://edt.univ-lyon1.fr/jsp/custom/modules/plannings/anonymous_cal.jsp?resources=14064&projectId=1&calType=ical&firstDate=2026-01-05&lastDate=2026-01-11 to src/calendars/nextweek/but3ra3b.ics
[2026-01-04T17:52:02.996Z] info: ICS file downloaded successfully to src/calendars/nextweek/but3ra3b.ics
[2026-01-04T17:52:02.996Z] info: ICS file for but3ra3b downloaded successfully.
[2026-01-04T17:52:02.996Z] info: Downloading ICS file from https://edt.univ-lyon1.fr/jsp/custom/modules/plannings/anonymous_cal.jsp?resources=6136&projectId=1&calType=ical&firstDate=2026-01-05&lastDate=2026-01-11 to src/calendars/nextweek/but3dacs.ics
[2026-01-04T17:52:03.104Z] info: ICS file downloaded successfully to src/calendars/nextweek/but3dacs.ics
[2026-01-04T17:52:03.104Z] info: ICS file for but3dacs downloaded successfully.
[2026-01-04T17:52:03.105Z] info: Downloading ICS file from https://edt.univ-lyon1.fr/jsp/custom/modules/plannings/anonymous_cal.jsp?resources=6048&projectId=1&calType=ical&firstDate=2026-01-05&lastDate=2026-01-11 to src/calendars/nextweek/but3aged.ics
[2026-01-04T17:52:03.184Z] info: ICS file downloaded successfully to src/calendars/nextweek/but3aged.ics
[2026-01-04T17:52:03.184Z] info: ICS file for but3aged downloaded successfully.
[2026-01-04T17:52:03.185Z] info: Sending weekly timetables
[2026-01-04T17:52:03.210Z] info: Sending message to channel 1395371772550975558: <t:1767618000:D> **IntroDev2 TD** : DUCHENE ERIC -> <t:1767618000:t> - <t:1767625200:t> en __S27__
<t:1767625200:D> **21Graphes** : LEROUX STEPHANE -> <t:1767625200:t> - <t:1767632400:t> en __040__
<t:1767682800:D> **11Java-TD** : VIDAL VINCENT -> <t:1767682800:t> - <t:1767690000:t> en __S27__
<t:1767690000:D> **Java-TD** : VIDAL VINCENT -> <t:1767690000:t> - <t:1767697200:t> en __S25__
<t:1767776400:D> **21Communication et service réseaux-TP** : BARON ARIANE -> <t:1767776400:t> - <t:1767783600:t> en __S18 - TP Réseau__
<t:1767790800:D> **11Economie durable et numérique** : LAGACHE ALEXANDRA -> <t:1767790800:t> - <t:1767798000:t> en __S10__
<t:1767798000:D> **IntroDev TD** : DUCHENE ERIC -> <t:1767798000:t> - <t:1767805200:t> en __S27__
<t:1767855600:D> **11Graphes** : LEROUX STEPHANE -> <t:1767855600:t> - <t:1767862800:t> en __S11__
<t:1767949200:D> **21Graphes** : LEROUX STEPHANE -> <t:1767949200:t> - <t:1767956400:t> en __S11__

[2026-01-04T17:52:03.213Z] info: Message sent to channel 1395371772550975558: <t:1767618000:D> **IntroDev2 TD** : DUCHENE ERIC -> <t:1767618000:t> - <t:1767625200:t> en __S27__
<t:1767625200:D> **21Graphes** : LEROUX STEPHANE -> <t:1767625200:t> - <t:1767632400:t> en __040__
<t:1767682800:D> **11Java-TD** : VIDAL VINCENT -> <t:1767682800:t> - <t:1767690000:t> en __S27__
<t:1767690000:D> **Java-TD** : VIDAL VINCENT -> <t:1767690000:t> - <t:1767697200:t> en __S25__
<t:1767776400:D> **21Communication et service réseaux-TP** : BARON ARIANE -> <t:1767776400:t> - <t:1767783600:t> en __S18 - TP Réseau__
<t:1767790800:D> **11Economie durable et numérique** : LAGACHE ALEXANDRA -> <t:1767790800:t> - <t:1767798000:t> en __S10__
<t:1767798000:D> **IntroDev TD** : DUCHENE ERIC -> <t:1767798000:t> - <t:1767805200:t> en __S27__
<t:1767855600:D> **11Graphes** : LEROUX STEPHANE -> <t:1767855600:t> - <t:1767862800:t> en __S11__
<t:1767949200:D> **21Graphes** : LEROUX STEPHANE -> <t:1767949200:t> - <t:1767956400:t> en __S11__

[2026-01-04T17:52:03.216Z] info: Sending message to channel 1395052296521646282: <t:1767603600:D> **SAE Autonomie G1** : G1S1A -> <t:1767603600:t> - <t:1767610800:t> en __S03__
<t:1767625200:D> **SAE Autonomie G1** : G1S1A -> <t:1767625200:t> - <t:1767632400:t> en __S16__
<t:1767690000:D> **R1.01 initation dev TD** : BUYLE-BODIN NICOLAS -> <t:1767690000:t> - <t:1767697200:t> en __040__
<t:1767704400:D> **24 R1.06 Maths discrètes TD** : JALOUX CHRISTOPHE -> <t:1767704400:t> - <t:1767711600:t> en __S10__
<t:1767711600:D> **11 R1.08 Gestion Proj. Orga-TD** : LAGACHE ALEXANDRA -> <t:1767711600:t> - <t:1767718800:t> en __S10__
<t:1767769200:D> **R1.11 Com DS** : BESSON MATHIEU -> <t:1767769200:t> - <t:1767776400:t> en __Amphi2,S25,H21__
<t:1767776400:D> **R1.01 initation dev TD P15** : BUYLE-BODIN NICOLAS -> <t:1767776400:t> - <t:1767783600:t> en __S12__
<t:1767790800:D> **SAE 101 102 Initiation Dev** : BUYLE-BODIN NICOLAS -> <t:1767790800:t> - <t:1767798000:t> en __S03__
<t:1767855600:D> **R1.01 initation dev TD** : BUYLE-BODIN NICOLAS -> <t:1767855600:t> - <t:1767862800:t> en __S12__
<t:1767862800:D> **R1.05-2 SQL-TD** : BARON ARIANE -> <t:1767862800:t> - <t:1767870000:t> en __S14__
<t:1767942000:D> **13 R1.06 Maths discrètes TD** : JALOUX CHRISTOPHE -> <t:1767942000:t> - <t:1767949200:t> en __S10__
<t:1767949200:D> **R1.08 Gestion Proj. Orga-TD** : LAGACHE ALEXANDRA -> <t:1767949200:t> - <t:1767956400:t> en __S12__

[2026-01-04T17:52:03.217Z] info: Message sent to channel 1395052296521646282: <t:1767603600:D> **SAE Autonomie G1** : G1S1A -> <t:1767603600:t> - <t:1767610800:t> en __S03__
<t:1767625200:D> **SAE Autonomie G1** : G1S1A -> <t:1767625200:t> - <t:1767632400:t> en __S16__
<t:1767690000:D> **R1.01 initation dev TD** : BUYLE-BODIN NICOLAS -> <t:1767690000:t> - <t:1767697200:t> en __040__
<t:1767704400:D> **24 R1.06 Maths discrètes TD** : JALOUX CHRISTOPHE -> <t:1767704400:t> - <t:1767711600:t> en __S10__
<t:1767711600:D> **11 R1.08 Gestion Proj. Orga-TD** : LAGACHE ALEXANDRA -> <t:1767711600:t> - <t:1767718800:t> en __S10__
<t:1767769200:D> **R1.11 Com DS** : BESSON MATHIEU -> <t:1767769200:t> - <t:1767776400:t> en __Amphi2,S25,H21__
<t:1767776400:D> **R1.01 initation dev TD P15** : BUYLE-BODIN NICOLAS -> <t:1767776400:t> - <t:1767783600:t> en __S12__
<t:1767790800:D> **SAE 101 102 Initiation Dev** : BUYLE-BODIN NICOLAS -> <t:1767790800:t> - <t:1767798000:t> en __S03__
<t:1767855600:D> **R1.01 initation dev TD** : BUYLE-BODIN NICOLAS -> <t:1767855600:t> - <t:1767862800:t> en __S12__
<t:1767862800:D> **R1.05-2 SQL-TD** : BARON ARIANE -> <t:1767862800:t> - <t:1767870000:t> en __S14__
<t:1767942000:D> **13 R1.06 Maths discrètes TD** : JALOUX CHRISTOPHE -> <t:1767942000:t> - <t:1767949200:t> en __S10__
<t:1767949200:D> **R1.08 Gestion Proj. Orga-TD** : LAGACHE ALEXANDRA -> <t:1767949200:t> - <t:1767956400:t> en __S12__

[2026-01-04T17:52:03.219Z] info: Sending message to channel 1395052332969885726: <t:1767603600:D> **SAE Autonomie G1** : G1S1A -> <t:1767603600:t> - <t:1767610800:t> en __S03__
<t:1767618000:D> **R1.10 Anglais-TPB P2** : BESSAC MARIETTE -> <t:1767618000:t> - <t:1767625200:t> en __028__
<t:1767625200:D> **SAE Autonomie G1** : G1S1A -> <t:1767625200:t> - <t:1767632400:t> en __S16__
<t:1767690000:D> **R1.01 initation dev TD** : BUYLE-BODIN NICOLAS -> <t:1767690000:t> - <t:1767697200:t> en __040__
<t:1767704400:D> **24 R1.06 Maths discrètes TD** : JALOUX CHRISTOPHE -> <t:1767704400:t> - <t:1767711600:t> en __S10__
<t:1767711600:D> **11 R1.08 Gestion Proj. Orga-TD** : LAGACHE ALEXANDRA -> <t:1767711600:t> - <t:1767718800:t> en __S10__
<t:1767769200:D> **R1.11 Com DS** : BESSON MATHIEU -> <t:1767769200:t> - <t:1767776400:t> en __Amphi2,S25,H21__
<t:1767776400:D> **R1.01 initation dev TD P15** : BUYLE-BODIN NICOLAS -> <t:1767776400:t> - <t:1767783600:t> en __S12__
<t:1767790800:D> **SAE 101 102 Initiation Dev** : BUYLE-BODIN NICOLAS -> <t:1767790800:t> - <t:1767798000:t> en __S03__
<t:1767798000:D> **R1.05-2 SQL-TPB** : BARON ARIANE -> <t:1767798000:t> - <t:1767805200:t> en __S14__
<t:1767855600:D> **R1.01 initation dev TD** : BUYLE-BODIN NICOLAS -> <t:1767855600:t> - <t:1767862800:t> en __S12__
<t:1767862800:D> **R1.05-2 SQL-TD** : BARON ARIANE -> <t:1767862800:t> - <t:1767870000:t> en __S14__
<t:1767942000:D> **13 R1.06 Maths discrètes TD** : JALOUX CHRISTOPHE -> <t:1767942000:t> - <t:1767949200:t> en __S10__
<t:1767949200:D> **R1.08 Gestion Proj. Orga-TD** : LAGACHE ALEXANDRA -> <t:1767949200:t> - <t:1767956400:t> en __S12__
<t:1767961800:D> **R1.12 PPP-TPB** : DECHAVANNE LAURINE -> <t:1767961800:t> - <t:1767969000:t> en __S14__

[2026-01-04T17:52:03.219Z] info: Message sent to channel 1395052332969885726: <t:1767603600:D> **SAE Autonomie G1** : G1S1A -> <t:1767603600:t> - <t:1767610800:t> en __S03__
<t:1767618000:D> **R1.10 Anglais-TPB P2** : BESSAC MARIETTE -> <t:1767618000:t> - <t:1767625200:t> en __028__
<t:1767625200:D> **SAE Autonomie G1** : G1S1A -> <t:1767625200:t> - <t:1767632400:t> en __S16__
<t:1767690000:D> **R1.01 initation dev TD** : BUYLE-BODIN NICOLAS -> <t:1767690000:t> - <t:1767697200:t> en __040__
<t:1767704400:D> **24 R1.06 Maths discrètes TD** : JALOUX CHRISTOPHE -> <t:1767704400:t> - <t:1767711600:t> en __S10__
<t:1767711600:D> **11 R1.08 Gestion Proj. Orga-TD** : LAGACHE ALEXANDRA -> <t:1767711600:t> - <t:1767718800:t> en __S10__
<t:1767769200:D> **R1.11 Com DS** : BESSON MATHIEU -> <t:1767769200:t> - <t:1767776400:t> en __Amphi2,S25,H21__
<t:1767776400:D> **R1.01 initation dev TD P15** : BUYLE-BODIN NICOLAS -> <t:1767776400:t> - <t:1767783600:t> en __S12__
<t:1767790800:D> **SAE 101 102 Initiation Dev** : BUYLE-BODIN NICOLAS -> <t:1767790800:t> - <t:1767798000:t> en __S03__
<t:1767798000:D> **R1.05-2 SQL-TPB** : BARON ARIANE -> <t:1767798000:t> - <t:1767805200:t> en __S14__
<t:1767855600:D> **R1.01 initation dev TD** : BUYLE-BODIN NICOLAS -> <t:1767855600:t> - <t:1767862800:t> en __S12__
<t:1767862800:D> **R1.05-2 SQL-TD** : BARON ARIANE -> <t:1767862800:t> - <t:1767870000:t> en __S14__
<t:1767942000:D> **13 R1.06 Maths discrètes TD** : JALOUX CHRISTOPHE -> <t:1767942000:t> - <t:1767949200:t> en __S10__
<t:1767949200:D> **R1.08 Gestion Proj. Orga-TD** : LAGACHE ALEXANDRA -> <t:1767949200:t> - <t:1767956400:t> en __S12__
<t:1767961800:D> **R1.12 PPP-TPB** : DECHAVANNE LAURINE -> <t:1767961800:t> - <t:1767969000:t> en __S14__

[2026-01-04T17:52:03.222Z] info: Sending message to channel 1395052379866660874: <t:1767596400:D> **19 R1.11 Com-TD** : SAUJOT GUILLAUME -> <t:1767596400:t> - <t:1767603600:t> en __S21__
<t:1767618000:D> **24 R1.06 Maths discrètes TD** : JALOUX CHRISTOPHE -> <t:1767618000:t> - <t:1767625200:t> en __S10__
<t:1767682800:D> **R1.01 initation dev TD P15** : DAUTRAIX ISABELLE -> <t:1767682800:t> - <t:1767690000:t> en __S12__
<t:1767690000:D> **R1.01 initation dev TD** : DAUTRAIX ISABELLE -> <t:1767690000:t> - <t:1767697200:t> en __S15__
<t:1767704400:D> **SAE Autonomie G2** : G2S1A -> <t:1767704400:t> - <t:1767711600:t> en __S16__
<t:1767711600:D> **SAE Autonomie G2** : G2S1A -> <t:1767711600:t> - <t:1767718800:t> en __S17__
<t:1767769200:D> **R1.11 Com DS** : BESSON MATHIEU -> <t:1767769200:t> - <t:1767776400:t> en __Amphi2,S25,H21__
<t:1767776400:D> **SAE 101 102 Initiation Dev** : NDIAYE SAMBA NDOJH -> <t:1767776400:t> - <t:1767783600:t> en __S24__
<t:1767790800:D> **11 R1.08 Gestion Proj. Orga-TD** : BOUHADDOUDA ANISSA -> <t:1767790800:t> - <t:1767798000:t> en __S15__
<t:1767798000:D> **R1.08 Gestion Proj. Orga-TD** : BOUHADDOUDA ANISSA -> <t:1767798000:t> - <t:1767805200:t> en __040__
<t:1767855600:D> **R1.05-2 SQL-TD** : BARON ARIANE -> <t:1767855600:t> - <t:1767862800:t> en __S14__
<t:1767862800:D> **SAE Autonomie G2** : G2S1A -> <t:1767862800:t> - <t:1767870000:t> en __S26__
<t:1767877200:D> **SAE Autonomie G2** : G2S1A -> <t:1767877200:t> - <t:1767884400:t> en __S27__
<t:1767942000:D> **R1.01 initation dev TD** : DAUTRAIX ISABELLE -> <t:1767942000:t> - <t:1767949200:t> en __S12__
<t:1767949200:D> **13 R1.06 Maths discrètes TD** : JALOUX CHRISTOPHE -> <t:1767949200:t> - <t:1767956400:t> en __S10__
<t:1767961800:D> **SAE 101 102 Initiation Dev** : NDIAYE SAMBA NDOJH -> <t:1767961800:t> - <t:1767969000:t> en __S16__

[2026-01-04T17:52:03.222Z] info: Message sent to channel 1395052379866660874: <t:1767596400:D> **19 R1.11 Com-TD** : SAUJOT GUILLAUME -> <t:1767596400:t> - <t:1767603600:t> en __S21__
<t:1767618000:D> **24 R1.06 Maths discrètes TD** : JALOUX CHRISTOPHE -> <t:1767618000:t> - <t:1767625200:t> en __S10__
<t:1767682800:D> **R1.01 initation dev TD P15** : DAUTRAIX ISABELLE -> <t:1767682800:t> - <t:1767690000:t> en __S12__
<t:1767690000:D> **R1.01 initation dev TD** : DAUTRAIX ISABELLE -> <t:1767690000:t> - <t:1767697200:t> en __S15__
<t:1767704400:D> **SAE Autonomie G2** : G2S1A -> <t:1767704400:t> - <t:1767711600:t> en __S16__
<t:1767711600:D> **SAE Autonomie G2** : G2S1A -> <t:1767711600:t> - <t:1767718800:t> en __S17__
<t:1767769200:D> **R1.11 Com DS** : BESSON MATHIEU -> <t:1767769200:t> - <t:1767776400:t> en __Amphi2,S25,H21__
<t:1767776400:D> **SAE 101 102 Initiation Dev** : NDIAYE SAMBA NDOJH -> <t:1767776400:t> - <t:1767783600:t> en __S24__
<t:1767790800:D> **11 R1.08 Gestion Proj. Orga-TD** : BOUHADDOUDA ANISSA -> <t:1767790800:t> - <t:1767798000:t> en __S15__
<t:1767798000:D> **R1.08 Gestion Proj. Orga-TD** : BOUHADDOUDA ANISSA -> <t:1767798000:t> - <t:1767805200:t> en __040__
<t:1767855600:D> **R1.05-2 SQL-TD** : BARON ARIANE -> <t:1767855600:t> - <t:1767862800:t> en __S14__
<t:1767862800:D> **SAE Autonomie G2** : G2S1A -> <t:1767862800:t> - <t:1767870000:t> en __S26__
<t:1767877200:D> **SAE Autonomie G2** : G2S1A -> <t:1767877200:t> - <t:1767884400:t> en __S27__
<t:1767942000:D> **R1.01 initation dev TD** : DAUTRAIX ISABELLE -> <t:1767942000:t> - <t:1767949200:t> en __S12__
<t:1767949200:D> **13 R1.06 Maths discrètes TD** : JALOUX CHRISTOPHE -> <t:1767949200:t> - <t:1767956400:t> en __S10__
<t:1767961800:D> **SAE 101 102 Initiation Dev** : NDIAYE SAMBA NDOJH -> <t:1767961800:t> - <t:1767969000:t> en __S16__

[2026-01-04T17:52:03.229Z] info: Message sent to channel 1395052392092930048 in 19 parts.
[2026-01-04T17:52:03.232Z] info: Sending message to channel 1395056179914473612: <t:1767596400:D> **SAE Autonomie G3** : G3S1A -> <t:1767596400:t> - <t:1767603600:t> en __S03__
<t:1767603600:D> **R1.10 Anglais-TPA P2** : ABAUZIT DUFAUD GISELE -> <t:1767603600:t> - <t:1767610800:t> en __028__
<t:1767618000:D> **13 R1.06 Maths discrètes TD** : JOUBERT AUDE -> <t:1767618000:t> - <t:1767625200:t> en __S11__
<t:1767625200:D> **R1.05-2 SQL-TD** : BENSLIMANE DJAMAL -> <t:1767625200:t> - <t:1767632400:t> en __S27__
<t:1767682800:D> **24 R1.06 Maths discrètes TD** : JOUBERT AUDE -> <t:1767682800:t> - <t:1767690000:t> en __S11__
<t:1767704400:D> **11 R1.08 Gestion Proj. Orga-TD** : LAGACHE ALEXANDRA -> <t:1767704400:t> - <t:1767711600:t> en __S11__
<t:1767711600:D> **SAE Autonomie G3** : G3S1A -> <t:1767711600:t> - <t:1767718800:t> en __S03__
<t:1767769200:D> **R1.11 Com DS** : BESSON MATHIEU -> <t:1767769200:t> - <t:1767776400:t> en __Amphi2,S25,H21__
<t:1767776400:D> **R1.01 initation dev TD P15** : VIDAL VINCENT -> <t:1767776400:t> - <t:1767783600:t> en __040__
<t:1767790800:D> **R1.01 initation dev TD** : VIDAL VINCENT -> <t:1767790800:t> - <t:1767798000:t> en __S16__
<t:1767798000:D> **R1.08 Gestion Proj. Orga-TD** : LAGACHE ALEXANDRA -> <t:1767798000:t> - <t:1767805200:t> en __S15__
<t:1767862800:D> **R1.01 initation dev TD** : VIDAL VINCENT -> <t:1767862800:t> - <t:1767870000:t> en __040__
<t:1767942000:D> **SAE Autonomie G3** : G3S1A -> <t:1767942000:t> - <t:1767949200:t> en __S17__
<t:1767949200:D> **R1.05-2 SQL-TD** : BENSLIMANE DJAMAL -> <t:1767949200:t> - <t:1767956400:t> en __S16__
<t:1767961800:D> **SAE 101 102 Initiation Dev** : BEN HADID AMIRA -> <t:1767961800:t> - <t:1767969000:t> en __S17__
<t:1767969000:D> **SAE Autonomie G3** : G3S1A -> <t:1767969000:t> - <t:1767976200:t> en __S17__

[2026-01-04T17:52:03.232Z] info: Message sent to channel 1395056179914473612: <t:1767596400:D> **SAE Autonomie G3** : G3S1A -> <t:1767596400:t> - <t:1767603600:t> en __S03__
<t:1767603600:D> **R1.10 Anglais-TPA P2** : ABAUZIT DUFAUD GISELE -> <t:1767603600:t> - <t:1767610800:t> en __028__
<t:1767618000:D> **13 R1.06 Maths discrètes TD** : JOUBERT AUDE -> <t:1767618000:t> - <t:1767625200:t> en __S11__
<t:1767625200:D> **R1.05-2 SQL-TD** : BENSLIMANE DJAMAL -> <t:1767625200:t> - <t:1767632400:t> en __S27__
<t:1767682800:D> **24 R1.06 Maths discrètes TD** : JOUBERT AUDE -> <t:1767682800:t> - <t:1767690000:t> en __S11__
<t:1767704400:D> **11 R1.08 Gestion Proj. Orga-TD** : LAGACHE ALEXANDRA -> <t:1767704400:t> - <t:1767711600:t> en __S11__
<t:1767711600:D> **SAE Autonomie G3** : G3S1A -> <t:1767711600:t> - <t:1767718800:t> en __S03__
<t:1767769200:D> **R1.11 Com DS** : BESSON MATHIEU -> <t:1767769200:t> - <t:1767776400:t> en __Amphi2,S25,H21__
<t:1767776400:D> **R1.01 initation dev TD P15** : VIDAL VINCENT -> <t:1767776400:t> - <t:1767783600:t> en __040__
<t:1767790800:D> **R1.01 initation dev TD** : VIDAL VINCENT -> <t:1767790800:t> - <t:1767798000:t> en __S16__
<t:1767798000:D> **R1.08 Gestion Proj. Orga-TD** : LAGACHE ALEXANDRA -> <t:1767798000:t> - <t:1767805200:t> en __S15__
<t:1767862800:D> **R1.01 initation dev TD** : VIDAL VINCENT -> <t:1767862800:t> - <t:1767870000:t> en __040__
<t:1767942000:D> **SAE Autonomie G3** : G3S1A -> <t:1767942000:t> - <t:1767949200:t> en __S17__
<t:1767949200:D> **R1.05-2 SQL-TD** : BENSLIMANE DJAMAL -> <t:1767949200:t> - <t:1767956400:t> en __S16__
<t:1767961800:D> **SAE 101 102 Initiation Dev** : BEN HADID AMIRA -> <t:1767961800:t> - <t:1767969000:t> en __S17__
<t:1767969000:D> **SAE Autonomie G3** : G3S1A -> <t:1767969000:t> - <t:1767976200:t> en __S17__

[2026-01-04T17:52:03.236Z] info: Sending message to channel 1395052422401101905: <t:1767596400:D> **SAE Autonomie G3** : G3S1A -> <t:1767596400:t> - <t:1767603600:t> en __S03__
<t:1767618000:D> **13 R1.06 Maths discrètes TD** : JOUBERT AUDE -> <t:1767618000:t> - <t:1767625200:t> en __S11__
<t:1767625200:D> **R1.05-2 SQL-TD** : BENSLIMANE DJAMAL -> <t:1767625200:t> - <t:1767632400:t> en __S27__
<t:1767682800:D> **24 R1.06 Maths discrètes TD** : JOUBERT AUDE -> <t:1767682800:t> - <t:1767690000:t> en __S11__
<t:1767690000:D> **R1.12 PPP-TPB** : VIZET PONCET CECILE -> <t:1767690000:t> - <t:1767697200:t> en __S10__
<t:1767704400:D> **11 R1.08 Gestion Proj. Orga-TD** : LAGACHE ALEXANDRA -> <t:1767704400:t> - <t:1767711600:t> en __S11__
<t:1767711600:D> **SAE Autonomie G3** : G3S1A -> <t:1767711600:t> - <t:1767718800:t> en __S03__
<t:1767769200:D> **R1.11 Com DS** : BESSON MATHIEU -> <t:1767769200:t> - <t:1767776400:t> en __Amphi2,S25,H21__
<t:1767776400:D> **R1.01 initation dev TD P15** : VIDAL VINCENT -> <t:1767776400:t> - <t:1767783600:t> en __040__
<t:1767790800:D> **R1.01 initation dev TD** : VIDAL VINCENT -> <t:1767790800:t> - <t:1767798000:t> en __S16__
<t:1767798000:D> **R1.08 Gestion Proj. Orga-TD** : LAGACHE ALEXANDRA -> <t:1767798000:t> - <t:1767805200:t> en __S15__
<t:1767855600:D> **R1.10 Anglais-TPB P2** : CANQUE FLORENCE -> <t:1767855600:t> - <t:1767862800:t> en __026-Langues__
<t:1767862800:D> **R1.01 initation dev TD** : VIDAL VINCENT -> <t:1767862800:t> - <t:1767870000:t> en __040__
<t:1767942000:D> **SAE Autonomie G3** : G3S1A -> <t:1767942000:t> - <t:1767949200:t> en __S17__
<t:1767949200:D> **R1.05-2 SQL-TD** : BENSLIMANE DJAMAL -> <t:1767949200:t> - <t:1767956400:t> en __S16__
<t:1767961800:D> **SAE 101 102 Initiation Dev** : BEN HADID AMIRA -> <t:1767961800:t> - <t:1767969000:t> en __S17__
<t:1767969000:D> **SAE Autonomie G3** : G3S1A -> <t:1767969000:t> - <t:1767976200:t> en __S17__

[2026-01-04T17:52:03.237Z] info: Message sent to channel 1395052422401101905: <t:1767596400:D> **SAE Autonomie G3** : G3S1A -> <t:1767596400:t> - <t:1767603600:t> en __S03__
<t:1767618000:D> **13 R1.06 Maths discrètes TD** : JOUBERT AUDE -> <t:1767618000:t> - <t:1767625200:t> en __S11__
<t:1767625200:D> **R1.05-2 SQL-TD** : BENSLIMANE DJAMAL -> <t:1767625200:t> - <t:1767632400:t> en __S27__
<t:1767682800:D> **24 R1.06 Maths discrètes TD** : JOUBERT AUDE -> <t:1767682800:t> - <t:1767690000:t> en __S11__
<t:1767690000:D> **R1.12 PPP-TPB** : VIZET PONCET CECILE -> <t:1767690000:t> - <t:1767697200:t> en __S10__
<t:1767704400:D> **11 R1.08 Gestion Proj. Orga-TD** : LAGACHE ALEXANDRA -> <t:1767704400:t> - <t:1767711600:t> en __S11__
<t:1767711600:D> **SAE Autonomie G3** : G3S1A -> <t:1767711600:t> - <t:1767718800:t> en __S03__
<t:1767769200:D> **R1.11 Com DS** : BESSON MATHIEU -> <t:1767769200:t> - <t:1767776400:t> en __Amphi2,S25,H21__
<t:1767776400:D> **R1.01 initation dev TD P15** : VIDAL VINCENT -> <t:1767776400:t> - <t:1767783600:t> en __040__
<t:1767790800:D> **R1.01 initation dev TD** : VIDAL VINCENT -> <t:1767790800:t> - <t:1767798000:t> en __S16__
<t:1767798000:D> **R1.08 Gestion Proj. Orga-TD** : LAGACHE ALEXANDRA -> <t:1767798000:t> - <t:1767805200:t> en __S15__
<t:1767855600:D> **R1.10 Anglais-TPB P2** : CANQUE FLORENCE -> <t:1767855600:t> - <t:1767862800:t> en __026-Langues__
<t:1767862800:D> **R1.01 initation dev TD** : VIDAL VINCENT -> <t:1767862800:t> - <t:1767870000:t> en __040__
<t:1767942000:D> **SAE Autonomie G3** : G3S1A -> <t:1767942000:t> - <t:1767949200:t> en __S17__
<t:1767949200:D> **R1.05-2 SQL-TD** : BENSLIMANE DJAMAL -> <t:1767949200:t> - <t:1767956400:t> en __S16__
<t:1767961800:D> **SAE 101 102 Initiation Dev** : BEN HADID AMIRA -> <t:1767961800:t> - <t:1767969000:t> en __S17__
<t:1767969000:D> **SAE Autonomie G3** : G3S1A -> <t:1767969000:t> - <t:1767976200:t> en __S17__

[2026-01-04T17:52:03.238Z] info: Sending message to channel 1395052443192266916: Aucun calendrier trouvé pour le groupe g4s1a pour nextweek.
[2026-01-04T17:52:03.238Z] info: Message sent to channel 1395052443192266916: Aucun calendrier trouvé pour le groupe g4s1a pour nextweek.
[2026-01-04T17:52:03.240Z] info: Sending message to channel 1395052467070177290: <t:1767603600:D> **13 R1.06 Maths discrètes TD** : JOUBERT AUDE -> <t:1767603600:t> - <t:1767610800:t> en __S11__
<t:1767618000:D> **R1.01 initation dev TD P15** : NDIAYE SAMBA NDOJH -> <t:1767618000:t> - <t:1767625200:t> en __040__
<t:1767625200:D> **R1.01 initation dev TD** : NDIAYE SAMBA NDOJH -> <t:1767625200:t> - <t:1767632400:t> en __S10__
<t:1767682800:D> **SAE Autonomie G4** : G4S1B -> <t:1767682800:t> - <t:1767690000:t> en __S13__
<t:1767690000:D> **24 R1.06 Maths discrètes TD** : JOUBERT AUDE -> <t:1767690000:t> - <t:1767697200:t> en __S11__
<t:1767704400:D> **R1.12 PPP-TPB** : VIZET PONCET CECILE -> <t:1767704400:t> - <t:1767711600:t> en __037-Conseil__
<t:1767711600:D> **SAE Autonomie G4** : G4S1B -> <t:1767711600:t> - <t:1767718800:t> en __S13__
<t:1767769200:D> **R1.11 Com DS** : BESSON MATHIEU -> <t:1767769200:t> - <t:1767776400:t> en __Amphi2,S25,H21__
<t:1767776400:D> **11 R1.08 Gestion Proj. Orga-TD** : MAGNIN FLORENCE -> <t:1767776400:t> - <t:1767783600:t> en __S11__
<t:1767790800:D> **R1.08 Gestion Proj. Orga-TD** : MAGNIN FLORENCE -> <t:1767790800:t> - <t:1767798000:t> en __040__
<t:1767798000:D> **R1.10 Anglais-TPB P2** : CANQUE FLORENCE -> <t:1767798000:t> - <t:1767805200:t> en __026-Langues__
<t:1767855600:D> **SAE Autonomie G4** : G4S1B -> <t:1767855600:t> - <t:1767862800:t> en __S27__
<t:1767862800:D> **R1.05-2 SQL-TD** : BONNET CHRISTINE -> <t:1767862800:t> - <t:1767870000:t> en __S24__
<t:1767942000:D> **SAE Autonomie G4** : G4S1B -> <t:1767942000:t> - <t:1767949200:t> en __S03__
<t:1767949200:D> **R1.05-2 SQL-TD** : BONNET CHRISTINE -> <t:1767949200:t> - <t:1767956400:t> en __S03__
<t:1767961800:D> **SAE 101 102 Initiation Dev** : ZEITOUN SEBASTIEN -> <t:1767961800:t> - <t:1767969000:t> en __S03__
<t:1767969000:D> **R1.01 initation dev TD** : NDIAYE SAMBA NDOJH -> <t:1767969000:t> - <t:1767976200:t> en __040__

[2026-01-04T17:52:03.240Z] info: Message sent to channel 1395052467070177290: <t:1767603600:D> **13 R1.06 Maths discrètes TD** : JOUBERT AUDE -> <t:1767603600:t> - <t:1767610800:t> en __S11__
<t:1767618000:D> **R1.01 initation dev TD P15** : NDIAYE SAMBA NDOJH -> <t:1767618000:t> - <t:1767625200:t> en __040__
<t:1767625200:D> **R1.01 initation dev TD** : NDIAYE SAMBA NDOJH -> <t:1767625200:t> - <t:1767632400:t> en __S10__
<t:1767682800:D> **SAE Autonomie G4** : G4S1B -> <t:1767682800:t> - <t:1767690000:t> en __S13__
<t:1767690000:D> **24 R1.06 Maths discrètes TD** : JOUBERT AUDE -> <t:1767690000:t> - <t:1767697200:t> en __S11__
<t:1767704400:D> **R1.12 PPP-TPB** : VIZET PONCET CECILE -> <t:1767704400:t> - <t:1767711600:t> en __037-Conseil__
<t:1767711600:D> **SAE Autonomie G4** : G4S1B -> <t:1767711600:t> - <t:1767718800:t> en __S13__
<t:1767769200:D> **R1.11 Com DS** : BESSON MATHIEU -> <t:1767769200:t> - <t:1767776400:t> en __Amphi2,S25,H21__
<t:1767776400:D> **11 R1.08 Gestion Proj. Orga-TD** : MAGNIN FLORENCE -> <t:1767776400:t> - <t:1767783600:t> en __S11__
<t:1767790800:D> **R1.08 Gestion Proj. Orga-TD** : MAGNIN FLORENCE -> <t:1767790800:t> - <t:1767798000:t> en __040__
<t:1767798000:D> **R1.10 Anglais-TPB P2** : CANQUE FLORENCE -> <t:1767798000:t> - <t:1767805200:t> en __026-Langues__
<t:1767855600:D> **SAE Autonomie G4** : G4S1B -> <t:1767855600:t> - <t:1767862800:t> en __S27__
<t:1767862800:D> **R1.05-2 SQL-TD** : BONNET CHRISTINE -> <t:1767862800:t> - <t:1767870000:t> en __S24__
<t:1767942000:D> **SAE Autonomie G4** : G4S1B -> <t:1767942000:t> - <t:1767949200:t> en __S03__
<t:1767949200:D> **R1.05-2 SQL-TD** : BONNET CHRISTINE -> <t:1767949200:t> - <t:1767956400:t> en __S03__
<t:1767961800:D> **SAE 101 102 Initiation Dev** : ZEITOUN SEBASTIEN -> <t:1767961800:t> - <t:1767969000:t> en __S03__
<t:1767969000:D> **R1.01 initation dev TD** : NDIAYE SAMBA NDOJH -> <t:1767969000:t> - <t:1767976200:t> en __040__

[2026-01-04T17:52:03.242Z] info: Sending message to channel 1395052827985842288: <t:1767596400:D> **SAE Autonomie G5** : G5S1A -> <t:1767596400:t> - <t:1767603600:t> en __S13__
<t:1767603600:D> **13 R1.06 Maths discrètes TD** : LEROUX STEPHANE -> <t:1767603600:t> - <t:1767610800:t> en __S12__
<t:1767625200:D> **R1.01 initation dev TD** : BARON ARIANE -> <t:1767625200:t> - <t:1767632400:t> en __S25__
<t:1767682800:D> **SAE Autonomie G5** : G5S1A -> <t:1767682800:t> - <t:1767690000:t> en __S24__
<t:1767690000:D> **R1.01 initation dev TD P15** : BARON ARIANE -> <t:1767690000:t> - <t:1767697200:t> en __S12__
<t:1767704400:D> **R1.05-2 SQL-TD** : BUYLE-BODIN NICOLAS -> <t:1767704400:t> - <t:1767711600:t> en __S03__
<t:1767711600:D> **R1.01 initation dev TD** : BARON ARIANE -> <t:1767711600:t> - <t:1767718800:t> en __S12__
<t:1767769200:D> **R1.11 Com DS** : BESSON MATHIEU -> <t:1767769200:t> - <t:1767776400:t> en __Amphi2,S25,H21__
<t:1767776400:D> **R1.08 Gestion Proj. Orga-TD** : LAGACHE ALEXANDRA -> <t:1767776400:t> - <t:1767783600:t> en __S15__
<t:1767798000:D> **R1.05-2 SQL-TD** : BUYLE-BODIN NICOLAS -> <t:1767798000:t> - <t:1767805200:t> en __S03__
<t:1767855600:D> **SAE Autonomie G5** : G5S1A -> <t:1767855600:t> - <t:1767862800:t> en __S13__
<t:1767862800:D> **24 R1.06 Maths discrètes TD** : LEROUX STEPHANE -> <t:1767862800:t> - <t:1767870000:t> en __S12__
<t:1767942000:D> **11 R1.08 Gestion Proj. Orga-TD** : LAGACHE ALEXANDRA -> <t:1767942000:t> - <t:1767949200:t> en __S15__
<t:1767949200:D> **SAE 101 102 Initiation Dev** : DAUTRAIX ISABELLE -> <t:1767949200:t> - <t:1767956400:t> en __S17__
<t:1767961800:D> **SAE Autonomie G5** : G5S1A -> <t:1767961800:t> - <t:1767969000:t> en __S13__
<t:1767969000:D> **R1.10 Anglais-TPA P2** : BESSAC MARIETTE -> <t:1767969000:t> - <t:1767976200:t> en __028__

[2026-01-04T17:52:03.243Z] info: Message sent to channel 1395052827985842288: <t:1767596400:D> **SAE Autonomie G5** : G5S1A -> <t:1767596400:t> - <t:1767603600:t> en __S13__
<t:1767603600:D> **13 R1.06 Maths discrètes TD** : LEROUX STEPHANE -> <t:1767603600:t> - <t:1767610800:t> en __S12__
<t:1767625200:D> **R1.01 initation dev TD** : BARON ARIANE -> <t:1767625200:t> - <t:1767632400:t> en __S25__
<t:1767682800:D> **SAE Autonomie G5** : G5S1A -> <t:1767682800:t> - <t:1767690000:t> en __S24__
<t:1767690000:D> **R1.01 initation dev TD P15** : BARON ARIANE -> <t:1767690000:t> - <t:1767697200:t> en __S12__
<t:1767704400:D> **R1.05-2 SQL-TD** : BUYLE-BODIN NICOLAS -> <t:1767704400:t> - <t:1767711600:t> en __S03__
<t:1767711600:D> **R1.01 initation dev TD** : BARON ARIANE -> <t:1767711600:t> - <t:1767718800:t> en __S12__
<t:1767769200:D> **R1.11 Com DS** : BESSON MATHIEU -> <t:1767769200:t> - <t:1767776400:t> en __Amphi2,S25,H21__
<t:1767776400:D> **R1.08 Gestion Proj. Orga-TD** : LAGACHE ALEXANDRA -> <t:1767776400:t> - <t:1767783600:t> en __S15__
<t:1767798000:D> **R1.05-2 SQL-TD** : BUYLE-BODIN NICOLAS -> <t:1767798000:t> - <t:1767805200:t> en __S03__
<t:1767855600:D> **SAE Autonomie G5** : G5S1A -> <t:1767855600:t> - <t:1767862800:t> en __S13__
<t:1767862800:D> **24 R1.06 Maths discrètes TD** : LEROUX STEPHANE -> <t:1767862800:t> - <t:1767870000:t> en __S12__
<t:1767942000:D> **11 R1.08 Gestion Proj. Orga-TD** : LAGACHE ALEXANDRA -> <t:1767942000:t> - <t:1767949200:t> en __S15__
<t:1767949200:D> **SAE 101 102 Initiation Dev** : DAUTRAIX ISABELLE -> <t:1767949200:t> - <t:1767956400:t> en __S17__
<t:1767961800:D> **SAE Autonomie G5** : G5S1A -> <t:1767961800:t> - <t:1767969000:t> en __S13__
<t:1767969000:D> **R1.10 Anglais-TPA P2** : BESSAC MARIETTE -> <t:1767969000:t> - <t:1767976200:t> en __028__

[2026-01-04T17:52:03.246Z] info: Sending message to channel 1395052882486890707: <t:1767596400:D> **SAE Autonomie G5** : G5S1A -> <t:1767596400:t> - <t:1767603600:t> en __S13__
<t:1767603600:D> **13 R1.06 Maths discrètes TD** : LEROUX STEPHANE -> <t:1767603600:t> - <t:1767610800:t> en __S12__
<t:1767618000:D> **R1.12 PPP-TPB** : OLIVESI AURELIE -> <t:1767618000:t> - <t:1767625200:t> en __S17__
<t:1767625200:D> **R1.01 initation dev TD** : BARON ARIANE -> <t:1767625200:t> - <t:1767632400:t> en __S25__
<t:1767682800:D> **SAE Autonomie G5** : G5S1A -> <t:1767682800:t> - <t:1767690000:t> en __S24__
<t:1767690000:D> **R1.01 initation dev TD P15** : BARON ARIANE -> <t:1767690000:t> - <t:1767697200:t> en __S12__
<t:1767704400:D> **R1.05-2 SQL-TD** : BUYLE-BODIN NICOLAS -> <t:1767704400:t> - <t:1767711600:t> en __S03__
<t:1767711600:D> **R1.01 initation dev TD** : BARON ARIANE -> <t:1767711600:t> - <t:1767718800:t> en __S12__
<t:1767769200:D> **R1.11 Com DS** : BESSON MATHIEU -> <t:1767769200:t> - <t:1767776400:t> en __Amphi2,S25,H21__
<t:1767776400:D> **R1.08 Gestion Proj. Orga-TD** : LAGACHE ALEXANDRA -> <t:1767776400:t> - <t:1767783600:t> en __S15__
<t:1767790800:D> **R1.10 Anglais-TPB P2** : CANQUE FLORENCE -> <t:1767790800:t> - <t:1767798000:t> en __026-Langues__
<t:1767798000:D> **R1.05-2 SQL-TD** : BUYLE-BODIN NICOLAS -> <t:1767798000:t> - <t:1767805200:t> en __S03__
<t:1767855600:D> **SAE Autonomie G5** : G5S1A -> <t:1767855600:t> - <t:1767862800:t> en __S13__
<t:1767862800:D> **24 R1.06 Maths discrètes TD** : LEROUX STEPHANE -> <t:1767862800:t> - <t:1767870000:t> en __S12__
<t:1767942000:D> **11 R1.08 Gestion Proj. Orga-TD** : LAGACHE ALEXANDRA -> <t:1767942000:t> - <t:1767949200:t> en __S15__
<t:1767949200:D> **SAE 101 102 Initiation Dev** : DAUTRAIX ISABELLE -> <t:1767949200:t> - <t:1767956400:t> en __S17__
<t:1767961800:D> **SAE Autonomie G5** : G5S1A -> <t:1767961800:t> - <t:1767969000:t> en __S13__

[2026-01-04T17:52:03.246Z] info: Message sent to channel 1395052882486890707: <t:1767596400:D> **SAE Autonomie G5** : G5S1A -> <t:1767596400:t> - <t:1767603600:t> en __S13__
<t:1767603600:D> **13 R1.06 Maths discrètes TD** : LEROUX STEPHANE -> <t:1767603600:t> - <t:1767610800:t> en __S12__
<t:1767618000:D> **R1.12 PPP-TPB** : OLIVESI AURELIE -> <t:1767618000:t> - <t:1767625200:t> en __S17__
<t:1767625200:D> **R1.01 initation dev TD** : BARON ARIANE -> <t:1767625200:t> - <t:1767632400:t> en __S25__
<t:1767682800:D> **SAE Autonomie G5** : G5S1A -> <t:1767682800:t> - <t:1767690000:t> en __S24__
<t:1767690000:D> **R1.01 initation dev TD P15** : BARON ARIANE -> <t:1767690000:t> - <t:1767697200:t> en __S12__
<t:1767704400:D> **R1.05-2 SQL-TD** : BUYLE-BODIN NICOLAS -> <t:1767704400:t> - <t:1767711600:t> en __S03__
<t:1767711600:D> **R1.01 initation dev TD** : BARON ARIANE -> <t:1767711600:t> - <t:1767718800:t> en __S12__
<t:1767769200:D> **R1.11 Com DS** : BESSON MATHIEU -> <t:1767769200:t> - <t:1767776400:t> en __Amphi2,S25,H21__
<t:1767776400:D> **R1.08 Gestion Proj. Orga-TD** : LAGACHE ALEXANDRA -> <t:1767776400:t> - <t:1767783600:t> en __S15__
<t:1767790800:D> **R1.10 Anglais-TPB P2** : CANQUE FLORENCE -> <t:1767790800:t> - <t:1767798000:t> en __026-Langues__
<t:1767798000:D> **R1.05-2 SQL-TD** : BUYLE-BODIN NICOLAS -> <t:1767798000:t> - <t:1767805200:t> en __S03__
<t:1767855600:D> **SAE Autonomie G5** : G5S1A -> <t:1767855600:t> - <t:1767862800:t> en __S13__
<t:1767862800:D> **24 R1.06 Maths discrètes TD** : LEROUX STEPHANE -> <t:1767862800:t> - <t:1767870000:t> en __S12__
<t:1767942000:D> **11 R1.08 Gestion Proj. Orga-TD** : LAGACHE ALEXANDRA -> <t:1767942000:t> - <t:1767949200:t> en __S15__
<t:1767949200:D> **SAE 101 102 Initiation Dev** : DAUTRAIX ISABELLE -> <t:1767949200:t> - <t:1767956400:t> en __S17__
<t:1767961800:D> **SAE Autonomie G5** : G5S1A -> <t:1767961800:t> - <t:1767969000:t> en __S13__

[2026-01-04T17:52:03.251Z] info: Message sent to channel 1395371275643256924 in 17 parts.
[2026-01-04T17:52:03.254Z] info: Sending message to channel 1395371292533723147: <t:1767603600:D> **21 R3.11  Droit des contrats et du numérique-TD** : DUFOUR KARLINE -> <t:1767603600:t> - <t:1767610800:t> en __040__
<t:1767618000:D> **11 R3.04-1 Qualité de developpement-Conception-TD G1** : PEYTAVIE ADRIEN -> <t:1767618000:t> - <t:1767625200:t> en __S14__
<t:1767625200:D> **12 R3.01-2 Développement Web  : Javascript-TD** : YACOUBI AYADI NADIA -> <t:1767625200:t> - <t:1767632400:t> en __S14__
<t:1767682800:D> **21R3.04-1 Qualité de developpement-Conception-TD** : PEYTAVIE ADRIEN -> <t:1767682800:t> - <t:1767690000:t> en __S16__
<t:1767690000:D> **21 R3.02 Dév. Efficace (algo)-TD** : KHEDDOUCI HAMAMACHE -> <t:1767690000:t> - <t:1767697200:t> en __S14__
<t:1767704400:D> **R3.07 SQL et Programmation-DS** : BARON ARIANE -> <t:1767704400:t> - <t:1767711600:t> en __Amphi1,S25__
<t:1767769200:D> **11 R3.11  Droit des contrats et du numérique-TD** : DUFOUR KARLINE -> <t:1767769200:t> - <t:1767776400:t> en __040__
<t:1767776400:D> **16 R3.13 communication professionnelle-TD** : DEBOUTE JOCELYNE -> <t:1767776400:t> - <t:1767783600:t> en __037-Conseil__
<t:1767798000:D> **11 R3.02 Dév. Efficace (algo)-TD** : KHEDDOUCI HAMAMACHE -> <t:1767798000:t> - <t:1767805200:t> en __S24__
<t:1767855600:D> **R3.09 Crypto et sécurité-TPB** : JALOUX CHRISTOPHE -> <t:1767855600:t> - <t:1767862800:t> en __S17__
<t:1767862800:D> **SAE TPB8** : JOUBERT AUDE -> <t:1767862800:t> - <t:1767870000:t> en __S16__
<t:1767949200:D> **R3.14 PPP-entretien B** : G1S3B -> <t:1767949200:t> - <t:1767956400:t> en __S15__
<t:1767961800:D> **R3.14 PPP** : DEBOUTE JOCELYNE -> <t:1767961800:t> - <t:1767969000:t> en __S11__
<t:1767969000:D> **12 R3.12 Anglais-TD** : GARACCI DANIEL -> <t:1767969000:t> - <t:1767976200:t> en __026-Langues__
<t:1768035600:D> **14 R3.06 Archi. Réseaux-TD** : BARON ARIANE -> <t:1768035600:t> - <t:1768042800:t> en __S12__

[2026-01-04T17:52:03.254Z] info: Message sent to channel 1395371292533723147: <t:1767603600:D> **21 R3.11  Droit des contrats et du numérique-TD** : DUFOUR KARLINE -> <t:1767603600:t> - <t:1767610800:t> en __040__
<t:1767618000:D> **11 R3.04-1 Qualité de developpement-Conception-TD G1** : PEYTAVIE ADRIEN -> <t:1767618000:t> - <t:1767625200:t> en __S14__
<t:1767625200:D> **12 R3.01-2 Développement Web  : Javascript-TD** : YACOUBI AYADI NADIA -> <t:1767625200:t> - <t:1767632400:t> en __S14__
<t:1767682800:D> **21R3.04-1 Qualité de developpement-Conception-TD** : PEYTAVIE ADRIEN -> <t:1767682800:t> - <t:1767690000:t> en __S16__
<t:1767690000:D> **21 R3.02 Dév. Efficace (algo)-TD** : KHEDDOUCI HAMAMACHE -> <t:1767690000:t> - <t:1767697200:t> en __S14__
<t:1767704400:D> **R3.07 SQL et Programmation-DS** : BARON ARIANE -> <t:1767704400:t> - <t:1767711600:t> en __Amphi1,S25__
<t:1767769200:D> **11 R3.11  Droit des contrats et du numérique-TD** : DUFOUR KARLINE -> <t:1767769200:t> - <t:1767776400:t> en __040__
<t:1767776400:D> **16 R3.13 communication professionnelle-TD** : DEBOUTE JOCELYNE -> <t:1767776400:t> - <t:1767783600:t> en __037-Conseil__
<t:1767798000:D> **11 R3.02 Dév. Efficace (algo)-TD** : KHEDDOUCI HAMAMACHE -> <t:1767798000:t> - <t:1767805200:t> en __S24__
<t:1767855600:D> **R3.09 Crypto et sécurité-TPB** : JALOUX CHRISTOPHE -> <t:1767855600:t> - <t:1767862800:t> en __S17__
<t:1767862800:D> **SAE TPB8** : JOUBERT AUDE -> <t:1767862800:t> - <t:1767870000:t> en __S16__
<t:1767949200:D> **R3.14 PPP-entretien B** : G1S3B -> <t:1767949200:t> - <t:1767956400:t> en __S15__
<t:1767961800:D> **R3.14 PPP** : DEBOUTE JOCELYNE -> <t:1767961800:t> - <t:1767969000:t> en __S11__
<t:1767969000:D> **12 R3.12 Anglais-TD** : GARACCI DANIEL -> <t:1767969000:t> - <t:1767976200:t> en __026-Langues__
<t:1768035600:D> **14 R3.06 Archi. Réseaux-TD** : BARON ARIANE -> <t:1768035600:t> - <t:1768042800:t> en __S12__

[2026-01-04T17:52:03.257Z] info: Sending message to channel 1395371451573600287: <t:1767596400:D> **11 R3.11  Droit des contrats et du numérique-TD** : DUFOUR KARLINE -> <t:1767596400:t> - <t:1767603600:t> en __040__
<t:1767603600:D> **R3.09 Crypto et sécurité-TPA** : JALOUX CHRISTOPHE -> <t:1767603600:t> - <t:1767610800:t> en __S17__
<t:1767618000:D> **R3.06 Archi. Réseaux-TPA** : BARON ARIANE -> <t:1767618000:t> - <t:1767625200:t> en __S16__
<t:1767625200:D> **11 R3.04-1 Qualité de developpement-Conception-TD G1** : PEYTAVIE ADRIEN -> <t:1767625200:t> - <t:1767632400:t> en __S24__
<t:1767682800:D> **SAE TPA8** : JALOUX CHRISTOPHE -> <t:1767682800:t> - <t:1767690000:t> en __S17__
<t:1767690000:D> **R3.05 Programmation système-TPA** : BUONOMO CAMILLE -> <t:1767690000:t> - <t:1767697200:t> en __S16__
<t:1767704400:D> **R3.07 SQL et Programmation-DS** : BARON ARIANE -> <t:1767704400:t> - <t:1767711600:t> en __Amphi1,S25__
<t:1767711600:D> **R3.14 PPP** : DEBOUTE JOCELYNE -> <t:1767711600:t> - <t:1767718800:t> en __040__
<t:1767769200:D> **21 R3.02 Dév. Efficace (algo)-TD** : KHEDDOUCI HAMAMACHE -> <t:1767769200:t> - <t:1767776400:t> en __S16__
<t:1767776400:D> **11 R3.02 Dév. Efficace (algo)-TD** : KHEDDOUCI HAMAMACHE -> <t:1767776400:t> - <t:1767783600:t> en __S17__
<t:1767790800:D> **16 R3.13 communication professionnelle-TD** : DEBOUTE JOCELYNE -> <t:1767790800:t> - <t:1767798000:t> en __S21__
<t:1767855600:D> **21R3.04-1 Qualité de developpement-Conception-TD** : PEYTAVIE ADRIEN -> <t:1767855600:t> - <t:1767862800:t> en __S16__
<t:1767942000:D> **12 R3.01-2 Développement Web  : Javascript-TD** : LEROUX STEPHANE -> <t:1767942000:t> - <t:1767949200:t> en __S24__
<t:1767949200:D> **21 R3.11  Droit des contrats et du numérique-TD** : DUFOUR KARLINE -> <t:1767949200:t> - <t:1767956400:t> en __040__
<t:1768028400:D> **14 R3.06 Archi. Réseaux-TD** : BARON ARIANE -> <t:1768028400:t> - <t:1768035600:t> en __S12__

[2026-01-04T17:52:03.257Z] info: Message sent to channel 1395371451573600287: <t:1767596400:D> **11 R3.11  Droit des contrats et du numérique-TD** : DUFOUR KARLINE -> <t:1767596400:t> - <t:1767603600:t> en __040__
<t:1767603600:D> **R3.09 Crypto et sécurité-TPA** : JALOUX CHRISTOPHE -> <t:1767603600:t> - <t:1767610800:t> en __S17__
<t:1767618000:D> **R3.06 Archi. Réseaux-TPA** : BARON ARIANE -> <t:1767618000:t> - <t:1767625200:t> en __S16__
<t:1767625200:D> **11 R3.04-1 Qualité de developpement-Conception-TD G1** : PEYTAVIE ADRIEN -> <t:1767625200:t> - <t:1767632400:t> en __S24__
<t:1767682800:D> **SAE TPA8** : JALOUX CHRISTOPHE -> <t:1767682800:t> - <t:1767690000:t> en __S17__
<t:1767690000:D> **R3.05 Programmation système-TPA** : BUONOMO CAMILLE -> <t:1767690000:t> - <t:1767697200:t> en __S16__
<t:1767704400:D> **R3.07 SQL et Programmation-DS** : BARON ARIANE -> <t:1767704400:t> - <t:1767711600:t> en __Amphi1,S25__
<t:1767711600:D> **R3.14 PPP** : DEBOUTE JOCELYNE -> <t:1767711600:t> - <t:1767718800:t> en __040__
<t:1767769200:D> **21 R3.02 Dév. Efficace (algo)-TD** : KHEDDOUCI HAMAMACHE -> <t:1767769200:t> - <t:1767776400:t> en __S16__
<t:1767776400:D> **11 R3.02 Dév. Efficace (algo)-TD** : KHEDDOUCI HAMAMACHE -> <t:1767776400:t> - <t:1767783600:t> en __S17__
<t:1767790800:D> **16 R3.13 communication professionnelle-TD** : DEBOUTE JOCELYNE -> <t:1767790800:t> - <t:1767798000:t> en __S21__
<t:1767855600:D> **21R3.04-1 Qualité de developpement-Conception-TD** : PEYTAVIE ADRIEN -> <t:1767855600:t> - <t:1767862800:t> en __S16__
<t:1767942000:D> **12 R3.01-2 Développement Web  : Javascript-TD** : LEROUX STEPHANE -> <t:1767942000:t> - <t:1767949200:t> en __S24__
<t:1767949200:D> **21 R3.11  Droit des contrats et du numérique-TD** : DUFOUR KARLINE -> <t:1767949200:t> - <t:1767956400:t> en __040__
<t:1768028400:D> **14 R3.06 Archi. Réseaux-TD** : BARON ARIANE -> <t:1768028400:t> - <t:1768035600:t> en __S12__

[2026-01-04T17:52:03.259Z] info: Sending message to channel 1395371471345553540: <t:1767596400:D> **11 R3.11  Droit des contrats et du numérique-TD** : DUFOUR KARLINE -> <t:1767596400:t> - <t:1767603600:t> en __040__
<t:1767625200:D> **11 R3.04-1 Qualité de developpement-Conception-TD G1** : PEYTAVIE ADRIEN -> <t:1767625200:t> - <t:1767632400:t> en __S24__
<t:1767682800:D> **R3.05 Programmation système-TPB** : BUONOMO CAMILLE -> <t:1767682800:t> - <t:1767690000:t> en __S14__
<t:1767690000:D> **SAE TPB8** : JALOUX CHRISTOPHE -> <t:1767690000:t> - <t:1767697200:t> en __S17__
<t:1767704400:D> **R3.07 SQL et Programmation-DS** : BARON ARIANE -> <t:1767704400:t> - <t:1767711600:t> en __Amphi1,S25__
<t:1767711600:D> **R3.14 PPP** : DEBOUTE JOCELYNE -> <t:1767711600:t> - <t:1767718800:t> en __040__
<t:1767769200:D> **21 R3.02 Dév. Efficace (algo)-TD** : KHEDDOUCI HAMAMACHE -> <t:1767769200:t> - <t:1767776400:t> en __S16__
<t:1767776400:D> **11 R3.02 Dév. Efficace (algo)-TD** : KHEDDOUCI HAMAMACHE -> <t:1767776400:t> - <t:1767783600:t> en __S17__
<t:1767790800:D> **16 R3.13 communication professionnelle-TD** : DEBOUTE JOCELYNE -> <t:1767790800:t> - <t:1767798000:t> en __S21__
<t:1767855600:D> **21R3.04-1 Qualité de developpement-Conception-TD** : PEYTAVIE ADRIEN -> <t:1767855600:t> - <t:1767862800:t> en __S16__
<t:1767862800:D> **R3.09 Crypto et sécurité-TPB** : JALOUX CHRISTOPHE -> <t:1767862800:t> - <t:1767870000:t> en __S17__
<t:1767942000:D> **12 R3.01-2 Développement Web  : Javascript-TD** : LEROUX STEPHANE -> <t:1767942000:t> - <t:1767949200:t> en __S24__
<t:1767949200:D> **21 R3.11  Droit des contrats et du numérique-TD** : DUFOUR KARLINE -> <t:1767949200:t> - <t:1767956400:t> en __040__
<t:1768028400:D> **14 R3.06 Archi. Réseaux-TD** : BARON ARIANE -> <t:1768028400:t> - <t:1768035600:t> en __S12__

[2026-01-04T17:52:03.260Z] info: Message sent to channel 1395371471345553540: <t:1767596400:D> **11 R3.11  Droit des contrats et du numérique-TD** : DUFOUR KARLINE -> <t:1767596400:t> - <t:1767603600:t> en __040__
<t:1767625200:D> **11 R3.04-1 Qualité de developpement-Conception-TD G1** : PEYTAVIE ADRIEN -> <t:1767625200:t> - <t:1767632400:t> en __S24__
<t:1767682800:D> **R3.05 Programmation système-TPB** : BUONOMO CAMILLE -> <t:1767682800:t> - <t:1767690000:t> en __S14__
<t:1767690000:D> **SAE TPB8** : JALOUX CHRISTOPHE -> <t:1767690000:t> - <t:1767697200:t> en __S17__
<t:1767704400:D> **R3.07 SQL et Programmation-DS** : BARON ARIANE -> <t:1767704400:t> - <t:1767711600:t> en __Amphi1,S25__
<t:1767711600:D> **R3.14 PPP** : DEBOUTE JOCELYNE -> <t:1767711600:t> - <t:1767718800:t> en __040__
<t:1767769200:D> **21 R3.02 Dév. Efficace (algo)-TD** : KHEDDOUCI HAMAMACHE -> <t:1767769200:t> - <t:1767776400:t> en __S16__
<t:1767776400:D> **11 R3.02 Dév. Efficace (algo)-TD** : KHEDDOUCI HAMAMACHE -> <t:1767776400:t> - <t:1767783600:t> en __S17__
<t:1767790800:D> **16 R3.13 communication professionnelle-TD** : DEBOUTE JOCELYNE -> <t:1767790800:t> - <t:1767798000:t> en __S21__
<t:1767855600:D> **21R3.04-1 Qualité de developpement-Conception-TD** : PEYTAVIE ADRIEN -> <t:1767855600:t> - <t:1767862800:t> en __S16__
<t:1767862800:D> **R3.09 Crypto et sécurité-TPB** : JALOUX CHRISTOPHE -> <t:1767862800:t> - <t:1767870000:t> en __S17__
<t:1767942000:D> **12 R3.01-2 Développement Web  : Javascript-TD** : LEROUX STEPHANE -> <t:1767942000:t> - <t:1767949200:t> en __S24__
<t:1767949200:D> **21 R3.11  Droit des contrats et du numérique-TD** : DUFOUR KARLINE -> <t:1767949200:t> - <t:1767956400:t> en __040__
<t:1768028400:D> **14 R3.06 Archi. Réseaux-TD** : BARON ARIANE -> <t:1768028400:t> - <t:1768035600:t> en __S12__

[2026-01-04T17:52:03.264Z] info: Message sent to channel 1395371640291983370 in 18 parts.
[2026-01-04T17:52:03.265Z] info: Sending message to channel 1395371506099425310: Aucun calendrier trouvé pour le groupe g4s3a pour nextweek.
[2026-01-04T17:52:03.265Z] info: Message sent to channel 1395371506099425310: Aucun calendrier trouvé pour le groupe g4s3a pour nextweek.
[2026-01-04T17:52:03.267Z] info: Sending message to channel 1395371591797575750: <t:1767618000:D> **12 R3.01-2 Développement Web  : Javascript-TD** : YACOUBI AYADI NADIA -> <t:1767618000:t> - <t:1767625200:t> en __S03__
<t:1767625200:D> **11 R3.04-1 Qualité de developpement-Conception-TD G1** : DUCHENE ERIC -> <t:1767625200:t> - <t:1767632400:t> en __S03__
<t:1767682800:D> **21 R3.02 Dév. Efficace (algo)-TD** : KHEDDOUCI HAMAMACHE -> <t:1767682800:t> - <t:1767690000:t> en __S03__
<t:1767690000:D> **R3.09 Crypto et sécurité-TPB** : LEROUX STEPHANE -> <t:1767690000:t> - <t:1767697200:t> en __S24__
<t:1767704400:D> **R3.07 SQL et Programmation-DS** : BARON ARIANE -> <t:1767704400:t> - <t:1767711600:t> en __Amphi1,S25__
<t:1767711600:D> **11 R3.02 Dév. Efficace (algo)-TD** : KHEDDOUCI HAMAMACHE -> <t:1767711600:t> - <t:1767718800:t> en __S14__
<t:1767769200:D> **14 R3.06 Archi. Réseaux-TD** : MERRHEIM XAVIER -> <t:1767769200:t> - <t:1767776400:t> en __S10__
<t:1767776400:D> **21 R3.11  Droit des contrats et du numérique-TD** : DUFOUR KARLINE -> <t:1767776400:t> - <t:1767783600:t> en __S10__
<t:1767790800:D> **21R3.04-1 Qualité de developpement-Conception-TD** : DUCHENE ERIC -> <t:1767790800:t> - <t:1767798000:t> en __S24__
<t:1767862800:D> **SAE TPB8** : PEYTAVIE ADRIEN -> <t:1767862800:t> - <t:1767870000:t> en __S03__
<t:1767942000:D> **11 R3.11  Droit des contrats et du numérique-TD** : DUFOUR KARLINE -> <t:1767942000:t> - <t:1767949200:t> en __040__
<t:1767949200:D> **16 R3.13 communication professionnelle-TD** : DEBOUTE JOCELYNE -> <t:1767949200:t> - <t:1767956400:t> en __S21__
<t:1767961800:D> **12 R3.12 Anglais-TD** : GARACCI DANIEL -> <t:1767961800:t> - <t:1767969000:t> en __026-Langues__
<t:1767969000:D> **R3.14 PPP** : DEBOUTE JOCELYNE -> <t:1767969000:t> - <t:1767976200:t> en __S11__

[2026-01-04T17:52:03.268Z] info: Message sent to channel 1395371591797575750: <t:1767618000:D> **12 R3.01-2 Développement Web  : Javascript-TD** : YACOUBI AYADI NADIA -> <t:1767618000:t> - <t:1767625200:t> en __S03__
<t:1767625200:D> **11 R3.04-1 Qualité de developpement-Conception-TD G1** : DUCHENE ERIC -> <t:1767625200:t> - <t:1767632400:t> en __S03__
<t:1767682800:D> **21 R3.02 Dév. Efficace (algo)-TD** : KHEDDOUCI HAMAMACHE -> <t:1767682800:t> - <t:1767690000:t> en __S03__
<t:1767690000:D> **R3.09 Crypto et sécurité-TPB** : LEROUX STEPHANE -> <t:1767690000:t> - <t:1767697200:t> en __S24__
<t:1767704400:D> **R3.07 SQL et Programmation-DS** : BARON ARIANE -> <t:1767704400:t> - <t:1767711600:t> en __Amphi1,S25__
<t:1767711600:D> **11 R3.02 Dév. Efficace (algo)-TD** : KHEDDOUCI HAMAMACHE -> <t:1767711600:t> - <t:1767718800:t> en __S14__
<t:1767769200:D> **14 R3.06 Archi. Réseaux-TD** : MERRHEIM XAVIER -> <t:1767769200:t> - <t:1767776400:t> en __S10__
<t:1767776400:D> **21 R3.11  Droit des contrats et du numérique-TD** : DUFOUR KARLINE -> <t:1767776400:t> - <t:1767783600:t> en __S10__
<t:1767790800:D> **21R3.04-1 Qualité de developpement-Conception-TD** : DUCHENE ERIC -> <t:1767790800:t> - <t:1767798000:t> en __S24__
<t:1767862800:D> **SAE TPB8** : PEYTAVIE ADRIEN -> <t:1767862800:t> - <t:1767870000:t> en __S03__
<t:1767942000:D> **11 R3.11  Droit des contrats et du numérique-TD** : DUFOUR KARLINE -> <t:1767942000:t> - <t:1767949200:t> en __040__
<t:1767949200:D> **16 R3.13 communication professionnelle-TD** : DEBOUTE JOCELYNE -> <t:1767949200:t> - <t:1767956400:t> en __S21__
<t:1767961800:D> **12 R3.12 Anglais-TD** : GARACCI DANIEL -> <t:1767961800:t> - <t:1767969000:t> en __026-Langues__
<t:1767969000:D> **R3.14 PPP** : DEBOUTE JOCELYNE -> <t:1767969000:t> - <t:1767976200:t> en __S11__

[2026-01-04T17:52:03.275Z] info: Message sent to channel 1409494803489488986 in 19 parts.
[2026-01-04T17:52:03.281Z] info: Message sent to channel 1409494819574775808 in 19 parts.
[2026-01-04T17:52:03.282Z] info: Weekly timetables sent
[2026-01-04T18:00:00.982Z] info: Downloading ICS files for tomorrow for groups: aspea, aspeb, g1s1a, g1s1b, g2s1a, g2s1b, g3s1a, g3s1b, g4s1a, g4s1b, g5s1a, g5s1b, g1s3a, g1s3b, g2s3a, g2s3b, g3a2, g4s3a, g4s3b, but3ra1a, but3ra1b, but3ra2a, but3ra2b, but3ra3a, but3ra3b, but3dacs, but3aged
[2026-01-04T18:00:00.982Z] info: Downloading ICS file from https://edt.univ-lyon1.fr/jsp/custom/modules/plannings/anonymous_cal.jsp?resources=9272&projectId=1&calType=ical&firstDate=2026-01-05&lastDate=2026-01-05 to src/calendars/tomorrow/aspea.ics
[2026-01-04T18:00:01.100Z] info: ICS file downloaded successfully to src/calendars/tomorrow/aspea.ics
[2026-01-04T18:00:01.101Z] info: ICS file for aspea downloaded successfully.
[2026-01-04T18:00:01.101Z] info: Downloading ICS file from https://edt.univ-lyon1.fr/jsp/custom/modules/plannings/anonymous_cal.jsp?resources=18783&projectId=1&calType=ical&firstDate=2026-01-05&lastDate=2026-01-05 to src/calendars/tomorrow/aspeb.ics
[2026-01-04T18:00:01.193Z] info: ICS file downloaded successfully to src/calendars/tomorrow/aspeb.ics
[2026-01-04T18:00:01.194Z] info: ICS file for aspeb downloaded successfully.
[2026-01-04T18:00:01.194Z] info: Downloading ICS file from https://edt.univ-lyon1.fr/jsp/custom/modules/plannings/anonymous_cal.jsp?resources=12096&projectId=1&calType=ical&firstDate=2026-01-05&lastDate=2026-01-05 to src/calendars/tomorrow/g1s1a.ics
[2026-01-04T18:00:01.278Z] info: ICS file downloaded successfully to src/calendars/tomorrow/g1s1a.ics
[2026-01-04T18:00:01.278Z] info: ICS file for g1s1a downloaded successfully.
[2026-01-04T18:00:01.279Z] info: Downloading ICS file from https://edt.univ-lyon1.fr/jsp/custom/modules/plannings/anonymous_cal.jsp?resources=12102&projectId=1&calType=ical&firstDate=2026-01-05&lastDate=2026-01-05 to src/calendars/tomorrow/g1s1b.ics
[2026-01-04T18:00:01.398Z] info: ICS file downloaded successfully to src/calendars/tomorrow/g1s1b.ics
[2026-01-04T18:00:01.399Z] info: ICS file for g1s1b downloaded successfully.
[2026-01-04T18:00:01.399Z] info: Downloading ICS file from https://edt.univ-lyon1.fr/jsp/custom/modules/plannings/anonymous_cal.jsp?resources=12403&projectId=1&calType=ical&firstDate=2026-01-05&lastDate=2026-01-05 to src/calendars/tomorrow/g2s1a.ics
[2026-01-04T18:00:01.482Z] info: ICS file downloaded successfully to src/calendars/tomorrow/g2s1a.ics
[2026-01-04T18:00:01.482Z] info: ICS file for g2s1a downloaded successfully.
[2026-01-04T18:00:01.483Z] info: Downloading ICS file from https://edt.univ-lyon1.fr/jsp/custom/modules/plannings/anonymous_cal.jsp?resources=12406&projectId=1&calType=ical&firstDate=2026-01-05&lastDate=2026-01-05 to src/calendars/tomorrow/g2s1b.ics
[2026-01-04T18:00:01.580Z] info: ICS file downloaded successfully to src/calendars/tomorrow/g2s1b.ics
[2026-01-04T18:00:01.581Z] info: ICS file for g2s1b downloaded successfully.
[2026-01-04T18:00:01.581Z] info: Downloading ICS file from https://edt.univ-lyon1.fr/jsp/custom/modules/plannings/anonymous_cal.jsp?resources=12419&projectId=1&calType=ical&firstDate=2026-01-05&lastDate=2026-01-05 to src/calendars/tomorrow/g3s1a.ics
[2026-01-04T18:00:01.642Z] info: ICS file downloaded successfully to src/calendars/tomorrow/g3s1a.ics
[2026-01-04T18:00:01.643Z] info: ICS file for g3s1a downloaded successfully.
[2026-01-04T18:00:01.643Z] info: Downloading ICS file from https://edt.univ-lyon1.fr/jsp/custom/modules/plannings/anonymous_cal.jsp?resources=12425&projectId=1&calType=ical&firstDate=2026-01-05&lastDate=2026-01-05 to src/calendars/tomorrow/g3s1b.ics
[2026-01-04T18:00:01.733Z] info: ICS file downloaded successfully to src/calendars/tomorrow/g3s1b.ics
[2026-01-04T18:00:01.733Z] info: ICS file for g3s1b downloaded successfully.
[2026-01-04T18:00:01.734Z] info: Downloading ICS file from https://edt.univ-lyon1.fr/jsp/custom/modules/plannings/anonymous_cal.jsp?resources=12424&projectId=1&calType=ical&firstDate=2026-01-05&lastDate=2026-01-05 to src/calendars/tomorrow/g4s1a.ics
[2026-01-04T18:00:01.843Z] info: ICS file downloaded successfully to src/calendars/tomorrow/g4s1a.ics
[2026-01-04T18:00:01.844Z] info: ICS file for g4s1a downloaded successfully.
[2026-01-04T18:00:01.844Z] info: Downloading ICS file from https://edt.univ-lyon1.fr/jsp/custom/modules/plannings/anonymous_cal.jsp?resources=12444&projectId=1&calType=ical&firstDate=2026-01-05&lastDate=2026-01-05 to src/calendars/tomorrow/g4s1b.ics
[2026-01-04T18:00:01.950Z] info: ICS file downloaded successfully to src/calendars/tomorrow/g4s1b.ics
[2026-01-04T18:00:01.951Z] info: ICS file for g4s1b downloaded successfully.
[2026-01-04T18:00:01.951Z] info: Downloading ICS file from https://edt.univ-lyon1.fr/jsp/custom/modules/plannings/anonymous_cal.jsp?resources=12460&projectId=1&calType=ical&firstDate=2026-01-05&lastDate=2026-01-05 to src/calendars/tomorrow/g5s1a.ics
[2026-01-04T18:00:02.025Z] info: ICS file downloaded successfully to src/calendars/tomorrow/g5s1a.ics
[2026-01-04T18:00:02.026Z] info: ICS file for g5s1a downloaded successfully.
[2026-01-04T18:00:02.026Z] info: Downloading ICS file from https://edt.univ-lyon1.fr/jsp/custom/modules/plannings/anonymous_cal.jsp?resources=12461&projectId=1&calType=ical&firstDate=2026-01-05&lastDate=2026-01-05 to src/calendars/tomorrow/g5s1b.ics
[2026-01-04T18:00:02.092Z] info: ICS file downloaded successfully to src/calendars/tomorrow/g5s1b.ics
[2026-01-04T18:00:02.093Z] info: ICS file for g5s1b downloaded successfully.
[2026-01-04T18:00:02.093Z] info: Downloading ICS file from https://edt.univ-lyon1.fr/jsp/custom/modules/plannings/anonymous_cal.jsp?resources=35708&projectId=1&calType=ical&firstDate=2026-01-05&lastDate=2026-01-05 to src/calendars/tomorrow/g1s3a.ics
[2026-01-04T18:00:02.177Z] info: ICS file downloaded successfully to src/calendars/tomorrow/g1s3a.ics
[2026-01-04T18:00:02.177Z] info: ICS file for g1s3a downloaded successfully.
[2026-01-04T18:00:02.178Z] info: Downloading ICS file from https://edt.univ-lyon1.fr/jsp/custom/modules/plannings/anonymous_cal.jsp?resources=35709&projectId=1&calType=ical&firstDate=2026-01-05&lastDate=2026-01-05 to src/calendars/tomorrow/g1s3b.ics
[2026-01-04T18:00:02.273Z] info: ICS file downloaded successfully to src/calendars/tomorrow/g1s3b.ics
[2026-01-04T18:00:02.274Z] info: ICS file for g1s3b downloaded successfully.
[2026-01-04T18:00:02.274Z] info: Downloading ICS file from https://edt.univ-lyon1.fr/jsp/custom/modules/plannings/anonymous_cal.jsp?resources=35710&projectId=1&calType=ical&firstDate=2026-01-05&lastDate=2026-01-05 to src/calendars/tomorrow/g2s3a.ics
[2026-01-04T18:00:02.379Z] info: ICS file downloaded successfully to src/calendars/tomorrow/g2s3a.ics
[2026-01-04T18:00:02.380Z] info: ICS file for g2s3a downloaded successfully.
[2026-01-04T18:00:02.380Z] info: Downloading ICS file from https://edt.univ-lyon1.fr/jsp/custom/modules/plannings/anonymous_cal.jsp?resources=35713&projectId=1&calType=ical&firstDate=2026-01-05&lastDate=2026-01-05 to src/calendars/tomorrow/g2s3b.ics
[2026-01-04T18:00:02.448Z] info: ICS file downloaded successfully to src/calendars/tomorrow/g2s3b.ics
[2026-01-04T18:00:02.448Z] info: ICS file for g2s3b downloaded successfully.
[2026-01-04T18:00:02.449Z] info: Downloading ICS file from https://edt.univ-lyon1.fr/jsp/custom/modules/plannings/anonymous_cal.jsp?resources=35714&projectId=1&calType=ical&firstDate=2026-01-05&lastDate=2026-01-05 to src/calendars/tomorrow/g3a2.ics
[2026-01-04T18:00:02.561Z] info: ICS file downloaded successfully to src/calendars/tomorrow/g3a2.ics
[2026-01-04T18:00:02.562Z] info: ICS file for g3a2 downloaded successfully.
[2026-01-04T18:00:02.562Z] info: Downloading ICS file from https://edt.univ-lyon1.fr/jsp/custom/modules/plannings/anonymous_cal.jsp?resources=35717&projectId=1&calType=ical&firstDate=2026-01-05&lastDate=2026-01-05 to src/calendars/tomorrow/g4s3a.ics
[2026-01-04T18:00:02.668Z] info: ICS file downloaded successfully to src/calendars/tomorrow/g4s3a.ics
[2026-01-04T18:00:02.668Z] info: ICS file for g4s3a downloaded successfully.
[2026-01-04T18:00:02.669Z] info: Downloading ICS file from https://edt.univ-lyon1.fr/jsp/custom/modules/plannings/anonymous_cal.jsp?resources=35718&projectId=1&calType=ical&firstDate=2026-01-05&lastDate=2026-01-05 to src/calendars/tomorrow/g4s3b.ics
[2026-01-04T18:00:02.734Z] info: ICS file downloaded successfully to src/calendars/tomorrow/g4s3b.ics
[2026-01-04T18:00:02.735Z] info: ICS file for g4s3b downloaded successfully.
[2026-01-04T18:00:02.735Z] info: Downloading ICS file from https://edt.univ-lyon1.fr/jsp/custom/modules/plannings/anonymous_cal.jsp?resources=6161&projectId=1&calType=ical&firstDate=2026-01-05&lastDate=2026-01-05 to src/calendars/tomorrow/but3ra1a.ics
[2026-01-04T18:00:02.853Z] info: ICS file downloaded successfully to src/calendars/tomorrow/but3ra1a.ics
[2026-01-04T18:00:02.854Z] info: ICS file for but3ra1a downloaded successfully.
[2026-01-04T18:00:02.854Z] info: Downloading ICS file from https://edt.univ-lyon1.fr/jsp/custom/modules/plannings/anonymous_cal.jsp?resources=6163&projectId=1&calType=ical&firstDate=2026-01-05&lastDate=2026-01-05 to src/calendars/tomorrow/but3ra1b.ics
[2026-01-04T18:00:02.955Z] info: ICS file downloaded successfully to src/calendars/tomorrow/but3ra1b.ics
[2026-01-04T18:00:02.957Z] info: ICS file for but3ra1b downloaded successfully.
[2026-01-04T18:00:02.957Z] info: Downloading ICS file from https://edt.univ-lyon1.fr/jsp/custom/modules/plannings/anonymous_cal.jsp?resources=6165&projectId=1&calType=ical&firstDate=2026-01-05&lastDate=2026-01-05 to src/calendars/tomorrow/but3ra2a.ics
[2026-01-04T18:00:03.069Z] info: ICS file downloaded successfully to src/calendars/tomorrow/but3ra2a.ics
[2026-01-04T18:00:03.070Z] info: ICS file for but3ra2a downloaded successfully.
[2026-01-04T18:00:03.070Z] info: Downloading ICS file from https://edt.univ-lyon1.fr/jsp/custom/modules/plannings/anonymous_cal.jsp?resources=6168&projectId=1&calType=ical&firstDate=2026-01-05&lastDate=2026-01-05 to src/calendars/tomorrow/but3ra2b.ics
[2026-01-04T18:00:03.189Z] info: ICS file downloaded successfully to src/calendars/tomorrow/but3ra2b.ics
[2026-01-04T18:00:03.190Z] info: ICS file for but3ra2b downloaded successfully.
[2026-01-04T18:00:03.190Z] info: Downloading ICS file from https://edt.univ-lyon1.fr/jsp/custom/modules/plannings/anonymous_cal.jsp?resources=14059&projectId=1&calType=ical&firstDate=2026-01-05&lastDate=2026-01-05 to src/calendars/tomorrow/but3ra3a.ics
[2026-01-04T18:00:03.275Z] info: ICS file downloaded successfully to src/calendars/tomorrow/but3ra3a.ics
[2026-01-04T18:00:03.275Z] info: ICS file for but3ra3a downloaded successfully.
[2026-01-04T18:00:03.275Z] info: Downloading ICS file from https://edt.univ-lyon1.fr/jsp/custom/modules/plannings/anonymous_cal.jsp?resources=14064&projectId=1&calType=ical&firstDate=2026-01-05&lastDate=2026-01-05 to src/calendars/tomorrow/but3ra3b.ics
[2026-01-04T18:00:03.352Z] info: ICS file downloaded successfully to src/calendars/tomorrow/but3ra3b.ics
[2026-01-04T18:00:03.352Z] info: ICS file for but3ra3b downloaded successfully.
[2026-01-04T18:00:03.352Z] info: Downloading ICS file from https://edt.univ-lyon1.fr/jsp/custom/modules/plannings/anonymous_cal.jsp?resources=6136&projectId=1&calType=ical&firstDate=2026-01-05&lastDate=2026-01-05 to src/calendars/tomorrow/but3dacs.ics
[2026-01-04T18:00:03.408Z] info: ICS file downloaded successfully to src/calendars/tomorrow/but3dacs.ics
[2026-01-04T18:00:03.409Z] info: ICS file for but3dacs downloaded successfully.
[2026-01-04T18:00:03.409Z] info: Downloading ICS file from https://edt.univ-lyon1.fr/jsp/custom/modules/plannings/anonymous_cal.jsp?resources=6048&projectId=1&calType=ical&firstDate=2026-01-05&lastDate=2026-01-05 to src/calendars/tomorrow/but3aged.ics
[2026-01-04T18:00:03.511Z] info: ICS file downloaded successfully to src/calendars/tomorrow/but3aged.ics
[2026-01-04T18:00:03.511Z] info: ICS file for but3aged downloaded successfully.
[2026-01-04T18:00:03.512Z] info: Sending daily timetables
[2026-01-04T18:00:03.524Z] info: Sending message to channel 1395371772550975558: <t:1767618000:D> **IntroDev2 TD** : DUCHENE ERIC -> <t:1767618000:t> - <t:1767625200:t> en __S27__
<t:1767625200:D> **21Graphes** : LEROUX STEPHANE -> <t:1767625200:t> - <t:1767632400:t> en __040__

[2026-01-04T18:00:03.525Z] info: Message sent to channel 1395371772550975558: <t:1767618000:D> **IntroDev2 TD** : DUCHENE ERIC -> <t:1767618000:t> - <t:1767625200:t> en __S27__
<t:1767625200:D> **21Graphes** : LEROUX STEPHANE -> <t:1767625200:t> - <t:1767632400:t> en __040__

[2026-01-04T18:00:03.526Z] info: Sending message to channel 1395052296521646282: <t:1767603600:D> **SAE Autonomie G1** : G1S1A -> <t:1767603600:t> - <t:1767610800:t> en __S03__
<t:1767625200:D> **SAE Autonomie G1** : G1S1A -> <t:1767625200:t> - <t:1767632400:t> en __S16__

[2026-01-04T18:00:03.526Z] info: Message sent to channel 1395052296521646282: <t:1767603600:D> **SAE Autonomie G1** : G1S1A -> <t:1767603600:t> - <t:1767610800:t> en __S03__
<t:1767625200:D> **SAE Autonomie G1** : G1S1A -> <t:1767625200:t> - <t:1767632400:t> en __S16__

[2026-01-04T18:00:03.526Z] info: Sending message to channel 1395052332969885726: <t:1767603600:D> **SAE Autonomie G1** : G1S1A -> <t:1767603600:t> - <t:1767610800:t> en __S03__
<t:1767618000:D> **R1.10 Anglais-TPB P2** : BESSAC MARIETTE -> <t:1767618000:t> - <t:1767625200:t> en __028__
<t:1767625200:D> **SAE Autonomie G1** : G1S1A -> <t:1767625200:t> - <t:1767632400:t> en __S16__

[2026-01-04T18:00:03.527Z] info: Message sent to channel 1395052332969885726: <t:1767603600:D> **SAE Autonomie G1** : G1S1A -> <t:1767603600:t> - <t:1767610800:t> en __S03__
<t:1767618000:D> **R1.10 Anglais-TPB P2** : BESSAC MARIETTE -> <t:1767618000:t> - <t:1767625200:t> en __028__
<t:1767625200:D> **SAE Autonomie G1** : G1S1A -> <t:1767625200:t> - <t:1767632400:t> en __S16__

[2026-01-04T18:00:03.527Z] info: Sending message to channel 1395052379866660874: <t:1767596400:D> **19 R1.11 Com-TD** : SAUJOT GUILLAUME -> <t:1767596400:t> - <t:1767603600:t> en __S21__
<t:1767618000:D> **24 R1.06 Maths discrètes TD** : JALOUX CHRISTOPHE -> <t:1767618000:t> - <t:1767625200:t> en __S10__

[2026-01-04T18:00:03.527Z] info: Message sent to channel 1395052379866660874: <t:1767596400:D> **19 R1.11 Com-TD** : SAUJOT GUILLAUME -> <t:1767596400:t> - <t:1767603600:t> en __S21__
<t:1767618000:D> **24 R1.06 Maths discrètes TD** : JALOUX CHRISTOPHE -> <t:1767618000:t> - <t:1767625200:t> en __S10__

[2026-01-04T18:00:03.528Z] info: Sending message to channel 1395052392092930048: <t:1767596400:D> **19 R1.11 Com-TD** : SAUJOT GUILLAUME -> <t:1767596400:t> - <t:1767603600:t> en __S21__
<t:1767603600:D> **R1.05-2 SQL-TPB** : BARON ARIANE -> <t:1767603600:t> - <t:1767610800:t> en __S14__
<t:1767618000:D> **24 R1.06 Maths discrètes TD** : JALOUX CHRISTOPHE -> <t:1767618000:t> - <t:1767625200:t> en __S10__
<t:1767625200:D> **R1.10 Anglais-TPB P2** : BESSAC MARIETTE -> <t:1767625200:t> - <t:1767632400:t> en __028__

[2026-01-04T18:00:03.528Z] info: Message sent to channel 1395052392092930048: <t:1767596400:D> **19 R1.11 Com-TD** : SAUJOT GUILLAUME -> <t:1767596400:t> - <t:1767603600:t> en __S21__
<t:1767603600:D> **R1.05-2 SQL-TPB** : BARON ARIANE -> <t:1767603600:t> - <t:1767610800:t> en __S14__
<t:1767618000:D> **24 R1.06 Maths discrètes TD** : JALOUX CHRISTOPHE -> <t:1767618000:t> - <t:1767625200:t> en __S10__
<t:1767625200:D> **R1.10 Anglais-TPB P2** : BESSAC MARIETTE -> <t:1767625200:t> - <t:1767632400:t> en __028__

[2026-01-04T18:00:03.529Z] info: Sending message to channel 1395056179914473612: <t:1767596400:D> **SAE Autonomie G3** : G3S1A -> <t:1767596400:t> - <t:1767603600:t> en __S03__
<t:1767603600:D> **R1.10 Anglais-TPA P2** : ABAUZIT DUFAUD GISELE -> <t:1767603600:t> - <t:1767610800:t> en __028__
<t:1767618000:D> **13 R1.06 Maths discrètes TD** : JOUBERT AUDE -> <t:1767618000:t> - <t:1767625200:t> en __S11__
<t:1767625200:D> **R1.05-2 SQL-TD** : BENSLIMANE DJAMAL -> <t:1767625200:t> - <t:1767632400:t> en __S27__

[2026-01-04T18:00:03.529Z] info: Message sent to channel 1395056179914473612: <t:1767596400:D> **SAE Autonomie G3** : G3S1A -> <t:1767596400:t> - <t:1767603600:t> en __S03__
<t:1767603600:D> **R1.10 Anglais-TPA P2** : ABAUZIT DUFAUD GISELE -> <t:1767603600:t> - <t:1767610800:t> en __028__
<t:1767618000:D> **13 R1.06 Maths discrètes TD** : JOUBERT AUDE -> <t:1767618000:t> - <t:1767625200:t> en __S11__
<t:1767625200:D> **R1.05-2 SQL-TD** : BENSLIMANE DJAMAL -> <t:1767625200:t> - <t:1767632400:t> en __S27__

[2026-01-04T18:00:03.530Z] info: Sending message to channel 1395052422401101905: <t:1767596400:D> **SAE Autonomie G3** : G3S1A -> <t:1767596400:t> - <t:1767603600:t> en __S03__
<t:1767618000:D> **13 R1.06 Maths discrètes TD** : JOUBERT AUDE -> <t:1767618000:t> - <t:1767625200:t> en __S11__
<t:1767625200:D> **R1.05-2 SQL-TD** : BENSLIMANE DJAMAL -> <t:1767625200:t> - <t:1767632400:t> en __S27__

[2026-01-04T18:00:03.530Z] info: Message sent to channel 1395052422401101905: <t:1767596400:D> **SAE Autonomie G3** : G3S1A -> <t:1767596400:t> - <t:1767603600:t> en __S03__
<t:1767618000:D> **13 R1.06 Maths discrètes TD** : JOUBERT AUDE -> <t:1767618000:t> - <t:1767625200:t> en __S11__
<t:1767625200:D> **R1.05-2 SQL-TD** : BENSLIMANE DJAMAL -> <t:1767625200:t> - <t:1767632400:t> en __S27__

[2026-01-04T18:00:03.531Z] info: Sending message to channel 1395052443192266916: <t:1767596400:D> **R1.10 Anglais-TPA P2** : ABAUZIT DUFAUD GISELE -> <t:1767596400:t> - <t:1767603600:t> en __028__
<t:1767603600:D> **13 R1.06 Maths discrètes TD** : JOUBERT AUDE -> <t:1767603600:t> - <t:1767610800:t> en __S11__
<t:1767618000:D> **R1.01 initation dev TD P15** : NDIAYE SAMBA NDOJH -> <t:1767618000:t> - <t:1767625200:t> en __040__
<t:1767625200:D> **R1.01 initation dev TD** : NDIAYE SAMBA NDOJH -> <t:1767625200:t> - <t:1767632400:t> en __S10__

[2026-01-04T18:00:03.531Z] info: Message sent to channel 1395052443192266916: <t:1767596400:D> **R1.10 Anglais-TPA P2** : ABAUZIT DUFAUD GISELE -> <t:1767596400:t> - <t:1767603600:t> en __028__
<t:1767603600:D> **13 R1.06 Maths discrètes TD** : JOUBERT AUDE -> <t:1767603600:t> - <t:1767610800:t> en __S11__
<t:1767618000:D> **R1.01 initation dev TD P15** : NDIAYE SAMBA NDOJH -> <t:1767618000:t> - <t:1767625200:t> en __040__
<t:1767625200:D> **R1.01 initation dev TD** : NDIAYE SAMBA NDOJH -> <t:1767625200:t> - <t:1767632400:t> en __S10__

[2026-01-04T18:00:03.533Z] info: Sending message to channel 1395052467070177290: <t:1767603600:D> **13 R1.06 Maths discrètes TD** : JOUBERT AUDE -> <t:1767603600:t> - <t:1767610800:t> en __S11__
<t:1767618000:D> **R1.01 initation dev TD P15** : NDIAYE SAMBA NDOJH -> <t:1767618000:t> - <t:1767625200:t> en __040__
<t:1767625200:D> **R1.01 initation dev TD** : NDIAYE SAMBA NDOJH -> <t:1767625200:t> - <t:1767632400:t> en __S10__

[2026-01-04T18:00:03.533Z] info: Message sent to channel 1395052467070177290: <t:1767603600:D> **13 R1.06 Maths discrètes TD** : JOUBERT AUDE -> <t:1767603600:t> - <t:1767610800:t> en __S11__
<t:1767618000:D> **R1.01 initation dev TD P15** : NDIAYE SAMBA NDOJH -> <t:1767618000:t> - <t:1767625200:t> en __040__
<t:1767625200:D> **R1.01 initation dev TD** : NDIAYE SAMBA NDOJH -> <t:1767625200:t> - <t:1767632400:t> en __S10__

[2026-01-04T18:00:03.534Z] info: Sending message to channel 1395052827985842288: <t:1767596400:D> **SAE Autonomie G5** : G5S1A -> <t:1767596400:t> - <t:1767603600:t> en __S13__
<t:1767603600:D> **13 R1.06 Maths discrètes TD** : LEROUX STEPHANE -> <t:1767603600:t> - <t:1767610800:t> en __S12__
<t:1767625200:D> **R1.01 initation dev TD** : BARON ARIANE -> <t:1767625200:t> - <t:1767632400:t> en __S25__

[2026-01-04T18:00:03.534Z] info: Message sent to channel 1395052827985842288: <t:1767596400:D> **SAE Autonomie G5** : G5S1A -> <t:1767596400:t> - <t:1767603600:t> en __S13__
<t:1767603600:D> **13 R1.06 Maths discrètes TD** : LEROUX STEPHANE -> <t:1767603600:t> - <t:1767610800:t> en __S12__
<t:1767625200:D> **R1.01 initation dev TD** : BARON ARIANE -> <t:1767625200:t> - <t:1767632400:t> en __S25__

[2026-01-04T18:00:03.535Z] info: Sending message to channel 1395052882486890707: <t:1767596400:D> **SAE Autonomie G5** : G5S1A -> <t:1767596400:t> - <t:1767603600:t> en __S13__
<t:1767603600:D> **13 R1.06 Maths discrètes TD** : LEROUX STEPHANE -> <t:1767603600:t> - <t:1767610800:t> en __S12__
<t:1767618000:D> **R1.12 PPP-TPB** : OLIVESI AURELIE -> <t:1767618000:t> - <t:1767625200:t> en __S17__
<t:1767625200:D> **R1.01 initation dev TD** : BARON ARIANE -> <t:1767625200:t> - <t:1767632400:t> en __S25__

[2026-01-04T18:00:03.535Z] info: Message sent to channel 1395052882486890707: <t:1767596400:D> **SAE Autonomie G5** : G5S1A -> <t:1767596400:t> - <t:1767603600:t> en __S13__
<t:1767603600:D> **13 R1.06 Maths discrètes TD** : LEROUX STEPHANE -> <t:1767603600:t> - <t:1767610800:t> en __S12__
<t:1767618000:D> **R1.12 PPP-TPB** : OLIVESI AURELIE -> <t:1767618000:t> - <t:1767625200:t> en __S17__
<t:1767625200:D> **R1.01 initation dev TD** : BARON ARIANE -> <t:1767625200:t> - <t:1767632400:t> en __S25__

[2026-01-04T18:00:03.535Z] info: Sending message to channel 1395371275643256924: <t:1767596400:D> **R3.09 Crypto et sécurité-TPA** : JALOUX CHRISTOPHE -> <t:1767596400:t> - <t:1767603600:t> en __S17__
<t:1767603600:D> **21 R3.11  Droit des contrats et du numérique-TD** : DUFOUR KARLINE -> <t:1767603600:t> - <t:1767610800:t> en __040__
<t:1767618000:D> **11 R3.04-1 Qualité de developpement-Conception-TD G1** : PEYTAVIE ADRIEN -> <t:1767618000:t> - <t:1767625200:t> en __S14__
<t:1767625200:D> **12 R3.01-2 Développement Web  : Javascript-TD** : YACOUBI AYADI NADIA -> <t:1767625200:t> - <t:1767632400:t> en __S14__

[2026-01-04T18:00:03.536Z] info: Message sent to channel 1395371275643256924: <t:1767596400:D> **R3.09 Crypto et sécurité-TPA** : JALOUX CHRISTOPHE -> <t:1767596400:t> - <t:1767603600:t> en __S17__
<t:1767603600:D> **21 R3.11  Droit des contrats et du numérique-TD** : DUFOUR KARLINE -> <t:1767603600:t> - <t:1767610800:t> en __040__
<t:1767618000:D> **11 R3.04-1 Qualité de developpement-Conception-TD G1** : PEYTAVIE ADRIEN -> <t:1767618000:t> - <t:1767625200:t> en __S14__
<t:1767625200:D> **12 R3.01-2 Développement Web  : Javascript-TD** : YACOUBI AYADI NADIA -> <t:1767625200:t> - <t:1767632400:t> en __S14__

[2026-01-04T18:00:03.536Z] info: Sending message to channel 1395371292533723147: <t:1767603600:D> **21 R3.11  Droit des contrats et du numérique-TD** : DUFOUR KARLINE -> <t:1767603600:t> - <t:1767610800:t> en __040__
<t:1767618000:D> **11 R3.04-1 Qualité de developpement-Conception-TD G1** : PEYTAVIE ADRIEN -> <t:1767618000:t> - <t:1767625200:t> en __S14__
<t:1767625200:D> **12 R3.01-2 Développement Web  : Javascript-TD** : YACOUBI AYADI NADIA -> <t:1767625200:t> - <t:1767632400:t> en __S14__

[2026-01-04T18:00:03.536Z] info: Message sent to channel 1395371292533723147: <t:1767603600:D> **21 R3.11  Droit des contrats et du numérique-TD** : DUFOUR KARLINE -> <t:1767603600:t> - <t:1767610800:t> en __040__
<t:1767618000:D> **11 R3.04-1 Qualité de developpement-Conception-TD G1** : PEYTAVIE ADRIEN -> <t:1767618000:t> - <t:1767625200:t> en __S14__
<t:1767625200:D> **12 R3.01-2 Développement Web  : Javascript-TD** : YACOUBI AYADI NADIA -> <t:1767625200:t> - <t:1767632400:t> en __S14__

[2026-01-04T18:00:03.537Z] info: Sending message to channel 1395371451573600287: <t:1767596400:D> **11 R3.11  Droit des contrats et du numérique-TD** : DUFOUR KARLINE -> <t:1767596400:t> - <t:1767603600:t> en __040__
<t:1767603600:D> **R3.09 Crypto et sécurité-TPA** : JALOUX CHRISTOPHE -> <t:1767603600:t> - <t:1767610800:t> en __S17__
<t:1767618000:D> **R3.06 Archi. Réseaux-TPA** : BARON ARIANE -> <t:1767618000:t> - <t:1767625200:t> en __S16__
<t:1767625200:D> **11 R3.04-1 Qualité de developpement-Conception-TD G1** : PEYTAVIE ADRIEN -> <t:1767625200:t> - <t:1767632400:t> en __S24__

[2026-01-04T18:00:03.537Z] info: Message sent to channel 1395371451573600287: <t:1767596400:D> **11 R3.11  Droit des contrats et du numérique-TD** : DUFOUR KARLINE -> <t:1767596400:t> - <t:1767603600:t> en __040__
<t:1767603600:D> **R3.09 Crypto et sécurité-TPA** : JALOUX CHRISTOPHE -> <t:1767603600:t> - <t:1767610800:t> en __S17__
<t:1767618000:D> **R3.06 Archi. Réseaux-TPA** : BARON ARIANE -> <t:1767618000:t> - <t:1767625200:t> en __S16__
<t:1767625200:D> **11 R3.04-1 Qualité de developpement-Conception-TD G1** : PEYTAVIE ADRIEN -> <t:1767625200:t> - <t:1767632400:t> en __S24__

[2026-01-04T18:00:03.538Z] info: Sending message to channel 1395371471345553540: <t:1767596400:D> **11 R3.11  Droit des contrats et du numérique-TD** : DUFOUR KARLINE -> <t:1767596400:t> - <t:1767603600:t> en __040__
<t:1767625200:D> **11 R3.04-1 Qualité de developpement-Conception-TD G1** : PEYTAVIE ADRIEN -> <t:1767625200:t> - <t:1767632400:t> en __S24__

[2026-01-04T18:00:03.538Z] info: Message sent to channel 1395371471345553540: <t:1767596400:D> **11 R3.11  Droit des contrats et du numérique-TD** : DUFOUR KARLINE -> <t:1767596400:t> - <t:1767603600:t> en __040__
<t:1767625200:D> **11 R3.04-1 Qualité de developpement-Conception-TD G1** : PEYTAVIE ADRIEN -> <t:1767625200:t> - <t:1767632400:t> en __S24__

[2026-01-04T18:00:03.539Z] info: Sending message to channel 1395371640291983370: <t:1767596400:D> **12 R3.05 Programmation système-TD** : BUSSON ANTHONY -> <t:1767596400:t> - <t:1767603600:t> en __S16__
<t:1767603600:D> **R3.02 Dev efficaceTD** : KHEDDOUCI HAMAMACHE -> <t:1767603600:t> - <t:1767610800:t> en __S10__
<t:1767618000:D> **13 R3.09 Cryptographie-TD** : LEROUX STEPHANE -> <t:1767618000:t> - <t:1767625200:t> en __S13__
<t:1767625200:D> **SAES3 encadré** : BUSSON ANTHONY -> <t:1767625200:t> - <t:1767632400:t> en __S13__

[2026-01-04T18:00:03.539Z] info: Message sent to channel 1395371640291983370: <t:1767596400:D> **12 R3.05 Programmation système-TD** : BUSSON ANTHONY -> <t:1767596400:t> - <t:1767603600:t> en __S16__
<t:1767603600:D> **R3.02 Dev efficaceTD** : KHEDDOUCI HAMAMACHE -> <t:1767603600:t> - <t:1767610800:t> en __S10__
<t:1767618000:D> **13 R3.09 Cryptographie-TD** : LEROUX STEPHANE -> <t:1767618000:t> - <t:1767625200:t> en __S13__
<t:1767625200:D> **SAES3 encadré** : BUSSON ANTHONY -> <t:1767625200:t> - <t:1767632400:t> en __S13__

[2026-01-04T18:00:03.540Z] info: Sending message to channel 1395371506099425310: <t:1767596400:D> **R3.09 Crypto et sécurité-TPA** : LEROUX STEPHANE -> <t:1767596400:t> - <t:1767603600:t> en __S24__
<t:1767603600:D> **SAE TPA8** : PEYTAVIE ADRIEN -> <t:1767603600:t> - <t:1767610800:t> en __S24__
<t:1767618000:D> **12 R3.01-2 Développement Web  : Javascript-TD** : YACOUBI AYADI NADIA -> <t:1767618000:t> - <t:1767625200:t> en __S03__
<t:1767625200:D> **11 R3.04-1 Qualité de developpement-Conception-TD G1** : DUCHENE ERIC -> <t:1767625200:t> - <t:1767632400:t> en __S03__

[2026-01-04T18:00:03.540Z] info: Message sent to channel 1395371506099425310: <t:1767596400:D> **R3.09 Crypto et sécurité-TPA** : LEROUX STEPHANE -> <t:1767596400:t> - <t:1767603600:t> en __S24__
<t:1767603600:D> **SAE TPA8** : PEYTAVIE ADRIEN -> <t:1767603600:t> - <t:1767610800:t> en __S24__
<t:1767618000:D> **12 R3.01-2 Développement Web  : Javascript-TD** : YACOUBI AYADI NADIA -> <t:1767618000:t> - <t:1767625200:t> en __S03__
<t:1767625200:D> **11 R3.04-1 Qualité de developpement-Conception-TD G1** : DUCHENE ERIC -> <t:1767625200:t> - <t:1767632400:t> en __S03__

[2026-01-04T18:00:03.540Z] info: Sending message to channel 1395371591797575750: <t:1767618000:D> **12 R3.01-2 Développement Web  : Javascript-TD** : YACOUBI AYADI NADIA -> <t:1767618000:t> - <t:1767625200:t> en __S03__
<t:1767625200:D> **11 R3.04-1 Qualité de developpement-Conception-TD G1** : DUCHENE ERIC -> <t:1767625200:t> - <t:1767632400:t> en __S03__

[2026-01-04T18:00:03.541Z] info: Message sent to channel 1395371591797575750: <t:1767618000:D> **12 R3.01-2 Développement Web  : Javascript-TD** : YACOUBI AYADI NADIA -> <t:1767618000:t> - <t:1767625200:t> en __S03__
<t:1767625200:D> **11 R3.04-1 Qualité de developpement-Conception-TD G1** : DUCHENE ERIC -> <t:1767625200:t> - <t:1767632400:t> en __S03__

[2026-01-04T18:00:03.543Z] info: Sending message to channel 1409494803489488986: <t:1767596400:D> **11R5.A.10 Neo4J** : FACI NOURA -> <t:1767596400:t> - <t:1767603600:t> en __S26__
<t:1767603600:D> **11R5.A.04 Qualité algo** : DUCHENE ERIC -> <t:1767603600:t> - <t:1767610800:t> en __S26__
<t:1767618000:D> **S.A.01 SAE Dev avancé** : BUT3 RA2A -> <t:1767618000:t> - <t:1767625200:t> en __S26__
<t:1767625200:D> **S.A.01 SAE Dev avancé** : BUT3 RA2A -> <t:1767625200:t> - <t:1767632400:t> en __S26__

[2026-01-04T18:00:03.543Z] info: Message sent to channel 1409494803489488986: <t:1767596400:D> **11R5.A.10 Neo4J** : FACI NOURA -> <t:1767596400:t> - <t:1767603600:t> en __S26__
<t:1767603600:D> **11R5.A.04 Qualité algo** : DUCHENE ERIC -> <t:1767603600:t> - <t:1767610800:t> en __S26__
<t:1767618000:D> **S.A.01 SAE Dev avancé** : BUT3 RA2A -> <t:1767618000:t> - <t:1767625200:t> en __S26__
<t:1767625200:D> **S.A.01 SAE Dev avancé** : BUT3 RA2A -> <t:1767625200:t> - <t:1767632400:t> en __S26__

[2026-01-04T18:00:03.544Z] info: Sending message to channel 1409494819574775808: <t:1767596400:D> **11R5.A.10 Neo4J** : FACI NOURA -> <t:1767596400:t> - <t:1767603600:t> en __S26__
<t:1767603600:D> **11R5.A.04 Qualité algo** : DUCHENE ERIC -> <t:1767603600:t> - <t:1767610800:t> en __S26__
<t:1767618000:D> **S.A.01 SAE Dev avancé** : BUT3 RA2A -> <t:1767618000:t> - <t:1767625200:t> en __S26__
<t:1767625200:D> **S.A.01 SAE Dev avancé** : BUT3 RA2A -> <t:1767625200:t> - <t:1767632400:t> en __S26__

[2026-01-04T18:00:03.544Z] info: Message sent to channel 1409494819574775808: <t:1767596400:D> **11R5.A.10 Neo4J** : FACI NOURA -> <t:1767596400:t> - <t:1767603600:t> en __S26__
<t:1767603600:D> **11R5.A.04 Qualité algo** : DUCHENE ERIC -> <t:1767603600:t> - <t:1767610800:t> en __S26__
<t:1767618000:D> **S.A.01 SAE Dev avancé** : BUT3 RA2A -> <t:1767618000:t> - <t:1767625200:t> en __S26__
<t:1767625200:D> **S.A.01 SAE Dev avancé** : BUT3 RA2A -> <t:1767625200:t> - <t:1767632400:t> en __S26__

[2026-01-04T18:00:03.545Z] info: Daily timetables sent
[2026-01-05T18:00:00.649Z] info: Downloading ICS files for tomorrow for groups: aspea, aspeb, g1s1a, g1s1b, g2s1a, g2s1b, g3s1a, g3s1b, g4s1a, g4s1b, g5s1a, g5s1b, g1s3a, g1s3b, g2s3a, g2s3b, g3a2, g4s3a, g4s3b, but3ra1a, but3ra1b, but3ra2a, but3ra2b, but3ra3a, but3ra3b, but3dacs, but3aged
[2026-01-05T18:00:00.650Z] info: Downloading ICS file from https://edt.univ-lyon1.fr/jsp/custom/modules/plannings/anonymous_cal.jsp?resources=9272&projectId=1&calType=ical&firstDate=2026-01-06&lastDate=2026-01-06 to src/calendars/tomorrow/aspea.ics
[2026-01-05T18:00:00.894Z] info: ICS file downloaded successfully to src/calendars/tomorrow/aspea.ics
[2026-01-05T18:00:00.895Z] info: ICS file for aspea downloaded successfully.
[2026-01-05T18:00:00.895Z] info: Downloading ICS file from https://edt.univ-lyon1.fr/jsp/custom/modules/plannings/anonymous_cal.jsp?resources=18783&projectId=1&calType=ical&firstDate=2026-01-06&lastDate=2026-01-06 to src/calendars/tomorrow/aspeb.ics
[2026-01-05T18:00:01.004Z] info: ICS file downloaded successfully to src/calendars/tomorrow/aspeb.ics
[2026-01-05T18:00:01.005Z] info: ICS file for aspeb downloaded successfully.
[2026-01-05T18:00:01.005Z] info: Downloading ICS file from https://edt.univ-lyon1.fr/jsp/custom/modules/plannings/anonymous_cal.jsp?resources=12096&projectId=1&calType=ical&firstDate=2026-01-06&lastDate=2026-01-06 to src/calendars/tomorrow/g1s1a.ics
[2026-01-05T18:00:01.176Z] info: ICS file downloaded successfully to src/calendars/tomorrow/g1s1a.ics
[2026-01-05T18:00:01.176Z] info: ICS file for g1s1a downloaded successfully.
[2026-01-05T18:00:01.177Z] info: Downloading ICS file from https://edt.univ-lyon1.fr/jsp/custom/modules/plannings/anonymous_cal.jsp?resources=12102&projectId=1&calType=ical&firstDate=2026-01-06&lastDate=2026-01-06 to src/calendars/tomorrow/g1s1b.ics
[2026-01-05T18:00:01.243Z] info: ICS file downloaded successfully to src/calendars/tomorrow/g1s1b.ics
[2026-01-05T18:00:01.244Z] info: ICS file for g1s1b downloaded successfully.
[2026-01-05T18:00:01.244Z] info: Downloading ICS file from https://edt.univ-lyon1.fr/jsp/custom/modules/plannings/anonymous_cal.jsp?resources=12403&projectId=1&calType=ical&firstDate=2026-01-06&lastDate=2026-01-06 to src/calendars/tomorrow/g2s1a.ics
[2026-01-05T18:00:01.389Z] info: ICS file downloaded successfully to src/calendars/tomorrow/g2s1a.ics
[2026-01-05T18:00:01.389Z] info: ICS file for g2s1a downloaded successfully.
[2026-01-05T18:00:01.390Z] info: Downloading ICS file from https://edt.univ-lyon1.fr/jsp/custom/modules/plannings/anonymous_cal.jsp?resources=12406&projectId=1&calType=ical&firstDate=2026-01-06&lastDate=2026-01-06 to src/calendars/tomorrow/g2s1b.ics
[2026-01-05T18:00:01.473Z] info: ICS file downloaded successfully to src/calendars/tomorrow/g2s1b.ics
[2026-01-05T18:00:01.474Z] info: ICS file for g2s1b downloaded successfully.
[2026-01-05T18:00:01.474Z] info: Downloading ICS file from https://edt.univ-lyon1.fr/jsp/custom/modules/plannings/anonymous_cal.jsp?resources=12419&projectId=1&calType=ical&firstDate=2026-01-06&lastDate=2026-01-06 to src/calendars/tomorrow/g3s1a.ics
[2026-01-05T18:00:01.596Z] info: ICS file downloaded successfully to src/calendars/tomorrow/g3s1a.ics
[2026-01-05T18:00:01.597Z] info: ICS file for g3s1a downloaded successfully.
[2026-01-05T18:00:01.597Z] info: Downloading ICS file from https://edt.univ-lyon1.fr/jsp/custom/modules/plannings/anonymous_cal.jsp?resources=12425&projectId=1&calType=ical&firstDate=2026-01-06&lastDate=2026-01-06 to src/calendars/tomorrow/g3s1b.ics
[2026-01-05T18:00:01.703Z] info: ICS file downloaded successfully to src/calendars/tomorrow/g3s1b.ics
[2026-01-05T18:00:01.704Z] info: ICS file for g3s1b downloaded successfully.
[2026-01-05T18:00:01.704Z] info: Downloading ICS file from https://edt.univ-lyon1.fr/jsp/custom/modules/plannings/anonymous_cal.jsp?resources=12424&projectId=1&calType=ical&firstDate=2026-01-06&lastDate=2026-01-06 to src/calendars/tomorrow/g4s1a.ics
[2026-01-05T18:00:01.840Z] info: ICS file downloaded successfully to src/calendars/tomorrow/g4s1a.ics
[2026-01-05T18:00:01.840Z] info: ICS file for g4s1a downloaded successfully.
[2026-01-05T18:00:01.841Z] info: Downloading ICS file from https://edt.univ-lyon1.fr/jsp/custom/modules/plannings/anonymous_cal.jsp?resources=12444&projectId=1&calType=ical&firstDate=2026-01-06&lastDate=2026-01-06 to src/calendars/tomorrow/g4s1b.ics
[2026-01-05T18:00:01.935Z] info: ICS file downloaded successfully to src/calendars/tomorrow/g4s1b.ics
[2026-01-05T18:00:01.935Z] info: ICS file for g4s1b downloaded successfully.
[2026-01-05T18:00:01.936Z] info: Downloading ICS file from https://edt.univ-lyon1.fr/jsp/custom/modules/plannings/anonymous_cal.jsp?resources=12460&projectId=1&calType=ical&firstDate=2026-01-06&lastDate=2026-01-06 to src/calendars/tomorrow/g5s1a.ics
[2026-01-05T18:00:02.021Z] info: ICS file downloaded successfully to src/calendars/tomorrow/g5s1a.ics
[2026-01-05T18:00:02.022Z] info: ICS file for g5s1a downloaded successfully.
[2026-01-05T18:00:02.022Z] info: Downloading ICS file from https://edt.univ-lyon1.fr/jsp/custom/modules/plannings/anonymous_cal.jsp?resources=12461&projectId=1&calType=ical&firstDate=2026-01-06&lastDate=2026-01-06 to src/calendars/tomorrow/g5s1b.ics
[2026-01-05T18:00:02.158Z] info: ICS file downloaded successfully to src/calendars/tomorrow/g5s1b.ics
[2026-01-05T18:00:02.159Z] info: ICS file for g5s1b downloaded successfully.
[2026-01-05T18:00:02.159Z] info: Downloading ICS file from https://edt.univ-lyon1.fr/jsp/custom/modules/plannings/anonymous_cal.jsp?resources=35708&projectId=1&calType=ical&firstDate=2026-01-06&lastDate=2026-01-06 to src/calendars/tomorrow/g1s3a.ics
[2026-01-05T18:00:02.295Z] info: ICS file downloaded successfully to src/calendars/tomorrow/g1s3a.ics
[2026-01-05T18:00:02.295Z] info: ICS file for g1s3a downloaded successfully.
[2026-01-05T18:00:02.296Z] info: Downloading ICS file from https://edt.univ-lyon1.fr/jsp/custom/modules/plannings/anonymous_cal.jsp?resources=35709&projectId=1&calType=ical&firstDate=2026-01-06&lastDate=2026-01-06 to src/calendars/tomorrow/g1s3b.ics
[2026-01-05T18:00:02.413Z] info: ICS file downloaded successfully to src/calendars/tomorrow/g1s3b.ics
[2026-01-05T18:00:02.413Z] info: ICS file for g1s3b downloaded successfully.
[2026-01-05T18:00:02.414Z] info: Downloading ICS file from https://edt.univ-lyon1.fr/jsp/custom/modules/plannings/anonymous_cal.jsp?resources=35710&projectId=1&calType=ical&firstDate=2026-01-06&lastDate=2026-01-06 to src/calendars/tomorrow/g2s3a.ics
[2026-01-05T18:00:02.518Z] info: ICS file downloaded successfully to src/calendars/tomorrow/g2s3a.ics
[2026-01-05T18:00:02.519Z] info: ICS file for g2s3a downloaded successfully.
[2026-01-05T18:00:02.519Z] info: Downloading ICS file from https://edt.univ-lyon1.fr/jsp/custom/modules/plannings/anonymous_cal.jsp?resources=35713&projectId=1&calType=ical&firstDate=2026-01-06&lastDate=2026-01-06 to src/calendars/tomorrow/g2s3b.ics
[2026-01-05T18:00:02.647Z] info: ICS file downloaded successfully to src/calendars/tomorrow/g2s3b.ics
[2026-01-05T18:00:02.647Z] info: ICS file for g2s3b downloaded successfully.
[2026-01-05T18:00:02.647Z] info: Downloading ICS file from https://edt.univ-lyon1.fr/jsp/custom/modules/plannings/anonymous_cal.jsp?resources=35714&projectId=1&calType=ical&firstDate=2026-01-06&lastDate=2026-01-06 to src/calendars/tomorrow/g3a2.ics
[2026-01-05T18:00:02.767Z] info: ICS file downloaded successfully to src/calendars/tomorrow/g3a2.ics
[2026-01-05T18:00:02.768Z] info: ICS file for g3a2 downloaded successfully.
[2026-01-05T18:00:02.768Z] info: Downloading ICS file from https://edt.univ-lyon1.fr/jsp/custom/modules/plannings/anonymous_cal.jsp?resources=35717&projectId=1&calType=ical&firstDate=2026-01-06&lastDate=2026-01-06 to src/calendars/tomorrow/g4s3a.ics
[2026-01-05T18:00:02.874Z] info: ICS file downloaded successfully to src/calendars/tomorrow/g4s3a.ics
[2026-01-05T18:00:02.874Z] info: ICS file for g4s3a downloaded successfully.
[2026-01-05T18:00:02.874Z] info: Downloading ICS file from https://edt.univ-lyon1.fr/jsp/custom/modules/plannings/anonymous_cal.jsp?resources=35718&projectId=1&calType=ical&firstDate=2026-01-06&lastDate=2026-01-06 to src/calendars/tomorrow/g4s3b.ics
[2026-01-05T18:00:02.962Z] info: ICS file downloaded successfully to src/calendars/tomorrow/g4s3b.ics
[2026-01-05T18:00:02.963Z] info: ICS file for g4s3b downloaded successfully.
[2026-01-05T18:00:02.963Z] info: Downloading ICS file from https://edt.univ-lyon1.fr/jsp/custom/modules/plannings/anonymous_cal.jsp?resources=6161&projectId=1&calType=ical&firstDate=2026-01-06&lastDate=2026-01-06 to src/calendars/tomorrow/but3ra1a.ics
[2026-01-05T18:00:03.034Z] info: ICS file downloaded successfully to src/calendars/tomorrow/but3ra1a.ics
[2026-01-05T18:00:03.035Z] info: ICS file for but3ra1a downloaded successfully.
[2026-01-05T18:00:03.035Z] info: Downloading ICS file from https://edt.univ-lyon1.fr/jsp/custom/modules/plannings/anonymous_cal.jsp?resources=6163&projectId=1&calType=ical&firstDate=2026-01-06&lastDate=2026-01-06 to src/calendars/tomorrow/but3ra1b.ics
[2026-01-05T18:00:03.154Z] info: ICS file downloaded successfully to src/calendars/tomorrow/but3ra1b.ics
[2026-01-05T18:00:03.155Z] info: ICS file for but3ra1b downloaded successfully.
[2026-01-05T18:00:03.155Z] info: Downloading ICS file from https://edt.univ-lyon1.fr/jsp/custom/modules/plannings/anonymous_cal.jsp?resources=6165&projectId=1&calType=ical&firstDate=2026-01-06&lastDate=2026-01-06 to src/calendars/tomorrow/but3ra2a.ics
[2026-01-05T18:00:03.301Z] info: ICS file downloaded successfully to src/calendars/tomorrow/but3ra2a.ics
[2026-01-05T18:00:03.301Z] info: ICS file for but3ra2a downloaded successfully.
[2026-01-05T18:00:03.302Z] info: Downloading ICS file from https://edt.univ-lyon1.fr/jsp/custom/modules/plannings/anonymous_cal.jsp?resources=6168&projectId=1&calType=ical&firstDate=2026-01-06&lastDate=2026-01-06 to src/calendars/tomorrow/but3ra2b.ics
[2026-01-05T18:00:03.393Z] info: ICS file downloaded successfully to src/calendars/tomorrow/but3ra2b.ics
[2026-01-05T18:00:03.393Z] info: ICS file for but3ra2b downloaded successfully.
[2026-01-05T18:00:03.394Z] info: Downloading ICS file from https://edt.univ-lyon1.fr/jsp/custom/modules/plannings/anonymous_cal.jsp?resources=14059&projectId=1&calType=ical&firstDate=2026-01-06&lastDate=2026-01-06 to src/calendars/tomorrow/but3ra3a.ics
[2026-01-05T18:00:03.528Z] info: ICS file downloaded successfully to src/calendars/tomorrow/but3ra3a.ics
[2026-01-05T18:00:03.528Z] info: ICS file for but3ra3a downloaded successfully.
[2026-01-05T18:00:03.528Z] info: Downloading ICS file from https://edt.univ-lyon1.fr/jsp/custom/modules/plannings/anonymous_cal.jsp?resources=14064&projectId=1&calType=ical&firstDate=2026-01-06&lastDate=2026-01-06 to src/calendars/tomorrow/but3ra3b.ics
[2026-01-05T18:00:03.609Z] info: ICS file downloaded successfully to src/calendars/tomorrow/but3ra3b.ics
[2026-01-05T18:00:03.610Z] info: ICS file for but3ra3b downloaded successfully.
[2026-01-05T18:00:03.610Z] info: Downloading ICS file from https://edt.univ-lyon1.fr/jsp/custom/modules/plannings/anonymous_cal.jsp?resources=6136&projectId=1&calType=ical&firstDate=2026-01-06&lastDate=2026-01-06 to src/calendars/tomorrow/but3dacs.ics
[2026-01-05T18:00:03.678Z] info: ICS file downloaded successfully to src/calendars/tomorrow/but3dacs.ics
[2026-01-05T18:00:03.678Z] info: ICS file for but3dacs downloaded successfully.
[2026-01-05T18:00:03.679Z] info: Downloading ICS file from https://edt.univ-lyon1.fr/jsp/custom/modules/plannings/anonymous_cal.jsp?resources=6048&projectId=1&calType=ical&firstDate=2026-01-06&lastDate=2026-01-06 to src/calendars/tomorrow/but3aged.ics
[2026-01-05T18:00:03.776Z] info: ICS file downloaded successfully to src/calendars/tomorrow/but3aged.ics
[2026-01-05T18:00:03.777Z] info: ICS file for but3aged downloaded successfully.
[2026-01-05T18:00:03.777Z] info: Sending daily timetables
[2026-01-05T18:00:03.791Z] info: Sending message to channel 1395371772550975558: <t:1767682800:D> **11Java-TD** : VIDAL VINCENT -> <t:1767682800:t> - <t:1767690000:t> en __S27__
<t:1767690000:D> **Java-TD** : VIDAL VINCENT -> <t:1767690000:t> - <t:1767697200:t> en __S25__

[2026-01-05T18:00:03.791Z] info: Message sent to channel 1395371772550975558: <t:1767682800:D> **11Java-TD** : VIDAL VINCENT -> <t:1767682800:t> - <t:1767690000:t> en __S27__
<t:1767690000:D> **Java-TD** : VIDAL VINCENT -> <t:1767690000:t> - <t:1767697200:t> en __S25__

[2026-01-05T18:00:03.794Z] info: Sending message to channel 1395052296521646282: <t:1767690000:D> **R1.01 initation dev TD** : BUYLE-BODIN NICOLAS -> <t:1767690000:t> - <t:1767697200:t> en __040__
<t:1767704400:D> **24 R1.06 Maths discrètes TD** : JALOUX CHRISTOPHE -> <t:1767704400:t> - <t:1767711600:t> en __S10__
<t:1767711600:D> **11 R1.08 Gestion Proj. Orga-TD** : LAGACHE ALEXANDRA -> <t:1767711600:t> - <t:1767718800:t> en __S10__

[2026-01-05T18:00:03.794Z] info: Message sent to channel 1395052296521646282: <t:1767690000:D> **R1.01 initation dev TD** : BUYLE-BODIN NICOLAS -> <t:1767690000:t> - <t:1767697200:t> en __040__
<t:1767704400:D> **24 R1.06 Maths discrètes TD** : JALOUX CHRISTOPHE -> <t:1767704400:t> - <t:1767711600:t> en __S10__
<t:1767711600:D> **11 R1.08 Gestion Proj. Orga-TD** : LAGACHE ALEXANDRA -> <t:1767711600:t> - <t:1767718800:t> en __S10__

[2026-01-05T18:00:03.795Z] info: Sending message to channel 1395052332969885726: <t:1767690000:D> **R1.01 initation dev TD** : BUYLE-BODIN NICOLAS -> <t:1767690000:t> - <t:1767697200:t> en __040__
<t:1767704400:D> **24 R1.06 Maths discrètes TD** : JALOUX CHRISTOPHE -> <t:1767704400:t> - <t:1767711600:t> en __S10__
<t:1767711600:D> **11 R1.08 Gestion Proj. Orga-TD** : LAGACHE ALEXANDRA -> <t:1767711600:t> - <t:1767718800:t> en __S10__

[2026-01-05T18:00:03.795Z] info: Message sent to channel 1395052332969885726: <t:1767690000:D> **R1.01 initation dev TD** : BUYLE-BODIN NICOLAS -> <t:1767690000:t> - <t:1767697200:t> en __040__
<t:1767704400:D> **24 R1.06 Maths discrètes TD** : JALOUX CHRISTOPHE -> <t:1767704400:t> - <t:1767711600:t> en __S10__
<t:1767711600:D> **11 R1.08 Gestion Proj. Orga-TD** : LAGACHE ALEXANDRA -> <t:1767711600:t> - <t:1767718800:t> en __S10__

[2026-01-05T18:00:03.796Z] info: Sending message to channel 1395052379866660874: <t:1767682800:D> **R1.01 initation dev TD P15** : DAUTRAIX ISABELLE -> <t:1767682800:t> - <t:1767690000:t> en __S12__
<t:1767690000:D> **R1.01 initation dev TD** : DAUTRAIX ISABELLE -> <t:1767690000:t> - <t:1767697200:t> en __S15__
<t:1767704400:D> **SAE Autonomie G2** : G2S1A -> <t:1767704400:t> - <t:1767711600:t> en __S16__
<t:1767711600:D> **SAE Autonomie G2** : G2S1A -> <t:1767711600:t> - <t:1767718800:t> en __S17__

[2026-01-05T18:00:03.797Z] info: Message sent to channel 1395052379866660874: <t:1767682800:D> **R1.01 initation dev TD P15** : DAUTRAIX ISABELLE -> <t:1767682800:t> - <t:1767690000:t> en __S12__
<t:1767690000:D> **R1.01 initation dev TD** : DAUTRAIX ISABELLE -> <t:1767690000:t> - <t:1767697200:t> en __S15__
<t:1767704400:D> **SAE Autonomie G2** : G2S1A -> <t:1767704400:t> - <t:1767711600:t> en __S16__
<t:1767711600:D> **SAE Autonomie G2** : G2S1A -> <t:1767711600:t> - <t:1767718800:t> en __S17__

[2026-01-05T18:00:03.798Z] info: Sending message to channel 1395052392092930048: <t:1767682800:D> **R1.01 initation dev TD P15** : DAUTRAIX ISABELLE -> <t:1767682800:t> - <t:1767690000:t> en __S12__
<t:1767690000:D> **R1.01 initation dev TD** : DAUTRAIX ISABELLE -> <t:1767690000:t> - <t:1767697200:t> en __S15__
<t:1767704400:D> **SAE Autonomie G2** : G2S1A -> <t:1767704400:t> - <t:1767711600:t> en __S16__
<t:1767711600:D> **SAE Autonomie G2** : G2S1A -> <t:1767711600:t> - <t:1767718800:t> en __S17__

[2026-01-05T18:00:03.798Z] info: Message sent to channel 1395052392092930048: <t:1767682800:D> **R1.01 initation dev TD P15** : DAUTRAIX ISABELLE -> <t:1767682800:t> - <t:1767690000:t> en __S12__
<t:1767690000:D> **R1.01 initation dev TD** : DAUTRAIX ISABELLE -> <t:1767690000:t> - <t:1767697200:t> en __S15__
<t:1767704400:D> **SAE Autonomie G2** : G2S1A -> <t:1767704400:t> - <t:1767711600:t> en __S16__
<t:1767711600:D> **SAE Autonomie G2** : G2S1A -> <t:1767711600:t> - <t:1767718800:t> en __S17__

[2026-01-05T18:00:03.799Z] info: Sending message to channel 1395056179914473612: <t:1767682800:D> **24 R1.06 Maths discrètes TD** : JOUBERT AUDE -> <t:1767682800:t> - <t:1767690000:t> en __S11__
<t:1767704400:D> **11 R1.08 Gestion Proj. Orga-TD** : LAGACHE ALEXANDRA -> <t:1767704400:t> - <t:1767711600:t> en __S11__
<t:1767711600:D> **SAE Autonomie G3** : G3S1A -> <t:1767711600:t> - <t:1767718800:t> en __S03__

[2026-01-05T18:00:03.799Z] info: Message sent to channel 1395056179914473612: <t:1767682800:D> **24 R1.06 Maths discrètes TD** : JOUBERT AUDE -> <t:1767682800:t> - <t:1767690000:t> en __S11__
<t:1767704400:D> **11 R1.08 Gestion Proj. Orga-TD** : LAGACHE ALEXANDRA -> <t:1767704400:t> - <t:1767711600:t> en __S11__
<t:1767711600:D> **SAE Autonomie G3** : G3S1A -> <t:1767711600:t> - <t:1767718800:t> en __S03__

[2026-01-05T18:00:03.800Z] info: Sending message to channel 1395052422401101905: <t:1767682800:D> **24 R1.06 Maths discrètes TD** : JOUBERT AUDE -> <t:1767682800:t> - <t:1767690000:t> en __S11__
<t:1767690000:D> **R1.12 PPP-TPB** : VIZET PONCET CECILE -> <t:1767690000:t> - <t:1767697200:t> en __S10__
<t:1767704400:D> **11 R1.08 Gestion Proj. Orga-TD** : LAGACHE ALEXANDRA -> <t:1767704400:t> - <t:1767711600:t> en __S11__
<t:1767711600:D> **SAE Autonomie G3** : G3S1A -> <t:1767711600:t> - <t:1767718800:t> en __S03__

[2026-01-05T18:00:03.800Z] info: Message sent to channel 1395052422401101905: <t:1767682800:D> **24 R1.06 Maths discrètes TD** : JOUBERT AUDE -> <t:1767682800:t> - <t:1767690000:t> en __S11__
<t:1767690000:D> **R1.12 PPP-TPB** : VIZET PONCET CECILE -> <t:1767690000:t> - <t:1767697200:t> en __S10__
<t:1767704400:D> **11 R1.08 Gestion Proj. Orga-TD** : LAGACHE ALEXANDRA -> <t:1767704400:t> - <t:1767711600:t> en __S11__
<t:1767711600:D> **SAE Autonomie G3** : G3S1A -> <t:1767711600:t> - <t:1767718800:t> en __S03__

[2026-01-05T18:00:03.800Z] info: Sending message to channel 1395052443192266916: <t:1767682800:D> **SAE Autonomie G4** : G4S1B -> <t:1767682800:t> - <t:1767690000:t> en __S13__
<t:1767690000:D> **24 R1.06 Maths discrètes TD** : JOUBERT AUDE -> <t:1767690000:t> - <t:1767697200:t> en __S11__
<t:1767711600:D> **SAE Autonomie G4** : G4S1B -> <t:1767711600:t> - <t:1767718800:t> en __S13__

[2026-01-05T18:00:03.800Z] info: Message sent to channel 1395052443192266916: <t:1767682800:D> **SAE Autonomie G4** : G4S1B -> <t:1767682800:t> - <t:1767690000:t> en __S13__
<t:1767690000:D> **24 R1.06 Maths discrètes TD** : JOUBERT AUDE -> <t:1767690000:t> - <t:1767697200:t> en __S11__
<t:1767711600:D> **SAE Autonomie G4** : G4S1B -> <t:1767711600:t> - <t:1767718800:t> en __S13__

[2026-01-05T18:00:03.801Z] info: Sending message to channel 1395052467070177290: <t:1767682800:D> **SAE Autonomie G4** : G4S1B -> <t:1767682800:t> - <t:1767690000:t> en __S13__
<t:1767690000:D> **24 R1.06 Maths discrètes TD** : JOUBERT AUDE -> <t:1767690000:t> - <t:1767697200:t> en __S11__
<t:1767704400:D> **R1.12 PPP-TPB** : VIZET PONCET CECILE -> <t:1767704400:t> - <t:1767711600:t> en __037-Conseil__
<t:1767711600:D> **SAE Autonomie G4** : G4S1B -> <t:1767711600:t> - <t:1767718800:t> en __S13__

[2026-01-05T18:00:03.801Z] info: Message sent to channel 1395052467070177290: <t:1767682800:D> **SAE Autonomie G4** : G4S1B -> <t:1767682800:t> - <t:1767690000:t> en __S13__
<t:1767690000:D> **24 R1.06 Maths discrètes TD** : JOUBERT AUDE -> <t:1767690000:t> - <t:1767697200:t> en __S11__
<t:1767704400:D> **R1.12 PPP-TPB** : VIZET PONCET CECILE -> <t:1767704400:t> - <t:1767711600:t> en __037-Conseil__
<t:1767711600:D> **SAE Autonomie G4** : G4S1B -> <t:1767711600:t> - <t:1767718800:t> en __S13__

[2026-01-05T18:00:03.805Z] info: Sending message to channel 1395052827985842288: <t:1767682800:D> **SAE Autonomie G5** : G5S1A -> <t:1767682800:t> - <t:1767690000:t> en __S24__
<t:1767690000:D> **R1.01 initation dev TD P15** : BARON ARIANE -> <t:1767690000:t> - <t:1767697200:t> en __S12__
<t:1767704400:D> **R1.05-2 SQL-TD** : BUYLE-BODIN NICOLAS -> <t:1767704400:t> - <t:1767711600:t> en __S03__
<t:1767711600:D> **R1.01 initation dev TD** : BARON ARIANE -> <t:1767711600:t> - <t:1767718800:t> en __S12__

[2026-01-05T18:00:03.805Z] info: Message sent to channel 1395052827985842288: <t:1767682800:D> **SAE Autonomie G5** : G5S1A -> <t:1767682800:t> - <t:1767690000:t> en __S24__
<t:1767690000:D> **R1.01 initation dev TD P15** : BARON ARIANE -> <t:1767690000:t> - <t:1767697200:t> en __S12__
<t:1767704400:D> **R1.05-2 SQL-TD** : BUYLE-BODIN NICOLAS -> <t:1767704400:t> - <t:1767711600:t> en __S03__
<t:1767711600:D> **R1.01 initation dev TD** : BARON ARIANE -> <t:1767711600:t> - <t:1767718800:t> en __S12__

[2026-01-05T18:00:03.806Z] info: Sending message to channel 1395052882486890707: <t:1767682800:D> **SAE Autonomie G5** : G5S1A -> <t:1767682800:t> - <t:1767690000:t> en __S24__
<t:1767690000:D> **R1.01 initation dev TD P15** : BARON ARIANE -> <t:1767690000:t> - <t:1767697200:t> en __S12__
<t:1767704400:D> **R1.05-2 SQL-TD** : BUYLE-BODIN NICOLAS -> <t:1767704400:t> - <t:1767711600:t> en __S03__
<t:1767711600:D> **R1.01 initation dev TD** : BARON ARIANE -> <t:1767711600:t> - <t:1767718800:t> en __S12__

[2026-01-05T18:00:03.806Z] info: Message sent to channel 1395052882486890707: <t:1767682800:D> **SAE Autonomie G5** : G5S1A -> <t:1767682800:t> - <t:1767690000:t> en __S24__
<t:1767690000:D> **R1.01 initation dev TD P15** : BARON ARIANE -> <t:1767690000:t> - <t:1767697200:t> en __S12__
<t:1767704400:D> **R1.05-2 SQL-TD** : BUYLE-BODIN NICOLAS -> <t:1767704400:t> - <t:1767711600:t> en __S03__
<t:1767711600:D> **R1.01 initation dev TD** : BARON ARIANE -> <t:1767711600:t> - <t:1767718800:t> en __S12__

[2026-01-05T18:00:03.808Z] info: Sending message to channel 1395371275643256924: <t:1767682800:D> **21R3.04-1 Qualité de developpement-Conception-TD** : PEYTAVIE ADRIEN -> <t:1767682800:t> - <t:1767690000:t> en __S16__
<t:1767690000:D> **21 R3.02 Dév. Efficace (algo)-TD** : KHEDDOUCI HAMAMACHE -> <t:1767690000:t> - <t:1767697200:t> en __S14__
<t:1767704400:D> **R3.07 SQL et Programmation-DS** : BARON ARIANE -> <t:1767704400:t> - <t:1767711600:t> en __Amphi1,S25__
<t:1767711600:D> **SAE TPA8** : JOUBERT AUDE -> <t:1767711600:t> - <t:1767718800:t> en __S16__

[2026-01-05T18:00:03.808Z] info: Message sent to channel 1395371275643256924: <t:1767682800:D> **21R3.04-1 Qualité de developpement-Conception-TD** : PEYTAVIE ADRIEN -> <t:1767682800:t> - <t:1767690000:t> en __S16__
<t:1767690000:D> **21 R3.02 Dév. Efficace (algo)-TD** : KHEDDOUCI HAMAMACHE -> <t:1767690000:t> - <t:1767697200:t> en __S14__
<t:1767704400:D> **R3.07 SQL et Programmation-DS** : BARON ARIANE -> <t:1767704400:t> - <t:1767711600:t> en __Amphi1,S25__
<t:1767711600:D> **SAE TPA8** : JOUBERT AUDE -> <t:1767711600:t> - <t:1767718800:t> en __S16__

[2026-01-05T18:00:03.809Z] info: Sending message to channel 1395371292533723147: <t:1767682800:D> **21R3.04-1 Qualité de developpement-Conception-TD** : PEYTAVIE ADRIEN -> <t:1767682800:t> - <t:1767690000:t> en __S16__
<t:1767690000:D> **21 R3.02 Dév. Efficace (algo)-TD** : KHEDDOUCI HAMAMACHE -> <t:1767690000:t> - <t:1767697200:t> en __S14__
<t:1767704400:D> **R3.07 SQL et Programmation-DS** : BARON ARIANE -> <t:1767704400:t> - <t:1767711600:t> en __Amphi1,S25__

[2026-01-05T18:00:03.809Z] info: Message sent to channel 1395371292533723147: <t:1767682800:D> **21R3.04-1 Qualité de developpement-Conception-TD** : PEYTAVIE ADRIEN -> <t:1767682800:t> - <t:1767690000:t> en __S16__
<t:1767690000:D> **21 R3.02 Dév. Efficace (algo)-TD** : KHEDDOUCI HAMAMACHE -> <t:1767690000:t> - <t:1767697200:t> en __S14__
<t:1767704400:D> **R3.07 SQL et Programmation-DS** : BARON ARIANE -> <t:1767704400:t> - <t:1767711600:t> en __Amphi1,S25__

[2026-01-05T18:00:03.810Z] info: Sending message to channel 1395371451573600287: <t:1767682800:D> **SAE TPA8** : JALOUX CHRISTOPHE -> <t:1767682800:t> - <t:1767690000:t> en __S17__
<t:1767690000:D> **R3.05 Programmation système-TPA** : BUONOMO CAMILLE -> <t:1767690000:t> - <t:1767697200:t> en __S16__
<t:1767704400:D> **R3.07 SQL et Programmation-DS** : BARON ARIANE -> <t:1767704400:t> - <t:1767711600:t> en __Amphi1,S25__
<t:1767711600:D> **R3.14 PPP** : DEBOUTE JOCELYNE -> <t:1767711600:t> - <t:1767718800:t> en __040__

[2026-01-05T18:00:03.810Z] info: Message sent to channel 1395371451573600287: <t:1767682800:D> **SAE TPA8** : JALOUX CHRISTOPHE -> <t:1767682800:t> - <t:1767690000:t> en __S17__
<t:1767690000:D> **R3.05 Programmation système-TPA** : BUONOMO CAMILLE -> <t:1767690000:t> - <t:1767697200:t> en __S16__
<t:1767704400:D> **R3.07 SQL et Programmation-DS** : BARON ARIANE -> <t:1767704400:t> - <t:1767711600:t> en __Amphi1,S25__
<t:1767711600:D> **R3.14 PPP** : DEBOUTE JOCELYNE -> <t:1767711600:t> - <t:1767718800:t> en __040__

[2026-01-05T18:00:03.811Z] info: Sending message to channel 1395371471345553540: <t:1767682800:D> **R3.05 Programmation système-TPB** : BUONOMO CAMILLE -> <t:1767682800:t> - <t:1767690000:t> en __S14__
<t:1767690000:D> **SAE TPB8** : JALOUX CHRISTOPHE -> <t:1767690000:t> - <t:1767697200:t> en __S17__
<t:1767704400:D> **R3.07 SQL et Programmation-DS** : BARON ARIANE -> <t:1767704400:t> - <t:1767711600:t> en __Amphi1,S25__
<t:1767711600:D> **R3.14 PPP** : DEBOUTE JOCELYNE -> <t:1767711600:t> - <t:1767718800:t> en __040__

[2026-01-05T18:00:03.811Z] info: Message sent to channel 1395371471345553540: <t:1767682800:D> **R3.05 Programmation système-TPB** : BUONOMO CAMILLE -> <t:1767682800:t> - <t:1767690000:t> en __S14__
<t:1767690000:D> **SAE TPB8** : JALOUX CHRISTOPHE -> <t:1767690000:t> - <t:1767697200:t> en __S17__
<t:1767704400:D> **R3.07 SQL et Programmation-DS** : BARON ARIANE -> <t:1767704400:t> - <t:1767711600:t> en __Amphi1,S25__
<t:1767711600:D> **R3.14 PPP** : DEBOUTE JOCELYNE -> <t:1767711600:t> - <t:1767718800:t> en __040__

[2026-01-05T18:00:03.811Z] info: Sending message to channel 1395371640291983370: <t:1767682800:D> **21 R3.11 Droit des contrats et du numérique-TD** : DUFOUR KARLINE -> <t:1767682800:t> - <t:1767690000:t> en __S15__
<t:1767690000:D> **SAE Autonomie** : G3S3S4 -> <t:1767690000:t> - <t:1767697200:t> en __S13__
<t:1767704400:D> **21 R3.09 Cryptographie-TD** : LEROUX STEPHANE -> <t:1767704400:t> - <t:1767711600:t> en __S13__
<t:1767711600:D> **SAE Autonomie** : G3S3S4 -> <t:1767711600:t> - <t:1767718800:t> en __S24__

[2026-01-05T18:00:03.812Z] info: Message sent to channel 1395371640291983370: <t:1767682800:D> **21 R3.11 Droit des contrats et du numérique-TD** : DUFOUR KARLINE -> <t:1767682800:t> - <t:1767690000:t> en __S15__
<t:1767690000:D> **SAE Autonomie** : G3S3S4 -> <t:1767690000:t> - <t:1767697200:t> en __S13__
<t:1767704400:D> **21 R3.09 Cryptographie-TD** : LEROUX STEPHANE -> <t:1767704400:t> - <t:1767711600:t> en __S13__
<t:1767711600:D> **SAE Autonomie** : G3S3S4 -> <t:1767711600:t> - <t:1767718800:t> en __S24__

[2026-01-05T18:00:03.812Z] info: Sending message to channel 1395371506099425310: <t:1767682800:D> **21 R3.02 Dév. Efficace (algo)-TD** : KHEDDOUCI HAMAMACHE -> <t:1767682800:t> - <t:1767690000:t> en __S03__
<t:1767690000:D> **R3.05 Programmation système-TPA** : CAPOSIENA JULIEN -> <t:1767690000:t> - <t:1767697200:t> en __S03__
<t:1767704400:D> **R3.07 SQL et Programmation-DS** : BARON ARIANE -> <t:1767704400:t> - <t:1767711600:t> en __Amphi1,S25__
<t:1767711600:D> **11 R3.02 Dév. Efficace (algo)-TD** : KHEDDOUCI HAMAMACHE -> <t:1767711600:t> - <t:1767718800:t> en __S14__

[2026-01-05T18:00:03.812Z] info: Message sent to channel 1395371506099425310: <t:1767682800:D> **21 R3.02 Dév. Efficace (algo)-TD** : KHEDDOUCI HAMAMACHE -> <t:1767682800:t> - <t:1767690000:t> en __S03__
<t:1767690000:D> **R3.05 Programmation système-TPA** : CAPOSIENA JULIEN -> <t:1767690000:t> - <t:1767697200:t> en __S03__
<t:1767704400:D> **R3.07 SQL et Programmation-DS** : BARON ARIANE -> <t:1767704400:t> - <t:1767711600:t> en __Amphi1,S25__
<t:1767711600:D> **11 R3.02 Dév. Efficace (algo)-TD** : KHEDDOUCI HAMAMACHE -> <t:1767711600:t> - <t:1767718800:t> en __S14__

[2026-01-05T18:00:03.813Z] info: Sending message to channel 1395371591797575750: <t:1767682800:D> **21 R3.02 Dév. Efficace (algo)-TD** : KHEDDOUCI HAMAMACHE -> <t:1767682800:t> - <t:1767690000:t> en __S03__
<t:1767690000:D> **R3.09 Crypto et sécurité-TPB** : LEROUX STEPHANE -> <t:1767690000:t> - <t:1767697200:t> en __S24__
<t:1767704400:D> **R3.07 SQL et Programmation-DS** : BARON ARIANE -> <t:1767704400:t> - <t:1767711600:t> en __Amphi1,S25__
<t:1767711600:D> **11 R3.02 Dév. Efficace (algo)-TD** : KHEDDOUCI HAMAMACHE -> <t:1767711600:t> - <t:1767718800:t> en __S14__

[2026-01-05T18:00:03.813Z] info: Message sent to channel 1395371591797575750: <t:1767682800:D> **21 R3.02 Dév. Efficace (algo)-TD** : KHEDDOUCI HAMAMACHE -> <t:1767682800:t> - <t:1767690000:t> en __S03__
<t:1767690000:D> **R3.09 Crypto et sécurité-TPB** : LEROUX STEPHANE -> <t:1767690000:t> - <t:1767697200:t> en __S24__
<t:1767704400:D> **R3.07 SQL et Programmation-DS** : BARON ARIANE -> <t:1767704400:t> - <t:1767711600:t> en __Amphi1,S25__
<t:1767711600:D> **11 R3.02 Dév. Efficace (algo)-TD** : KHEDDOUCI HAMAMACHE -> <t:1767711600:t> - <t:1767718800:t> en __S14__

[2026-01-05T18:00:03.814Z] info: Sending message to channel 1409494803489488986: <t:1767682800:D> **11R5.A.04 Qualité algo** : DUCHENE ERIC -> <t:1767682800:t> - <t:1767690000:t> en __S26__
<t:1767690000:D> **31R5.03 Communication TPA** : DEBOUTE JOCELYNE -> <t:1767690000:t> - <t:1767697200:t> en __S21__
<t:1767704400:D> **21 R5.A.11 Aide à la décision TD** : JOUBERT AUDE -> <t:1767704400:t> - <t:1767711600:t> en __S26__
<t:1767711600:D> **11R5.A.02 PPP TD** : VIZET PONCET CECILE -> <t:1767711600:t> - <t:1767718800:t> en __S26__

[2026-01-05T18:00:03.814Z] info: Message sent to channel 1409494803489488986: <t:1767682800:D> **11R5.A.04 Qualité algo** : DUCHENE ERIC -> <t:1767682800:t> - <t:1767690000:t> en __S26__
<t:1767690000:D> **31R5.03 Communication TPA** : DEBOUTE JOCELYNE -> <t:1767690000:t> - <t:1767697200:t> en __S21__
<t:1767704400:D> **21 R5.A.11 Aide à la décision TD** : JOUBERT AUDE -> <t:1767704400:t> - <t:1767711600:t> en __S26__
<t:1767711600:D> **11R5.A.02 PPP TD** : VIZET PONCET CECILE -> <t:1767711600:t> - <t:1767718800:t> en __S26__

[2026-01-05T18:00:03.814Z] info: Sending message to channel 1409494819574775808: <t:1767682800:D> **11R5.A.04 Qualité algo** : DUCHENE ERIC -> <t:1767682800:t> - <t:1767690000:t> en __S26__
<t:1767690000:D> **21R5.A.06 Programmation multimédia TPB** : PEYTAVIE ADRIEN -> <t:1767690000:t> - <t:1767697200:t> en __S26__
<t:1767704400:D> **21 R5.A.11 Aide à la décision TD** : JOUBERT AUDE -> <t:1767704400:t> - <t:1767711600:t> en __S26__
<t:1767711600:D> **11R5.A.02 PPP TD** : VIZET PONCET CECILE -> <t:1767711600:t> - <t:1767718800:t> en __S26__

[2026-01-05T18:00:03.815Z] info: Message sent to channel 1409494819574775808: <t:1767682800:D> **11R5.A.04 Qualité algo** : DUCHENE ERIC -> <t:1767682800:t> - <t:1767690000:t> en __S26__
<t:1767690000:D> **21R5.A.06 Programmation multimédia TPB** : PEYTAVIE ADRIEN -> <t:1767690000:t> - <t:1767697200:t> en __S26__
<t:1767704400:D> **21 R5.A.11 Aide à la décision TD** : JOUBERT AUDE -> <t:1767704400:t> - <t:1767711600:t> en __S26__
<t:1767711600:D> **11R5.A.02 PPP TD** : VIZET PONCET CECILE -> <t:1767711600:t> - <t:1767718800:t> en __S26__

[2026-01-05T18:00:03.815Z] info: Daily timetables sent
[2026-01-06T18:00:00.409Z] info: Downloading ICS files for tomorrow for groups: aspea, aspeb, g1s1a, g1s1b, g2s1a, g2s1b, g3s1a, g3s1b, g4s1a, g4s1b, g5s1a, g5s1b, g1s3a, g1s3b, g2s3a, g2s3b, g3a2, g4s3a, g4s3b, but3ra1a, but3ra1b, but3ra2a, but3ra2b, but3ra3a, but3ra3b, but3dacs, but3aged
[2026-01-06T18:00:00.409Z] info: Downloading ICS file from https://edt.univ-lyon1.fr/jsp/custom/modules/plannings/anonymous_cal.jsp?resources=9272&projectId=1&calType=ical&firstDate=2026-01-07&lastDate=2026-01-07 to src/calendars/tomorrow/aspea.ics
[2026-01-06T18:00:00.635Z] info: ICS file downloaded successfully to src/calendars/tomorrow/aspea.ics
[2026-01-06T18:00:00.635Z] info: ICS file for aspea downloaded successfully.
[2026-01-06T18:00:00.636Z] info: Downloading ICS file from https://edt.univ-lyon1.fr/jsp/custom/modules/plannings/anonymous_cal.jsp?resources=18783&projectId=1&calType=ical&firstDate=2026-01-07&lastDate=2026-01-07 to src/calendars/tomorrow/aspeb.ics
[2026-01-06T18:00:00.736Z] info: ICS file downloaded successfully to src/calendars/tomorrow/aspeb.ics
[2026-01-06T18:00:00.737Z] info: ICS file for aspeb downloaded successfully.
[2026-01-06T18:00:00.737Z] info: Downloading ICS file from https://edt.univ-lyon1.fr/jsp/custom/modules/plannings/anonymous_cal.jsp?resources=12096&projectId=1&calType=ical&firstDate=2026-01-07&lastDate=2026-01-07 to src/calendars/tomorrow/g1s1a.ics
[2026-01-06T18:00:00.888Z] info: ICS file downloaded successfully to src/calendars/tomorrow/g1s1a.ics
[2026-01-06T18:00:00.889Z] info: ICS file for g1s1a downloaded successfully.
[2026-01-06T18:00:00.889Z] info: Downloading ICS file from https://edt.univ-lyon1.fr/jsp/custom/modules/plannings/anonymous_cal.jsp?resources=12102&projectId=1&calType=ical&firstDate=2026-01-07&lastDate=2026-01-07 to src/calendars/tomorrow/g1s1b.ics
[2026-01-06T18:00:01.051Z] info: ICS file downloaded successfully to src/calendars/tomorrow/g1s1b.ics
[2026-01-06T18:00:01.052Z] info: ICS file for g1s1b downloaded successfully.
[2026-01-06T18:00:01.053Z] info: Downloading ICS file from https://edt.univ-lyon1.fr/jsp/custom/modules/plannings/anonymous_cal.jsp?resources=12403&projectId=1&calType=ical&firstDate=2026-01-07&lastDate=2026-01-07 to src/calendars/tomorrow/g2s1a.ics
[2026-01-06T18:00:01.178Z] info: ICS file downloaded successfully to src/calendars/tomorrow/g2s1a.ics
[2026-01-06T18:00:01.178Z] info: ICS file for g2s1a downloaded successfully.
[2026-01-06T18:00:01.179Z] info: Downloading ICS file from https://edt.univ-lyon1.fr/jsp/custom/modules/plannings/anonymous_cal.jsp?resources=12406&projectId=1&calType=ical&firstDate=2026-01-07&lastDate=2026-01-07 to src/calendars/tomorrow/g2s1b.ics
[2026-01-06T18:00:01.286Z] info: ICS file downloaded successfully to src/calendars/tomorrow/g2s1b.ics
[2026-01-06T18:00:01.287Z] info: ICS file for g2s1b downloaded successfully.
[2026-01-06T18:00:01.287Z] info: Downloading ICS file from https://edt.univ-lyon1.fr/jsp/custom/modules/plannings/anonymous_cal.jsp?resources=12419&projectId=1&calType=ical&firstDate=2026-01-07&lastDate=2026-01-07 to src/calendars/tomorrow/g3s1a.ics
[2026-01-06T18:00:01.384Z] info: ICS file downloaded successfully to src/calendars/tomorrow/g3s1a.ics
[2026-01-06T18:00:01.385Z] info: ICS file for g3s1a downloaded successfully.
[2026-01-06T18:00:01.386Z] info: Downloading ICS file from https://edt.univ-lyon1.fr/jsp/custom/modules/plannings/anonymous_cal.jsp?resources=12425&projectId=1&calType=ical&firstDate=2026-01-07&lastDate=2026-01-07 to src/calendars/tomorrow/g3s1b.ics
[2026-01-06T18:00:01.455Z] info: ICS file downloaded successfully to src/calendars/tomorrow/g3s1b.ics
[2026-01-06T18:00:01.455Z] info: ICS file for g3s1b downloaded successfully.
[2026-01-06T18:00:01.456Z] info: Downloading ICS file from https://edt.univ-lyon1.fr/jsp/custom/modules/plannings/anonymous_cal.jsp?resources=12424&projectId=1&calType=ical&firstDate=2026-01-07&lastDate=2026-01-07 to src/calendars/tomorrow/g4s1a.ics
[2026-01-06T18:00:01.603Z] info: ICS file downloaded successfully to src/calendars/tomorrow/g4s1a.ics
[2026-01-06T18:00:01.603Z] info: ICS file for g4s1a downloaded successfully.
[2026-01-06T18:00:01.604Z] info: Downloading ICS file from https://edt.univ-lyon1.fr/jsp/custom/modules/plannings/anonymous_cal.jsp?resources=12444&projectId=1&calType=ical&firstDate=2026-01-07&lastDate=2026-01-07 to src/calendars/tomorrow/g4s1b.ics
[2026-01-06T18:00:01.687Z] info: ICS file downloaded successfully to src/calendars/tomorrow/g4s1b.ics
[2026-01-06T18:00:01.688Z] info: ICS file for g4s1b downloaded successfully.
[2026-01-06T18:00:01.688Z] info: Downloading ICS file from https://edt.univ-lyon1.fr/jsp/custom/modules/plannings/anonymous_cal.jsp?resources=12460&projectId=1&calType=ical&firstDate=2026-01-07&lastDate=2026-01-07 to src/calendars/tomorrow/g5s1a.ics
[2026-01-06T18:00:01.815Z] info: ICS file downloaded successfully to src/calendars/tomorrow/g5s1a.ics
[2026-01-06T18:00:01.815Z] info: ICS file for g5s1a downloaded successfully.
[2026-01-06T18:00:01.815Z] info: Downloading ICS file from https://edt.univ-lyon1.fr/jsp/custom/modules/plannings/anonymous_cal.jsp?resources=12461&projectId=1&calType=ical&firstDate=2026-01-07&lastDate=2026-01-07 to src/calendars/tomorrow/g5s1b.ics
[2026-01-06T18:01:02.044Z] error: Failed to download file at https://edt.univ-lyon1.fr/jsp/custom/modules/plannings/anonymous_cal.jsp?resources=12461&projectId=1&calType=ical&firstDate=2026-01-07&lastDate=2026-01-07, ERROR: 504
[2026-01-06T18:01:02.045Z] error: Échec du téléchargement pour g5s1b : Failed to download file: 504
[2026-01-06T18:01:02.045Z] info: Downloading ICS file from https://edt.univ-lyon1.fr/jsp/custom/modules/plannings/anonymous_cal.jsp?resources=35708&projectId=1&calType=ical&firstDate=2026-01-07&lastDate=2026-01-07 to src/calendars/tomorrow/g1s3a.ics
[2026-01-06T18:01:02.136Z] info: ICS file downloaded successfully to src/calendars/tomorrow/g1s3a.ics
[2026-01-06T18:01:02.136Z] info: ICS file for g1s3a downloaded successfully.
[2026-01-06T18:01:02.137Z] info: Downloading ICS file from https://edt.univ-lyon1.fr/jsp/custom/modules/plannings/anonymous_cal.jsp?resources=35709&projectId=1&calType=ical&firstDate=2026-01-07&lastDate=2026-01-07 to src/calendars/tomorrow/g1s3b.ics
[2026-01-06T18:01:02.209Z] info: ICS file downloaded successfully to src/calendars/tomorrow/g1s3b.ics
[2026-01-06T18:01:02.210Z] info: ICS file for g1s3b downloaded successfully.
[2026-01-06T18:01:02.210Z] info: Downloading ICS file from https://edt.univ-lyon1.fr/jsp/custom/modules/plannings/anonymous_cal.jsp?resources=35710&projectId=1&calType=ical&firstDate=2026-01-07&lastDate=2026-01-07 to src/calendars/tomorrow/g2s3a.ics
[2026-01-06T18:01:02.325Z] info: ICS file downloaded successfully to src/calendars/tomorrow/g2s3a.ics
[2026-01-06T18:01:02.326Z] info: ICS file for g2s3a downloaded successfully.
[2026-01-06T18:01:02.326Z] info: Downloading ICS file from https://edt.univ-lyon1.fr/jsp/custom/modules/plannings/anonymous_cal.jsp?resources=35713&projectId=1&calType=ical&firstDate=2026-01-07&lastDate=2026-01-07 to src/calendars/tomorrow/g2s3b.ics
[2026-01-06T18:01:02.419Z] info: ICS file downloaded successfully to src/calendars/tomorrow/g2s3b.ics
[2026-01-06T18:01:02.419Z] info: ICS file for g2s3b downloaded successfully.
[2026-01-06T18:01:02.420Z] info: Downloading ICS file from https://edt.univ-lyon1.fr/jsp/custom/modules/plannings/anonymous_cal.jsp?resources=35714&projectId=1&calType=ical&firstDate=2026-01-07&lastDate=2026-01-07 to src/calendars/tomorrow/g3a2.ics
[2026-01-06T18:01:02.591Z] info: ICS file downloaded successfully to src/calendars/tomorrow/g3a2.ics
[2026-01-06T18:01:02.592Z] info: ICS file for g3a2 downloaded successfully.
[2026-01-06T18:01:02.592Z] info: Downloading ICS file from https://edt.univ-lyon1.fr/jsp/custom/modules/plannings/anonymous_cal.jsp?resources=35717&projectId=1&calType=ical&firstDate=2026-01-07&lastDate=2026-01-07 to src/calendars/tomorrow/g4s3a.ics
[2026-01-06T18:01:02.671Z] info: ICS file downloaded successfully to src/calendars/tomorrow/g4s3a.ics
[2026-01-06T18:01:02.671Z] info: ICS file for g4s3a downloaded successfully.
[2026-01-06T18:01:02.671Z] info: Downloading ICS file from https://edt.univ-lyon1.fr/jsp/custom/modules/plannings/anonymous_cal.jsp?resources=35718&projectId=1&calType=ical&firstDate=2026-01-07&lastDate=2026-01-07 to src/calendars/tomorrow/g4s3b.ics
[2026-01-06T18:01:02.754Z] info: ICS file downloaded successfully to src/calendars/tomorrow/g4s3b.ics
[2026-01-06T18:01:02.754Z] info: ICS file for g4s3b downloaded successfully.
[2026-01-06T18:01:02.755Z] info: Downloading ICS file from https://edt.univ-lyon1.fr/jsp/custom/modules/plannings/anonymous_cal.jsp?resources=6161&projectId=1&calType=ical&firstDate=2026-01-07&lastDate=2026-01-07 to src/calendars/tomorrow/but3ra1a.ics
[2026-01-06T18:01:02.887Z] info: ICS file downloaded successfully to src/calendars/tomorrow/but3ra1a.ics
[2026-01-06T18:01:02.887Z] info: ICS file for but3ra1a downloaded successfully.
[2026-01-06T18:01:02.888Z] info: Downloading ICS file from https://edt.univ-lyon1.fr/jsp/custom/modules/plannings/anonymous_cal.jsp?resources=6163&projectId=1&calType=ical&firstDate=2026-01-07&lastDate=2026-01-07 to src/calendars/tomorrow/but3ra1b.ics
[2026-01-06T18:01:02.961Z] info: ICS file downloaded successfully to src/calendars/tomorrow/but3ra1b.ics
[2026-01-06T18:01:02.962Z] info: ICS file for but3ra1b downloaded successfully.
[2026-01-06T18:01:02.962Z] info: Downloading ICS file from https://edt.univ-lyon1.fr/jsp/custom/modules/plannings/anonymous_cal.jsp?resources=6165&projectId=1&calType=ical&firstDate=2026-01-07&lastDate=2026-01-07 to src/calendars/tomorrow/but3ra2a.ics
[2026-01-06T18:01:03.098Z] info: ICS file downloaded successfully to src/calendars/tomorrow/but3ra2a.ics
[2026-01-06T18:01:03.098Z] info: ICS file for but3ra2a downloaded successfully.
[2026-01-06T18:01:03.098Z] info: Downloading ICS file from https://edt.univ-lyon1.fr/jsp/custom/modules/plannings/anonymous_cal.jsp?resources=6168&projectId=1&calType=ical&firstDate=2026-01-07&lastDate=2026-01-07 to src/calendars/tomorrow/but3ra2b.ics
[2026-01-06T18:01:03.213Z] info: ICS file downloaded successfully to src/calendars/tomorrow/but3ra2b.ics
[2026-01-06T18:01:03.214Z] info: ICS file for but3ra2b downloaded successfully.
[2026-01-06T18:01:03.214Z] info: Downloading ICS file from https://edt.univ-lyon1.fr/jsp/custom/modules/plannings/anonymous_cal.jsp?resources=14059&projectId=1&calType=ical&firstDate=2026-01-07&lastDate=2026-01-07 to src/calendars/tomorrow/but3ra3a.ics
[2026-01-06T18:01:03.313Z] info: ICS file downloaded successfully to src/calendars/tomorrow/but3ra3a.ics
[2026-01-06T18:01:03.313Z] info: ICS file for but3ra3a downloaded successfully.
[2026-01-06T18:01:03.313Z] info: Downloading ICS file from https://edt.univ-lyon1.fr/jsp/custom/modules/plannings/anonymous_cal.jsp?resources=14064&projectId=1&calType=ical&firstDate=2026-01-07&lastDate=2026-01-07 to src/calendars/tomorrow/but3ra3b.ics
[2026-01-06T18:01:03.439Z] info: ICS file downloaded successfully to src/calendars/tomorrow/but3ra3b.ics
[2026-01-06T18:01:03.440Z] info: ICS file for but3ra3b downloaded successfully.
[2026-01-06T18:01:03.440Z] info: Downloading ICS file from https://edt.univ-lyon1.fr/jsp/custom/modules/plannings/anonymous_cal.jsp?resources=6136&projectId=1&calType=ical&firstDate=2026-01-07&lastDate=2026-01-07 to src/calendars/tomorrow/but3dacs.ics
[2026-01-06T18:01:03.505Z] info: ICS file downloaded successfully to src/calendars/tomorrow/but3dacs.ics
[2026-01-06T18:01:03.505Z] info: ICS file for but3dacs downloaded successfully.
[2026-01-06T18:01:03.505Z] info: Downloading ICS file from https://edt.univ-lyon1.fr/jsp/custom/modules/plannings/anonymous_cal.jsp?resources=6048&projectId=1&calType=ical&firstDate=2026-01-07&lastDate=2026-01-07 to src/calendars/tomorrow/but3aged.ics
[2026-01-06T18:01:03.611Z] info: ICS file downloaded successfully to src/calendars/tomorrow/but3aged.ics
[2026-01-06T18:01:03.611Z] info: ICS file for but3aged downloaded successfully.
[2026-01-06T18:01:03.611Z] info: Sending daily timetables
[2026-01-06T18:01:03.623Z] info: Sending message to channel 1395371772550975558: <t:1767776400:D> **21Communication et service réseaux-TP** : BARON ARIANE -> <t:1767776400:t> - <t:1767783600:t> en __S18 - TP Réseau__
<t:1767790800:D> **11Economie durable et numérique** : LAGACHE ALEXANDRA -> <t:1767790800:t> - <t:1767798000:t> en __S10__
<t:1767798000:D> **IntroDev TD** : DUCHENE ERIC -> <t:1767798000:t> - <t:1767805200:t> en __S27__

[2026-01-06T18:01:03.623Z] info: Message sent to channel 1395371772550975558: <t:1767776400:D> **21Communication et service réseaux-TP** : BARON ARIANE -> <t:1767776400:t> - <t:1767783600:t> en __S18 - TP Réseau__
<t:1767790800:D> **11Economie durable et numérique** : LAGACHE ALEXANDRA -> <t:1767790800:t> - <t:1767798000:t> en __S10__
<t:1767798000:D> **IntroDev TD** : DUCHENE ERIC -> <t:1767798000:t> - <t:1767805200:t> en __S27__

[2026-01-06T18:01:03.624Z] info: Sending message to channel 1395052296521646282: <t:1767769200:D> **R1.11 Com DS** : BESSON MATHIEU -> <t:1767769200:t> - <t:1767776400:t> en __Amphi2,S25,H21__
<t:1767776400:D> **R1.01 initation dev TD P15** : BUYLE-BODIN NICOLAS -> <t:1767776400:t> - <t:1767783600:t> en __S12__
<t:1767790800:D> **SAE 101 102 Initiation Dev** : BUYLE-BODIN NICOLAS -> <t:1767790800:t> - <t:1767798000:t> en __S03__

[2026-01-06T18:01:03.625Z] info: Message sent to channel 1395052296521646282: <t:1767769200:D> **R1.11 Com DS** : BESSON MATHIEU -> <t:1767769200:t> - <t:1767776400:t> en __Amphi2,S25,H21__
<t:1767776400:D> **R1.01 initation dev TD P15** : BUYLE-BODIN NICOLAS -> <t:1767776400:t> - <t:1767783600:t> en __S12__
<t:1767790800:D> **SAE 101 102 Initiation Dev** : BUYLE-BODIN NICOLAS -> <t:1767790800:t> - <t:1767798000:t> en __S03__

[2026-01-06T18:01:03.625Z] info: Sending message to channel 1395052332969885726: <t:1767769200:D> **R1.11 Com DS** : BESSON MATHIEU -> <t:1767769200:t> - <t:1767776400:t> en __Amphi2,S25,H21__
<t:1767776400:D> **R1.01 initation dev TD P15** : BUYLE-BODIN NICOLAS -> <t:1767776400:t> - <t:1767783600:t> en __S12__
<t:1767790800:D> **SAE 101 102 Initiation Dev** : BUYLE-BODIN NICOLAS -> <t:1767790800:t> - <t:1767798000:t> en __S03__
<t:1767798000:D> **R1.05-2 SQL-TPB** : BARON ARIANE -> <t:1767798000:t> - <t:1767805200:t> en __S14__

[2026-01-06T18:01:03.626Z] info: Message sent to channel 1395052332969885726: <t:1767769200:D> **R1.11 Com DS** : BESSON MATHIEU -> <t:1767769200:t> - <t:1767776400:t> en __Amphi2,S25,H21__
<t:1767776400:D> **R1.01 initation dev TD P15** : BUYLE-BODIN NICOLAS -> <t:1767776400:t> - <t:1767783600:t> en __S12__
<t:1767790800:D> **SAE 101 102 Initiation Dev** : BUYLE-BODIN NICOLAS -> <t:1767790800:t> - <t:1767798000:t> en __S03__
<t:1767798000:D> **R1.05-2 SQL-TPB** : BARON ARIANE -> <t:1767798000:t> - <t:1767805200:t> en __S14__

[2026-01-06T18:01:03.627Z] info: Sending message to channel 1395052379866660874: <t:1767769200:D> **R1.11 Com DS** : BESSON MATHIEU -> <t:1767769200:t> - <t:1767776400:t> en __Amphi2,S25,H21__
<t:1767776400:D> **SAE 101 102 Initiation Dev** : NDIAYE SAMBA NDOJH -> <t:1767776400:t> - <t:1767783600:t> en __S24__
<t:1767790800:D> **11 R1.08 Gestion Proj. Orga-TD** : BOUHADDOUDA ANISSA -> <t:1767790800:t> - <t:1767798000:t> en __S15__
<t:1767798000:D> **R1.08 Gestion Proj. Orga-TD** : BOUHADDOUDA ANISSA -> <t:1767798000:t> - <t:1767805200:t> en __040__

[2026-01-06T18:01:03.627Z] info: Message sent to channel 1395052379866660874: <t:1767769200:D> **R1.11 Com DS** : BESSON MATHIEU -> <t:1767769200:t> - <t:1767776400:t> en __Amphi2,S25,H21__
<t:1767776400:D> **SAE 101 102 Initiation Dev** : NDIAYE SAMBA NDOJH -> <t:1767776400:t> - <t:1767783600:t> en __S24__
<t:1767790800:D> **11 R1.08 Gestion Proj. Orga-TD** : BOUHADDOUDA ANISSA -> <t:1767790800:t> - <t:1767798000:t> en __S15__
<t:1767798000:D> **R1.08 Gestion Proj. Orga-TD** : BOUHADDOUDA ANISSA -> <t:1767798000:t> - <t:1767805200:t> en __040__

[2026-01-06T18:01:03.628Z] info: Sending message to channel 1395052392092930048: <t:1767769200:D> **R1.11 Com DS** : BESSON MATHIEU -> <t:1767769200:t> - <t:1767776400:t> en __Amphi2,S25,H21__
<t:1767776400:D> **SAE 101 102 Initiation Dev** : NDIAYE SAMBA NDOJH -> <t:1767776400:t> - <t:1767783600:t> en __S24__
<t:1767790800:D> **11 R1.08 Gestion Proj. Orga-TD** : BOUHADDOUDA ANISSA -> <t:1767790800:t> - <t:1767798000:t> en __S15__
<t:1767798000:D> **R1.08 Gestion Proj. Orga-TD** : BOUHADDOUDA ANISSA -> <t:1767798000:t> - <t:1767805200:t> en __040__

[2026-01-06T18:01:03.628Z] info: Message sent to channel 1395052392092930048: <t:1767769200:D> **R1.11 Com DS** : BESSON MATHIEU -> <t:1767769200:t> - <t:1767776400:t> en __Amphi2,S25,H21__
<t:1767776400:D> **SAE 101 102 Initiation Dev** : NDIAYE SAMBA NDOJH -> <t:1767776400:t> - <t:1767783600:t> en __S24__
<t:1767790800:D> **11 R1.08 Gestion Proj. Orga-TD** : BOUHADDOUDA ANISSA -> <t:1767790800:t> - <t:1767798000:t> en __S15__
<t:1767798000:D> **R1.08 Gestion Proj. Orga-TD** : BOUHADDOUDA ANISSA -> <t:1767798000:t> - <t:1767805200:t> en __040__

[2026-01-06T18:01:03.629Z] info: Sending message to channel 1395056179914473612: <t:1767769200:D> **R1.11 Com DS** : BESSON MATHIEU -> <t:1767769200:t> - <t:1767776400:t> en __Amphi2,S25,H21__
<t:1767776400:D> **R1.01 initation dev TD P15** : VIDAL VINCENT -> <t:1767776400:t> - <t:1767783600:t> en __040__
<t:1767790800:D> **R1.01 initation dev TD** : VIDAL VINCENT -> <t:1767790800:t> - <t:1767798000:t> en __S16__
<t:1767798000:D> **R1.08 Gestion Proj. Orga-TD** : LAGACHE ALEXANDRA -> <t:1767798000:t> - <t:1767805200:t> en __S15__

[2026-01-06T18:01:03.629Z] info: Message sent to channel 1395056179914473612: <t:1767769200:D> **R1.11 Com DS** : BESSON MATHIEU -> <t:1767769200:t> - <t:1767776400:t> en __Amphi2,S25,H21__
<t:1767776400:D> **R1.01 initation dev TD P15** : VIDAL VINCENT -> <t:1767776400:t> - <t:1767783600:t> en __040__
<t:1767790800:D> **R1.01 initation dev TD** : VIDAL VINCENT -> <t:1767790800:t> - <t:1767798000:t> en __S16__
<t:1767798000:D> **R1.08 Gestion Proj. Orga-TD** : LAGACHE ALEXANDRA -> <t:1767798000:t> - <t:1767805200:t> en __S15__

[2026-01-06T18:01:03.630Z] info: Sending message to channel 1395052422401101905: <t:1767769200:D> **R1.11 Com DS** : BESSON MATHIEU -> <t:1767769200:t> - <t:1767776400:t> en __Amphi2,S25,H21__
<t:1767776400:D> **R1.01 initation dev TD P15** : VIDAL VINCENT -> <t:1767776400:t> - <t:1767783600:t> en __040__
<t:1767790800:D> **R1.01 initation dev TD** : VIDAL VINCENT -> <t:1767790800:t> - <t:1767798000:t> en __S16__
<t:1767798000:D> **R1.08 Gestion Proj. Orga-TD** : LAGACHE ALEXANDRA -> <t:1767798000:t> - <t:1767805200:t> en __S15__

[2026-01-06T18:01:03.630Z] info: Message sent to channel 1395052422401101905: <t:1767769200:D> **R1.11 Com DS** : BESSON MATHIEU -> <t:1767769200:t> - <t:1767776400:t> en __Amphi2,S25,H21__
<t:1767776400:D> **R1.01 initation dev TD P15** : VIDAL VINCENT -> <t:1767776400:t> - <t:1767783600:t> en __040__
<t:1767790800:D> **R1.01 initation dev TD** : VIDAL VINCENT -> <t:1767790800:t> - <t:1767798000:t> en __S16__
<t:1767798000:D> **R1.08 Gestion Proj. Orga-TD** : LAGACHE ALEXANDRA -> <t:1767798000:t> - <t:1767805200:t> en __S15__

[2026-01-06T18:01:03.631Z] info: Sending message to channel 1395052443192266916: <t:1767769200:D> **R1.11 Com DS** : BESSON MATHIEU -> <t:1767769200:t> - <t:1767776400:t> en __Amphi2,S25,H21__
<t:1767776400:D> **11 R1.08 Gestion Proj. Orga-TD** : MAGNIN FLORENCE -> <t:1767776400:t> - <t:1767783600:t> en __S11__
<t:1767790800:D> **R1.08 Gestion Proj. Orga-TD** : MAGNIN FLORENCE -> <t:1767790800:t> - <t:1767798000:t> en __040__

[2026-01-06T18:01:03.632Z] info: Message sent to channel 1395052443192266916: <t:1767769200:D> **R1.11 Com DS** : BESSON MATHIEU -> <t:1767769200:t> - <t:1767776400:t> en __Amphi2,S25,H21__
<t:1767776400:D> **11 R1.08 Gestion Proj. Orga-TD** : MAGNIN FLORENCE -> <t:1767776400:t> - <t:1767783600:t> en __S11__
<t:1767790800:D> **R1.08 Gestion Proj. Orga-TD** : MAGNIN FLORENCE -> <t:1767790800:t> - <t:1767798000:t> en __040__

[2026-01-06T18:01:03.634Z] info: Sending message to channel 1395052467070177290: <t:1767769200:D> **R1.11 Com DS** : BESSON MATHIEU -> <t:1767769200:t> - <t:1767776400:t> en __Amphi2,S25,H21__
<t:1767776400:D> **11 R1.08 Gestion Proj. Orga-TD** : MAGNIN FLORENCE -> <t:1767776400:t> - <t:1767783600:t> en __S11__
<t:1767790800:D> **R1.08 Gestion Proj. Orga-TD** : MAGNIN FLORENCE -> <t:1767790800:t> - <t:1767798000:t> en __040__
<t:1767798000:D> **R1.10 Anglais-TPB P2** : CANQUE FLORENCE -> <t:1767798000:t> - <t:1767805200:t> en __026-Langues__

[2026-01-06T18:01:03.634Z] info: Message sent to channel 1395052467070177290: <t:1767769200:D> **R1.11 Com DS** : BESSON MATHIEU -> <t:1767769200:t> - <t:1767776400:t> en __Amphi2,S25,H21__
<t:1767776400:D> **11 R1.08 Gestion Proj. Orga-TD** : MAGNIN FLORENCE -> <t:1767776400:t> - <t:1767783600:t> en __S11__
<t:1767790800:D> **R1.08 Gestion Proj. Orga-TD** : MAGNIN FLORENCE -> <t:1767790800:t> - <t:1767798000:t> en __040__
<t:1767798000:D> **R1.10 Anglais-TPB P2** : CANQUE FLORENCE -> <t:1767798000:t> - <t:1767805200:t> en __026-Langues__

[2026-01-06T18:01:03.635Z] info: Sending message to channel 1395052827985842288: <t:1767769200:D> **R1.11 Com DS** : BESSON MATHIEU -> <t:1767769200:t> - <t:1767776400:t> en __Amphi2,S25,H21__
<t:1767776400:D> **R1.08 Gestion Proj. Orga-TD** : LAGACHE ALEXANDRA -> <t:1767776400:t> - <t:1767783600:t> en __S15__
<t:1767798000:D> **R1.05-2 SQL-TD** : BUYLE-BODIN NICOLAS -> <t:1767798000:t> - <t:1767805200:t> en __S03__

[2026-01-06T18:01:03.636Z] info: Message sent to channel 1395052827985842288: <t:1767769200:D> **R1.11 Com DS** : BESSON MATHIEU -> <t:1767769200:t> - <t:1767776400:t> en __Amphi2,S25,H21__
<t:1767776400:D> **R1.08 Gestion Proj. Orga-TD** : LAGACHE ALEXANDRA -> <t:1767776400:t> - <t:1767783600:t> en __S15__
<t:1767798000:D> **R1.05-2 SQL-TD** : BUYLE-BODIN NICOLAS -> <t:1767798000:t> - <t:1767805200:t> en __S03__

[2026-01-06T18:01:03.636Z] info: Sending message to channel 1395052882486890707: Aucun calendrier trouvé pour le groupe g5s1b pour tomorrow.
[2026-01-06T18:01:03.637Z] info: Message sent to channel 1395052882486890707: Aucun calendrier trouvé pour le groupe g5s1b pour tomorrow.
[2026-01-06T18:01:03.638Z] info: Sending message to channel 1395371275643256924: <t:1767769200:D> **11 R3.11  Droit des contrats et du numérique-TD** : DUFOUR KARLINE -> <t:1767769200:t> - <t:1767776400:t> en __040__
<t:1767776400:D> **16 R3.13 communication professionnelle-TD** : DEBOUTE JOCELYNE -> <t:1767776400:t> - <t:1767783600:t> en __037-Conseil__
<t:1767790800:D> **R3.06 Archi. Réseaux-TPA** : BARON ARIANE -> <t:1767790800:t> - <t:1767798000:t> en __S14__
<t:1767798000:D> **11 R3.02 Dév. Efficace (algo)-TD** : KHEDDOUCI HAMAMACHE -> <t:1767798000:t> - <t:1767805200:t> en __S24__

[2026-01-06T18:01:03.638Z] info: Message sent to channel 1395371275643256924: <t:1767769200:D> **11 R3.11  Droit des contrats et du numérique-TD** : DUFOUR KARLINE -> <t:1767769200:t> - <t:1767776400:t> en __040__
<t:1767776400:D> **16 R3.13 communication professionnelle-TD** : DEBOUTE JOCELYNE -> <t:1767776400:t> - <t:1767783600:t> en __037-Conseil__
<t:1767790800:D> **R3.06 Archi. Réseaux-TPA** : BARON ARIANE -> <t:1767790800:t> - <t:1767798000:t> en __S14__
<t:1767798000:D> **11 R3.02 Dév. Efficace (algo)-TD** : KHEDDOUCI HAMAMACHE -> <t:1767798000:t> - <t:1767805200:t> en __S24__

[2026-01-06T18:01:03.639Z] info: Sending message to channel 1395371292533723147: <t:1767769200:D> **11 R3.11  Droit des contrats et du numérique-TD** : DUFOUR KARLINE -> <t:1767769200:t> - <t:1767776400:t> en __040__
<t:1767776400:D> **16 R3.13 communication professionnelle-TD** : DEBOUTE JOCELYNE -> <t:1767776400:t> - <t:1767783600:t> en __037-Conseil__
<t:1767798000:D> **11 R3.02 Dév. Efficace (algo)-TD** : KHEDDOUCI HAMAMACHE -> <t:1767798000:t> - <t:1767805200:t> en __S24__

[2026-01-06T18:01:03.639Z] info: Message sent to channel 1395371292533723147: <t:1767769200:D> **11 R3.11  Droit des contrats et du numérique-TD** : DUFOUR KARLINE -> <t:1767769200:t> - <t:1767776400:t> en __040__
<t:1767776400:D> **16 R3.13 communication professionnelle-TD** : DEBOUTE JOCELYNE -> <t:1767776400:t> - <t:1767783600:t> en __037-Conseil__
<t:1767798000:D> **11 R3.02 Dév. Efficace (algo)-TD** : KHEDDOUCI HAMAMACHE -> <t:1767798000:t> - <t:1767805200:t> en __S24__

[2026-01-06T18:01:03.641Z] info: Sending message to channel 1395371451573600287: <t:1767769200:D> **21 R3.02 Dév. Efficace (algo)-TD** : KHEDDOUCI HAMAMACHE -> <t:1767769200:t> - <t:1767776400:t> en __S16__
<t:1767776400:D> **11 R3.02 Dév. Efficace (algo)-TD** : KHEDDOUCI HAMAMACHE -> <t:1767776400:t> - <t:1767783600:t> en __S17__
<t:1767790800:D> **16 R3.13 communication professionnelle-TD** : DEBOUTE JOCELYNE -> <t:1767790800:t> - <t:1767798000:t> en __S21__

[2026-01-06T18:01:03.641Z] info: Message sent to channel 1395371451573600287: <t:1767769200:D> **21 R3.02 Dév. Efficace (algo)-TD** : KHEDDOUCI HAMAMACHE -> <t:1767769200:t> - <t:1767776400:t> en __S16__
<t:1767776400:D> **11 R3.02 Dév. Efficace (algo)-TD** : KHEDDOUCI HAMAMACHE -> <t:1767776400:t> - <t:1767783600:t> en __S17__
<t:1767790800:D> **16 R3.13 communication professionnelle-TD** : DEBOUTE JOCELYNE -> <t:1767790800:t> - <t:1767798000:t> en __S21__

[2026-01-06T18:01:03.642Z] info: Sending message to channel 1395371471345553540: <t:1767769200:D> **21 R3.02 Dév. Efficace (algo)-TD** : KHEDDOUCI HAMAMACHE -> <t:1767769200:t> - <t:1767776400:t> en __S16__
<t:1767776400:D> **11 R3.02 Dév. Efficace (algo)-TD** : KHEDDOUCI HAMAMACHE -> <t:1767776400:t> - <t:1767783600:t> en __S17__
<t:1767790800:D> **16 R3.13 communication professionnelle-TD** : DEBOUTE JOCELYNE -> <t:1767790800:t> - <t:1767798000:t> en __S21__

[2026-01-06T18:01:03.642Z] info: Message sent to channel 1395371471345553540: <t:1767769200:D> **21 R3.02 Dév. Efficace (algo)-TD** : KHEDDOUCI HAMAMACHE -> <t:1767769200:t> - <t:1767776400:t> en __S16__
<t:1767776400:D> **11 R3.02 Dév. Efficace (algo)-TD** : KHEDDOUCI HAMAMACHE -> <t:1767776400:t> - <t:1767783600:t> en __S17__
<t:1767790800:D> **16 R3.13 communication professionnelle-TD** : DEBOUTE JOCELYNE -> <t:1767790800:t> - <t:1767798000:t> en __S21__

[2026-01-06T18:01:03.643Z] info: Sending message to channel 1395371640291983370: <t:1767769200:D> **12 R3.03 Analyse-TP** : FACI NOURA -> <t:1767769200:t> - <t:1767776400:t> en __S13__
<t:1767776400:D> **R3.05 Programmation système-TP** : BUSSON ANTHONY -> <t:1767776400:t> - <t:1767783600:t> en __S13__
<t:1767798000:D> **11 R3.14 PPP-TD** : DEBOUTE JOCELYNE -> <t:1767798000:t> - <t:1767805200:t> en __S12__

[2026-01-06T18:01:03.643Z] info: Message sent to channel 1395371640291983370: <t:1767769200:D> **12 R3.03 Analyse-TP** : FACI NOURA -> <t:1767769200:t> - <t:1767776400:t> en __S13__
<t:1767776400:D> **R3.05 Programmation système-TP** : BUSSON ANTHONY -> <t:1767776400:t> - <t:1767783600:t> en __S13__
<t:1767798000:D> **11 R3.14 PPP-TD** : DEBOUTE JOCELYNE -> <t:1767798000:t> - <t:1767805200:t> en __S12__

[2026-01-06T18:01:03.644Z] info: Sending message to channel 1395371506099425310: <t:1767769200:D> **14 R3.06 Archi. Réseaux-TD** : MERRHEIM XAVIER -> <t:1767769200:t> - <t:1767776400:t> en __S10__
<t:1767776400:D> **21 R3.11  Droit des contrats et du numérique-TD** : DUFOUR KARLINE -> <t:1767776400:t> - <t:1767783600:t> en __S10__
<t:1767790800:D> **21R3.04-1 Qualité de developpement-Conception-TD** : DUCHENE ERIC -> <t:1767790800:t> - <t:1767798000:t> en __S24__

[2026-01-06T18:01:03.644Z] info: Message sent to channel 1395371506099425310: <t:1767769200:D> **14 R3.06 Archi. Réseaux-TD** : MERRHEIM XAVIER -> <t:1767769200:t> - <t:1767776400:t> en __S10__
<t:1767776400:D> **21 R3.11  Droit des contrats et du numérique-TD** : DUFOUR KARLINE -> <t:1767776400:t> - <t:1767783600:t> en __S10__
<t:1767790800:D> **21R3.04-1 Qualité de developpement-Conception-TD** : DUCHENE ERIC -> <t:1767790800:t> - <t:1767798000:t> en __S24__

[2026-01-06T18:01:03.644Z] info: Sending message to channel 1395371591797575750: <t:1767769200:D> **14 R3.06 Archi. Réseaux-TD** : MERRHEIM XAVIER -> <t:1767769200:t> - <t:1767776400:t> en __S10__
<t:1767776400:D> **21 R3.11  Droit des contrats et du numérique-TD** : DUFOUR KARLINE -> <t:1767776400:t> - <t:1767783600:t> en __S10__
<t:1767790800:D> **21R3.04-1 Qualité de developpement-Conception-TD** : DUCHENE ERIC -> <t:1767790800:t> - <t:1767798000:t> en __S24__

[2026-01-06T18:01:03.645Z] info: Message sent to channel 1395371591797575750: <t:1767769200:D> **14 R3.06 Archi. Réseaux-TD** : MERRHEIM XAVIER -> <t:1767769200:t> - <t:1767776400:t> en __S10__
<t:1767776400:D> **21 R3.11  Droit des contrats et du numérique-TD** : DUFOUR KARLINE -> <t:1767776400:t> - <t:1767783600:t> en __S10__
<t:1767790800:D> **21R3.04-1 Qualité de developpement-Conception-TD** : DUCHENE ERIC -> <t:1767790800:t> - <t:1767798000:t> en __S24__

[2026-01-06T18:01:03.646Z] info: Sending message to channel 1409494803489488986: <t:1767769200:D> **11R5.A.07 Automatisation TPA** : BUSSON ANTHONY -> <t:1767769200:t> - <t:1767776400:t> en __S26__
<t:1767776400:D> **21R5.A.10 Neo4J** : FACI NOURA -> <t:1767776400:t> - <t:1767783600:t> en __S26__
<t:1767798000:D> **11R5.A.07 Automatisation TPB** : BUSSON ANTHONY -> <t:1767798000:t> - <t:1767805200:t> en __S26__

[2026-01-06T18:01:03.646Z] info: Message sent to channel 1409494803489488986: <t:1767769200:D> **11R5.A.07 Automatisation TPA** : BUSSON ANTHONY -> <t:1767769200:t> - <t:1767776400:t> en __S26__
<t:1767776400:D> **21R5.A.10 Neo4J** : FACI NOURA -> <t:1767776400:t> - <t:1767783600:t> en __S26__
<t:1767798000:D> **11R5.A.07 Automatisation TPB** : BUSSON ANTHONY -> <t:1767798000:t> - <t:1767805200:t> en __S26__

[2026-01-06T18:01:03.648Z] info: Sending message to channel 1409494819574775808: <t:1767769200:D> **11R5.A.07 Automatisation TPA** : BUSSON ANTHONY -> <t:1767769200:t> - <t:1767776400:t> en __S26__
<t:1767776400:D> **21R5.A.10 Neo4J** : FACI NOURA -> <t:1767776400:t> - <t:1767783600:t> en __S26__
<t:1767790800:D> **R5.A.14 Anglais TPB** : BESSAC MARIETTE -> <t:1767790800:t> - <t:1767798000:t> en __028__
<t:1767798000:D> **11R5.A.07 Automatisation TPB** : BUSSON ANTHONY -> <t:1767798000:t> - <t:1767805200:t> en __S26__

[2026-01-06T18:01:03.648Z] info: Message sent to channel 1409494819574775808: <t:1767769200:D> **11R5.A.07 Automatisation TPA** : BUSSON ANTHONY -> <t:1767769200:t> - <t:1767776400:t> en __S26__
<t:1767776400:D> **21R5.A.10 Neo4J** : FACI NOURA -> <t:1767776400:t> - <t:1767783600:t> en __S26__
<t:1767790800:D> **R5.A.14 Anglais TPB** : BESSAC MARIETTE -> <t:1767790800:t> - <t:1767798000:t> en __028__
<t:1767798000:D> **11R5.A.07 Automatisation TPB** : BUSSON ANTHONY -> <t:1767798000:t> - <t:1767805200:t> en __S26__

[2026-01-06T18:01:03.649Z] info: Daily timetables sent
[2026-01-07T18:00:00.058Z] info: Downloading ICS files for tomorrow for groups: aspea, aspeb, g1s1a, g1s1b, g2s1a, g2s1b, g3s1a, g3s1b, g4s1a, g4s1b, g5s1a, g5s1b, g1s3a, g1s3b, g2s3a, g2s3b, g3a2, g4s3a, g4s3b, but3ra1a, but3ra1b, but3ra2a, but3ra2b, but3ra3a, but3ra3b, but3dacs, but3aged
[2026-01-07T18:00:00.061Z] info: Downloading ICS file from https://edt.univ-lyon1.fr/jsp/custom/modules/plannings/anonymous_cal.jsp?resources=9272&projectId=1&calType=ical&firstDate=2026-01-08&lastDate=2026-01-08 to src/calendars/tomorrow/aspea.ics
[2026-01-07T18:00:00.260Z] info: ICS file downloaded successfully to src/calendars/tomorrow/aspea.ics
[2026-01-07T18:00:00.261Z] info: ICS file for aspea downloaded successfully.
[2026-01-07T18:00:00.262Z] info: Downloading ICS file from https://edt.univ-lyon1.fr/jsp/custom/modules/plannings/anonymous_cal.jsp?resources=18783&projectId=1&calType=ical&firstDate=2026-01-08&lastDate=2026-01-08 to src/calendars/tomorrow/aspeb.ics
[2026-01-07T18:00:00.352Z] info: ICS file downloaded successfully to src/calendars/tomorrow/aspeb.ics
[2026-01-07T18:00:00.353Z] info: ICS file for aspeb downloaded successfully.
[2026-01-07T18:00:00.353Z] info: Downloading ICS file from https://edt.univ-lyon1.fr/jsp/custom/modules/plannings/anonymous_cal.jsp?resources=12096&projectId=1&calType=ical&firstDate=2026-01-08&lastDate=2026-01-08 to src/calendars/tomorrow/g1s1a.ics
[2026-01-07T18:00:00.469Z] info: ICS file downloaded successfully to src/calendars/tomorrow/g1s1a.ics
[2026-01-07T18:00:00.470Z] info: ICS file for g1s1a downloaded successfully.
[2026-01-07T18:00:00.470Z] info: Downloading ICS file from https://edt.univ-lyon1.fr/jsp/custom/modules/plannings/anonymous_cal.jsp?resources=12102&projectId=1&calType=ical&firstDate=2026-01-08&lastDate=2026-01-08 to src/calendars/tomorrow/g1s1b.ics
[2026-01-07T18:00:00.541Z] info: ICS file downloaded successfully to src/calendars/tomorrow/g1s1b.ics
[2026-01-07T18:00:00.542Z] info: ICS file for g1s1b downloaded successfully.
[2026-01-07T18:00:00.542Z] info: Downloading ICS file from https://edt.univ-lyon1.fr/jsp/custom/modules/plannings/anonymous_cal.jsp?resources=12403&projectId=1&calType=ical&firstDate=2026-01-08&lastDate=2026-01-08 to src/calendars/tomorrow/g2s1a.ics
[2026-01-07T18:00:00.630Z] info: ICS file downloaded successfully to src/calendars/tomorrow/g2s1a.ics
[2026-01-07T18:00:00.631Z] info: ICS file for g2s1a downloaded successfully.
[2026-01-07T18:00:00.631Z] info: Downloading ICS file from https://edt.univ-lyon1.fr/jsp/custom/modules/plannings/anonymous_cal.jsp?resources=12406&projectId=1&calType=ical&firstDate=2026-01-08&lastDate=2026-01-08 to src/calendars/tomorrow/g2s1b.ics
[2026-01-07T18:00:00.721Z] info: ICS file downloaded successfully to src/calendars/tomorrow/g2s1b.ics
[2026-01-07T18:00:00.721Z] info: ICS file for g2s1b downloaded successfully.
[2026-01-07T18:00:00.722Z] info: Downloading ICS file from https://edt.univ-lyon1.fr/jsp/custom/modules/plannings/anonymous_cal.jsp?resources=12419&projectId=1&calType=ical&firstDate=2026-01-08&lastDate=2026-01-08 to src/calendars/tomorrow/g3s1a.ics
[2026-01-07T18:00:00.795Z] info: ICS file downloaded successfully to src/calendars/tomorrow/g3s1a.ics
[2026-01-07T18:00:00.796Z] info: ICS file for g3s1a downloaded successfully.
[2026-01-07T18:00:00.796Z] info: Downloading ICS file from https://edt.univ-lyon1.fr/jsp/custom/modules/plannings/anonymous_cal.jsp?resources=12425&projectId=1&calType=ical&firstDate=2026-01-08&lastDate=2026-01-08 to src/calendars/tomorrow/g3s1b.ics
[2026-01-07T18:00:00.885Z] info: ICS file downloaded successfully to src/calendars/tomorrow/g3s1b.ics
[2026-01-07T18:00:00.885Z] info: ICS file for g3s1b downloaded successfully.
[2026-01-07T18:00:00.886Z] info: Downloading ICS file from https://edt.univ-lyon1.fr/jsp/custom/modules/plannings/anonymous_cal.jsp?resources=12424&projectId=1&calType=ical&firstDate=2026-01-08&lastDate=2026-01-08 to src/calendars/tomorrow/g4s1a.ics
[2026-01-07T18:00:01.019Z] info: ICS file downloaded successfully to src/calendars/tomorrow/g4s1a.ics
[2026-01-07T18:00:01.020Z] info: ICS file for g4s1a downloaded successfully.
[2026-01-07T18:00:01.020Z] info: Downloading ICS file from https://edt.univ-lyon1.fr/jsp/custom/modules/plannings/anonymous_cal.jsp?resources=12444&projectId=1&calType=ical&firstDate=2026-01-08&lastDate=2026-01-08 to src/calendars/tomorrow/g4s1b.ics
[2026-01-07T18:00:01.121Z] info: ICS file downloaded successfully to src/calendars/tomorrow/g4s1b.ics
[2026-01-07T18:00:01.122Z] info: ICS file for g4s1b downloaded successfully.
[2026-01-07T18:00:01.122Z] info: Downloading ICS file from https://edt.univ-lyon1.fr/jsp/custom/modules/plannings/anonymous_cal.jsp?resources=12460&projectId=1&calType=ical&firstDate=2026-01-08&lastDate=2026-01-08 to src/calendars/tomorrow/g5s1a.ics
[2026-01-07T18:00:01.201Z] info: ICS file downloaded successfully to src/calendars/tomorrow/g5s1a.ics
[2026-01-07T18:00:01.202Z] info: ICS file for g5s1a downloaded successfully.
[2026-01-07T18:00:01.202Z] info: Downloading ICS file from https://edt.univ-lyon1.fr/jsp/custom/modules/plannings/anonymous_cal.jsp?resources=12461&projectId=1&calType=ical&firstDate=2026-01-08&lastDate=2026-01-08 to src/calendars/tomorrow/g5s1b.ics
[2026-01-07T18:00:01.282Z] info: ICS file downloaded successfully to src/calendars/tomorrow/g5s1b.ics
[2026-01-07T18:00:01.282Z] info: ICS file for g5s1b downloaded successfully.
[2026-01-07T18:00:01.282Z] info: Downloading ICS file from https://edt.univ-lyon1.fr/jsp/custom/modules/plannings/anonymous_cal.jsp?resources=35708&projectId=1&calType=ical&firstDate=2026-01-08&lastDate=2026-01-08 to src/calendars/tomorrow/g1s3a.ics
[2026-01-07T18:00:01.406Z] info: ICS file downloaded successfully to src/calendars/tomorrow/g1s3a.ics
[2026-01-07T18:00:01.407Z] info: ICS file for g1s3a downloaded successfully.
[2026-01-07T18:00:01.407Z] info: Downloading ICS file from https://edt.univ-lyon1.fr/jsp/custom/modules/plannings/anonymous_cal.jsp?resources=35709&projectId=1&calType=ical&firstDate=2026-01-08&lastDate=2026-01-08 to src/calendars/tomorrow/g1s3b.ics
[2026-01-07T18:00:01.565Z] info: ICS file downloaded successfully to src/calendars/tomorrow/g1s3b.ics
[2026-01-07T18:00:01.565Z] info: ICS file for g1s3b downloaded successfully.
[2026-01-07T18:00:01.566Z] info: Downloading ICS file from https://edt.univ-lyon1.fr/jsp/custom/modules/plannings/anonymous_cal.jsp?resources=35710&projectId=1&calType=ical&firstDate=2026-01-08&lastDate=2026-01-08 to src/calendars/tomorrow/g2s3a.ics
[2026-01-07T18:00:01.753Z] info: ICS file downloaded successfully to src/calendars/tomorrow/g2s3a.ics
[2026-01-07T18:00:01.754Z] info: ICS file for g2s3a downloaded successfully.
[2026-01-07T18:00:01.754Z] info: Downloading ICS file from https://edt.univ-lyon1.fr/jsp/custom/modules/plannings/anonymous_cal.jsp?resources=35713&projectId=1&calType=ical&firstDate=2026-01-08&lastDate=2026-01-08 to src/calendars/tomorrow/g2s3b.ics
[2026-01-07T18:00:01.854Z] info: ICS file downloaded successfully to src/calendars/tomorrow/g2s3b.ics
[2026-01-07T18:00:01.855Z] info: ICS file for g2s3b downloaded successfully.
[2026-01-07T18:00:01.855Z] info: Downloading ICS file from https://edt.univ-lyon1.fr/jsp/custom/modules/plannings/anonymous_cal.jsp?resources=35714&projectId=1&calType=ical&firstDate=2026-01-08&lastDate=2026-01-08 to src/calendars/tomorrow/g3a2.ics
[2026-01-07T18:00:01.989Z] info: ICS file downloaded successfully to src/calendars/tomorrow/g3a2.ics
[2026-01-07T18:00:01.989Z] info: ICS file for g3a2 downloaded successfully.
[2026-01-07T18:00:01.989Z] info: Downloading ICS file from https://edt.univ-lyon1.fr/jsp/custom/modules/plannings/anonymous_cal.jsp?resources=35717&projectId=1&calType=ical&firstDate=2026-01-08&lastDate=2026-01-08 to src/calendars/tomorrow/g4s3a.ics
[2026-01-07T18:00:02.118Z] info: ICS file downloaded successfully to src/calendars/tomorrow/g4s3a.ics
[2026-01-07T18:00:02.118Z] info: ICS file for g4s3a downloaded successfully.
[2026-01-07T18:00:02.118Z] info: Downloading ICS file from https://edt.univ-lyon1.fr/jsp/custom/modules/plannings/anonymous_cal.jsp?resources=35718&projectId=1&calType=ical&firstDate=2026-01-08&lastDate=2026-01-08 to src/calendars/tomorrow/g4s3b.ics
[2026-01-07T18:00:02.206Z] info: ICS file downloaded successfully to src/calendars/tomorrow/g4s3b.ics
[2026-01-07T18:00:02.206Z] info: ICS file for g4s3b downloaded successfully.
[2026-01-07T18:00:02.206Z] info: Downloading ICS file from https://edt.univ-lyon1.fr/jsp/custom/modules/plannings/anonymous_cal.jsp?resources=6161&projectId=1&calType=ical&firstDate=2026-01-08&lastDate=2026-01-08 to src/calendars/tomorrow/but3ra1a.ics
[2026-01-07T18:00:02.297Z] info: ICS file downloaded successfully to src/calendars/tomorrow/but3ra1a.ics
[2026-01-07T18:00:02.297Z] info: ICS file for but3ra1a downloaded successfully.
[2026-01-07T18:00:02.297Z] info: Downloading ICS file from https://edt.univ-lyon1.fr/jsp/custom/modules/plannings/anonymous_cal.jsp?resources=6163&projectId=1&calType=ical&firstDate=2026-01-08&lastDate=2026-01-08 to src/calendars/tomorrow/but3ra1b.ics
[2026-01-07T18:00:02.428Z] info: ICS file downloaded successfully to src/calendars/tomorrow/but3ra1b.ics
[2026-01-07T18:00:02.429Z] info: ICS file for but3ra1b downloaded successfully.
[2026-01-07T18:00:02.429Z] info: Downloading ICS file from https://edt.univ-lyon1.fr/jsp/custom/modules/plannings/anonymous_cal.jsp?resources=6165&projectId=1&calType=ical&firstDate=2026-01-08&lastDate=2026-01-08 to src/calendars/tomorrow/but3ra2a.ics
[2026-01-07T18:00:02.506Z] info: ICS file downloaded successfully to src/calendars/tomorrow/but3ra2a.ics
[2026-01-07T18:00:02.507Z] info: ICS file for but3ra2a downloaded successfully.
[2026-01-07T18:00:02.507Z] info: Downloading ICS file from https://edt.univ-lyon1.fr/jsp/custom/modules/plannings/anonymous_cal.jsp?resources=6168&projectId=1&calType=ical&firstDate=2026-01-08&lastDate=2026-01-08 to src/calendars/tomorrow/but3ra2b.ics
[2026-01-07T18:00:02.649Z] info: ICS file downloaded successfully to src/calendars/tomorrow/but3ra2b.ics
[2026-01-07T18:00:02.649Z] info: ICS file for but3ra2b downloaded successfully.
[2026-01-07T18:00:02.650Z] info: Downloading ICS file from https://edt.univ-lyon1.fr/jsp/custom/modules/plannings/anonymous_cal.jsp?resources=14059&projectId=1&calType=ical&firstDate=2026-01-08&lastDate=2026-01-08 to src/calendars/tomorrow/but3ra3a.ics
[2026-01-07T18:00:02.755Z] info: ICS file downloaded successfully to src/calendars/tomorrow/but3ra3a.ics
[2026-01-07T18:00:02.756Z] info: ICS file for but3ra3a downloaded successfully.
[2026-01-07T18:00:02.756Z] info: Downloading ICS file from https://edt.univ-lyon1.fr/jsp/custom/modules/plannings/anonymous_cal.jsp?resources=14064&projectId=1&calType=ical&firstDate=2026-01-08&lastDate=2026-01-08 to src/calendars/tomorrow/but3ra3b.ics
[2026-01-07T18:00:02.847Z] info: ICS file downloaded successfully to src/calendars/tomorrow/but3ra3b.ics
[2026-01-07T18:00:02.848Z] info: ICS file for but3ra3b downloaded successfully.
[2026-01-07T18:00:02.848Z] info: Downloading ICS file from https://edt.univ-lyon1.fr/jsp/custom/modules/plannings/anonymous_cal.jsp?resources=6136&projectId=1&calType=ical&firstDate=2026-01-08&lastDate=2026-01-08 to src/calendars/tomorrow/but3dacs.ics
[2026-01-07T18:00:02.939Z] info: ICS file downloaded successfully to src/calendars/tomorrow/but3dacs.ics
[2026-01-07T18:00:02.940Z] info: ICS file for but3dacs downloaded successfully.
[2026-01-07T18:00:02.940Z] info: Downloading ICS file from https://edt.univ-lyon1.fr/jsp/custom/modules/plannings/anonymous_cal.jsp?resources=6048&projectId=1&calType=ical&firstDate=2026-01-08&lastDate=2026-01-08 to src/calendars/tomorrow/but3aged.ics
[2026-01-07T18:00:03.023Z] info: ICS file downloaded successfully to src/calendars/tomorrow/but3aged.ics
[2026-01-07T18:00:03.023Z] info: ICS file for but3aged downloaded successfully.
[2026-01-07T18:00:03.023Z] info: Sending daily timetables
[2026-01-07T18:00:03.035Z] info: Sending message to channel 1395371772550975558: <t:1767855600:D> **11Graphes** : LEROUX STEPHANE -> <t:1767855600:t> - <t:1767862800:t> en __S11__

[2026-01-07T18:00:03.035Z] info: Message sent to channel 1395371772550975558: <t:1767855600:D> **11Graphes** : LEROUX STEPHANE -> <t:1767855600:t> - <t:1767862800:t> en __S11__

[2026-01-07T18:00:03.036Z] info: Sending message to channel 1395052296521646282: <t:1767855600:D> **R1.01 initation dev TD** : BUYLE-BODIN NICOLAS -> <t:1767855600:t> - <t:1767862800:t> en __S12__
<t:1767862800:D> **R1.05-2 SQL-TD** : BARON ARIANE -> <t:1767862800:t> - <t:1767870000:t> en __S14__

[2026-01-07T18:00:03.037Z] info: Message sent to channel 1395052296521646282: <t:1767855600:D> **R1.01 initation dev TD** : BUYLE-BODIN NICOLAS -> <t:1767855600:t> - <t:1767862800:t> en __S12__
<t:1767862800:D> **R1.05-2 SQL-TD** : BARON ARIANE -> <t:1767862800:t> - <t:1767870000:t> en __S14__

[2026-01-07T18:00:03.037Z] info: Sending message to channel 1395052332969885726: <t:1767855600:D> **R1.01 initation dev TD** : BUYLE-BODIN NICOLAS -> <t:1767855600:t> - <t:1767862800:t> en __S12__
<t:1767862800:D> **R1.05-2 SQL-TD** : BARON ARIANE -> <t:1767862800:t> - <t:1767870000:t> en __S14__

[2026-01-07T18:00:03.038Z] info: Message sent to channel 1395052332969885726: <t:1767855600:D> **R1.01 initation dev TD** : BUYLE-BODIN NICOLAS -> <t:1767855600:t> - <t:1767862800:t> en __S12__
<t:1767862800:D> **R1.05-2 SQL-TD** : BARON ARIANE -> <t:1767862800:t> - <t:1767870000:t> en __S14__

[2026-01-07T18:00:03.038Z] info: Sending message to channel 1395052379866660874: <t:1767855600:D> **R1.05-2 SQL-TD** : BARON ARIANE -> <t:1767855600:t> - <t:1767862800:t> en __S14__
<t:1767862800:D> **SAE Autonomie G2** : G2S1A -> <t:1767862800:t> - <t:1767870000:t> en __S26__
<t:1767877200:D> **SAE Autonomie G2** : G2S1A -> <t:1767877200:t> - <t:1767884400:t> en __S27__

[2026-01-07T18:00:03.039Z] info: Message sent to channel 1395052379866660874: <t:1767855600:D> **R1.05-2 SQL-TD** : BARON ARIANE -> <t:1767855600:t> - <t:1767862800:t> en __S14__
<t:1767862800:D> **SAE Autonomie G2** : G2S1A -> <t:1767862800:t> - <t:1767870000:t> en __S26__
<t:1767877200:D> **SAE Autonomie G2** : G2S1A -> <t:1767877200:t> - <t:1767884400:t> en __S27__

[2026-01-07T18:00:03.040Z] info: Sending message to channel 1395052392092930048: <t:1767855600:D> **R1.05-2 SQL-TD** : BARON ARIANE -> <t:1767855600:t> - <t:1767862800:t> en __S14__
<t:1767862800:D> **SAE Autonomie G2** : G2S1A -> <t:1767862800:t> - <t:1767870000:t> en __S26__
<t:1767877200:D> **SAE Autonomie G2** : G2S1A -> <t:1767877200:t> - <t:1767884400:t> en __S27__

[2026-01-07T18:00:03.040Z] info: Message sent to channel 1395052392092930048: <t:1767855600:D> **R1.05-2 SQL-TD** : BARON ARIANE -> <t:1767855600:t> - <t:1767862800:t> en __S14__
<t:1767862800:D> **SAE Autonomie G2** : G2S1A -> <t:1767862800:t> - <t:1767870000:t> en __S26__
<t:1767877200:D> **SAE Autonomie G2** : G2S1A -> <t:1767877200:t> - <t:1767884400:t> en __S27__

[2026-01-07T18:00:03.040Z] info: Sending message to channel 1395056179914473612: <t:1767862800:D> **R1.01 initation dev TD** : VIDAL VINCENT -> <t:1767862800:t> - <t:1767870000:t> en __040__

[2026-01-07T18:00:03.041Z] info: Message sent to channel 1395056179914473612: <t:1767862800:D> **R1.01 initation dev TD** : VIDAL VINCENT -> <t:1767862800:t> - <t:1767870000:t> en __040__

[2026-01-07T18:00:03.043Z] info: Sending message to channel 1395052422401101905: <t:1767855600:D> **R1.10 Anglais-TPB P2** : CANQUE FLORENCE -> <t:1767855600:t> - <t:1767862800:t> en __026-Langues__
<t:1767862800:D> **R1.01 initation dev TD** : VIDAL VINCENT -> <t:1767862800:t> - <t:1767870000:t> en __040__

[2026-01-07T18:00:03.043Z] info: Message sent to channel 1395052422401101905: <t:1767855600:D> **R1.10 Anglais-TPB P2** : CANQUE FLORENCE -> <t:1767855600:t> - <t:1767862800:t> en __026-Langues__
<t:1767862800:D> **R1.01 initation dev TD** : VIDAL VINCENT -> <t:1767862800:t> - <t:1767870000:t> en __040__

[2026-01-07T18:00:03.044Z] info: Sending message to channel 1395052443192266916: <t:1767855600:D> **SAE Autonomie G4** : G4S1B -> <t:1767855600:t> - <t:1767862800:t> en __S27__
<t:1767862800:D> **R1.05-2 SQL-TD** : BONNET CHRISTINE -> <t:1767862800:t> - <t:1767870000:t> en __S24__

[2026-01-07T18:00:03.044Z] info: Message sent to channel 1395052443192266916: <t:1767855600:D> **SAE Autonomie G4** : G4S1B -> <t:1767855600:t> - <t:1767862800:t> en __S27__
<t:1767862800:D> **R1.05-2 SQL-TD** : BONNET CHRISTINE -> <t:1767862800:t> - <t:1767870000:t> en __S24__

[2026-01-07T18:00:03.045Z] info: Sending message to channel 1395052467070177290: <t:1767855600:D> **SAE Autonomie G4** : G4S1B -> <t:1767855600:t> - <t:1767862800:t> en __S27__
<t:1767862800:D> **R1.05-2 SQL-TD** : BONNET CHRISTINE -> <t:1767862800:t> - <t:1767870000:t> en __S24__

[2026-01-07T18:00:03.045Z] info: Message sent to channel 1395052467070177290: <t:1767855600:D> **SAE Autonomie G4** : G4S1B -> <t:1767855600:t> - <t:1767862800:t> en __S27__
<t:1767862800:D> **R1.05-2 SQL-TD** : BONNET CHRISTINE -> <t:1767862800:t> - <t:1767870000:t> en __S24__

[2026-01-07T18:00:03.045Z] info: Sending message to channel 1395052827985842288: <t:1767855600:D> **SAE Autonomie G5** : G5S1A -> <t:1767855600:t> - <t:1767862800:t> en __S13__
<t:1767862800:D> **24 R1.06 Maths discrètes TD** : LEROUX STEPHANE -> <t:1767862800:t> - <t:1767870000:t> en __S12__

[2026-01-07T18:00:03.046Z] info: Message sent to channel 1395052827985842288: <t:1767855600:D> **SAE Autonomie G5** : G5S1A -> <t:1767855600:t> - <t:1767862800:t> en __S13__
<t:1767862800:D> **24 R1.06 Maths discrètes TD** : LEROUX STEPHANE -> <t:1767862800:t> - <t:1767870000:t> en __S12__

[2026-01-07T18:00:03.046Z] info: Sending message to channel 1395052882486890707: <t:1767855600:D> **SAE Autonomie G5** : G5S1A -> <t:1767855600:t> - <t:1767862800:t> en __S13__
<t:1767862800:D> **24 R1.06 Maths discrètes TD** : LEROUX STEPHANE -> <t:1767862800:t> - <t:1767870000:t> en __S12__

[2026-01-07T18:00:03.046Z] info: Message sent to channel 1395052882486890707: <t:1767855600:D> **SAE Autonomie G5** : G5S1A -> <t:1767855600:t> - <t:1767862800:t> en __S13__
<t:1767862800:D> **24 R1.06 Maths discrètes TD** : LEROUX STEPHANE -> <t:1767862800:t> - <t:1767870000:t> en __S12__

[2026-01-07T18:00:03.047Z] info: Sending message to channel 1395371292533723147: <t:1767855600:D> **R3.09 Crypto et sécurité-TPB** : JALOUX CHRISTOPHE -> <t:1767855600:t> - <t:1767862800:t> en __S17__
<t:1767862800:D> **SAE TPB8** : JOUBERT AUDE -> <t:1767862800:t> - <t:1767870000:t> en __S16__

[2026-01-07T18:00:03.047Z] info: Message sent to channel 1395371292533723147: <t:1767855600:D> **R3.09 Crypto et sécurité-TPB** : JALOUX CHRISTOPHE -> <t:1767855600:t> - <t:1767862800:t> en __S17__
<t:1767862800:D> **SAE TPB8** : JOUBERT AUDE -> <t:1767862800:t> - <t:1767870000:t> en __S16__

[2026-01-07T18:00:03.047Z] info: Sending message to channel 1395371451573600287: <t:1767855600:D> **21R3.04-1 Qualité de developpement-Conception-TD** : PEYTAVIE ADRIEN -> <t:1767855600:t> - <t:1767862800:t> en __S16__

[2026-01-07T18:00:03.047Z] info: Message sent to channel 1395371451573600287: <t:1767855600:D> **21R3.04-1 Qualité de developpement-Conception-TD** : PEYTAVIE ADRIEN -> <t:1767855600:t> - <t:1767862800:t> en __S16__

[2026-01-07T18:00:03.048Z] info: Sending message to channel 1395371471345553540: <t:1767855600:D> **21R3.04-1 Qualité de developpement-Conception-TD** : PEYTAVIE ADRIEN -> <t:1767855600:t> - <t:1767862800:t> en __S16__
<t:1767862800:D> **R3.09 Crypto et sécurité-TPB** : JALOUX CHRISTOPHE -> <t:1767862800:t> - <t:1767870000:t> en __S17__

[2026-01-07T18:00:03.048Z] info: Message sent to channel 1395371471345553540: <t:1767855600:D> **21R3.04-1 Qualité de developpement-Conception-TD** : PEYTAVIE ADRIEN -> <t:1767855600:t> - <t:1767862800:t> en __S16__
<t:1767862800:D> **R3.09 Crypto et sécurité-TPB** : JALOUX CHRISTOPHE -> <t:1767862800:t> - <t:1767870000:t> en __S17__

[2026-01-07T18:00:03.049Z] info: Sending message to channel 1395371640291983370: <t:1767855600:D> **11 R3.11 Droit des contrats et du numérique-TD** : DUFOUR KARLINE -> <t:1767855600:t> - <t:1767862800:t> en __S15__
<t:1767862800:D> **21 R3.11 Droit des contrats et du numérique-TD** : DUFOUR KARLINE -> <t:1767862800:t> - <t:1767870000:t> en __S11__

[2026-01-07T18:00:03.049Z] info: Message sent to channel 1395371640291983370: <t:1767855600:D> **11 R3.11 Droit des contrats et du numérique-TD** : DUFOUR KARLINE -> <t:1767855600:t> - <t:1767862800:t> en __S15__
<t:1767862800:D> **21 R3.11 Droit des contrats et du numérique-TD** : DUFOUR KARLINE -> <t:1767862800:t> - <t:1767870000:t> en __S11__

[2026-01-07T18:00:03.049Z] info: Sending message to channel 1395371506099425310: <t:1767855600:D> **11 R3.04-1 Qualité de developpement-Conception-TD G1** : DUCHENE ERIC -> <t:1767855600:t> - <t:1767862800:t> en __S03__

[2026-01-07T18:00:03.049Z] info: Message sent to channel 1395371506099425310: <t:1767855600:D> **11 R3.04-1 Qualité de developpement-Conception-TD G1** : DUCHENE ERIC -> <t:1767855600:t> - <t:1767862800:t> en __S03__

[2026-01-07T18:00:03.050Z] info: Sending message to channel 1395371591797575750: <t:1767855600:D> **11 R3.04-1 Qualité de developpement-Conception-TD G1** : DUCHENE ERIC -> <t:1767855600:t> - <t:1767862800:t> en __S03__
<t:1767862800:D> **SAE TPB8** : PEYTAVIE ADRIEN -> <t:1767862800:t> - <t:1767870000:t> en __S03__

[2026-01-07T18:00:03.050Z] info: Message sent to channel 1395371591797575750: <t:1767855600:D> **11 R3.04-1 Qualité de developpement-Conception-TD G1** : DUCHENE ERIC -> <t:1767855600:t> - <t:1767862800:t> en __S03__
<t:1767862800:D> **SAE TPB8** : PEYTAVIE ADRIEN -> <t:1767862800:t> - <t:1767870000:t> en __S03__

[2026-01-07T18:00:03.051Z] info: Sending message to channel 1409494803489488986: <t:1767855600:D> **11 R5.A.11 Aide à la décision TD** : JOUBERT AUDE -> <t:1767855600:t> - <t:1767862800:t> en __S26__
<t:1767862800:D> **R5.03 Communication TD** : DEBOUTE JOCELYNE -> <t:1767862800:t> - <t:1767870000:t> en __S10__
<t:1767877200:D> **R5.A.06 Programmation multimédia TPA** : PEYTAVIE ADRIEN -> <t:1767877200:t> - <t:1767884400:t> en __S16__
<t:1767884400:D> **S.A.01 SAE Dev avancé AP** : PEYTAVIE ADRIEN -> <t:1767884400:t> - <t:1767891600:t> en __S26__

[2026-01-07T18:00:03.051Z] info: Message sent to channel 1409494803489488986: <t:1767855600:D> **11 R5.A.11 Aide à la décision TD** : JOUBERT AUDE -> <t:1767855600:t> - <t:1767862800:t> en __S26__
<t:1767862800:D> **R5.03 Communication TD** : DEBOUTE JOCELYNE -> <t:1767862800:t> - <t:1767870000:t> en __S10__
<t:1767877200:D> **R5.A.06 Programmation multimédia TPA** : PEYTAVIE ADRIEN -> <t:1767877200:t> - <t:1767884400:t> en __S16__
<t:1767884400:D> **S.A.01 SAE Dev avancé AP** : PEYTAVIE ADRIEN -> <t:1767884400:t> - <t:1767891600:t> en __S26__

[2026-01-07T18:00:03.052Z] info: Sending message to channel 1409494819574775808: <t:1767855600:D> **11 R5.A.11 Aide à la décision TD** : JOUBERT AUDE -> <t:1767855600:t> - <t:1767862800:t> en __S26__
<t:1767862800:D> **R5.03 Communication TD** : DEBOUTE JOCELYNE -> <t:1767862800:t> - <t:1767870000:t> en __S10__
<t:1767877200:D> **R5.03 Communication TPB** : DEBOUTE JOCELYNE -> <t:1767877200:t> - <t:1767884400:t> en __S10__
<t:1767884400:D> **S.A.01 SAE Dev avancé AP** : PEYTAVIE ADRIEN -> <t:1767884400:t> - <t:1767891600:t> en __S26__

[2026-01-07T18:00:03.054Z] info: Message sent to channel 1409494819574775808: <t:1767855600:D> **11 R5.A.11 Aide à la décision TD** : JOUBERT AUDE -> <t:1767855600:t> - <t:1767862800:t> en __S26__
<t:1767862800:D> **R5.03 Communication TD** : DEBOUTE JOCELYNE -> <t:1767862800:t> - <t:1767870000:t> en __S10__
<t:1767877200:D> **R5.03 Communication TPB** : DEBOUTE JOCELYNE -> <t:1767877200:t> - <t:1767884400:t> en __S10__
<t:1767884400:D> **S.A.01 SAE Dev avancé AP** : PEYTAVIE ADRIEN -> <t:1767884400:t> - <t:1767891600:t> en __S26__

[2026-01-07T18:00:03.055Z] info: Daily timetables sent
[2026-01-08T18:00:00.741Z] info: Downloading ICS files for tomorrow for groups: aspea, aspeb, g1s1a, g1s1b, g2s1a, g2s1b, g3s1a, g3s1b, g4s1a, g4s1b, g5s1a, g5s1b, g1s3a, g1s3b, g2s3a, g2s3b, g3a2, g4s3a, g4s3b, but3ra1a, but3ra1b, but3ra2a, but3ra2b, but3ra3a, but3ra3b, but3dacs, but3aged
[2026-01-08T18:00:00.742Z] info: Downloading ICS file from https://edt.univ-lyon1.fr/jsp/custom/modules/plannings/anonymous_cal.jsp?resources=9272&projectId=1&calType=ical&firstDate=2026-01-09&lastDate=2026-01-09 to src/calendars/tomorrow/aspea.ics
[2026-01-08T18:00:00.913Z] info: ICS file downloaded successfully to src/calendars/tomorrow/aspea.ics
[2026-01-08T18:00:00.914Z] info: ICS file for aspea downloaded successfully.
[2026-01-08T18:00:00.914Z] info: Downloading ICS file from https://edt.univ-lyon1.fr/jsp/custom/modules/plannings/anonymous_cal.jsp?resources=18783&projectId=1&calType=ical&firstDate=2026-01-09&lastDate=2026-01-09 to src/calendars/tomorrow/aspeb.ics
[2026-01-08T18:00:01.036Z] info: ICS file downloaded successfully to src/calendars/tomorrow/aspeb.ics
[2026-01-08T18:00:01.037Z] info: ICS file for aspeb downloaded successfully.
[2026-01-08T18:00:01.037Z] info: Downloading ICS file from https://edt.univ-lyon1.fr/jsp/custom/modules/plannings/anonymous_cal.jsp?resources=12096&projectId=1&calType=ical&firstDate=2026-01-09&lastDate=2026-01-09 to src/calendars/tomorrow/g1s1a.ics
[2026-01-08T18:00:01.137Z] info: ICS file downloaded successfully to src/calendars/tomorrow/g1s1a.ics
[2026-01-08T18:00:01.138Z] info: ICS file for g1s1a downloaded successfully.
[2026-01-08T18:00:01.138Z] info: Downloading ICS file from https://edt.univ-lyon1.fr/jsp/custom/modules/plannings/anonymous_cal.jsp?resources=12102&projectId=1&calType=ical&firstDate=2026-01-09&lastDate=2026-01-09 to src/calendars/tomorrow/g1s1b.ics
[2026-01-08T18:00:01.261Z] info: ICS file downloaded successfully to src/calendars/tomorrow/g1s1b.ics
[2026-01-08T18:00:01.262Z] info: ICS file for g1s1b downloaded successfully.
[2026-01-08T18:00:01.262Z] info: Downloading ICS file from https://edt.univ-lyon1.fr/jsp/custom/modules/plannings/anonymous_cal.jsp?resources=12403&projectId=1&calType=ical&firstDate=2026-01-09&lastDate=2026-01-09 to src/calendars/tomorrow/g2s1a.ics
[2026-01-08T18:00:01.406Z] info: ICS file downloaded successfully to src/calendars/tomorrow/g2s1a.ics
[2026-01-08T18:00:01.407Z] info: ICS file for g2s1a downloaded successfully.
[2026-01-08T18:00:01.407Z] info: Downloading ICS file from https://edt.univ-lyon1.fr/jsp/custom/modules/plannings/anonymous_cal.jsp?resources=12406&projectId=1&calType=ical&firstDate=2026-01-09&lastDate=2026-01-09 to src/calendars/tomorrow/g2s1b.ics
[2026-01-08T18:00:01.539Z] info: ICS file downloaded successfully to src/calendars/tomorrow/g2s1b.ics
[2026-01-08T18:00:01.540Z] info: ICS file for g2s1b downloaded successfully.
[2026-01-08T18:00:01.540Z] info: Downloading ICS file from https://edt.univ-lyon1.fr/jsp/custom/modules/plannings/anonymous_cal.jsp?resources=12419&projectId=1&calType=ical&firstDate=2026-01-09&lastDate=2026-01-09 to src/calendars/tomorrow/g3s1a.ics
[2026-01-08T18:00:01.629Z] info: ICS file downloaded successfully to src/calendars/tomorrow/g3s1a.ics
[2026-01-08T18:00:01.629Z] info: ICS file for g3s1a downloaded successfully.
[2026-01-08T18:00:01.630Z] info: Downloading ICS file from https://edt.univ-lyon1.fr/jsp/custom/modules/plannings/anonymous_cal.jsp?resources=12425&projectId=1&calType=ical&firstDate=2026-01-09&lastDate=2026-01-09 to src/calendars/tomorrow/g3s1b.ics
[2026-01-08T18:00:01.723Z] info: ICS file downloaded successfully to src/calendars/tomorrow/g3s1b.ics
[2026-01-08T18:00:01.723Z] info: ICS file for g3s1b downloaded successfully.
[2026-01-08T18:00:01.724Z] info: Downloading ICS file from https://edt.univ-lyon1.fr/jsp/custom/modules/plannings/anonymous_cal.jsp?resources=12424&projectId=1&calType=ical&firstDate=2026-01-09&lastDate=2026-01-09 to src/calendars/tomorrow/g4s1a.ics
[2026-01-08T18:00:01.843Z] info: ICS file downloaded successfully to src/calendars/tomorrow/g4s1a.ics
[2026-01-08T18:00:01.843Z] info: ICS file for g4s1a downloaded successfully.
[2026-01-08T18:00:01.844Z] info: Downloading ICS file from https://edt.univ-lyon1.fr/jsp/custom/modules/plannings/anonymous_cal.jsp?resources=12444&projectId=1&calType=ical&firstDate=2026-01-09&lastDate=2026-01-09 to src/calendars/tomorrow/g4s1b.ics
[2026-01-08T18:00:01.984Z] info: ICS file downloaded successfully to src/calendars/tomorrow/g4s1b.ics
[2026-01-08T18:00:01.985Z] info: ICS file for g4s1b downloaded successfully.
[2026-01-08T18:00:01.985Z] info: Downloading ICS file from https://edt.univ-lyon1.fr/jsp/custom/modules/plannings/anonymous_cal.jsp?resources=12460&projectId=1&calType=ical&firstDate=2026-01-09&lastDate=2026-01-09 to src/calendars/tomorrow/g5s1a.ics
[2026-01-08T18:00:02.077Z] info: ICS file downloaded successfully to src/calendars/tomorrow/g5s1a.ics
[2026-01-08T18:00:02.078Z] info: ICS file for g5s1a downloaded successfully.
[2026-01-08T18:00:02.078Z] info: Downloading ICS file from https://edt.univ-lyon1.fr/jsp/custom/modules/plannings/anonymous_cal.jsp?resources=12461&projectId=1&calType=ical&firstDate=2026-01-09&lastDate=2026-01-09 to src/calendars/tomorrow/g5s1b.ics
[2026-01-08T18:00:02.198Z] info: ICS file downloaded successfully to src/calendars/tomorrow/g5s1b.ics
[2026-01-08T18:00:02.198Z] info: ICS file for g5s1b downloaded successfully.
[2026-01-08T18:00:02.199Z] info: Downloading ICS file from https://edt.univ-lyon1.fr/jsp/custom/modules/plannings/anonymous_cal.jsp?resources=35708&projectId=1&calType=ical&firstDate=2026-01-09&lastDate=2026-01-09 to src/calendars/tomorrow/g1s3a.ics
[2026-01-08T18:00:02.305Z] info: ICS file downloaded successfully to src/calendars/tomorrow/g1s3a.ics
[2026-01-08T18:00:02.306Z] info: ICS file for g1s3a downloaded successfully.
[2026-01-08T18:00:02.306Z] info: Downloading ICS file from https://edt.univ-lyon1.fr/jsp/custom/modules/plannings/anonymous_cal.jsp?resources=35709&projectId=1&calType=ical&firstDate=2026-01-09&lastDate=2026-01-09 to src/calendars/tomorrow/g1s3b.ics
[2026-01-08T18:00:02.444Z] info: ICS file downloaded successfully to src/calendars/tomorrow/g1s3b.ics
[2026-01-08T18:00:02.445Z] info: ICS file for g1s3b downloaded successfully.
[2026-01-08T18:00:02.445Z] info: Downloading ICS file from https://edt.univ-lyon1.fr/jsp/custom/modules/plannings/anonymous_cal.jsp?resources=35710&projectId=1&calType=ical&firstDate=2026-01-09&lastDate=2026-01-09 to src/calendars/tomorrow/g2s3a.ics
[2026-01-08T18:00:02.586Z] info: ICS file downloaded successfully to src/calendars/tomorrow/g2s3a.ics
[2026-01-08T18:00:02.587Z] info: ICS file for g2s3a downloaded successfully.
[2026-01-08T18:00:02.587Z] info: Downloading ICS file from https://edt.univ-lyon1.fr/jsp/custom/modules/plannings/anonymous_cal.jsp?resources=35713&projectId=1&calType=ical&firstDate=2026-01-09&lastDate=2026-01-09 to src/calendars/tomorrow/g2s3b.ics
[2026-01-08T18:00:02.714Z] info: ICS file downloaded successfully to src/calendars/tomorrow/g2s3b.ics
[2026-01-08T18:00:02.714Z] info: ICS file for g2s3b downloaded successfully.
[2026-01-08T18:00:02.714Z] info: Downloading ICS file from https://edt.univ-lyon1.fr/jsp/custom/modules/plannings/anonymous_cal.jsp?resources=35714&projectId=1&calType=ical&firstDate=2026-01-09&lastDate=2026-01-09 to src/calendars/tomorrow/g3a2.ics
[2026-01-08T18:00:02.815Z] info: ICS file downloaded successfully to src/calendars/tomorrow/g3a2.ics
[2026-01-08T18:00:02.816Z] info: ICS file for g3a2 downloaded successfully.
[2026-01-08T18:00:02.816Z] info: Downloading ICS file from https://edt.univ-lyon1.fr/jsp/custom/modules/plannings/anonymous_cal.jsp?resources=35717&projectId=1&calType=ical&firstDate=2026-01-09&lastDate=2026-01-09 to src/calendars/tomorrow/g4s3a.ics
[2026-01-08T18:00:02.947Z] info: ICS file downloaded successfully to src/calendars/tomorrow/g4s3a.ics
[2026-01-08T18:00:02.948Z] info: ICS file for g4s3a downloaded successfully.
[2026-01-08T18:00:02.948Z] info: Downloading ICS file from https://edt.univ-lyon1.fr/jsp/custom/modules/plannings/anonymous_cal.jsp?resources=35718&projectId=1&calType=ical&firstDate=2026-01-09&lastDate=2026-01-09 to src/calendars/tomorrow/g4s3b.ics
[2026-01-08T18:00:03.070Z] info: ICS file downloaded successfully to src/calendars/tomorrow/g4s3b.ics
[2026-01-08T18:00:03.071Z] info: ICS file for g4s3b downloaded successfully.
[2026-01-08T18:00:03.071Z] info: Downloading ICS file from https://edt.univ-lyon1.fr/jsp/custom/modules/plannings/anonymous_cal.jsp?resources=6161&projectId=1&calType=ical&firstDate=2026-01-09&lastDate=2026-01-09 to src/calendars/tomorrow/but3ra1a.ics
[2026-01-08T18:00:03.187Z] info: ICS file downloaded successfully to src/calendars/tomorrow/but3ra1a.ics
[2026-01-08T18:00:03.187Z] info: ICS file for but3ra1a downloaded successfully.
[2026-01-08T18:00:03.187Z] info: Downloading ICS file from https://edt.univ-lyon1.fr/jsp/custom/modules/plannings/anonymous_cal.jsp?resources=6163&projectId=1&calType=ical&firstDate=2026-01-09&lastDate=2026-01-09 to src/calendars/tomorrow/but3ra1b.ics
[2026-01-08T18:00:03.283Z] info: ICS file downloaded successfully to src/calendars/tomorrow/but3ra1b.ics
[2026-01-08T18:00:03.284Z] info: ICS file for but3ra1b downloaded successfully.
[2026-01-08T18:00:03.284Z] info: Downloading ICS file from https://edt.univ-lyon1.fr/jsp/custom/modules/plannings/anonymous_cal.jsp?resources=6165&projectId=1&calType=ical&firstDate=2026-01-09&lastDate=2026-01-09 to src/calendars/tomorrow/but3ra2a.ics
[2026-01-08T18:00:03.405Z] info: ICS file downloaded successfully to src/calendars/tomorrow/but3ra2a.ics
[2026-01-08T18:00:03.405Z] info: ICS file for but3ra2a downloaded successfully.
[2026-01-08T18:00:03.406Z] info: Downloading ICS file from https://edt.univ-lyon1.fr/jsp/custom/modules/plannings/anonymous_cal.jsp?resources=6168&projectId=1&calType=ical&firstDate=2026-01-09&lastDate=2026-01-09 to src/calendars/tomorrow/but3ra2b.ics
[2026-01-08T18:00:03.484Z] info: ICS file downloaded successfully to src/calendars/tomorrow/but3ra2b.ics
[2026-01-08T18:00:03.485Z] info: ICS file for but3ra2b downloaded successfully.
[2026-01-08T18:00:03.485Z] info: Downloading ICS file from https://edt.univ-lyon1.fr/jsp/custom/modules/plannings/anonymous_cal.jsp?resources=14059&projectId=1&calType=ical&firstDate=2026-01-09&lastDate=2026-01-09 to src/calendars/tomorrow/but3ra3a.ics
[2026-01-08T18:00:03.584Z] info: ICS file downloaded successfully to src/calendars/tomorrow/but3ra3a.ics
[2026-01-08T18:00:03.585Z] info: ICS file for but3ra3a downloaded successfully.
[2026-01-08T18:00:03.585Z] info: Downloading ICS file from https://edt.univ-lyon1.fr/jsp/custom/modules/plannings/anonymous_cal.jsp?resources=14064&projectId=1&calType=ical&firstDate=2026-01-09&lastDate=2026-01-09 to src/calendars/tomorrow/but3ra3b.ics
[2026-01-08T18:00:03.643Z] info: ICS file downloaded successfully to src/calendars/tomorrow/but3ra3b.ics
[2026-01-08T18:00:03.644Z] info: ICS file for but3ra3b downloaded successfully.
[2026-01-08T18:00:03.644Z] info: Downloading ICS file from https://edt.univ-lyon1.fr/jsp/custom/modules/plannings/anonymous_cal.jsp?resources=6136&projectId=1&calType=ical&firstDate=2026-01-09&lastDate=2026-01-09 to src/calendars/tomorrow/but3dacs.ics
[2026-01-08T18:00:03.713Z] info: ICS file downloaded successfully to src/calendars/tomorrow/but3dacs.ics
[2026-01-08T18:00:03.713Z] info: ICS file for but3dacs downloaded successfully.
[2026-01-08T18:00:03.713Z] info: Downloading ICS file from https://edt.univ-lyon1.fr/jsp/custom/modules/plannings/anonymous_cal.jsp?resources=6048&projectId=1&calType=ical&firstDate=2026-01-09&lastDate=2026-01-09 to src/calendars/tomorrow/but3aged.ics
[2026-01-08T18:00:03.801Z] info: ICS file downloaded successfully to src/calendars/tomorrow/but3aged.ics
[2026-01-08T18:00:03.802Z] info: ICS file for but3aged downloaded successfully.
[2026-01-08T18:00:03.803Z] info: Sending daily timetables
[2026-01-08T18:00:03.812Z] info: Sending message to channel 1395371772550975558: <t:1767949200:D> **21Graphes** : LEROUX STEPHANE -> <t:1767949200:t> - <t:1767956400:t> en __S11__

[2026-01-08T18:00:03.812Z] info: Message sent to channel 1395371772550975558: <t:1767949200:D> **21Graphes** : LEROUX STEPHANE -> <t:1767949200:t> - <t:1767956400:t> en __S11__

[2026-01-08T18:00:03.813Z] info: Sending message to channel 1395052296521646282: <t:1767942000:D> **13 R1.06 Maths discrètes TD** : JALOUX CHRISTOPHE -> <t:1767942000:t> - <t:1767949200:t> en __S10__
<t:1767949200:D> **R1.08 Gestion Proj. Orga-TD** : LAGACHE ALEXANDRA -> <t:1767949200:t> - <t:1767956400:t> en __S12__

[2026-01-08T18:00:03.813Z] info: Message sent to channel 1395052296521646282: <t:1767942000:D> **13 R1.06 Maths discrètes TD** : JALOUX CHRISTOPHE -> <t:1767942000:t> - <t:1767949200:t> en __S10__
<t:1767949200:D> **R1.08 Gestion Proj. Orga-TD** : LAGACHE ALEXANDRA -> <t:1767949200:t> - <t:1767956400:t> en __S12__

[2026-01-08T18:00:03.814Z] info: Sending message to channel 1395052332969885726: <t:1767942000:D> **13 R1.06 Maths discrètes TD** : JALOUX CHRISTOPHE -> <t:1767942000:t> - <t:1767949200:t> en __S10__
<t:1767949200:D> **R1.08 Gestion Proj. Orga-TD** : LAGACHE ALEXANDRA -> <t:1767949200:t> - <t:1767956400:t> en __S12__
<t:1767961800:D> **R1.12 PPP-TPB** : DECHAVANNE LAURINE -> <t:1767961800:t> - <t:1767969000:t> en __S14__

[2026-01-08T18:00:03.814Z] info: Message sent to channel 1395052332969885726: <t:1767942000:D> **13 R1.06 Maths discrètes TD** : JALOUX CHRISTOPHE -> <t:1767942000:t> - <t:1767949200:t> en __S10__
<t:1767949200:D> **R1.08 Gestion Proj. Orga-TD** : LAGACHE ALEXANDRA -> <t:1767949200:t> - <t:1767956400:t> en __S12__
<t:1767961800:D> **R1.12 PPP-TPB** : DECHAVANNE LAURINE -> <t:1767961800:t> - <t:1767969000:t> en __S14__

[2026-01-08T18:00:03.815Z] info: Sending message to channel 1395052379866660874: <t:1767942000:D> **R1.01 initation dev TD** : DAUTRAIX ISABELLE -> <t:1767942000:t> - <t:1767949200:t> en __S12__
<t:1767949200:D> **13 R1.06 Maths discrètes TD** : JALOUX CHRISTOPHE -> <t:1767949200:t> - <t:1767956400:t> en __S10__
<t:1767961800:D> **SAE 101 102 Initiation Dev** : NDIAYE SAMBA NDOJH -> <t:1767961800:t> - <t:1767969000:t> en __S16__

[2026-01-08T18:00:03.816Z] info: Message sent to channel 1395052379866660874: <t:1767942000:D> **R1.01 initation dev TD** : DAUTRAIX ISABELLE -> <t:1767942000:t> - <t:1767949200:t> en __S12__
<t:1767949200:D> **13 R1.06 Maths discrètes TD** : JALOUX CHRISTOPHE -> <t:1767949200:t> - <t:1767956400:t> en __S10__
<t:1767961800:D> **SAE 101 102 Initiation Dev** : NDIAYE SAMBA NDOJH -> <t:1767961800:t> - <t:1767969000:t> en __S16__

[2026-01-08T18:00:03.816Z] info: Sending message to channel 1395052392092930048: <t:1767942000:D> **R1.01 initation dev TD** : DAUTRAIX ISABELLE -> <t:1767942000:t> - <t:1767949200:t> en __S12__
<t:1767949200:D> **13 R1.06 Maths discrètes TD** : JALOUX CHRISTOPHE -> <t:1767949200:t> - <t:1767956400:t> en __S10__
<t:1767961800:D> **SAE 101 102 Initiation Dev** : NDIAYE SAMBA NDOJH -> <t:1767961800:t> - <t:1767969000:t> en __S16__
<t:1767969000:D> **R1.12 PPP-TPB** : DECHAVANNE LAURINE -> <t:1767969000:t> - <t:1767976200:t> en __S14__

[2026-01-08T18:00:03.817Z] info: Message sent to channel 1395052392092930048: <t:1767942000:D> **R1.01 initation dev TD** : DAUTRAIX ISABELLE -> <t:1767942000:t> - <t:1767949200:t> en __S12__
<t:1767949200:D> **13 R1.06 Maths discrètes TD** : JALOUX CHRISTOPHE -> <t:1767949200:t> - <t:1767956400:t> en __S10__
<t:1767961800:D> **SAE 101 102 Initiation Dev** : NDIAYE SAMBA NDOJH -> <t:1767961800:t> - <t:1767969000:t> en __S16__
<t:1767969000:D> **R1.12 PPP-TPB** : DECHAVANNE LAURINE -> <t:1767969000:t> - <t:1767976200:t> en __S14__

[2026-01-08T18:00:03.817Z] info: Sending message to channel 1395056179914473612: <t:1767942000:D> **SAE Autonomie G3** : G3S1A -> <t:1767942000:t> - <t:1767949200:t> en __S17__
<t:1767949200:D> **R1.05-2 SQL-TD** : BENSLIMANE DJAMAL -> <t:1767949200:t> - <t:1767956400:t> en __S16__
<t:1767961800:D> **SAE 101 102 Initiation Dev** : BEN HADID AMIRA -> <t:1767961800:t> - <t:1767969000:t> en __S17__
<t:1767969000:D> **SAE Autonomie G3** : G3S1A -> <t:1767969000:t> - <t:1767976200:t> en __S17__

[2026-01-08T18:00:03.817Z] info: Message sent to channel 1395056179914473612: <t:1767942000:D> **SAE Autonomie G3** : G3S1A -> <t:1767942000:t> - <t:1767949200:t> en __S17__
<t:1767949200:D> **R1.05-2 SQL-TD** : BENSLIMANE DJAMAL -> <t:1767949200:t> - <t:1767956400:t> en __S16__
<t:1767961800:D> **SAE 101 102 Initiation Dev** : BEN HADID AMIRA -> <t:1767961800:t> - <t:1767969000:t> en __S17__
<t:1767969000:D> **SAE Autonomie G3** : G3S1A -> <t:1767969000:t> - <t:1767976200:t> en __S17__

[2026-01-08T18:00:03.818Z] info: Sending message to channel 1395052422401101905: <t:1767942000:D> **SAE Autonomie G3** : G3S1A -> <t:1767942000:t> - <t:1767949200:t> en __S17__
<t:1767949200:D> **R1.05-2 SQL-TD** : BENSLIMANE DJAMAL -> <t:1767949200:t> - <t:1767956400:t> en __S16__
<t:1767961800:D> **SAE 101 102 Initiation Dev** : BEN HADID AMIRA -> <t:1767961800:t> - <t:1767969000:t> en __S17__
<t:1767969000:D> **SAE Autonomie G3** : G3S1A -> <t:1767969000:t> - <t:1767976200:t> en __S17__

[2026-01-08T18:00:03.818Z] info: Message sent to channel 1395052422401101905: <t:1767942000:D> **SAE Autonomie G3** : G3S1A -> <t:1767942000:t> - <t:1767949200:t> en __S17__
<t:1767949200:D> **R1.05-2 SQL-TD** : BENSLIMANE DJAMAL -> <t:1767949200:t> - <t:1767956400:t> en __S16__
<t:1767961800:D> **SAE 101 102 Initiation Dev** : BEN HADID AMIRA -> <t:1767961800:t> - <t:1767969000:t> en __S17__
<t:1767969000:D> **SAE Autonomie G3** : G3S1A -> <t:1767969000:t> - <t:1767976200:t> en __S17__

[2026-01-08T18:00:03.819Z] info: Sending message to channel 1395052443192266916: <t:1767942000:D> **SAE Autonomie G4** : G4S1B -> <t:1767942000:t> - <t:1767949200:t> en __S03__
<t:1767949200:D> **R1.05-2 SQL-TD** : BONNET CHRISTINE -> <t:1767949200:t> - <t:1767956400:t> en __S03__
<t:1767961800:D> **SAE 101 102 Initiation Dev** : ZEITOUN SEBASTIEN -> <t:1767961800:t> - <t:1767969000:t> en __S03__
<t:1767969000:D> **R1.01 initation dev TD** : NDIAYE SAMBA NDOJH -> <t:1767969000:t> - <t:1767976200:t> en __040__

[2026-01-08T18:00:03.819Z] info: Message sent to channel 1395052443192266916: <t:1767942000:D> **SAE Autonomie G4** : G4S1B -> <t:1767942000:t> - <t:1767949200:t> en __S03__
<t:1767949200:D> **R1.05-2 SQL-TD** : BONNET CHRISTINE -> <t:1767949200:t> - <t:1767956400:t> en __S03__
<t:1767961800:D> **SAE 101 102 Initiation Dev** : ZEITOUN SEBASTIEN -> <t:1767961800:t> - <t:1767969000:t> en __S03__
<t:1767969000:D> **R1.01 initation dev TD** : NDIAYE SAMBA NDOJH -> <t:1767969000:t> - <t:1767976200:t> en __040__

[2026-01-08T18:00:03.819Z] info: Sending message to channel 1395052467070177290: <t:1767942000:D> **SAE Autonomie G4** : G4S1B -> <t:1767942000:t> - <t:1767949200:t> en __S03__
<t:1767949200:D> **R1.05-2 SQL-TD** : BONNET CHRISTINE -> <t:1767949200:t> - <t:1767956400:t> en __S03__
<t:1767961800:D> **SAE 101 102 Initiation Dev** : ZEITOUN SEBASTIEN -> <t:1767961800:t> - <t:1767969000:t> en __S03__
<t:1767969000:D> **R1.01 initation dev TD** : NDIAYE SAMBA NDOJH -> <t:1767969000:t> - <t:1767976200:t> en __040__

[2026-01-08T18:00:03.819Z] info: Message sent to channel 1395052467070177290: <t:1767942000:D> **SAE Autonomie G4** : G4S1B -> <t:1767942000:t> - <t:1767949200:t> en __S03__
<t:1767949200:D> **R1.05-2 SQL-TD** : BONNET CHRISTINE -> <t:1767949200:t> - <t:1767956400:t> en __S03__
<t:1767961800:D> **SAE 101 102 Initiation Dev** : ZEITOUN SEBASTIEN -> <t:1767961800:t> - <t:1767969000:t> en __S03__
<t:1767969000:D> **R1.01 initation dev TD** : NDIAYE SAMBA NDOJH -> <t:1767969000:t> - <t:1767976200:t> en __040__

[2026-01-08T18:00:03.820Z] info: Sending message to channel 1395052827985842288: <t:1767942000:D> **11 R1.08 Gestion Proj. Orga-TD** : LAGACHE ALEXANDRA -> <t:1767942000:t> - <t:1767949200:t> en __S15__
<t:1767949200:D> **SAE 101 102 Initiation Dev** : DAUTRAIX ISABELLE -> <t:1767949200:t> - <t:1767956400:t> en __S17__
<t:1767961800:D> **SAE Autonomie G5** : G5S1A -> <t:1767961800:t> - <t:1767969000:t> en __S13__
<t:1767969000:D> **R1.10 Anglais-TPA P2** : BESSAC MARIETTE -> <t:1767969000:t> - <t:1767976200:t> en __028__

[2026-01-08T18:00:03.820Z] info: Message sent to channel 1395052827985842288: <t:1767942000:D> **11 R1.08 Gestion Proj. Orga-TD** : LAGACHE ALEXANDRA -> <t:1767942000:t> - <t:1767949200:t> en __S15__
<t:1767949200:D> **SAE 101 102 Initiation Dev** : DAUTRAIX ISABELLE -> <t:1767949200:t> - <t:1767956400:t> en __S17__
<t:1767961800:D> **SAE Autonomie G5** : G5S1A -> <t:1767961800:t> - <t:1767969000:t> en __S13__
<t:1767969000:D> **R1.10 Anglais-TPA P2** : BESSAC MARIETTE -> <t:1767969000:t> - <t:1767976200:t> en __028__

[2026-01-08T18:00:03.821Z] info: Sending message to channel 1395052882486890707: <t:1767942000:D> **11 R1.08 Gestion Proj. Orga-TD** : LAGACHE ALEXANDRA -> <t:1767942000:t> - <t:1767949200:t> en __S15__
<t:1767949200:D> **SAE 101 102 Initiation Dev** : DAUTRAIX ISABELLE -> <t:1767949200:t> - <t:1767956400:t> en __S17__
<t:1767961800:D> **SAE Autonomie G5** : G5S1A -> <t:1767961800:t> - <t:1767969000:t> en __S13__

[2026-01-08T18:00:03.821Z] info: Message sent to channel 1395052882486890707: <t:1767942000:D> **11 R1.08 Gestion Proj. Orga-TD** : LAGACHE ALEXANDRA -> <t:1767942000:t> - <t:1767949200:t> en __S15__
<t:1767949200:D> **SAE 101 102 Initiation Dev** : DAUTRAIX ISABELLE -> <t:1767949200:t> - <t:1767956400:t> en __S17__
<t:1767961800:D> **SAE Autonomie G5** : G5S1A -> <t:1767961800:t> - <t:1767969000:t> en __S13__

[2026-01-08T18:00:03.821Z] info: Sending message to channel 1395371275643256924: <t:1767942000:D> **R3.14 PPP-entretien A** : G1S3A -> <t:1767942000:t> - <t:1767949200:t> en __S21__
<t:1767949200:D> **R3.05 Programmation système-TPA** : BUONOMO CAMILLE -> <t:1767949200:t> - <t:1767956400:t> en __S24__
<t:1767961800:D> **R3.14 PPP** : DEBOUTE JOCELYNE -> <t:1767961800:t> - <t:1767969000:t> en __S11__
<t:1767969000:D> **12 R3.12 Anglais-TD** : GARACCI DANIEL -> <t:1767969000:t> - <t:1767976200:t> en __026-Langues__

[2026-01-08T18:00:03.822Z] info: Message sent to channel 1395371275643256924: <t:1767942000:D> **R3.14 PPP-entretien A** : G1S3A -> <t:1767942000:t> - <t:1767949200:t> en __S21__
<t:1767949200:D> **R3.05 Programmation système-TPA** : BUONOMO CAMILLE -> <t:1767949200:t> - <t:1767956400:t> en __S24__
<t:1767961800:D> **R3.14 PPP** : DEBOUTE JOCELYNE -> <t:1767961800:t> - <t:1767969000:t> en __S11__
<t:1767969000:D> **12 R3.12 Anglais-TD** : GARACCI DANIEL -> <t:1767969000:t> - <t:1767976200:t> en __026-Langues__

[2026-01-08T18:00:03.822Z] info: Sending message to channel 1395371292533723147: <t:1767949200:D> **R3.14 PPP-entretien B** : G1S3B -> <t:1767949200:t> - <t:1767956400:t> en __S15__
<t:1767961800:D> **R3.14 PPP** : DEBOUTE JOCELYNE -> <t:1767961800:t> - <t:1767969000:t> en __S11__
<t:1767969000:D> **12 R3.12 Anglais-TD** : GARACCI DANIEL -> <t:1767969000:t> - <t:1767976200:t> en __026-Langues__

[2026-01-08T18:00:03.822Z] info: Message sent to channel 1395371292533723147: <t:1767949200:D> **R3.14 PPP-entretien B** : G1S3B -> <t:1767949200:t> - <t:1767956400:t> en __S15__
<t:1767961800:D> **R3.14 PPP** : DEBOUTE JOCELYNE -> <t:1767961800:t> - <t:1767969000:t> en __S11__
<t:1767969000:D> **12 R3.12 Anglais-TD** : GARACCI DANIEL -> <t:1767969000:t> - <t:1767976200:t> en __026-Langues__

[2026-01-08T18:00:03.823Z] info: Sending message to channel 1395371451573600287: <t:1767942000:D> **12 R3.01-2 Développement Web  : Javascript-TD** : LEROUX STEPHANE -> <t:1767942000:t> - <t:1767949200:t> en __S24__
<t:1767949200:D> **21 R3.11  Droit des contrats et du numérique-TD** : DUFOUR KARLINE -> <t:1767949200:t> - <t:1767956400:t> en __040__

[2026-01-08T18:00:03.824Z] info: Message sent to channel 1395371451573600287: <t:1767942000:D> **12 R3.01-2 Développement Web  : Javascript-TD** : LEROUX STEPHANE -> <t:1767942000:t> - <t:1767949200:t> en __S24__
<t:1767949200:D> **21 R3.11  Droit des contrats et du numérique-TD** : DUFOUR KARLINE -> <t:1767949200:t> - <t:1767956400:t> en __040__

[2026-01-08T18:00:03.825Z] info: Sending message to channel 1395371471345553540: <t:1767942000:D> **12 R3.01-2 Développement Web  : Javascript-TD** : LEROUX STEPHANE -> <t:1767942000:t> - <t:1767949200:t> en __S24__
<t:1767949200:D> **21 R3.11  Droit des contrats et du numérique-TD** : DUFOUR KARLINE -> <t:1767949200:t> - <t:1767956400:t> en __040__

[2026-01-08T18:00:03.825Z] info: Message sent to channel 1395371471345553540: <t:1767942000:D> **12 R3.01-2 Développement Web  : Javascript-TD** : LEROUX STEPHANE -> <t:1767942000:t> - <t:1767949200:t> en __S24__
<t:1767949200:D> **21 R3.11  Droit des contrats et du numérique-TD** : DUFOUR KARLINE -> <t:1767949200:t> - <t:1767956400:t> en __040__

[2026-01-08T18:00:03.826Z] info: Sending message to channel 1395371640291983370: <t:1767942000:D> **R3.07 SQL et Programmation TP** : BARON ARIANE -> <t:1767942000:t> - <t:1767949200:t> en __S25__
<t:1767949200:D> **11 R3.01-1 Développement Web  : PHP-TD** : CAPOSIENA JULIEN -> <t:1767949200:t> - <t:1767956400:t> en __S13__
<t:1767961800:D> **SAE Autonomie** : G3S3S4 -> <t:1767961800:t> - <t:1767969000:t> en __S26__
<t:1767969000:D> **11 R3.01-1 Développement Web  : PHP-TD** : CAPOSIENA JULIEN -> <t:1767969000:t> - <t:1767976200:t> en __S13__

[2026-01-08T18:00:03.826Z] info: Message sent to channel 1395371640291983370: <t:1767942000:D> **R3.07 SQL et Programmation TP** : BARON ARIANE -> <t:1767942000:t> - <t:1767949200:t> en __S25__
<t:1767949200:D> **11 R3.01-1 Développement Web  : PHP-TD** : CAPOSIENA JULIEN -> <t:1767949200:t> - <t:1767956400:t> en __S13__
<t:1767961800:D> **SAE Autonomie** : G3S3S4 -> <t:1767961800:t> - <t:1767969000:t> en __S26__
<t:1767969000:D> **11 R3.01-1 Développement Web  : PHP-TD** : CAPOSIENA JULIEN -> <t:1767969000:t> - <t:1767976200:t> en __S13__

[2026-01-08T18:00:03.827Z] info: Sending message to channel 1395371506099425310: <t:1767942000:D> **11 R3.11  Droit des contrats et du numérique-TD** : DUFOUR KARLINE -> <t:1767942000:t> - <t:1767949200:t> en __040__
<t:1767949200:D> **16 R3.13 communication professionnelle-TD** : DEBOUTE JOCELYNE -> <t:1767949200:t> - <t:1767956400:t> en __S21__
<t:1767961800:D> **12 R3.12 Anglais-TD** : GARACCI DANIEL -> <t:1767961800:t> - <t:1767969000:t> en __026-Langues__
<t:1767969000:D> **R3.14 PPP** : DEBOUTE JOCELYNE -> <t:1767969000:t> - <t:1767976200:t> en __S11__

[2026-01-08T18:00:03.827Z] info: Message sent to channel 1395371506099425310: <t:1767942000:D> **11 R3.11  Droit des contrats et du numérique-TD** : DUFOUR KARLINE -> <t:1767942000:t> - <t:1767949200:t> en __040__
<t:1767949200:D> **16 R3.13 communication professionnelle-TD** : DEBOUTE JOCELYNE -> <t:1767949200:t> - <t:1767956400:t> en __S21__
<t:1767961800:D> **12 R3.12 Anglais-TD** : GARACCI DANIEL -> <t:1767961800:t> - <t:1767969000:t> en __026-Langues__
<t:1767969000:D> **R3.14 PPP** : DEBOUTE JOCELYNE -> <t:1767969000:t> - <t:1767976200:t> en __S11__

[2026-01-08T18:00:03.828Z] info: Sending message to channel 1395371591797575750: <t:1767942000:D> **11 R3.11  Droit des contrats et du numérique-TD** : DUFOUR KARLINE -> <t:1767942000:t> - <t:1767949200:t> en __040__
<t:1767949200:D> **16 R3.13 communication professionnelle-TD** : DEBOUTE JOCELYNE -> <t:1767949200:t> - <t:1767956400:t> en __S21__
<t:1767961800:D> **12 R3.12 Anglais-TD** : GARACCI DANIEL -> <t:1767961800:t> - <t:1767969000:t> en __026-Langues__
<t:1767969000:D> **R3.14 PPP** : DEBOUTE JOCELYNE -> <t:1767969000:t> - <t:1767976200:t> en __S11__

[2026-01-08T18:00:03.828Z] info: Message sent to channel 1395371591797575750: <t:1767942000:D> **11 R3.11  Droit des contrats et du numérique-TD** : DUFOUR KARLINE -> <t:1767942000:t> - <t:1767949200:t> en __040__
<t:1767949200:D> **16 R3.13 communication professionnelle-TD** : DEBOUTE JOCELYNE -> <t:1767949200:t> - <t:1767956400:t> en __S21__
<t:1767961800:D> **12 R3.12 Anglais-TD** : GARACCI DANIEL -> <t:1767961800:t> - <t:1767969000:t> en __026-Langues__
<t:1767969000:D> **R3.14 PPP** : DEBOUTE JOCELYNE -> <t:1767969000:t> - <t:1767976200:t> en __S11__

[2026-01-08T18:00:03.829Z] info: Sending message to channel 1409494803489488986: <t:1767942000:D> **S.A.01 SAE Dev avancé** : BUT3 RA2A -> <t:1767942000:t> - <t:1767949200:t> en __S26__
<t:1767949200:D> **S.A.01 SAE Dev avancé** : BUT3 RA2A -> <t:1767949200:t> - <t:1767956400:t> en __S26__
<t:1767961800:D> **R5.A.14 Anglais TPA** : BESSAC MARIETTE -> <t:1767961800:t> - <t:1767969000:t> en __028__
<t:1767969000:D> **S.A.01 SAE Dev avancé** : BUT3 RA2A -> <t:1767969000:t> - <t:1767976200:t> en __S26__

[2026-01-08T18:00:03.829Z] info: Message sent to channel 1409494803489488986: <t:1767942000:D> **S.A.01 SAE Dev avancé** : BUT3 RA2A -> <t:1767942000:t> - <t:1767949200:t> en __S26__
<t:1767949200:D> **S.A.01 SAE Dev avancé** : BUT3 RA2A -> <t:1767949200:t> - <t:1767956400:t> en __S26__
<t:1767961800:D> **R5.A.14 Anglais TPA** : BESSAC MARIETTE -> <t:1767961800:t> - <t:1767969000:t> en __028__
<t:1767969000:D> **S.A.01 SAE Dev avancé** : BUT3 RA2A -> <t:1767969000:t> - <t:1767976200:t> en __S26__

[2026-01-08T18:00:03.829Z] info: Sending message to channel 1409494819574775808: <t:1767942000:D> **S.A.01 SAE Dev avancé** : BUT3 RA2A -> <t:1767942000:t> - <t:1767949200:t> en __S26__
<t:1767949200:D> **S.A.01 SAE Dev avancé** : BUT3 RA2A -> <t:1767949200:t> - <t:1767956400:t> en __S26__
<t:1767969000:D> **S.A.01 SAE Dev avancé** : BUT3 RA2A -> <t:1767969000:t> - <t:1767976200:t> en __S26__

[2026-01-08T18:00:03.830Z] info: Message sent to channel 1409494819574775808: <t:1767942000:D> **S.A.01 SAE Dev avancé** : BUT3 RA2A -> <t:1767942000:t> - <t:1767949200:t> en __S26__
<t:1767949200:D> **S.A.01 SAE Dev avancé** : BUT3 RA2A -> <t:1767949200:t> - <t:1767956400:t> en __S26__
<t:1767969000:D> **S.A.01 SAE Dev avancé** : BUT3 RA2A -> <t:1767969000:t> - <t:1767976200:t> en __S26__

[2026-01-08T18:00:03.830Z] info: Daily timetables sent
