[2026-02-01T03:07:09.835Z] info: Discord bot is ready! 🤖
[2026-02-01T03:07:43.940Z] info: Received command: send_week from user: 1280802417100980258
[2026-02-01T03:07:44.433Z] info: Downloading ICS files for next week for groups: aspea, aspeb, g1s2a, g1s2b, g2s2a, g2s2b, g3s2a, g3s2b, g4s2a, g4s2b, g5s2a, g5s2b, g1s4a, g1s4b, g2s4a, g2s4b, g3a2, g4s4a, g4s4b, but3ra1a, but3ra1b, but3ra2a, but3ra2b, but3ra3a, but3ra3b, but3dacs, but3aged
[2026-02-01T03:07:44.434Z] info: Downloading ICS file from https://edt.univ-lyon1.fr/jsp/custom/modules/plannings/anonymous_cal.jsp?resources=9272&projectId=1&calType=ical&firstDate=2026-02-02&lastDate=2026-02-08 to src/calendars/nextweek/aspea.ics
[2026-02-01T03:07:44.844Z] info: ICS file downloaded successfully to src/calendars/nextweek/aspea.ics
[2026-02-01T03:07:44.845Z] info: ICS file for aspea downloaded successfully.
[2026-02-01T03:07:44.846Z] info: Downloading ICS file from https://edt.univ-lyon1.fr/jsp/custom/modules/plannings/anonymous_cal.jsp?resources=18783&projectId=1&calType=ical&firstDate=2026-02-02&lastDate=2026-02-08 to src/calendars/nextweek/aspeb.ics
[2026-02-01T03:07:44.900Z] info: ICS file downloaded successfully to src/calendars/nextweek/aspeb.ics
[2026-02-01T03:07:44.900Z] info: ICS file for aspeb downloaded successfully.
[2026-02-01T03:07:44.901Z] info: Downloading ICS file from https://edt.univ-lyon1.fr/jsp/custom/modules/plannings/anonymous_cal.jsp?resources=51542&projectId=1&calType=ical&firstDate=2026-02-02&lastDate=2026-02-08 to src/calendars/nextweek/g1s2a.ics
[2026-02-01T03:07:44.976Z] info: ICS file downloaded successfully to src/calendars/nextweek/g1s2a.ics
[2026-02-01T03:07:44.977Z] info: ICS file for g1s2a downloaded successfully.
[2026-02-01T03:07:44.977Z] info: Downloading ICS file from https://edt.univ-lyon1.fr/jsp/custom/modules/plannings/anonymous_cal.jsp?resources=51543&projectId=1&calType=ical&firstDate=2026-02-02&lastDate=2026-02-08 to src/calendars/nextweek/g1s2b.ics
[2026-02-01T03:07:45.046Z] info: ICS file downloaded successfully to src/calendars/nextweek/g1s2b.ics
[2026-02-01T03:07:45.047Z] info: ICS file for g1s2b downloaded successfully.
[2026-02-01T03:07:45.047Z] info: Downloading ICS file from https://edt.univ-lyon1.fr/jsp/custom/modules/plannings/anonymous_cal.jsp?resources=51545&projectId=1&calType=ical&firstDate=2026-02-02&lastDate=2026-02-08 to src/calendars/nextweek/g2s2a.ics
[2026-02-01T03:07:45.117Z] info: ICS file downloaded successfully to src/calendars/nextweek/g2s2a.ics
[2026-02-01T03:07:45.118Z] info: ICS file for g2s2a downloaded successfully.
[2026-02-01T03:07:45.118Z] info: Downloading ICS file from https://edt.univ-lyon1.fr/jsp/custom/modules/plannings/anonymous_cal.jsp?resources=51546&projectId=1&calType=ical&firstDate=2026-02-02&lastDate=2026-02-08 to src/calendars/nextweek/g2s2b.ics
[2026-02-01T03:07:45.180Z] info: ICS file downloaded successfully to src/calendars/nextweek/g2s2b.ics
[2026-02-01T03:07:45.180Z] info: ICS file for g2s2b downloaded successfully.
[2026-02-01T03:07:45.180Z] info: Downloading ICS file from https://edt.univ-lyon1.fr/jsp/custom/modules/plannings/anonymous_cal.jsp?resources=51548&projectId=1&calType=ical&firstDate=2026-02-02&lastDate=2026-02-08 to src/calendars/nextweek/g3s2a.ics
[2026-02-01T03:07:45.265Z] info: ICS file downloaded successfully to src/calendars/nextweek/g3s2a.ics
[2026-02-01T03:07:45.266Z] info: ICS file for g3s2a downloaded successfully.
[2026-02-01T03:07:45.266Z] info: Downloading ICS file from https://edt.univ-lyon1.fr/jsp/custom/modules/plannings/anonymous_cal.jsp?resources=51549&projectId=1&calType=ical&firstDate=2026-02-02&lastDate=2026-02-08 to src/calendars/nextweek/g3s2b.ics
[2026-02-01T03:07:45.356Z] info: ICS file downloaded successfully to src/calendars/nextweek/g3s2b.ics
[2026-02-01T03:07:45.356Z] info: ICS file for g3s2b downloaded successfully.
[2026-02-01T03:07:45.357Z] info: Downloading ICS file from https://edt.univ-lyon1.fr/jsp/custom/modules/plannings/anonymous_cal.jsp?resources=51551&projectId=1&calType=ical&firstDate=2026-02-02&lastDate=2026-02-08 to src/calendars/nextweek/g4s2a.ics
[2026-02-01T03:07:45.414Z] info: ICS file downloaded successfully to src/calendars/nextweek/g4s2a.ics
[2026-02-01T03:07:45.414Z] info: ICS file for g4s2a downloaded successfully.
[2026-02-01T03:07:45.415Z] info: Downloading ICS file from https://edt.univ-lyon1.fr/jsp/custom/modules/plannings/anonymous_cal.jsp?resources=51552&projectId=1&calType=ical&firstDate=2026-02-02&lastDate=2026-02-08 to src/calendars/nextweek/g4s2b.ics
[2026-02-01T03:07:45.485Z] info: ICS file downloaded successfully to src/calendars/nextweek/g4s2b.ics
[2026-02-01T03:07:45.485Z] info: ICS file for g4s2b downloaded successfully.
[2026-02-01T03:07:45.486Z] info: Downloading ICS file from https://edt.univ-lyon1.fr/jsp/custom/modules/plannings/anonymous_cal.jsp?resources=51554&projectId=1&calType=ical&firstDate=2026-02-02&lastDate=2026-02-08 to src/calendars/nextweek/g5s2a.ics
[2026-02-01T03:07:45.565Z] info: ICS file downloaded successfully to src/calendars/nextweek/g5s2a.ics
[2026-02-01T03:07:45.565Z] info: ICS file for g5s2a downloaded successfully.
[2026-02-01T03:07:45.565Z] info: Downloading ICS file from https://edt.univ-lyon1.fr/jsp/custom/modules/plannings/anonymous_cal.jsp?resources=51555&projectId=1&calType=ical&firstDate=2026-02-02&lastDate=2026-02-08 to src/calendars/nextweek/g5s2b.ics
[2026-02-01T03:07:45.639Z] info: ICS file downloaded successfully to src/calendars/nextweek/g5s2b.ics
[2026-02-01T03:07:45.640Z] info: ICS file for g5s2b downloaded successfully.
[2026-02-01T03:07:45.640Z] info: Downloading ICS file from https://edt.univ-lyon1.fr/jsp/custom/modules/plannings/anonymous_cal.jsp?resources=85875&projectId=1&calType=ical&firstDate=2026-02-02&lastDate=2026-02-08 to src/calendars/nextweek/g1s4a.ics
[2026-02-01T03:07:45.698Z] info: ICS file downloaded successfully to src/calendars/nextweek/g1s4a.ics
[2026-02-01T03:07:45.699Z] info: ICS file for g1s4a downloaded successfully.
[2026-02-01T03:07:45.699Z] info: Downloading ICS file from https://edt.univ-lyon1.fr/jsp/custom/modules/plannings/anonymous_cal.jsp?resources=85876&projectId=1&calType=ical&firstDate=2026-02-02&lastDate=2026-02-08 to src/calendars/nextweek/g1s4b.ics
[2026-02-01T03:07:45.773Z] info: ICS file downloaded successfully to src/calendars/nextweek/g1s4b.ics
[2026-02-01T03:07:45.773Z] info: ICS file for g1s4b downloaded successfully.
[2026-02-01T03:07:45.773Z] info: Downloading ICS file from https://edt.univ-lyon1.fr/jsp/custom/modules/plannings/anonymous_cal.jsp?resources=85873&projectId=1&calType=ical&firstDate=2026-02-02&lastDate=2026-02-08 to src/calendars/nextweek/g2s4a.ics
[2026-02-01T03:07:45.831Z] info: ICS file downloaded successfully to src/calendars/nextweek/g2s4a.ics
[2026-02-01T03:07:45.831Z] info: ICS file for g2s4a downloaded successfully.
[2026-02-01T03:07:45.832Z] info: Downloading ICS file from https://edt.univ-lyon1.fr/jsp/custom/modules/plannings/anonymous_cal.jsp?resources=85874&projectId=1&calType=ical&firstDate=2026-02-02&lastDate=2026-02-08 to src/calendars/nextweek/g2s4b.ics
[2026-02-01T03:07:45.893Z] info: ICS file downloaded successfully to src/calendars/nextweek/g2s4b.ics
[2026-02-01T03:07:45.893Z] info: ICS file for g2s4b downloaded successfully.
[2026-02-01T03:07:45.893Z] info: Downloading ICS file from https://edt.univ-lyon1.fr/jsp/custom/modules/plannings/anonymous_cal.jsp?resources=35714&projectId=1&calType=ical&firstDate=2026-02-02&lastDate=2026-02-08 to src/calendars/nextweek/g3a2.ics
[2026-02-01T03:07:45.974Z] info: ICS file downloaded successfully to src/calendars/nextweek/g3a2.ics
[2026-02-01T03:07:45.974Z] info: ICS file for g3a2 downloaded successfully.
[2026-02-01T03:07:45.974Z] info: Downloading ICS file from https://edt.univ-lyon1.fr/jsp/custom/modules/plannings/anonymous_cal.jsp?resources=85877&projectId=1&calType=ical&firstDate=2026-02-02&lastDate=2026-02-08 to src/calendars/nextweek/g4s4a.ics
[2026-02-01T03:07:46.044Z] info: ICS file downloaded successfully to src/calendars/nextweek/g4s4a.ics
[2026-02-01T03:07:46.044Z] info: ICS file for g4s4a downloaded successfully.
[2026-02-01T03:07:46.045Z] info: Downloading ICS file from https://edt.univ-lyon1.fr/jsp/custom/modules/plannings/anonymous_cal.jsp?resources=85878&projectId=1&calType=ical&firstDate=2026-02-02&lastDate=2026-02-08 to src/calendars/nextweek/g4s4b.ics
[2026-02-01T03:07:46.101Z] info: ICS file downloaded successfully to src/calendars/nextweek/g4s4b.ics
[2026-02-01T03:07:46.101Z] info: ICS file for g4s4b downloaded successfully.
[2026-02-01T03:07:46.101Z] info: Downloading ICS file from https://edt.univ-lyon1.fr/jsp/custom/modules/plannings/anonymous_cal.jsp?resources=6161&projectId=1&calType=ical&firstDate=2026-02-02&lastDate=2026-02-08 to src/calendars/nextweek/but3ra1a.ics
[2026-02-01T03:07:46.159Z] info: ICS file downloaded successfully to src/calendars/nextweek/but3ra1a.ics
[2026-02-01T03:07:46.159Z] info: ICS file for but3ra1a downloaded successfully.
[2026-02-01T03:07:46.159Z] info: Downloading ICS file from https://edt.univ-lyon1.fr/jsp/custom/modules/plannings/anonymous_cal.jsp?resources=6163&projectId=1&calType=ical&firstDate=2026-02-02&lastDate=2026-02-08 to src/calendars/nextweek/but3ra1b.ics
[2026-02-01T03:07:46.206Z] info: ICS file downloaded successfully to src/calendars/nextweek/but3ra1b.ics
[2026-02-01T03:07:46.207Z] info: ICS file for but3ra1b downloaded successfully.
[2026-02-01T03:07:46.207Z] info: Downloading ICS file from https://edt.univ-lyon1.fr/jsp/custom/modules/plannings/anonymous_cal.jsp?resources=6165&projectId=1&calType=ical&firstDate=2026-02-02&lastDate=2026-02-08 to src/calendars/nextweek/but3ra2a.ics
[2026-02-01T03:07:46.274Z] info: ICS file downloaded successfully to src/calendars/nextweek/but3ra2a.ics
[2026-02-01T03:07:46.275Z] info: ICS file for but3ra2a downloaded successfully.
[2026-02-01T03:07:46.275Z] info: Downloading ICS file from https://edt.univ-lyon1.fr/jsp/custom/modules/plannings/anonymous_cal.jsp?resources=6168&projectId=1&calType=ical&firstDate=2026-02-02&lastDate=2026-02-08 to src/calendars/nextweek/but3ra2b.ics
[2026-02-01T03:07:46.355Z] info: ICS file downloaded successfully to src/calendars/nextweek/but3ra2b.ics
[2026-02-01T03:07:46.355Z] info: ICS file for but3ra2b downloaded successfully.
[2026-02-01T03:07:46.356Z] info: Downloading ICS file from https://edt.univ-lyon1.fr/jsp/custom/modules/plannings/anonymous_cal.jsp?resources=14059&projectId=1&calType=ical&firstDate=2026-02-02&lastDate=2026-02-08 to src/calendars/nextweek/but3ra3a.ics
[2026-02-01T03:07:46.405Z] info: ICS file downloaded successfully to src/calendars/nextweek/but3ra3a.ics
[2026-02-01T03:07:46.405Z] info: ICS file for but3ra3a downloaded successfully.
[2026-02-01T03:07:46.405Z] info: Downloading ICS file from https://edt.univ-lyon1.fr/jsp/custom/modules/plannings/anonymous_cal.jsp?resources=14064&projectId=1&calType=ical&firstDate=2026-02-02&lastDate=2026-02-08 to src/calendars/nextweek/but3ra3b.ics
[2026-02-01T03:07:46.461Z] info: ICS file downloaded successfully to src/calendars/nextweek/but3ra3b.ics
[2026-02-01T03:07:46.461Z] info: ICS file for but3ra3b downloaded successfully.
[2026-02-01T03:07:46.461Z] info: Downloading ICS file from https://edt.univ-lyon1.fr/jsp/custom/modules/plannings/anonymous_cal.jsp?resources=6136&projectId=1&calType=ical&firstDate=2026-02-02&lastDate=2026-02-08 to src/calendars/nextweek/but3dacs.ics
[2026-02-01T03:07:46.506Z] info: ICS file downloaded successfully to src/calendars/nextweek/but3dacs.ics
[2026-02-01T03:07:46.506Z] info: ICS file for but3dacs downloaded successfully.
[2026-02-01T03:07:46.506Z] info: Downloading ICS file from https://edt.univ-lyon1.fr/jsp/custom/modules/plannings/anonymous_cal.jsp?resources=6048&projectId=1&calType=ical&firstDate=2026-02-02&lastDate=2026-02-08 to src/calendars/nextweek/but3aged.ics
[2026-02-01T03:07:46.569Z] info: ICS file downloaded successfully to src/calendars/nextweek/but3aged.ics
[2026-02-01T03:07:46.569Z] info: ICS file for but3aged downloaded successfully.
[2026-02-01T03:07:46.569Z] info: Sending weekly timetables
[2026-02-01T03:07:46.600Z] info: Sending message to channel 1395371772550975558: 📅 **Emploi du temps pour le groupe aspea la semaine prochaine :**

<t:1770015600:D> **S2.15 Probabilités ASPE** : JALOUX CHRISTOPHE -> <t:1770015600:t> - <t:1770022800:t> en __S10__
<t:1770022800:D> **S2.01 Développement efficace-TD ASPE** : KHEDDOUCI HAMAMACHE -> <t:1770022800:t> - <t:1770030000:t> en __040__
<t:1770037200:D> **11 S2.18 Communication-TD** : DEBOUTE JOCELYNE -> <t:1770037200:t> - <t:1770044400:t> en __S15__
<t:1770044400:D> **S2.17 Anglais ASPE** : BESSAC MARIETTE -> <t:1770044400:t> - <t:1770051600:t> en __026-Langues__
<t:1770102000:D> **11 S2.06 Programmation système-TD** : BUSSON ANTHONY -> <t:1770102000:t> - <t:1770109200:t> en __S17__
<t:1770109200:D> **11 S2.19 Gestion TD** : DUFOUR KARLINE -> <t:1770109200:t> - <t:1770116400:t> en __S15__
<t:1770123600:D> **S2.02 IHM ASPE** : BELKHATIR MOHAMMED -> <t:1770123600:t> - <t:1770130800:t> en __S14__
<t:1770195600:D> **11 S2.04 Architecture logicielle** : GONCALVES ISABELLE -> <t:1770195600:t> - <t:1770202800:t> en __S16__
<t:1770210000:D> **21 S2.04 Architecture logicielle** : GONCALVES ISABELLE -> <t:1770210000:t> - <t:1770217200:t> en __S16__
<t:1770217200:D> **S2.21 SAÉ - ASPE** : WATRIGANT REMI -> <t:1770217200:t> - <t:1770224400:t> en __S14__
<t:1770274800:D> **S2.13 SQL avancé** : BARON ARIANE -> <t:1770274800:t> - <t:1770282000:t> en __S24__
<t:1770282000:D> **11 S2.18 Communication-TD** : DEBOUTE JOCELYNE -> <t:1770282000:t> - <t:1770289200:t> en __S15__
<t:1770361200:D> **11 S2.03-1 PHP** : MONNET ALEXIS -> <t:1770361200:t> - <t:1770368400:t> en __S27__
<t:1770368400:D> **21 S2.03-1 PHP** : MONNET ALEXIS -> <t:1770368400:t> - <t:1770375600:t> en __S27__
<t:1770381000:D> **S2.15 Probabilités ASPE** : JALOUX CHRISTOPHE -> <t:1770381000:t> - <t:1770388200:t> en __S10__
<t:1770388200:D> **S2.12 Qualité de développement ASPE** : PERNELLE PHILIPPE -> <t:1770388200:t> - <t:1770395400:t> en __S17__

[2026-02-01T03:07:46.603Z] info: Message sent to channel 1395371772550975558: 📅 **Emploi du temps pour le groupe aspea la semaine prochaine :**

<t:1770015600:D> **S2.15 Probabilités ASPE** : JALOUX CHRISTOPHE -> <t:1770015600:t> - <t:1770022800:t> en __S10__
<t:1770022800:D> **S2.01 Développement efficace-TD ASPE** : KHEDDOUCI HAMAMACHE -> <t:1770022800:t> - <t:1770030000:t> en __040__
<t:1770037200:D> **11 S2.18 Communication-TD** : DEBOUTE JOCELYNE -> <t:1770037200:t> - <t:1770044400:t> en __S15__
<t:1770044400:D> **S2.17 Anglais ASPE** : BESSAC MARIETTE -> <t:1770044400:t> - <t:1770051600:t> en __026-Langues__
<t:1770102000:D> **11 S2.06 Programmation système-TD** : BUSSON ANTHONY -> <t:1770102000:t> - <t:1770109200:t> en __S17__
<t:1770109200:D> **11 S2.19 Gestion TD** : DUFOUR KARLINE -> <t:1770109200:t> - <t:1770116400:t> en __S15__
<t:1770123600:D> **S2.02 IHM ASPE** : BELKHATIR MOHAMMED -> <t:1770123600:t> - <t:1770130800:t> en __S14__
<t:1770195600:D> **11 S2.04 Architecture logicielle** : GONCALVES ISABELLE -> <t:1770195600:t> - <t:1770202800:t> en __S16__
<t:1770210000:D> **21 S2.04 Architecture logicielle** : GONCALVES ISABELLE -> <t:1770210000:t> - <t:1770217200:t> en __S16__
<t:1770217200:D> **S2.21 SAÉ - ASPE** : WATRIGANT REMI -> <t:1770217200:t> - <t:1770224400:t> en __S14__
<t:1770274800:D> **S2.13 SQL avancé** : BARON ARIANE -> <t:1770274800:t> - <t:1770282000:t> en __S24__
<t:1770282000:D> **11 S2.18 Communication-TD** : DEBOUTE JOCELYNE -> <t:1770282000:t> - <t:1770289200:t> en __S15__
<t:1770361200:D> **11 S2.03-1 PHP** : MONNET ALEXIS -> <t:1770361200:t> - <t:1770368400:t> en __S27__
<t:1770368400:D> **21 S2.03-1 PHP** : MONNET ALEXIS -> <t:1770368400:t> - <t:1770375600:t> en __S27__
<t:1770381000:D> **S2.15 Probabilités ASPE** : JALOUX CHRISTOPHE -> <t:1770381000:t> - <t:1770388200:t> en __S10__
<t:1770388200:D> **S2.12 Qualité de développement ASPE** : PERNELLE PHILIPPE -> <t:1770388200:t> - <t:1770395400:t> en __S17__

[2026-02-01T03:07:46.607Z] info: Sending message to channel 1330181732573515806: 📅 **Emploi du temps pour le groupe g1s2a la semaine prochaine :**

<t:1770015600:D> **R2.10-2 GPI TD** : DUFOUR KARLINE -> <t:1770015600:t> - <t:1770022800:t> en __S15__
<t:1770022800:D> **11 R2.12 Anglais TPA** : ABAUZIT DUFAUD GISELE -> <t:1770022800:t> - <t:1770030000:t> en __028__
<t:1770037200:D> **11 R2.07 Graphes TD** : JALOUX CHRISTOPHE -> <t:1770037200:t> - <t:1770044400:t> en __S10__
<t:1770044400:D> **11R2.05 Comm et service réseaux TD** : BARON ARIANE -> <t:1770044400:t> - <t:1770051600:t> en __S12__
<t:1770102000:D> **R2.04 fonctionnement bas niveau** : DAUTRAIX ISABELLE -> <t:1770102000:t> - <t:1770109200:t> en __S15__
<t:1770109200:D> **11R2.06 BD TD** : BONNET CHRISTINE -> <t:1770109200:t> - <t:1770116400:t> en __S17__
<t:1770123600:D> **R2.11 Droits contrats et num. Amphi** : BOUHADDOUDA ANISSA -> <t:1770123600:t> - <t:1770130800:t> en __Amphi2__
<t:1770188400:D> **11 R2.01-1 Java TD** : DUCHENE ERIC -> <t:1770188400:t> - <t:1770195600:t> en __S10__
<t:1770195600:D> **R2.04 fonctionnement bas niveau** : DAUTRAIX ISABELLE -> <t:1770195600:t> - <t:1770202800:t> en __S15__
<t:1770210000:D> **21 R2.01-1 Java TD** : DUCHENE ERIC -> <t:1770210000:t> - <t:1770217200:t> en __S12__
<t:1770217200:D> **31 R2.01-1 Java TD** : DUCHENE ERIC -> <t:1770217200:t> - <t:1770224400:t> en __S12__
<t:1770282000:D> **R2.01-3 - SDD TD** : BELKHATIR MOHAMMED -> <t:1770282000:t> - <t:1770289200:t> en __S11__
<t:1770361200:D> **21 R2.07 Graphes TD** : JALOUX CHRISTOPHE -> <t:1770361200:t> - <t:1770368400:t> en __S10__
<t:1770381000:D> **11 R2.10-1 Volet comptable et fin.TD** : OLIVIER FREDERIC -> <t:1770381000:t> - <t:1770388200:t> en __S15__

[2026-02-01T03:07:46.607Z] info: Message sent to channel 1330181732573515806: 📅 **Emploi du temps pour le groupe g1s2a la semaine prochaine :**

<t:1770015600:D> **R2.10-2 GPI TD** : DUFOUR KARLINE -> <t:1770015600:t> - <t:1770022800:t> en __S15__
<t:1770022800:D> **11 R2.12 Anglais TPA** : ABAUZIT DUFAUD GISELE -> <t:1770022800:t> - <t:1770030000:t> en __028__
<t:1770037200:D> **11 R2.07 Graphes TD** : JALOUX CHRISTOPHE -> <t:1770037200:t> - <t:1770044400:t> en __S10__
<t:1770044400:D> **11R2.05 Comm et service réseaux TD** : BARON ARIANE -> <t:1770044400:t> - <t:1770051600:t> en __S12__
<t:1770102000:D> **R2.04 fonctionnement bas niveau** : DAUTRAIX ISABELLE -> <t:1770102000:t> - <t:1770109200:t> en __S15__
<t:1770109200:D> **11R2.06 BD TD** : BONNET CHRISTINE -> <t:1770109200:t> - <t:1770116400:t> en __S17__
<t:1770123600:D> **R2.11 Droits contrats et num. Amphi** : BOUHADDOUDA ANISSA -> <t:1770123600:t> - <t:1770130800:t> en __Amphi2__
<t:1770188400:D> **11 R2.01-1 Java TD** : DUCHENE ERIC -> <t:1770188400:t> - <t:1770195600:t> en __S10__
<t:1770195600:D> **R2.04 fonctionnement bas niveau** : DAUTRAIX ISABELLE -> <t:1770195600:t> - <t:1770202800:t> en __S15__
<t:1770210000:D> **21 R2.01-1 Java TD** : DUCHENE ERIC -> <t:1770210000:t> - <t:1770217200:t> en __S12__
<t:1770217200:D> **31 R2.01-1 Java TD** : DUCHENE ERIC -> <t:1770217200:t> - <t:1770224400:t> en __S12__
<t:1770282000:D> **R2.01-3 - SDD TD** : BELKHATIR MOHAMMED -> <t:1770282000:t> - <t:1770289200:t> en __S11__
<t:1770361200:D> **21 R2.07 Graphes TD** : JALOUX CHRISTOPHE -> <t:1770361200:t> - <t:1770368400:t> en __S10__
<t:1770381000:D> **11 R2.10-1 Volet comptable et fin.TD** : OLIVIER FREDERIC -> <t:1770381000:t> - <t:1770388200:t> en __S15__

[2026-02-01T03:07:46.609Z] info: Sending message to channel 1330181903877144647: 📅 **Emploi du temps pour le groupe g1s2b la semaine prochaine :**

<t:1770015600:D> **R2.10-2 GPI TD** : DUFOUR KARLINE -> <t:1770015600:t> - <t:1770022800:t> en __S15__
<t:1770022800:D> **11 R2.12 Anglais TPB** : CANQUE FLORENCE -> <t:1770022800:t> - <t:1770030000:t> en __026-Langues__
<t:1770037200:D> **11 R2.07 Graphes TD** : JALOUX CHRISTOPHE -> <t:1770037200:t> - <t:1770044400:t> en __S10__
<t:1770044400:D> **11R2.05 Comm et service réseaux TD** : BARON ARIANE -> <t:1770044400:t> - <t:1770051600:t> en __S12__
<t:1770102000:D> **R2.04 fonctionnement bas niveau** : DAUTRAIX ISABELLE -> <t:1770102000:t> - <t:1770109200:t> en __S15__
<t:1770109200:D> **11R2.06 BD TD** : BONNET CHRISTINE -> <t:1770109200:t> - <t:1770116400:t> en __S17__
<t:1770123600:D> **R2.11 Droits contrats et num. Amphi** : BOUHADDOUDA ANISSA -> <t:1770123600:t> - <t:1770130800:t> en __Amphi2__
<t:1770188400:D> **11 R2.01-1 Java TD** : DUCHENE ERIC -> <t:1770188400:t> - <t:1770195600:t> en __S10__
<t:1770195600:D> **R2.04 fonctionnement bas niveau** : DAUTRAIX ISABELLE -> <t:1770195600:t> - <t:1770202800:t> en __S15__
<t:1770210000:D> **21 R2.01-1 Java TD** : DUCHENE ERIC -> <t:1770210000:t> - <t:1770217200:t> en __S12__
<t:1770217200:D> **31 R2.01-1 Java TD** : DUCHENE ERIC -> <t:1770217200:t> - <t:1770224400:t> en __S12__
<t:1770282000:D> **R2.01-3 - SDD TD** : BELKHATIR MOHAMMED -> <t:1770282000:t> - <t:1770289200:t> en __S11__
<t:1770361200:D> **21 R2.07 Graphes TD** : JALOUX CHRISTOPHE -> <t:1770361200:t> - <t:1770368400:t> en __S10__
<t:1770381000:D> **11 R2.10-1 Volet comptable et fin.TD** : OLIVIER FREDERIC -> <t:1770381000:t> - <t:1770388200:t> en __S15__

[2026-02-01T03:07:46.609Z] info: Message sent to channel 1330181903877144647: 📅 **Emploi du temps pour le groupe g1s2b la semaine prochaine :**

<t:1770015600:D> **R2.10-2 GPI TD** : DUFOUR KARLINE -> <t:1770015600:t> - <t:1770022800:t> en __S15__
<t:1770022800:D> **11 R2.12 Anglais TPB** : CANQUE FLORENCE -> <t:1770022800:t> - <t:1770030000:t> en __026-Langues__
<t:1770037200:D> **11 R2.07 Graphes TD** : JALOUX CHRISTOPHE -> <t:1770037200:t> - <t:1770044400:t> en __S10__
<t:1770044400:D> **11R2.05 Comm et service réseaux TD** : BARON ARIANE -> <t:1770044400:t> - <t:1770051600:t> en __S12__
<t:1770102000:D> **R2.04 fonctionnement bas niveau** : DAUTRAIX ISABELLE -> <t:1770102000:t> - <t:1770109200:t> en __S15__
<t:1770109200:D> **11R2.06 BD TD** : BONNET CHRISTINE -> <t:1770109200:t> - <t:1770116400:t> en __S17__
<t:1770123600:D> **R2.11 Droits contrats et num. Amphi** : BOUHADDOUDA ANISSA -> <t:1770123600:t> - <t:1770130800:t> en __Amphi2__
<t:1770188400:D> **11 R2.01-1 Java TD** : DUCHENE ERIC -> <t:1770188400:t> - <t:1770195600:t> en __S10__
<t:1770195600:D> **R2.04 fonctionnement bas niveau** : DAUTRAIX ISABELLE -> <t:1770195600:t> - <t:1770202800:t> en __S15__
<t:1770210000:D> **21 R2.01-1 Java TD** : DUCHENE ERIC -> <t:1770210000:t> - <t:1770217200:t> en __S12__
<t:1770217200:D> **31 R2.01-1 Java TD** : DUCHENE ERIC -> <t:1770217200:t> - <t:1770224400:t> en __S12__
<t:1770282000:D> **R2.01-3 - SDD TD** : BELKHATIR MOHAMMED -> <t:1770282000:t> - <t:1770289200:t> en __S11__
<t:1770361200:D> **21 R2.07 Graphes TD** : JALOUX CHRISTOPHE -> <t:1770361200:t> - <t:1770368400:t> en __S10__
<t:1770381000:D> **11 R2.10-1 Volet comptable et fin.TD** : OLIVIER FREDERIC -> <t:1770381000:t> - <t:1770388200:t> en __S15__

[2026-02-01T03:07:46.610Z] info: Sending message to channel 1330181754371313717: 📅 **Emploi du temps pour le groupe g2s2a la semaine prochaine :**

<t:1770015600:D> **11 R2.12 Anglais TPA** : ABAUZIT DUFAUD GISELE -> <t:1770015600:t> - <t:1770022800:t> en __026-Langues__
<t:1770022800:D> **11 R2.07 Graphes TD** : JALOUX CHRISTOPHE -> <t:1770022800:t> - <t:1770030000:t> en __S10__
<t:1770044400:D> **11R2.05 Comm et service réseaux TD** : WATRIGANT REMI -> <t:1770044400:t> - <t:1770051600:t> en __S11__
<t:1770109200:D> **R2.04 fonctionnement bas niveau** : DAUTRAIX ISABELLE -> <t:1770109200:t> - <t:1770116400:t> en __040__
<t:1770123600:D> **R2.11 Droits contrats et num. Amphi** : BOUHADDOUDA ANISSA -> <t:1770123600:t> - <t:1770130800:t> en __Amphi2__
<t:1770188400:D> **R2.04 fonctionnement bas niveau** : DAUTRAIX ISABELLE -> <t:1770188400:t> - <t:1770195600:t> en __040__
<t:1770195600:D> **31 R2.01-1 Java TD** : BELKHATIR MOHAMMED -> <t:1770195600:t> - <t:1770202800:t> en __S03__
<t:1770210000:D> **11 R2.10-1 Volet comptable et fin.TD** : LAGACHE ALEXANDRA -> <t:1770210000:t> - <t:1770217200:t> en __S11__
<t:1770217200:D> **21 R2.01-1 Java TD** : BELKHATIR MOHAMMED -> <t:1770217200:t> - <t:1770224400:t> en __S03__
<t:1770274800:D> **21 R2.07 Graphes TD** : JALOUX CHRISTOPHE -> <t:1770274800:t> - <t:1770282000:t> en __S10__
<t:1770282000:D> **11R2.06 BD TD** : BENSLIMANE DJAMAL -> <t:1770282000:t> - <t:1770289200:t> en __S16__
<t:1770361200:D> **R2.10-2 GPI TD** : DUFOUR KARLINE -> <t:1770361200:t> - <t:1770368400:t> en __S15__
<t:1770368400:D> **21 R2.07 Graphes TD** : JALOUX CHRISTOPHE -> <t:1770368400:t> - <t:1770375600:t> en __S10__
<t:1770381000:D> **11 R2.13 Comm. TD** : DEBOUTE JOCELYNE -> <t:1770381000:t> - <t:1770388200:t> en __S12__
<t:1770388200:D> **11 R2.01-1 Java TD** : BELKHATIR MOHAMMED -> <t:1770388200:t> - <t:1770395400:t> en __S16__

[2026-02-01T03:07:46.611Z] info: Message sent to channel 1330181754371313717: 📅 **Emploi du temps pour le groupe g2s2a la semaine prochaine :**

<t:1770015600:D> **11 R2.12 Anglais TPA** : ABAUZIT DUFAUD GISELE -> <t:1770015600:t> - <t:1770022800:t> en __026-Langues__
<t:1770022800:D> **11 R2.07 Graphes TD** : JALOUX CHRISTOPHE -> <t:1770022800:t> - <t:1770030000:t> en __S10__
<t:1770044400:D> **11R2.05 Comm et service réseaux TD** : WATRIGANT REMI -> <t:1770044400:t> - <t:1770051600:t> en __S11__
<t:1770109200:D> **R2.04 fonctionnement bas niveau** : DAUTRAIX ISABELLE -> <t:1770109200:t> - <t:1770116400:t> en __040__
<t:1770123600:D> **R2.11 Droits contrats et num. Amphi** : BOUHADDOUDA ANISSA -> <t:1770123600:t> - <t:1770130800:t> en __Amphi2__
<t:1770188400:D> **R2.04 fonctionnement bas niveau** : DAUTRAIX ISABELLE -> <t:1770188400:t> - <t:1770195600:t> en __040__
<t:1770195600:D> **31 R2.01-1 Java TD** : BELKHATIR MOHAMMED -> <t:1770195600:t> - <t:1770202800:t> en __S03__
<t:1770210000:D> **11 R2.10-1 Volet comptable et fin.TD** : LAGACHE ALEXANDRA -> <t:1770210000:t> - <t:1770217200:t> en __S11__
<t:1770217200:D> **21 R2.01-1 Java TD** : BELKHATIR MOHAMMED -> <t:1770217200:t> - <t:1770224400:t> en __S03__
<t:1770274800:D> **21 R2.07 Graphes TD** : JALOUX CHRISTOPHE -> <t:1770274800:t> - <t:1770282000:t> en __S10__
<t:1770282000:D> **11R2.06 BD TD** : BENSLIMANE DJAMAL -> <t:1770282000:t> - <t:1770289200:t> en __S16__
<t:1770361200:D> **R2.10-2 GPI TD** : DUFOUR KARLINE -> <t:1770361200:t> - <t:1770368400:t> en __S15__
<t:1770368400:D> **21 R2.07 Graphes TD** : JALOUX CHRISTOPHE -> <t:1770368400:t> - <t:1770375600:t> en __S10__
<t:1770381000:D> **11 R2.13 Comm. TD** : DEBOUTE JOCELYNE -> <t:1770381000:t> - <t:1770388200:t> en __S12__
<t:1770388200:D> **11 R2.01-1 Java TD** : BELKHATIR MOHAMMED -> <t:1770388200:t> - <t:1770395400:t> en __S16__

[2026-02-01T03:07:46.613Z] info: Sending message to channel 1330181915248168971: 📅 **Emploi du temps pour le groupe g2s2b la semaine prochaine :**

<t:1770015600:D> **11 R2.12 Anglais TPB** : CANQUE FLORENCE -> <t:1770015600:t> - <t:1770022800:t> en __028__
<t:1770022800:D> **11 R2.07 Graphes TD** : JALOUX CHRISTOPHE -> <t:1770022800:t> - <t:1770030000:t> en __S10__
<t:1770044400:D> **11R2.05 Comm et service réseaux TD** : WATRIGANT REMI -> <t:1770044400:t> - <t:1770051600:t> en __S11__
<t:1770109200:D> **R2.04 fonctionnement bas niveau** : DAUTRAIX ISABELLE -> <t:1770109200:t> - <t:1770116400:t> en __040__
<t:1770123600:D> **R2.11 Droits contrats et num. Amphi** : BOUHADDOUDA ANISSA -> <t:1770123600:t> - <t:1770130800:t> en __Amphi2__
<t:1770188400:D> **R2.04 fonctionnement bas niveau** : DAUTRAIX ISABELLE -> <t:1770188400:t> - <t:1770195600:t> en __040__
<t:1770195600:D> **31 R2.01-1 Java TD** : BELKHATIR MOHAMMED -> <t:1770195600:t> - <t:1770202800:t> en __S03__
<t:1770210000:D> **11 R2.10-1 Volet comptable et fin.TD** : LAGACHE ALEXANDRA -> <t:1770210000:t> - <t:1770217200:t> en __S11__
<t:1770217200:D> **21 R2.01-1 Java TD** : BELKHATIR MOHAMMED -> <t:1770217200:t> - <t:1770224400:t> en __S03__
<t:1770274800:D> **21 R2.07 Graphes TD** : JALOUX CHRISTOPHE -> <t:1770274800:t> - <t:1770282000:t> en __S10__
<t:1770282000:D> **11R2.06 BD TD** : BENSLIMANE DJAMAL -> <t:1770282000:t> - <t:1770289200:t> en __S16__
<t:1770361200:D> **R2.10-2 GPI TD** : DUFOUR KARLINE -> <t:1770361200:t> - <t:1770368400:t> en __S15__
<t:1770368400:D> **21 R2.07 Graphes TD** : JALOUX CHRISTOPHE -> <t:1770368400:t> - <t:1770375600:t> en __S10__
<t:1770381000:D> **11 R2.13 Comm. TD** : DEBOUTE JOCELYNE -> <t:1770381000:t> - <t:1770388200:t> en __S12__
<t:1770388200:D> **11 R2.01-1 Java TD** : BELKHATIR MOHAMMED -> <t:1770388200:t> - <t:1770395400:t> en __S16__

[2026-02-01T03:07:46.613Z] info: Message sent to channel 1330181915248168971: 📅 **Emploi du temps pour le groupe g2s2b la semaine prochaine :**

<t:1770015600:D> **11 R2.12 Anglais TPB** : CANQUE FLORENCE -> <t:1770015600:t> - <t:1770022800:t> en __028__
<t:1770022800:D> **11 R2.07 Graphes TD** : JALOUX CHRISTOPHE -> <t:1770022800:t> - <t:1770030000:t> en __S10__
<t:1770044400:D> **11R2.05 Comm et service réseaux TD** : WATRIGANT REMI -> <t:1770044400:t> - <t:1770051600:t> en __S11__
<t:1770109200:D> **R2.04 fonctionnement bas niveau** : DAUTRAIX ISABELLE -> <t:1770109200:t> - <t:1770116400:t> en __040__
<t:1770123600:D> **R2.11 Droits contrats et num. Amphi** : BOUHADDOUDA ANISSA -> <t:1770123600:t> - <t:1770130800:t> en __Amphi2__
<t:1770188400:D> **R2.04 fonctionnement bas niveau** : DAUTRAIX ISABELLE -> <t:1770188400:t> - <t:1770195600:t> en __040__
<t:1770195600:D> **31 R2.01-1 Java TD** : BELKHATIR MOHAMMED -> <t:1770195600:t> - <t:1770202800:t> en __S03__
<t:1770210000:D> **11 R2.10-1 Volet comptable et fin.TD** : LAGACHE ALEXANDRA -> <t:1770210000:t> - <t:1770217200:t> en __S11__
<t:1770217200:D> **21 R2.01-1 Java TD** : BELKHATIR MOHAMMED -> <t:1770217200:t> - <t:1770224400:t> en __S03__
<t:1770274800:D> **21 R2.07 Graphes TD** : JALOUX CHRISTOPHE -> <t:1770274800:t> - <t:1770282000:t> en __S10__
<t:1770282000:D> **11R2.06 BD TD** : BENSLIMANE DJAMAL -> <t:1770282000:t> - <t:1770289200:t> en __S16__
<t:1770361200:D> **R2.10-2 GPI TD** : DUFOUR KARLINE -> <t:1770361200:t> - <t:1770368400:t> en __S15__
<t:1770368400:D> **21 R2.07 Graphes TD** : JALOUX CHRISTOPHE -> <t:1770368400:t> - <t:1770375600:t> en __S10__
<t:1770381000:D> **11 R2.13 Comm. TD** : DEBOUTE JOCELYNE -> <t:1770381000:t> - <t:1770388200:t> en __S12__
<t:1770388200:D> **11 R2.01-1 Java TD** : BELKHATIR MOHAMMED -> <t:1770388200:t> - <t:1770395400:t> en __S16__

[2026-02-01T03:07:46.615Z] info: Sending message to channel 1330181766161633320: 📅 **Emploi du temps pour le groupe g3s2a la semaine prochaine :**

<t:1770015600:D> **11R2.06 BD TD** : BENSLIMANE DJAMAL -> <t:1770015600:t> - <t:1770022800:t> en __S14__
<t:1770022800:D> **11 R2.07 Graphes TD** : JOUBERT AUDE -> <t:1770022800:t> - <t:1770030000:t> en __S11__
<t:1770037200:D> **11 R2.10-1 Volet comptable et fin.TD** : LAGACHE ALEXANDRA -> <t:1770037200:t> - <t:1770044400:t> en __S12__
<t:1770044400:D> **R2.04 fonctionnement bas niveau** : MARIN MALORY -> <t:1770044400:t> - <t:1770051600:t> en __040__
<t:1770109200:D> **21 R2.07 Graphes TD** : JOUBERT AUDE -> <t:1770109200:t> - <t:1770116400:t> en __S11__
<t:1770123600:D> **R2.11 Droits contrats et num. Amphi** : BOUHADDOUDA ANISSA -> <t:1770123600:t> - <t:1770130800:t> en __Amphi2__
<t:1770130800:D> **11R2.05 Comm et service réseaux TD** : BARON ARIANE -> <t:1770130800:t> - <t:1770138000:t> en __S12__
<t:1770188400:D> **R2.10-2 GPI TD** : DUFOUR KARLINE -> <t:1770188400:t> - <t:1770195600:t> en __S15__
<t:1770195600:D> **11 R2.01-1 Java TD** : BONNET CHRISTINE -> <t:1770195600:t> - <t:1770202800:t> en __S14__
<t:1770210000:D> **11 R2.12 Anglais TPA** : CANQUE FLORENCE -> <t:1770210000:t> - <t:1770217200:t> en __028__
<t:1770274800:D> **R2.01-3 - SDD TD** : BELKHATIR MOHAMMED -> <t:1770274800:t> - <t:1770282000:t> en __S12__
<t:1770368400:D> **11 R2.13 Comm. TD** : DEBOUTE JOCELYNE -> <t:1770368400:t> - <t:1770375600:t> en __S21__
<t:1770381000:D> **31 R2.01-1 Java TD** : BONNET CHRISTINE -> <t:1770381000:t> - <t:1770388200:t> en __S14__
<t:1770388200:D> **21 R2.01-1 Java TD** : BONNET CHRISTINE -> <t:1770388200:t> - <t:1770395400:t> en __S14__

[2026-02-01T03:07:46.615Z] info: Message sent to channel 1330181766161633320: 📅 **Emploi du temps pour le groupe g3s2a la semaine prochaine :**

<t:1770015600:D> **11R2.06 BD TD** : BENSLIMANE DJAMAL -> <t:1770015600:t> - <t:1770022800:t> en __S14__
<t:1770022800:D> **11 R2.07 Graphes TD** : JOUBERT AUDE -> <t:1770022800:t> - <t:1770030000:t> en __S11__
<t:1770037200:D> **11 R2.10-1 Volet comptable et fin.TD** : LAGACHE ALEXANDRA -> <t:1770037200:t> - <t:1770044400:t> en __S12__
<t:1770044400:D> **R2.04 fonctionnement bas niveau** : MARIN MALORY -> <t:1770044400:t> - <t:1770051600:t> en __040__
<t:1770109200:D> **21 R2.07 Graphes TD** : JOUBERT AUDE -> <t:1770109200:t> - <t:1770116400:t> en __S11__
<t:1770123600:D> **R2.11 Droits contrats et num. Amphi** : BOUHADDOUDA ANISSA -> <t:1770123600:t> - <t:1770130800:t> en __Amphi2__
<t:1770130800:D> **11R2.05 Comm et service réseaux TD** : BARON ARIANE -> <t:1770130800:t> - <t:1770138000:t> en __S12__
<t:1770188400:D> **R2.10-2 GPI TD** : DUFOUR KARLINE -> <t:1770188400:t> - <t:1770195600:t> en __S15__
<t:1770195600:D> **11 R2.01-1 Java TD** : BONNET CHRISTINE -> <t:1770195600:t> - <t:1770202800:t> en __S14__
<t:1770210000:D> **11 R2.12 Anglais TPA** : CANQUE FLORENCE -> <t:1770210000:t> - <t:1770217200:t> en __028__
<t:1770274800:D> **R2.01-3 - SDD TD** : BELKHATIR MOHAMMED -> <t:1770274800:t> - <t:1770282000:t> en __S12__
<t:1770368400:D> **11 R2.13 Comm. TD** : DEBOUTE JOCELYNE -> <t:1770368400:t> - <t:1770375600:t> en __S21__
<t:1770381000:D> **31 R2.01-1 Java TD** : BONNET CHRISTINE -> <t:1770381000:t> - <t:1770388200:t> en __S14__
<t:1770388200:D> **21 R2.01-1 Java TD** : BONNET CHRISTINE -> <t:1770388200:t> - <t:1770395400:t> en __S14__

[2026-02-01T03:07:46.616Z] info: Sending message to channel 1330181925775605760: 📅 **Emploi du temps pour le groupe g3s2b la semaine prochaine :**

<t:1770015600:D> **11R2.06 BD TD** : BENSLIMANE DJAMAL -> <t:1770015600:t> - <t:1770022800:t> en __S14__
<t:1770022800:D> **11 R2.07 Graphes TD** : JOUBERT AUDE -> <t:1770022800:t> - <t:1770030000:t> en __S11__
<t:1770037200:D> **11 R2.10-1 Volet comptable et fin.TD** : LAGACHE ALEXANDRA -> <t:1770037200:t> - <t:1770044400:t> en __S12__
<t:1770044400:D> **R2.04 fonctionnement bas niveau** : MARIN MALORY -> <t:1770044400:t> - <t:1770051600:t> en __040__
<t:1770109200:D> **21 R2.07 Graphes TD** : JOUBERT AUDE -> <t:1770109200:t> - <t:1770116400:t> en __S11__
<t:1770123600:D> **R2.11 Droits contrats et num. Amphi** : BOUHADDOUDA ANISSA -> <t:1770123600:t> - <t:1770130800:t> en __Amphi2__
<t:1770130800:D> **11R2.05 Comm et service réseaux TD** : BARON ARIANE -> <t:1770130800:t> - <t:1770138000:t> en __S12__
<t:1770188400:D> **R2.10-2 GPI TD** : DUFOUR KARLINE -> <t:1770188400:t> - <t:1770195600:t> en __S15__
<t:1770195600:D> **11 R2.01-1 Java TD** : BONNET CHRISTINE -> <t:1770195600:t> - <t:1770202800:t> en __S14__
<t:1770274800:D> **R2.01-3 - SDD TD** : BELKHATIR MOHAMMED -> <t:1770274800:t> - <t:1770282000:t> en __S12__
<t:1770361200:D> **11 R2.12 Anglais TPB** : BESSAC MARIETTE -> <t:1770361200:t> - <t:1770368400:t> en __026-Langues__
<t:1770368400:D> **11 R2.13 Comm. TD** : DEBOUTE JOCELYNE -> <t:1770368400:t> - <t:1770375600:t> en __S21__
<t:1770381000:D> **31 R2.01-1 Java TD** : BONNET CHRISTINE -> <t:1770381000:t> - <t:1770388200:t> en __S14__
<t:1770388200:D> **21 R2.01-1 Java TD** : BONNET CHRISTINE -> <t:1770388200:t> - <t:1770395400:t> en __S14__

[2026-02-01T03:07:46.617Z] info: Message sent to channel 1330181925775605760: 📅 **Emploi du temps pour le groupe g3s2b la semaine prochaine :**

<t:1770015600:D> **11R2.06 BD TD** : BENSLIMANE DJAMAL -> <t:1770015600:t> - <t:1770022800:t> en __S14__
<t:1770022800:D> **11 R2.07 Graphes TD** : JOUBERT AUDE -> <t:1770022800:t> - <t:1770030000:t> en __S11__
<t:1770037200:D> **11 R2.10-1 Volet comptable et fin.TD** : LAGACHE ALEXANDRA -> <t:1770037200:t> - <t:1770044400:t> en __S12__
<t:1770044400:D> **R2.04 fonctionnement bas niveau** : MARIN MALORY -> <t:1770044400:t> - <t:1770051600:t> en __040__
<t:1770109200:D> **21 R2.07 Graphes TD** : JOUBERT AUDE -> <t:1770109200:t> - <t:1770116400:t> en __S11__
<t:1770123600:D> **R2.11 Droits contrats et num. Amphi** : BOUHADDOUDA ANISSA -> <t:1770123600:t> - <t:1770130800:t> en __Amphi2__
<t:1770130800:D> **11R2.05 Comm et service réseaux TD** : BARON ARIANE -> <t:1770130800:t> - <t:1770138000:t> en __S12__
<t:1770188400:D> **R2.10-2 GPI TD** : DUFOUR KARLINE -> <t:1770188400:t> - <t:1770195600:t> en __S15__
<t:1770195600:D> **11 R2.01-1 Java TD** : BONNET CHRISTINE -> <t:1770195600:t> - <t:1770202800:t> en __S14__
<t:1770274800:D> **R2.01-3 - SDD TD** : BELKHATIR MOHAMMED -> <t:1770274800:t> - <t:1770282000:t> en __S12__
<t:1770361200:D> **11 R2.12 Anglais TPB** : BESSAC MARIETTE -> <t:1770361200:t> - <t:1770368400:t> en __026-Langues__
<t:1770368400:D> **11 R2.13 Comm. TD** : DEBOUTE JOCELYNE -> <t:1770368400:t> - <t:1770375600:t> en __S21__
<t:1770381000:D> **31 R2.01-1 Java TD** : BONNET CHRISTINE -> <t:1770381000:t> - <t:1770388200:t> en __S14__
<t:1770388200:D> **21 R2.01-1 Java TD** : BONNET CHRISTINE -> <t:1770388200:t> - <t:1770395400:t> en __S14__

[2026-02-01T03:07:46.618Z] info: Sending message to channel 1330181783794221076: 📅 **Emploi du temps pour le groupe g4s2a la semaine prochaine :**

<t:1770015600:D> **R2.01-3 - SDD TD** : KHEDDOUCI HAMAMACHE -> <t:1770015600:t> - <t:1770022800:t> en __040__
<t:1770022800:D> **R2.10-2 GPI TD** : DUFOUR KARLINE -> <t:1770022800:t> - <t:1770030000:t> en __S15__
<t:1770037200:D> **11 R2.07 Graphes TD** : JOUBERT AUDE -> <t:1770037200:t> - <t:1770044400:t> en __S11__
<t:1770044400:D> **11 R2.10-1 Volet comptable et fin.TD** : LAGACHE ALEXANDRA -> <t:1770044400:t> - <t:1770051600:t> en __S10__
<t:1770102000:D> **21 R2.07 Graphes TD** : JOUBERT AUDE -> <t:1770102000:t> - <t:1770109200:t> en __S11__
<t:1770109200:D> **31 R2.01-1 Java TD** : BELKHATIR MOHAMMED -> <t:1770109200:t> - <t:1770116400:t> en __S03__
<t:1770123600:D> **R2.11 Droits contrats et num. Amphi** : BOUHADDOUDA ANISSA -> <t:1770123600:t> - <t:1770130800:t> en __Amphi2__
<t:1770130800:D> **11 R2.13 Comm. TD** : DJINIADHIS BENEDICTE -> <t:1770130800:t> - <t:1770138000:t> en __S15__
<t:1770188400:D> **11R2.05 Comm et service réseaux TD** : MERRHEIM XAVIER -> <t:1770188400:t> - <t:1770195600:t> en __S11__
<t:1770210000:D> **21 R2.01-1 Java TD** : BELKHATIR MOHAMMED -> <t:1770210000:t> - <t:1770217200:t> en __S03__
<t:1770274800:D> **R2.04 fonctionnement bas niveau** : DAUTRAIX ISABELLE -> <t:1770274800:t> - <t:1770282000:t> en __S11__
<t:1770282000:D> **11R2.06 BD TD** : BARON ARIANE -> <t:1770282000:t> - <t:1770289200:t> en __S14__
<t:1770361200:D> **R2.04 fonctionnement bas niveau** : DAUTRAIX ISABELLE -> <t:1770361200:t> - <t:1770368400:t> en __040__
<t:1770368400:D> **11 R2.12 Anglais TPA** : ABAUZIT DUFAUD GISELE -> <t:1770368400:t> - <t:1770375600:t> en __028__
<t:1770381000:D> **11 R2.01-1 Java TD** : BELKHATIR MOHAMMED -> <t:1770381000:t> - <t:1770388200:t> en __S17__

[2026-02-01T03:07:46.618Z] info: Message sent to channel 1330181783794221076: 📅 **Emploi du temps pour le groupe g4s2a la semaine prochaine :**

<t:1770015600:D> **R2.01-3 - SDD TD** : KHEDDOUCI HAMAMACHE -> <t:1770015600:t> - <t:1770022800:t> en __040__
<t:1770022800:D> **R2.10-2 GPI TD** : DUFOUR KARLINE -> <t:1770022800:t> - <t:1770030000:t> en __S15__
<t:1770037200:D> **11 R2.07 Graphes TD** : JOUBERT AUDE -> <t:1770037200:t> - <t:1770044400:t> en __S11__
<t:1770044400:D> **11 R2.10-1 Volet comptable et fin.TD** : LAGACHE ALEXANDRA -> <t:1770044400:t> - <t:1770051600:t> en __S10__
<t:1770102000:D> **21 R2.07 Graphes TD** : JOUBERT AUDE -> <t:1770102000:t> - <t:1770109200:t> en __S11__
<t:1770109200:D> **31 R2.01-1 Java TD** : BELKHATIR MOHAMMED -> <t:1770109200:t> - <t:1770116400:t> en __S03__
<t:1770123600:D> **R2.11 Droits contrats et num. Amphi** : BOUHADDOUDA ANISSA -> <t:1770123600:t> - <t:1770130800:t> en __Amphi2__
<t:1770130800:D> **11 R2.13 Comm. TD** : DJINIADHIS BENEDICTE -> <t:1770130800:t> - <t:1770138000:t> en __S15__
<t:1770188400:D> **11R2.05 Comm et service réseaux TD** : MERRHEIM XAVIER -> <t:1770188400:t> - <t:1770195600:t> en __S11__
<t:1770210000:D> **21 R2.01-1 Java TD** : BELKHATIR MOHAMMED -> <t:1770210000:t> - <t:1770217200:t> en __S03__
<t:1770274800:D> **R2.04 fonctionnement bas niveau** : DAUTRAIX ISABELLE -> <t:1770274800:t> - <t:1770282000:t> en __S11__
<t:1770282000:D> **11R2.06 BD TD** : BARON ARIANE -> <t:1770282000:t> - <t:1770289200:t> en __S14__
<t:1770361200:D> **R2.04 fonctionnement bas niveau** : DAUTRAIX ISABELLE -> <t:1770361200:t> - <t:1770368400:t> en __040__
<t:1770368400:D> **11 R2.12 Anglais TPA** : ABAUZIT DUFAUD GISELE -> <t:1770368400:t> - <t:1770375600:t> en __028__
<t:1770381000:D> **11 R2.01-1 Java TD** : BELKHATIR MOHAMMED -> <t:1770381000:t> - <t:1770388200:t> en __S17__

[2026-02-01T03:07:46.620Z] info: Sending message to channel 1330181940665647228: 📅 **Emploi du temps pour le groupe g4s2b la semaine prochaine :**

<t:1770015600:D> **R2.01-3 - SDD TD** : KHEDDOUCI HAMAMACHE -> <t:1770015600:t> - <t:1770022800:t> en __040__
<t:1770022800:D> **R2.10-2 GPI TD** : DUFOUR KARLINE -> <t:1770022800:t> - <t:1770030000:t> en __S15__
<t:1770037200:D> **11 R2.07 Graphes TD** : JOUBERT AUDE -> <t:1770037200:t> - <t:1770044400:t> en __S11__
<t:1770044400:D> **11 R2.10-1 Volet comptable et fin.TD** : LAGACHE ALEXANDRA -> <t:1770044400:t> - <t:1770051600:t> en __S10__
<t:1770102000:D> **21 R2.07 Graphes TD** : JOUBERT AUDE -> <t:1770102000:t> - <t:1770109200:t> en __S11__
<t:1770109200:D> **31 R2.01-1 Java TD** : BELKHATIR MOHAMMED -> <t:1770109200:t> - <t:1770116400:t> en __S03__
<t:1770123600:D> **R2.11 Droits contrats et num. Amphi** : BOUHADDOUDA ANISSA -> <t:1770123600:t> - <t:1770130800:t> en __Amphi2__
<t:1770130800:D> **11 R2.13 Comm. TD** : DJINIADHIS BENEDICTE -> <t:1770130800:t> - <t:1770138000:t> en __S15__
<t:1770188400:D> **11R2.05 Comm et service réseaux TD** : MERRHEIM XAVIER -> <t:1770188400:t> - <t:1770195600:t> en __S11__
<t:1770210000:D> **21 R2.01-1 Java TD** : BELKHATIR MOHAMMED -> <t:1770210000:t> - <t:1770217200:t> en __S03__
<t:1770274800:D> **R2.04 fonctionnement bas niveau** : DAUTRAIX ISABELLE -> <t:1770274800:t> - <t:1770282000:t> en __S11__
<t:1770282000:D> **11R2.06 BD TD** : BARON ARIANE -> <t:1770282000:t> - <t:1770289200:t> en __S14__
<t:1770361200:D> **R2.04 fonctionnement bas niveau** : DAUTRAIX ISABELLE -> <t:1770361200:t> - <t:1770368400:t> en __040__
<t:1770368400:D> **11 R2.12 Anglais TPB** : BESSAC MARIETTE -> <t:1770368400:t> - <t:1770375600:t> en __026-Langues__
<t:1770381000:D> **11 R2.01-1 Java TD** : BELKHATIR MOHAMMED -> <t:1770381000:t> - <t:1770388200:t> en __S17__

[2026-02-01T03:07:46.620Z] info: Message sent to channel 1330181940665647228: 📅 **Emploi du temps pour le groupe g4s2b la semaine prochaine :**

<t:1770015600:D> **R2.01-3 - SDD TD** : KHEDDOUCI HAMAMACHE -> <t:1770015600:t> - <t:1770022800:t> en __040__
<t:1770022800:D> **R2.10-2 GPI TD** : DUFOUR KARLINE -> <t:1770022800:t> - <t:1770030000:t> en __S15__
<t:1770037200:D> **11 R2.07 Graphes TD** : JOUBERT AUDE -> <t:1770037200:t> - <t:1770044400:t> en __S11__
<t:1770044400:D> **11 R2.10-1 Volet comptable et fin.TD** : LAGACHE ALEXANDRA -> <t:1770044400:t> - <t:1770051600:t> en __S10__
<t:1770102000:D> **21 R2.07 Graphes TD** : JOUBERT AUDE -> <t:1770102000:t> - <t:1770109200:t> en __S11__
<t:1770109200:D> **31 R2.01-1 Java TD** : BELKHATIR MOHAMMED -> <t:1770109200:t> - <t:1770116400:t> en __S03__
<t:1770123600:D> **R2.11 Droits contrats et num. Amphi** : BOUHADDOUDA ANISSA -> <t:1770123600:t> - <t:1770130800:t> en __Amphi2__
<t:1770130800:D> **11 R2.13 Comm. TD** : DJINIADHIS BENEDICTE -> <t:1770130800:t> - <t:1770138000:t> en __S15__
<t:1770188400:D> **11R2.05 Comm et service réseaux TD** : MERRHEIM XAVIER -> <t:1770188400:t> - <t:1770195600:t> en __S11__
<t:1770210000:D> **21 R2.01-1 Java TD** : BELKHATIR MOHAMMED -> <t:1770210000:t> - <t:1770217200:t> en __S03__
<t:1770274800:D> **R2.04 fonctionnement bas niveau** : DAUTRAIX ISABELLE -> <t:1770274800:t> - <t:1770282000:t> en __S11__
<t:1770282000:D> **11R2.06 BD TD** : BARON ARIANE -> <t:1770282000:t> - <t:1770289200:t> en __S14__
<t:1770361200:D> **R2.04 fonctionnement bas niveau** : DAUTRAIX ISABELLE -> <t:1770361200:t> - <t:1770368400:t> en __040__
<t:1770368400:D> **11 R2.12 Anglais TPB** : BESSAC MARIETTE -> <t:1770368400:t> - <t:1770375600:t> en __026-Langues__
<t:1770381000:D> **11 R2.01-1 Java TD** : BELKHATIR MOHAMMED -> <t:1770381000:t> - <t:1770388200:t> en __S17__

[2026-02-01T03:07:46.622Z] info: Sending message to channel 1330181795181891634: 📅 **Emploi du temps pour le groupe g5s2a la semaine prochaine :**

<t:1770022800:D> **11R2.06 BD TD** : BENSLIMANE DJAMAL -> <t:1770022800:t> - <t:1770030000:t> en __S22__
<t:1770037200:D> **R2.04 fonctionnement bas niveau** : WATRIGANT REMI -> <t:1770037200:t> - <t:1770044400:t> en __S21__
<t:1770044400:D> **11 R2.07 Graphes TD** : LEROUX STEPHANE -> <t:1770044400:t> - <t:1770051600:t> en __S15__
<t:1770102000:D> **31 R2.01-1 Java TD** : BUYLE-BODIN NICOLAS -> <t:1770102000:t> - <t:1770109200:t> en __S21__
<t:1770109200:D> **R2.01-3 - SDD TD** : KHEDDOUCI HAMAMACHE -> <t:1770109200:t> - <t:1770116400:t> en __S10__
<t:1770123600:D> **R2.11 Droits contrats et num. Amphi** : BOUHADDOUDA ANISSA -> <t:1770123600:t> - <t:1770130800:t> en __Amphi2__
<t:1770130800:D> **11 R2.13 Comm. TD** : DEBOUTE JOCELYNE -> <t:1770130800:t> - <t:1770138000:t> en __S10__
<t:1770188400:D> **21 R2.01-1 Java TD** : BUYLE-BODIN NICOLAS -> <t:1770188400:t> - <t:1770195600:t> en __S12__
<t:1770195600:D> **11 R2.12 Anglais TPA** : CANQUE FLORENCE -> <t:1770195600:t> - <t:1770202800:t> en __028__
<t:1770210000:D> **R2.10-2 GPI TD** : DUFOUR KARLINE -> <t:1770210000:t> - <t:1770217200:t> en __S15__
<t:1770217200:D> **11 R2.10-1 Volet comptable et fin.TD** : LAGACHE ALEXANDRA -> <t:1770217200:t> - <t:1770224400:t> en __S10__
<t:1770274800:D> **21 R2.07 Graphes TD** : LEROUX STEPHANE -> <t:1770274800:t> - <t:1770282000:t> en __S15__
<t:1770368400:D> **11 R2.01-1 Java TD** : BUYLE-BODIN NICOLAS -> <t:1770368400:t> - <t:1770375600:t> en __S03__
<t:1770381000:D> **11R2.05 Comm et service réseaux TD** : LOPEZ ALEXANDRE -> <t:1770381000:t> - <t:1770388200:t> en __040__

[2026-02-01T03:07:46.622Z] info: Message sent to channel 1330181795181891634: 📅 **Emploi du temps pour le groupe g5s2a la semaine prochaine :**

<t:1770022800:D> **11R2.06 BD TD** : BENSLIMANE DJAMAL -> <t:1770022800:t> - <t:1770030000:t> en __S22__
<t:1770037200:D> **R2.04 fonctionnement bas niveau** : WATRIGANT REMI -> <t:1770037200:t> - <t:1770044400:t> en __S21__
<t:1770044400:D> **11 R2.07 Graphes TD** : LEROUX STEPHANE -> <t:1770044400:t> - <t:1770051600:t> en __S15__
<t:1770102000:D> **31 R2.01-1 Java TD** : BUYLE-BODIN NICOLAS -> <t:1770102000:t> - <t:1770109200:t> en __S21__
<t:1770109200:D> **R2.01-3 - SDD TD** : KHEDDOUCI HAMAMACHE -> <t:1770109200:t> - <t:1770116400:t> en __S10__
<t:1770123600:D> **R2.11 Droits contrats et num. Amphi** : BOUHADDOUDA ANISSA -> <t:1770123600:t> - <t:1770130800:t> en __Amphi2__
<t:1770130800:D> **11 R2.13 Comm. TD** : DEBOUTE JOCELYNE -> <t:1770130800:t> - <t:1770138000:t> en __S10__
<t:1770188400:D> **21 R2.01-1 Java TD** : BUYLE-BODIN NICOLAS -> <t:1770188400:t> - <t:1770195600:t> en __S12__
<t:1770195600:D> **11 R2.12 Anglais TPA** : CANQUE FLORENCE -> <t:1770195600:t> - <t:1770202800:t> en __028__
<t:1770210000:D> **R2.10-2 GPI TD** : DUFOUR KARLINE -> <t:1770210000:t> - <t:1770217200:t> en __S15__
<t:1770217200:D> **11 R2.10-1 Volet comptable et fin.TD** : LAGACHE ALEXANDRA -> <t:1770217200:t> - <t:1770224400:t> en __S10__
<t:1770274800:D> **21 R2.07 Graphes TD** : LEROUX STEPHANE -> <t:1770274800:t> - <t:1770282000:t> en __S15__
<t:1770368400:D> **11 R2.01-1 Java TD** : BUYLE-BODIN NICOLAS -> <t:1770368400:t> - <t:1770375600:t> en __S03__
<t:1770381000:D> **11R2.05 Comm et service réseaux TD** : LOPEZ ALEXANDRE -> <t:1770381000:t> - <t:1770388200:t> en __040__

[2026-02-01T03:07:46.623Z] info: Sending message to channel 1330181955337195631: 📅 **Emploi du temps pour le groupe g5s2b la semaine prochaine :**

<t:1770022800:D> **11R2.06 BD TD** : BENSLIMANE DJAMAL -> <t:1770022800:t> - <t:1770030000:t> en __S22__
<t:1770037200:D> **R2.04 fonctionnement bas niveau** : WATRIGANT REMI -> <t:1770037200:t> - <t:1770044400:t> en __S21__
<t:1770044400:D> **11 R2.07 Graphes TD** : LEROUX STEPHANE -> <t:1770044400:t> - <t:1770051600:t> en __S15__
<t:1770102000:D> **31 R2.01-1 Java TD** : BUYLE-BODIN NICOLAS -> <t:1770102000:t> - <t:1770109200:t> en __S21__
<t:1770109200:D> **R2.01-3 - SDD TD** : KHEDDOUCI HAMAMACHE -> <t:1770109200:t> - <t:1770116400:t> en __S10__
<t:1770123600:D> **R2.11 Droits contrats et num. Amphi** : BOUHADDOUDA ANISSA -> <t:1770123600:t> - <t:1770130800:t> en __Amphi2__
<t:1770130800:D> **11 R2.13 Comm. TD** : DEBOUTE JOCELYNE -> <t:1770130800:t> - <t:1770138000:t> en __S10__
<t:1770188400:D> **21 R2.01-1 Java TD** : BUYLE-BODIN NICOLAS -> <t:1770188400:t> - <t:1770195600:t> en __S12__
<t:1770195600:D> **11 R2.12 Anglais TPB** : BESSAC MARIETTE -> <t:1770195600:t> - <t:1770202800:t> en __026-Langues__
<t:1770210000:D> **R2.10-2 GPI TD** : DUFOUR KARLINE -> <t:1770210000:t> - <t:1770217200:t> en __S15__
<t:1770217200:D> **11 R2.10-1 Volet comptable et fin.TD** : LAGACHE ALEXANDRA -> <t:1770217200:t> - <t:1770224400:t> en __S10__
<t:1770274800:D> **21 R2.07 Graphes TD** : LEROUX STEPHANE -> <t:1770274800:t> - <t:1770282000:t> en __S15__
<t:1770368400:D> **11 R2.01-1 Java TD** : BUYLE-BODIN NICOLAS -> <t:1770368400:t> - <t:1770375600:t> en __S03__
<t:1770381000:D> **11R2.05 Comm et service réseaux TD** : LOPEZ ALEXANDRE -> <t:1770381000:t> - <t:1770388200:t> en __040__

[2026-02-01T03:07:46.623Z] info: Message sent to channel 1330181955337195631: 📅 **Emploi du temps pour le groupe g5s2b la semaine prochaine :**

<t:1770022800:D> **11R2.06 BD TD** : BENSLIMANE DJAMAL -> <t:1770022800:t> - <t:1770030000:t> en __S22__
<t:1770037200:D> **R2.04 fonctionnement bas niveau** : WATRIGANT REMI -> <t:1770037200:t> - <t:1770044400:t> en __S21__
<t:1770044400:D> **11 R2.07 Graphes TD** : LEROUX STEPHANE -> <t:1770044400:t> - <t:1770051600:t> en __S15__
<t:1770102000:D> **31 R2.01-1 Java TD** : BUYLE-BODIN NICOLAS -> <t:1770102000:t> - <t:1770109200:t> en __S21__
<t:1770109200:D> **R2.01-3 - SDD TD** : KHEDDOUCI HAMAMACHE -> <t:1770109200:t> - <t:1770116400:t> en __S10__
<t:1770123600:D> **R2.11 Droits contrats et num. Amphi** : BOUHADDOUDA ANISSA -> <t:1770123600:t> - <t:1770130800:t> en __Amphi2__
<t:1770130800:D> **11 R2.13 Comm. TD** : DEBOUTE JOCELYNE -> <t:1770130800:t> - <t:1770138000:t> en __S10__
<t:1770188400:D> **21 R2.01-1 Java TD** : BUYLE-BODIN NICOLAS -> <t:1770188400:t> - <t:1770195600:t> en __S12__
<t:1770195600:D> **11 R2.12 Anglais TPB** : BESSAC MARIETTE -> <t:1770195600:t> - <t:1770202800:t> en __026-Langues__
<t:1770210000:D> **R2.10-2 GPI TD** : DUFOUR KARLINE -> <t:1770210000:t> - <t:1770217200:t> en __S15__
<t:1770217200:D> **11 R2.10-1 Volet comptable et fin.TD** : LAGACHE ALEXANDRA -> <t:1770217200:t> - <t:1770224400:t> en __S10__
<t:1770274800:D> **21 R2.07 Graphes TD** : LEROUX STEPHANE -> <t:1770274800:t> - <t:1770282000:t> en __S15__
<t:1770368400:D> **11 R2.01-1 Java TD** : BUYLE-BODIN NICOLAS -> <t:1770368400:t> - <t:1770375600:t> en __S03__
<t:1770381000:D> **11R2.05 Comm et service réseaux TD** : LOPEZ ALEXANDRE -> <t:1770381000:t> - <t:1770388200:t> en __040__

[2026-02-01T03:07:46.627Z] info: Sending message to channel 1330181810289905847: 📅 **Emploi du temps pour le groupe g1s4a la semaine prochaine :**

<t:1770022800:D> **22 R4.A.08 Virtualisation TPA** : PARAUD JEAN-CHRISTOPHE -> <t:1770022800:t> - <t:1770030000:t> en __S16__
<t:1770037200:D> **R4.05 Anglais-TPA** : BESSAC MARIETTE -> <t:1770037200:t> - <t:1770044400:t> en __026-Langues__
<t:1770044400:D> **11 R4.04 Méthodes d'optimisation-TD** : JOUBERT AUDE -> <t:1770044400:t> - <t:1770051600:t> en __S16__
<t:1770102000:D> **11 R4.A.09 Management avancé des SI-TD** : DUFOUR KARLINE -> <t:1770102000:t> - <t:1770109200:t> en __040__
<t:1770109200:D> **11 R4.03 Qualité & non-relationnel-TD** : BARON ARIANE -> <t:1770109200:t> - <t:1770116400:t> en __S14__
<t:1770123600:D> **11 R4.01 Archi. logicielle : PHP Symfony + API-TD** : MONNET ALEXIS -> <t:1770123600:t> - <t:1770130800:t> en __S03__
<t:1770130800:D> **21 R4.01 Archi. logicielle : PHP Symfony + API-TD** : MONNET ALEXIS -> <t:1770130800:t> - <t:1770138000:t> en __S16__
<t:1770188400:D> **11 R4.A.08 Virtualisation-TD** : BUSSON ANTHONY -> <t:1770188400:t> - <t:1770195600:t> en __S16__
<t:1770282000:D> **11 R4.A.10 Vue JS TPA** : LEROUX STEPHANE -> <t:1770282000:t> - <t:1770289200:t> en __S24__
<t:1770294600:D> **SAé G1A** : JOUBERT AUDE -> <t:1770294600:t> - <t:1770301800:t> en __S16__
<t:1770361200:D> **21 R4.04 Méthodes d'optimisation-TD** : JOUBERT AUDE -> <t:1770361200:t> - <t:1770368400:t> en __S16__
<t:1770368400:D> **21 R4.A.10 Vue JS TPA** : LEROUX STEPHANE -> <t:1770368400:t> - <t:1770375600:t> en __S17__
<t:1770381000:D> **12 R4.06 Communication interne-TPA** : ALLAOUI ABDELBAKI -> <t:1770381000:t> - <t:1770388200:t> en __S21__

[2026-02-01T03:07:46.627Z] info: Message sent to channel 1330181810289905847: 📅 **Emploi du temps pour le groupe g1s4a la semaine prochaine :**

<t:1770022800:D> **22 R4.A.08 Virtualisation TPA** : PARAUD JEAN-CHRISTOPHE -> <t:1770022800:t> - <t:1770030000:t> en __S16__
<t:1770037200:D> **R4.05 Anglais-TPA** : BESSAC MARIETTE -> <t:1770037200:t> - <t:1770044400:t> en __026-Langues__
<t:1770044400:D> **11 R4.04 Méthodes d'optimisation-TD** : JOUBERT AUDE -> <t:1770044400:t> - <t:1770051600:t> en __S16__
<t:1770102000:D> **11 R4.A.09 Management avancé des SI-TD** : DUFOUR KARLINE -> <t:1770102000:t> - <t:1770109200:t> en __040__
<t:1770109200:D> **11 R4.03 Qualité & non-relationnel-TD** : BARON ARIANE -> <t:1770109200:t> - <t:1770116400:t> en __S14__
<t:1770123600:D> **11 R4.01 Archi. logicielle : PHP Symfony + API-TD** : MONNET ALEXIS -> <t:1770123600:t> - <t:1770130800:t> en __S03__
<t:1770130800:D> **21 R4.01 Archi. logicielle : PHP Symfony + API-TD** : MONNET ALEXIS -> <t:1770130800:t> - <t:1770138000:t> en __S16__
<t:1770188400:D> **11 R4.A.08 Virtualisation-TD** : BUSSON ANTHONY -> <t:1770188400:t> - <t:1770195600:t> en __S16__
<t:1770282000:D> **11 R4.A.10 Vue JS TPA** : LEROUX STEPHANE -> <t:1770282000:t> - <t:1770289200:t> en __S24__
<t:1770294600:D> **SAé G1A** : JOUBERT AUDE -> <t:1770294600:t> - <t:1770301800:t> en __S16__
<t:1770361200:D> **21 R4.04 Méthodes d'optimisation-TD** : JOUBERT AUDE -> <t:1770361200:t> - <t:1770368400:t> en __S16__
<t:1770368400:D> **21 R4.A.10 Vue JS TPA** : LEROUX STEPHANE -> <t:1770368400:t> - <t:1770375600:t> en __S17__
<t:1770381000:D> **12 R4.06 Communication interne-TPA** : ALLAOUI ABDELBAKI -> <t:1770381000:t> - <t:1770388200:t> en __S21__

[2026-02-01T03:07:46.629Z] info: Sending message to channel 1330181968075165769: 📅 **Emploi du temps pour le groupe g1s4b la semaine prochaine :**

<t:1770044400:D> **11 R4.04 Méthodes d'optimisation-TD** : JOUBERT AUDE -> <t:1770044400:t> - <t:1770051600:t> en __S16__
<t:1770102000:D> **11 R4.A.09 Management avancé des SI-TD** : DUFOUR KARLINE -> <t:1770102000:t> - <t:1770109200:t> en __040__
<t:1770109200:D> **11 R4.03 Qualité & non-relationnel-TD** : BARON ARIANE -> <t:1770109200:t> - <t:1770116400:t> en __S14__
<t:1770123600:D> **11 R4.01 Archi. logicielle : PHP Symfony + API-TD** : MONNET ALEXIS -> <t:1770123600:t> - <t:1770130800:t> en __S03__
<t:1770130800:D> **21 R4.01 Archi. logicielle : PHP Symfony + API-TD** : MONNET ALEXIS -> <t:1770130800:t> - <t:1770138000:t> en __S16__
<t:1770188400:D> **11 R4.A.08 Virtualisation-TD** : BUSSON ANTHONY -> <t:1770188400:t> - <t:1770195600:t> en __S16__
<t:1770210000:D> **R4.05 Anglais-TPB** : BESSAC MARIETTE -> <t:1770210000:t> - <t:1770217200:t> en __026-Langues__
<t:1770274800:D> **21 R4.A.10 Vue JS TPB** : GONCALVES ISABELLE -> <t:1770274800:t> - <t:1770282000:t> en __S14__
<t:1770282000:D> **11 R4.A.10 Vue JS TP B** : GONCALVES ISABELLE -> <t:1770282000:t> - <t:1770289200:t> en __S13__
<t:1770301800:D> **SAé G1B** : JOUBERT AUDE -> <t:1770301800:t> - <t:1770309000:t> en __S16__
<t:1770361200:D> **21 R4.04 Méthodes d'optimisation-TD** : JOUBERT AUDE -> <t:1770361200:t> - <t:1770368400:t> en __S16__
<t:1770368400:D> **21 R4.06 Communication interne-TPB** : ALLAOUI ABDELBAKI -> <t:1770368400:t> - <t:1770375600:t> en __S15__

[2026-02-01T03:07:46.630Z] info: Message sent to channel 1330181968075165769: 📅 **Emploi du temps pour le groupe g1s4b la semaine prochaine :**

<t:1770044400:D> **11 R4.04 Méthodes d'optimisation-TD** : JOUBERT AUDE -> <t:1770044400:t> - <t:1770051600:t> en __S16__
<t:1770102000:D> **11 R4.A.09 Management avancé des SI-TD** : DUFOUR KARLINE -> <t:1770102000:t> - <t:1770109200:t> en __040__
<t:1770109200:D> **11 R4.03 Qualité & non-relationnel-TD** : BARON ARIANE -> <t:1770109200:t> - <t:1770116400:t> en __S14__
<t:1770123600:D> **11 R4.01 Archi. logicielle : PHP Symfony + API-TD** : MONNET ALEXIS -> <t:1770123600:t> - <t:1770130800:t> en __S03__
<t:1770130800:D> **21 R4.01 Archi. logicielle : PHP Symfony + API-TD** : MONNET ALEXIS -> <t:1770130800:t> - <t:1770138000:t> en __S16__
<t:1770188400:D> **11 R4.A.08 Virtualisation-TD** : BUSSON ANTHONY -> <t:1770188400:t> - <t:1770195600:t> en __S16__
<t:1770210000:D> **R4.05 Anglais-TPB** : BESSAC MARIETTE -> <t:1770210000:t> - <t:1770217200:t> en __026-Langues__
<t:1770274800:D> **21 R4.A.10 Vue JS TPB** : GONCALVES ISABELLE -> <t:1770274800:t> - <t:1770282000:t> en __S14__
<t:1770282000:D> **11 R4.A.10 Vue JS TP B** : GONCALVES ISABELLE -> <t:1770282000:t> - <t:1770289200:t> en __S13__
<t:1770301800:D> **SAé G1B** : JOUBERT AUDE -> <t:1770301800:t> - <t:1770309000:t> en __S16__
<t:1770361200:D> **21 R4.04 Méthodes d'optimisation-TD** : JOUBERT AUDE -> <t:1770361200:t> - <t:1770368400:t> en __S16__
<t:1770368400:D> **21 R4.06 Communication interne-TPB** : ALLAOUI ABDELBAKI -> <t:1770368400:t> - <t:1770375600:t> en __S15__

[2026-02-01T03:07:46.634Z] info: Sending message to channel 1330181829667328071: 📅 **Emploi du temps pour le groupe g2s4a la semaine prochaine :**

<t:1770015600:D> **22 R4.A.08 Virtualisation TPA** : PARAUD JEAN-CHRISTOPHE -> <t:1770015600:t> - <t:1770022800:t> en __S17__
<t:1770022800:D> **11 R4.A.08 Virtualisation-TD** : BUSSON ANTHONY -> <t:1770022800:t> - <t:1770030000:t> en __S13__
<t:1770037200:D> **R4.05 Anglais-TPA** : CANQUE FLORENCE -> <t:1770037200:t> - <t:1770044400:t> en __028__
<t:1770044400:D> **21 R4.03 Qualité & non-relationnel-TD** : FACI NOURA -> <t:1770044400:t> - <t:1770051600:t> en __S14__
<t:1770102000:D> **11 R4.01 Archi. logicielle : PHP Symfony + API-TD** : MONNET ALEXIS -> <t:1770102000:t> - <t:1770109200:t> en __S16__
<t:1770109200:D> **21 R4.01 Archi. logicielle : PHP Symfony + API-TD** : MONNET ALEXIS -> <t:1770109200:t> - <t:1770116400:t> en __S16__
<t:1770123600:D> **11 R4.04 Méthodes d'optimisation-TD** : JOUBERT AUDE -> <t:1770123600:t> - <t:1770130800:t> en __S16__
<t:1770130800:D> **11 R4.03 Qualité & non-relationnel-TD** : FACI NOURA -> <t:1770130800:t> - <t:1770138000:t> en __S17__
<t:1770195600:D> **11 R4.A.09 Management avancé des SI-TD** : DUFOUR KARLINE -> <t:1770195600:t> - <t:1770202800:t> en __040__
<t:1770274800:D> **21 R4.04 Méthodes d'optimisation-TD** : JOUBERT AUDE -> <t:1770274800:t> - <t:1770282000:t> en __S16__
<t:1770282000:D> **R4.05 Anglais-TPA** : CANQUE FLORENCE -> <t:1770282000:t> - <t:1770289200:t> en __028__
<t:1770294600:D> **SAé G2A** : JALOUX CHRISTOPHE -> <t:1770294600:t> - <t:1770301800:t> en __S17__
<t:1770361200:D> **11 R4.A.10 Vue JS TPA** : LEROUX STEPHANE -> <t:1770361200:t> - <t:1770368400:t> en __S14__
<t:1770368400:D> **21 R4.04 Méthodes d'optimisation-TD** : JOUBERT AUDE -> <t:1770368400:t> - <t:1770375600:t> en __S16__
<t:1770381000:D> **21 R4.A.10 Vue JS TPA** : LEROUX STEPHANE -> <t:1770381000:t> - <t:1770388200:t> en __S16__
<t:1770388200:D> **12 R4.06 Communication interne-TPA** : DEBOUTE JOCELYNE -> <t:1770388200:t> - <t:1770395400:t> en __040__

[2026-02-01T03:07:46.634Z] info: Message sent to channel 1330181829667328071: 📅 **Emploi du temps pour le groupe g2s4a la semaine prochaine :**

<t:1770015600:D> **22 R4.A.08 Virtualisation TPA** : PARAUD JEAN-CHRISTOPHE -> <t:1770015600:t> - <t:1770022800:t> en __S17__
<t:1770022800:D> **11 R4.A.08 Virtualisation-TD** : BUSSON ANTHONY -> <t:1770022800:t> - <t:1770030000:t> en __S13__
<t:1770037200:D> **R4.05 Anglais-TPA** : CANQUE FLORENCE -> <t:1770037200:t> - <t:1770044400:t> en __028__
<t:1770044400:D> **21 R4.03 Qualité & non-relationnel-TD** : FACI NOURA -> <t:1770044400:t> - <t:1770051600:t> en __S14__
<t:1770102000:D> **11 R4.01 Archi. logicielle : PHP Symfony + API-TD** : MONNET ALEXIS -> <t:1770102000:t> - <t:1770109200:t> en __S16__
<t:1770109200:D> **21 R4.01 Archi. logicielle : PHP Symfony + API-TD** : MONNET ALEXIS -> <t:1770109200:t> - <t:1770116400:t> en __S16__
<t:1770123600:D> **11 R4.04 Méthodes d'optimisation-TD** : JOUBERT AUDE -> <t:1770123600:t> - <t:1770130800:t> en __S16__
<t:1770130800:D> **11 R4.03 Qualité & non-relationnel-TD** : FACI NOURA -> <t:1770130800:t> - <t:1770138000:t> en __S17__
<t:1770195600:D> **11 R4.A.09 Management avancé des SI-TD** : DUFOUR KARLINE -> <t:1770195600:t> - <t:1770202800:t> en __040__
<t:1770274800:D> **21 R4.04 Méthodes d'optimisation-TD** : JOUBERT AUDE -> <t:1770274800:t> - <t:1770282000:t> en __S16__
<t:1770282000:D> **R4.05 Anglais-TPA** : CANQUE FLORENCE -> <t:1770282000:t> - <t:1770289200:t> en __028__
<t:1770294600:D> **SAé G2A** : JALOUX CHRISTOPHE -> <t:1770294600:t> - <t:1770301800:t> en __S17__
<t:1770361200:D> **11 R4.A.10 Vue JS TPA** : LEROUX STEPHANE -> <t:1770361200:t> - <t:1770368400:t> en __S14__
<t:1770368400:D> **21 R4.04 Méthodes d'optimisation-TD** : JOUBERT AUDE -> <t:1770368400:t> - <t:1770375600:t> en __S16__
<t:1770381000:D> **21 R4.A.10 Vue JS TPA** : LEROUX STEPHANE -> <t:1770381000:t> - <t:1770388200:t> en __S16__
<t:1770388200:D> **12 R4.06 Communication interne-TPA** : DEBOUTE JOCELYNE -> <t:1770388200:t> - <t:1770395400:t> en __040__

[2026-02-01T03:07:46.637Z] info: Sending message to channel 1330181981320777738: 📅 **Emploi du temps pour le groupe g2s4b la semaine prochaine :**

<t:1770022800:D> **11 R4.A.08 Virtualisation-TD** : BUSSON ANTHONY -> <t:1770022800:t> - <t:1770030000:t> en __S13__
<t:1770044400:D> **21 R4.03 Qualité & non-relationnel-TD** : FACI NOURA -> <t:1770044400:t> - <t:1770051600:t> en __S14__
<t:1770102000:D> **11 R4.01 Archi. logicielle : PHP Symfony + API-TD** : MONNET ALEXIS -> <t:1770102000:t> - <t:1770109200:t> en __S16__
<t:1770109200:D> **21 R4.01 Archi. logicielle : PHP Symfony + API-TD** : MONNET ALEXIS -> <t:1770109200:t> - <t:1770116400:t> en __S16__
<t:1770123600:D> **11 R4.04 Méthodes d'optimisation-TD** : JOUBERT AUDE -> <t:1770123600:t> - <t:1770130800:t> en __S16__
<t:1770130800:D> **11 R4.03 Qualité & non-relationnel-TD** : FACI NOURA -> <t:1770130800:t> - <t:1770138000:t> en __S17__
<t:1770195600:D> **11 R4.A.09 Management avancé des SI-TD** : DUFOUR KARLINE -> <t:1770195600:t> - <t:1770202800:t> en __040__
<t:1770210000:D> **21 R4.06 Communication interne-TPB** : DEBOUTE JOCELYNE -> <t:1770210000:t> - <t:1770217200:t> en __040__
<t:1770274800:D> **21 R4.04 Méthodes d'optimisation-TD** : JOUBERT AUDE -> <t:1770274800:t> - <t:1770282000:t> en __S16__
<t:1770282000:D> **R4.05 Anglais-TPB** : BESSAC MARIETTE -> <t:1770282000:t> - <t:1770289200:t> en __026-Langues__
<t:1770301800:D> **SAé G2B** : JALOUX CHRISTOPHE -> <t:1770301800:t> - <t:1770309000:t> en __S17__
<t:1770368400:D> **21 R4.04 Méthodes d'optimisation-TD** : JOUBERT AUDE -> <t:1770368400:t> - <t:1770375600:t> en __S16__
<t:1770381000:D> **21 R4.A.10 Vue JS TPB** : GONCALVES ISABELLE -> <t:1770381000:t> - <t:1770388200:t> en __S24__
<t:1770388200:D> **11 R4.A.10 Vue JS TP B** : GONCALVES ISABELLE -> <t:1770388200:t> - <t:1770395400:t> en __S24__

[2026-02-01T03:07:46.637Z] info: Message sent to channel 1330181981320777738: 📅 **Emploi du temps pour le groupe g2s4b la semaine prochaine :**

<t:1770022800:D> **11 R4.A.08 Virtualisation-TD** : BUSSON ANTHONY -> <t:1770022800:t> - <t:1770030000:t> en __S13__
<t:1770044400:D> **21 R4.03 Qualité & non-relationnel-TD** : FACI NOURA -> <t:1770044400:t> - <t:1770051600:t> en __S14__
<t:1770102000:D> **11 R4.01 Archi. logicielle : PHP Symfony + API-TD** : MONNET ALEXIS -> <t:1770102000:t> - <t:1770109200:t> en __S16__
<t:1770109200:D> **21 R4.01 Archi. logicielle : PHP Symfony + API-TD** : MONNET ALEXIS -> <t:1770109200:t> - <t:1770116400:t> en __S16__
<t:1770123600:D> **11 R4.04 Méthodes d'optimisation-TD** : JOUBERT AUDE -> <t:1770123600:t> - <t:1770130800:t> en __S16__
<t:1770130800:D> **11 R4.03 Qualité & non-relationnel-TD** : FACI NOURA -> <t:1770130800:t> - <t:1770138000:t> en __S17__
<t:1770195600:D> **11 R4.A.09 Management avancé des SI-TD** : DUFOUR KARLINE -> <t:1770195600:t> - <t:1770202800:t> en __040__
<t:1770210000:D> **21 R4.06 Communication interne-TPB** : DEBOUTE JOCELYNE -> <t:1770210000:t> - <t:1770217200:t> en __040__
<t:1770274800:D> **21 R4.04 Méthodes d'optimisation-TD** : JOUBERT AUDE -> <t:1770274800:t> - <t:1770282000:t> en __S16__
<t:1770282000:D> **R4.05 Anglais-TPB** : BESSAC MARIETTE -> <t:1770282000:t> - <t:1770289200:t> en __026-Langues__
<t:1770301800:D> **SAé G2B** : JALOUX CHRISTOPHE -> <t:1770301800:t> - <t:1770309000:t> en __S17__
<t:1770368400:D> **21 R4.04 Méthodes d'optimisation-TD** : JOUBERT AUDE -> <t:1770368400:t> - <t:1770375600:t> en __S16__
<t:1770381000:D> **21 R4.A.10 Vue JS TPB** : GONCALVES ISABELLE -> <t:1770381000:t> - <t:1770388200:t> en __S24__
<t:1770388200:D> **11 R4.A.10 Vue JS TP B** : GONCALVES ISABELLE -> <t:1770388200:t> - <t:1770395400:t> en __S24__

[2026-02-01T03:07:46.641Z] info: Message sent to channel 1395371640291983370 in 17 parts.
[2026-02-01T03:07:46.642Z] info: Sending message to channel 1330181841524756501: 📅 **Emploi du temps pour le groupe g4s4a la semaine prochaine :**

<t:1770015600:D> **R4.C.10-2 Modélisation-TD G4** : MAS SEBASTIEN -> <t:1770015600:t> - <t:1770022800:t> en __S16__
<t:1770022800:D> **R4.C.10-2 Modélisation-TD G4** : MAS SEBASTIEN -> <t:1770022800:t> - <t:1770030000:t> en __S17__
<t:1770037200:D> **11 R4.03 Qualité & non-relationnel-TD** : BARON ARIANE -> <t:1770037200:t> - <t:1770044400:t> en __S14__
<t:1770044400:D> **11 R4.04 Méthodes d'optimisation-TD** : JALOUX CHRISTOPHE -> <t:1770044400:t> - <t:1770051600:t> en __S17__
<t:1770123600:D> **12 R4.C.09 Réseau avancé-TPA** : RONDELET CHRISTOPHE -> <t:1770123600:t> - <t:1770130800:t> en __S13__
<t:1770195600:D> **13 R4.C.09 Réseau avancé-TD** : RONDELET CHRISTOPHE -> <t:1770195600:t> - <t:1770202800:t> en __S17__
<t:1770210000:D> **R4.C.10-1 Intro Informatique décisionnelle** : SCHNEIDER CAMILLE -> <t:1770210000:t> - <t:1770217200:t> en __S17__
<t:1770217200:D> **R4.C.10-1 Intro Informatique décisionnelle** : SCHNEIDER CAMILLE -> <t:1770217200:t> - <t:1770224400:t> en __S16__
<t:1770274800:D> **R4.05 Anglais-TPA** : CANQUE FLORENCE -> <t:1770274800:t> - <t:1770282000:t> en __028__
<t:1770282000:D> **21 R4.04 Méthodes d'optimisation-TD** : JALOUX CHRISTOPHE -> <t:1770282000:t> - <t:1770289200:t> en __S17__
<t:1770294600:D> **Saé G4A** : PEYTAVIE ADRIEN -> <t:1770294600:t> - <t:1770301800:t> en __S14__
<t:1770361200:D> **22 R4.06 Communication interne-TPB** : HARDY LISE -> <t:1770361200:t> - <t:1770368400:t> en __S11__
<t:1770368400:D> **21 R4.06 Communication interne-TPA** : HARDY LISE -> <t:1770368400:t> - <t:1770375600:t> en __S11__
<t:1770381000:D> **11 R4.01 Archi. logicielle : PHP Symfony + API-TD** : MONNET ALEXIS -> <t:1770381000:t> - <t:1770388200:t> en __S03__
<t:1770388200:D> **21 R4.01 Archi. logicielle : PHP Symfony + API-TD** : MONNET ALEXIS -> <t:1770388200:t> - <t:1770395400:t> en __S03__

[2026-02-01T03:07:46.642Z] info: Message sent to channel 1330181841524756501: 📅 **Emploi du temps pour le groupe g4s4a la semaine prochaine :**

<t:1770015600:D> **R4.C.10-2 Modélisation-TD G4** : MAS SEBASTIEN -> <t:1770015600:t> - <t:1770022800:t> en __S16__
<t:1770022800:D> **R4.C.10-2 Modélisation-TD G4** : MAS SEBASTIEN -> <t:1770022800:t> - <t:1770030000:t> en __S17__
<t:1770037200:D> **11 R4.03 Qualité & non-relationnel-TD** : BARON ARIANE -> <t:1770037200:t> - <t:1770044400:t> en __S14__
<t:1770044400:D> **11 R4.04 Méthodes d'optimisation-TD** : JALOUX CHRISTOPHE -> <t:1770044400:t> - <t:1770051600:t> en __S17__
<t:1770123600:D> **12 R4.C.09 Réseau avancé-TPA** : RONDELET CHRISTOPHE -> <t:1770123600:t> - <t:1770130800:t> en __S13__
<t:1770195600:D> **13 R4.C.09 Réseau avancé-TD** : RONDELET CHRISTOPHE -> <t:1770195600:t> - <t:1770202800:t> en __S17__
<t:1770210000:D> **R4.C.10-1 Intro Informatique décisionnelle** : SCHNEIDER CAMILLE -> <t:1770210000:t> - <t:1770217200:t> en __S17__
<t:1770217200:D> **R4.C.10-1 Intro Informatique décisionnelle** : SCHNEIDER CAMILLE -> <t:1770217200:t> - <t:1770224400:t> en __S16__
<t:1770274800:D> **R4.05 Anglais-TPA** : CANQUE FLORENCE -> <t:1770274800:t> - <t:1770282000:t> en __028__
<t:1770282000:D> **21 R4.04 Méthodes d'optimisation-TD** : JALOUX CHRISTOPHE -> <t:1770282000:t> - <t:1770289200:t> en __S17__
<t:1770294600:D> **Saé G4A** : PEYTAVIE ADRIEN -> <t:1770294600:t> - <t:1770301800:t> en __S14__
<t:1770361200:D> **22 R4.06 Communication interne-TPB** : HARDY LISE -> <t:1770361200:t> - <t:1770368400:t> en __S11__
<t:1770368400:D> **21 R4.06 Communication interne-TPA** : HARDY LISE -> <t:1770368400:t> - <t:1770375600:t> en __S11__
<t:1770381000:D> **11 R4.01 Archi. logicielle : PHP Symfony + API-TD** : MONNET ALEXIS -> <t:1770381000:t> - <t:1770388200:t> en __S03__
<t:1770388200:D> **21 R4.01 Archi. logicielle : PHP Symfony + API-TD** : MONNET ALEXIS -> <t:1770388200:t> - <t:1770395400:t> en __S03__

[2026-02-01T03:07:46.644Z] info: Sending message to channel 1330181996743364679: 📅 **Emploi du temps pour le groupe g4s4b la semaine prochaine :**

<t:1770015600:D> **R4.C.10-2 Modélisation-TD G4** : MAS SEBASTIEN -> <t:1770015600:t> - <t:1770022800:t> en __S16__
<t:1770022800:D> **R4.C.10-2 Modélisation-TD G4** : MAS SEBASTIEN -> <t:1770022800:t> - <t:1770030000:t> en __S17__
<t:1770037200:D> **11 R4.03 Qualité & non-relationnel-TD** : BARON ARIANE -> <t:1770037200:t> - <t:1770044400:t> en __S14__
<t:1770044400:D> **11 R4.04 Méthodes d'optimisation-TD** : JALOUX CHRISTOPHE -> <t:1770044400:t> - <t:1770051600:t> en __S17__
<t:1770130800:D> **21 R4.C.09 Réseau avancé-TPB** : RONDELET CHRISTOPHE -> <t:1770130800:t> - <t:1770138000:t> en __S03__
<t:1770195600:D> **13 R4.C.09 Réseau avancé-TD** : RONDELET CHRISTOPHE -> <t:1770195600:t> - <t:1770202800:t> en __S17__
<t:1770210000:D> **R4.C.10-1 Intro Informatique décisionnelle** : SCHNEIDER CAMILLE -> <t:1770210000:t> - <t:1770217200:t> en __S17__
<t:1770217200:D> **R4.C.10-1 Intro Informatique décisionnelle** : SCHNEIDER CAMILLE -> <t:1770217200:t> - <t:1770224400:t> en __S16__
<t:1770274800:D> **R4.05 Anglais-TPB** : BESSAC MARIETTE -> <t:1770274800:t> - <t:1770282000:t> en __026-Langues__
<t:1770282000:D> **21 R4.04 Méthodes d'optimisation-TD** : JALOUX CHRISTOPHE -> <t:1770282000:t> - <t:1770289200:t> en __S17__
<t:1770301800:D> **Saé G4B** : PEYTAVIE ADRIEN -> <t:1770301800:t> - <t:1770309000:t> en __S14__
<t:1770361200:D> **22 R4.06 Communication interne-TPB** : HARDY LISE -> <t:1770361200:t> - <t:1770368400:t> en __S11__
<t:1770368400:D> **21 R4.06 Communication interne-TPA** : HARDY LISE -> <t:1770368400:t> - <t:1770375600:t> en __S11__
<t:1770381000:D> **11 R4.01 Archi. logicielle : PHP Symfony + API-TD** : MONNET ALEXIS -> <t:1770381000:t> - <t:1770388200:t> en __S03__
<t:1770388200:D> **21 R4.01 Archi. logicielle : PHP Symfony + API-TD** : MONNET ALEXIS -> <t:1770388200:t> - <t:1770395400:t> en __S03__

[2026-02-01T03:07:46.644Z] info: Message sent to channel 1330181996743364679: 📅 **Emploi du temps pour le groupe g4s4b la semaine prochaine :**

<t:1770015600:D> **R4.C.10-2 Modélisation-TD G4** : MAS SEBASTIEN -> <t:1770015600:t> - <t:1770022800:t> en __S16__
<t:1770022800:D> **R4.C.10-2 Modélisation-TD G4** : MAS SEBASTIEN -> <t:1770022800:t> - <t:1770030000:t> en __S17__
<t:1770037200:D> **11 R4.03 Qualité & non-relationnel-TD** : BARON ARIANE -> <t:1770037200:t> - <t:1770044400:t> en __S14__
<t:1770044400:D> **11 R4.04 Méthodes d'optimisation-TD** : JALOUX CHRISTOPHE -> <t:1770044400:t> - <t:1770051600:t> en __S17__
<t:1770130800:D> **21 R4.C.09 Réseau avancé-TPB** : RONDELET CHRISTOPHE -> <t:1770130800:t> - <t:1770138000:t> en __S03__
<t:1770195600:D> **13 R4.C.09 Réseau avancé-TD** : RONDELET CHRISTOPHE -> <t:1770195600:t> - <t:1770202800:t> en __S17__
<t:1770210000:D> **R4.C.10-1 Intro Informatique décisionnelle** : SCHNEIDER CAMILLE -> <t:1770210000:t> - <t:1770217200:t> en __S17__
<t:1770217200:D> **R4.C.10-1 Intro Informatique décisionnelle** : SCHNEIDER CAMILLE -> <t:1770217200:t> - <t:1770224400:t> en __S16__
<t:1770274800:D> **R4.05 Anglais-TPB** : BESSAC MARIETTE -> <t:1770274800:t> - <t:1770282000:t> en __026-Langues__
<t:1770282000:D> **21 R4.04 Méthodes d'optimisation-TD** : JALOUX CHRISTOPHE -> <t:1770282000:t> - <t:1770289200:t> en __S17__
<t:1770301800:D> **Saé G4B** : PEYTAVIE ADRIEN -> <t:1770301800:t> - <t:1770309000:t> en __S14__
<t:1770361200:D> **22 R4.06 Communication interne-TPB** : HARDY LISE -> <t:1770361200:t> - <t:1770368400:t> en __S11__
<t:1770368400:D> **21 R4.06 Communication interne-TPA** : HARDY LISE -> <t:1770368400:t> - <t:1770375600:t> en __S11__
<t:1770381000:D> **11 R4.01 Archi. logicielle : PHP Symfony + API-TD** : MONNET ALEXIS -> <t:1770381000:t> - <t:1770388200:t> en __S03__
<t:1770388200:D> **21 R4.01 Archi. logicielle : PHP Symfony + API-TD** : MONNET ALEXIS -> <t:1770388200:t> - <t:1770395400:t> en __S03__

[2026-02-01T03:07:46.647Z] info: Sending message to channel 1409494803489488986: 📅 **Emploi du temps pour le groupe but3ra2a la semaine prochaine :**

<t:1770015600:D> **11 R5.A.11 Aide à la décision TD** : JOUBERT AUDE -> <t:1770015600:t> - <t:1770022800:t> en __S26__
<t:1770022800:D> **11R5.A.10 Neo4J** : FACI NOURA -> <t:1770022800:t> - <t:1770030000:t> en __S26__
<t:1770037200:D> **21R5.A.10 Neo4J** : FACI NOURA -> <t:1770037200:t> - <t:1770044400:t> en __S26__
<t:1770044400:D> **S.A.01 SAE Dev avancé** : BUT3 RA2A -> <t:1770044400:t> - <t:1770051600:t> en __S26__
<t:1770102000:D> **R5.A.06 Programmation multimédia TPA** : PEYTAVIE ADRIEN -> <t:1770102000:t> - <t:1770109200:t> en __S26__
<t:1770109200:D> **R5.A.14 Anglais TPA** : BESSAC MARIETTE -> <t:1770109200:t> - <t:1770116400:t> en __026-Langues__
<t:1770123600:D> **S.A.01 SAE Dev avancé AP** : PEYTAVIE ADRIEN -> <t:1770123600:t> - <t:1770130800:t> en __S26__
<t:1770130800:D> **21R5.A.04 Qualité algo** : DUCHENE ERIC -> <t:1770130800:t> - <t:1770138000:t> en __S26__
<t:1770188400:D> **11R5.A.02 PPP TD** : VIZET PONCET CECILE -> <t:1770188400:t> - <t:1770195600:t> en __S26__
<t:1770195600:D> **11R6.02 Droit du numérique** : MAGNIN FLORENCE -> <t:1770195600:t> - <t:1770202800:t> en __S26__
<t:1770210000:D> **21R6.02 Droit du numérique** : MAGNIN FLORENCE -> <t:1770210000:t> - <t:1770217200:t> en __S26__
<t:1770274800:D> **11R5.A.02 PPP TD** : VIZET PONCET CECILE -> <t:1770274800:t> - <t:1770282000:t> en __S26__
<t:1770282000:D> **21 R5.A.11 Aide à la décision TD** : JOUBERT AUDE -> <t:1770282000:t> - <t:1770289200:t> en __S26__
<t:1770294600:D> **S.A.01 SAE Dev avancé A** : BUT3 RA2A -> <t:1770294600:t> - <t:1770301800:t> en __S26__
<t:1770301800:D> **R5.03 Communication TPA** : DEBOUTE JOCELYNE -> <t:1770301800:t> - <t:1770309000:t> en __S15__
<t:1770361200:D> **S.A.01 SAE Dev avancé** : BUT3 RA2A -> <t:1770361200:t> - <t:1770368400:t> en __S26__
<t:1770368400:D> **S.A.01 SAE Dev avancé** : BUT3 RA2A -> <t:1770368400:t> - <t:1770375600:t> en __S26__

[2026-02-01T03:07:46.647Z] info: Message sent to channel 1409494803489488986: 📅 **Emploi du temps pour le groupe but3ra2a la semaine prochaine :**

<t:1770015600:D> **11 R5.A.11 Aide à la décision TD** : JOUBERT AUDE -> <t:1770015600:t> - <t:1770022800:t> en __S26__
<t:1770022800:D> **11R5.A.10 Neo4J** : FACI NOURA -> <t:1770022800:t> - <t:1770030000:t> en __S26__
<t:1770037200:D> **21R5.A.10 Neo4J** : FACI NOURA -> <t:1770037200:t> - <t:1770044400:t> en __S26__
<t:1770044400:D> **S.A.01 SAE Dev avancé** : BUT3 RA2A -> <t:1770044400:t> - <t:1770051600:t> en __S26__
<t:1770102000:D> **R5.A.06 Programmation multimédia TPA** : PEYTAVIE ADRIEN -> <t:1770102000:t> - <t:1770109200:t> en __S26__
<t:1770109200:D> **R5.A.14 Anglais TPA** : BESSAC MARIETTE -> <t:1770109200:t> - <t:1770116400:t> en __026-Langues__
<t:1770123600:D> **S.A.01 SAE Dev avancé AP** : PEYTAVIE ADRIEN -> <t:1770123600:t> - <t:1770130800:t> en __S26__
<t:1770130800:D> **21R5.A.04 Qualité algo** : DUCHENE ERIC -> <t:1770130800:t> - <t:1770138000:t> en __S26__
<t:1770188400:D> **11R5.A.02 PPP TD** : VIZET PONCET CECILE -> <t:1770188400:t> - <t:1770195600:t> en __S26__
<t:1770195600:D> **11R6.02 Droit du numérique** : MAGNIN FLORENCE -> <t:1770195600:t> - <t:1770202800:t> en __S26__
<t:1770210000:D> **21R6.02 Droit du numérique** : MAGNIN FLORENCE -> <t:1770210000:t> - <t:1770217200:t> en __S26__
<t:1770274800:D> **11R5.A.02 PPP TD** : VIZET PONCET CECILE -> <t:1770274800:t> - <t:1770282000:t> en __S26__
<t:1770282000:D> **21 R5.A.11 Aide à la décision TD** : JOUBERT AUDE -> <t:1770282000:t> - <t:1770289200:t> en __S26__
<t:1770294600:D> **S.A.01 SAE Dev avancé A** : BUT3 RA2A -> <t:1770294600:t> - <t:1770301800:t> en __S26__
<t:1770301800:D> **R5.03 Communication TPA** : DEBOUTE JOCELYNE -> <t:1770301800:t> - <t:1770309000:t> en __S15__
<t:1770361200:D> **S.A.01 SAE Dev avancé** : BUT3 RA2A -> <t:1770361200:t> - <t:1770368400:t> en __S26__
<t:1770368400:D> **S.A.01 SAE Dev avancé** : BUT3 RA2A -> <t:1770368400:t> - <t:1770375600:t> en __S26__

[2026-02-01T03:07:46.648Z] info: Sending message to channel 1409494819574775808: 📅 **Emploi du temps pour le groupe but3ra2b la semaine prochaine :**

<t:1770015600:D> **11 R5.A.11 Aide à la décision TD** : JOUBERT AUDE -> <t:1770015600:t> - <t:1770022800:t> en __S26__
<t:1770022800:D> **11R5.A.10 Neo4J** : FACI NOURA -> <t:1770022800:t> - <t:1770030000:t> en __S26__
<t:1770037200:D> **21R5.A.10 Neo4J** : FACI NOURA -> <t:1770037200:t> - <t:1770044400:t> en __S26__
<t:1770044400:D> **S.A.01 SAE Dev avancé** : BUT3 RA2A -> <t:1770044400:t> - <t:1770051600:t> en __S26__
<t:1770109200:D> **21R5.A.06 Programmation multimédia TPB** : PEYTAVIE ADRIEN -> <t:1770109200:t> - <t:1770116400:t> en __S26__
<t:1770123600:D> **S.A.01 SAE Dev avancé AP** : PEYTAVIE ADRIEN -> <t:1770123600:t> - <t:1770130800:t> en __S26__
<t:1770130800:D> **21R5.A.04 Qualité algo** : DUCHENE ERIC -> <t:1770130800:t> - <t:1770138000:t> en __S26__
<t:1770188400:D> **11R5.A.02 PPP TD** : VIZET PONCET CECILE -> <t:1770188400:t> - <t:1770195600:t> en __S26__
<t:1770195600:D> **11R6.02 Droit du numérique** : MAGNIN FLORENCE -> <t:1770195600:t> - <t:1770202800:t> en __S26__
<t:1770210000:D> **21R6.02 Droit du numérique** : MAGNIN FLORENCE -> <t:1770210000:t> - <t:1770217200:t> en __S26__
<t:1770217200:D> **R5.A.14 Anglais TPB** : BESSAC MARIETTE -> <t:1770217200:t> - <t:1770224400:t> en __026-Langues__
<t:1770274800:D> **11R5.A.02 PPP TD** : VIZET PONCET CECILE -> <t:1770274800:t> - <t:1770282000:t> en __S26__
<t:1770282000:D> **21 R5.A.11 Aide à la décision TD** : JOUBERT AUDE -> <t:1770282000:t> - <t:1770289200:t> en __S26__
<t:1770294600:D> **R5.03 Communication TPB** : DEBOUTE JOCELYNE -> <t:1770294600:t> - <t:1770301800:t> en __S12__
<t:1770301800:D> **S.A.01 SAE Dev avancé B** : BUT3 RA2B -> <t:1770301800:t> - <t:1770309000:t> en __S26__
<t:1770361200:D> **S.A.01 SAE Dev avancé** : BUT3 RA2A -> <t:1770361200:t> - <t:1770368400:t> en __S26__
<t:1770368400:D> **S.A.01 SAE Dev avancé** : BUT3 RA2A -> <t:1770368400:t> - <t:1770375600:t> en __S26__

[2026-02-01T03:07:46.648Z] info: Message sent to channel 1409494819574775808: 📅 **Emploi du temps pour le groupe but3ra2b la semaine prochaine :**

<t:1770015600:D> **11 R5.A.11 Aide à la décision TD** : JOUBERT AUDE -> <t:1770015600:t> - <t:1770022800:t> en __S26__
<t:1770022800:D> **11R5.A.10 Neo4J** : FACI NOURA -> <t:1770022800:t> - <t:1770030000:t> en __S26__
<t:1770037200:D> **21R5.A.10 Neo4J** : FACI NOURA -> <t:1770037200:t> - <t:1770044400:t> en __S26__
<t:1770044400:D> **S.A.01 SAE Dev avancé** : BUT3 RA2A -> <t:1770044400:t> - <t:1770051600:t> en __S26__
<t:1770109200:D> **21R5.A.06 Programmation multimédia TPB** : PEYTAVIE ADRIEN -> <t:1770109200:t> - <t:1770116400:t> en __S26__
<t:1770123600:D> **S.A.01 SAE Dev avancé AP** : PEYTAVIE ADRIEN -> <t:1770123600:t> - <t:1770130800:t> en __S26__
<t:1770130800:D> **21R5.A.04 Qualité algo** : DUCHENE ERIC -> <t:1770130800:t> - <t:1770138000:t> en __S26__
<t:1770188400:D> **11R5.A.02 PPP TD** : VIZET PONCET CECILE -> <t:1770188400:t> - <t:1770195600:t> en __S26__
<t:1770195600:D> **11R6.02 Droit du numérique** : MAGNIN FLORENCE -> <t:1770195600:t> - <t:1770202800:t> en __S26__
<t:1770210000:D> **21R6.02 Droit du numérique** : MAGNIN FLORENCE -> <t:1770210000:t> - <t:1770217200:t> en __S26__
<t:1770217200:D> **R5.A.14 Anglais TPB** : BESSAC MARIETTE -> <t:1770217200:t> - <t:1770224400:t> en __026-Langues__
<t:1770274800:D> **11R5.A.02 PPP TD** : VIZET PONCET CECILE -> <t:1770274800:t> - <t:1770282000:t> en __S26__
<t:1770282000:D> **21 R5.A.11 Aide à la décision TD** : JOUBERT AUDE -> <t:1770282000:t> - <t:1770289200:t> en __S26__
<t:1770294600:D> **R5.03 Communication TPB** : DEBOUTE JOCELYNE -> <t:1770294600:t> - <t:1770301800:t> en __S12__
<t:1770301800:D> **S.A.01 SAE Dev avancé B** : BUT3 RA2B -> <t:1770301800:t> - <t:1770309000:t> en __S26__
<t:1770361200:D> **S.A.01 SAE Dev avancé** : BUT3 RA2A -> <t:1770361200:t> - <t:1770368400:t> en __S26__
<t:1770368400:D> **S.A.01 SAE Dev avancé** : BUT3 RA2A -> <t:1770368400:t> - <t:1770375600:t> en __S26__

[2026-02-01T03:07:46.649Z] info: Weekly timetables sent
[2026-02-01T17:50:00.052Z] info: Downloading ICS files for next week for groups: aspea, aspeb, g1s2a, g1s2b, g2s2a, g2s2b, g3s2a, g3s2b, g4s2a, g4s2b, g5s2a, g5s2b, g1s4a, g1s4b, g2s4a, g2s4b, g3a2, g4s4a, g4s4b, but3ra1a, but3ra1b, but3ra2a, but3ra2b, but3ra3a, but3ra3b, but3dacs, but3aged
[2026-02-01T17:50:00.052Z] info: Downloading ICS file from https://edt.univ-lyon1.fr/jsp/custom/modules/plannings/anonymous_cal.jsp?resources=9272&projectId=1&calType=ical&firstDate=2026-02-02&lastDate=2026-02-08 to src/calendars/nextweek/aspea.ics
[2026-02-01T17:50:00.329Z] info: ICS file downloaded successfully to src/calendars/nextweek/aspea.ics
[2026-02-01T17:50:00.329Z] info: ICS file for aspea downloaded successfully.
[2026-02-01T17:50:00.330Z] info: Downloading ICS file from https://edt.univ-lyon1.fr/jsp/custom/modules/plannings/anonymous_cal.jsp?resources=18783&projectId=1&calType=ical&firstDate=2026-02-02&lastDate=2026-02-08 to src/calendars/nextweek/aspeb.ics
[2026-02-01T17:50:00.432Z] info: ICS file downloaded successfully to src/calendars/nextweek/aspeb.ics
[2026-02-01T17:50:00.432Z] info: ICS file for aspeb downloaded successfully.
[2026-02-01T17:50:00.432Z] info: Downloading ICS file from https://edt.univ-lyon1.fr/jsp/custom/modules/plannings/anonymous_cal.jsp?resources=51542&projectId=1&calType=ical&firstDate=2026-02-02&lastDate=2026-02-08 to src/calendars/nextweek/g1s2a.ics
[2026-02-01T17:50:00.529Z] info: ICS file downloaded successfully to src/calendars/nextweek/g1s2a.ics
[2026-02-01T17:50:00.529Z] info: ICS file for g1s2a downloaded successfully.
[2026-02-01T17:50:00.530Z] info: Downloading ICS file from https://edt.univ-lyon1.fr/jsp/custom/modules/plannings/anonymous_cal.jsp?resources=51543&projectId=1&calType=ical&firstDate=2026-02-02&lastDate=2026-02-08 to src/calendars/nextweek/g1s2b.ics
[2026-02-01T17:50:00.635Z] info: ICS file downloaded successfully to src/calendars/nextweek/g1s2b.ics
[2026-02-01T17:50:00.635Z] info: ICS file for g1s2b downloaded successfully.
[2026-02-01T17:50:00.635Z] info: Downloading ICS file from https://edt.univ-lyon1.fr/jsp/custom/modules/plannings/anonymous_cal.jsp?resources=51545&projectId=1&calType=ical&firstDate=2026-02-02&lastDate=2026-02-08 to src/calendars/nextweek/g2s2a.ics
[2026-02-01T17:50:00.751Z] info: ICS file downloaded successfully to src/calendars/nextweek/g2s2a.ics
[2026-02-01T17:50:00.752Z] info: ICS file for g2s2a downloaded successfully.
[2026-02-01T17:50:00.752Z] info: Downloading ICS file from https://edt.univ-lyon1.fr/jsp/custom/modules/plannings/anonymous_cal.jsp?resources=51546&projectId=1&calType=ical&firstDate=2026-02-02&lastDate=2026-02-08 to src/calendars/nextweek/g2s2b.ics
[2026-02-01T17:50:00.860Z] info: ICS file downloaded successfully to src/calendars/nextweek/g2s2b.ics
[2026-02-01T17:50:00.860Z] info: ICS file for g2s2b downloaded successfully.
[2026-02-01T17:50:00.860Z] info: Downloading ICS file from https://edt.univ-lyon1.fr/jsp/custom/modules/plannings/anonymous_cal.jsp?resources=51548&projectId=1&calType=ical&firstDate=2026-02-02&lastDate=2026-02-08 to src/calendars/nextweek/g3s2a.ics
[2026-02-01T17:50:00.974Z] info: ICS file downloaded successfully to src/calendars/nextweek/g3s2a.ics
[2026-02-01T17:50:00.974Z] info: ICS file for g3s2a downloaded successfully.
[2026-02-01T17:50:00.974Z] info: Downloading ICS file from https://edt.univ-lyon1.fr/jsp/custom/modules/plannings/anonymous_cal.jsp?resources=51549&projectId=1&calType=ical&firstDate=2026-02-02&lastDate=2026-02-08 to src/calendars/nextweek/g3s2b.ics
[2026-02-01T17:50:01.101Z] info: ICS file downloaded successfully to src/calendars/nextweek/g3s2b.ics
[2026-02-01T17:50:01.102Z] info: ICS file for g3s2b downloaded successfully.
[2026-02-01T17:50:01.102Z] info: Downloading ICS file from https://edt.univ-lyon1.fr/jsp/custom/modules/plannings/anonymous_cal.jsp?resources=51551&projectId=1&calType=ical&firstDate=2026-02-02&lastDate=2026-02-08 to src/calendars/nextweek/g4s2a.ics
[2026-02-01T17:50:01.194Z] info: ICS file downloaded successfully to src/calendars/nextweek/g4s2a.ics
[2026-02-01T17:50:01.195Z] info: ICS file for g4s2a downloaded successfully.
[2026-02-01T17:50:01.195Z] info: Downloading ICS file from https://edt.univ-lyon1.fr/jsp/custom/modules/plannings/anonymous_cal.jsp?resources=51552&projectId=1&calType=ical&firstDate=2026-02-02&lastDate=2026-02-08 to src/calendars/nextweek/g4s2b.ics
[2026-02-01T17:50:01.329Z] info: ICS file downloaded successfully to src/calendars/nextweek/g4s2b.ics
[2026-02-01T17:50:01.329Z] info: ICS file for g4s2b downloaded successfully.
[2026-02-01T17:50:01.330Z] info: Downloading ICS file from https://edt.univ-lyon1.fr/jsp/custom/modules/plannings/anonymous_cal.jsp?resources=51554&projectId=1&calType=ical&firstDate=2026-02-02&lastDate=2026-02-08 to src/calendars/nextweek/g5s2a.ics
[2026-02-01T17:50:01.448Z] info: ICS file downloaded successfully to src/calendars/nextweek/g5s2a.ics
[2026-02-01T17:50:01.449Z] info: ICS file for g5s2a downloaded successfully.
[2026-02-01T17:50:01.449Z] info: Downloading ICS file from https://edt.univ-lyon1.fr/jsp/custom/modules/plannings/anonymous_cal.jsp?resources=51555&projectId=1&calType=ical&firstDate=2026-02-02&lastDate=2026-02-08 to src/calendars/nextweek/g5s2b.ics
[2026-02-01T17:50:01.536Z] info: ICS file downloaded successfully to src/calendars/nextweek/g5s2b.ics
[2026-02-01T17:50:01.536Z] info: ICS file for g5s2b downloaded successfully.
[2026-02-01T17:50:01.536Z] info: Downloading ICS file from https://edt.univ-lyon1.fr/jsp/custom/modules/plannings/anonymous_cal.jsp?resources=85875&projectId=1&calType=ical&firstDate=2026-02-02&lastDate=2026-02-08 to src/calendars/nextweek/g1s4a.ics
[2026-02-01T17:50:01.656Z] info: ICS file downloaded successfully to src/calendars/nextweek/g1s4a.ics
[2026-02-01T17:50:01.656Z] info: ICS file for g1s4a downloaded successfully.
[2026-02-01T17:50:01.657Z] info: Downloading ICS file from https://edt.univ-lyon1.fr/jsp/custom/modules/plannings/anonymous_cal.jsp?resources=85876&projectId=1&calType=ical&firstDate=2026-02-02&lastDate=2026-02-08 to src/calendars/nextweek/g1s4b.ics
[2026-02-01T17:50:01.747Z] info: ICS file downloaded successfully to src/calendars/nextweek/g1s4b.ics
[2026-02-01T17:50:01.747Z] info: ICS file for g1s4b downloaded successfully.
[2026-02-01T17:50:01.748Z] info: Downloading ICS file from https://edt.univ-lyon1.fr/jsp/custom/modules/plannings/anonymous_cal.jsp?resources=85873&projectId=1&calType=ical&firstDate=2026-02-02&lastDate=2026-02-08 to src/calendars/nextweek/g2s4a.ics
[2026-02-01T17:50:01.872Z] info: ICS file downloaded successfully to src/calendars/nextweek/g2s4a.ics
[2026-02-01T17:50:01.872Z] info: ICS file for g2s4a downloaded successfully.
[2026-02-01T17:50:01.873Z] info: Downloading ICS file from https://edt.univ-lyon1.fr/jsp/custom/modules/plannings/anonymous_cal.jsp?resources=85874&projectId=1&calType=ical&firstDate=2026-02-02&lastDate=2026-02-08 to src/calendars/nextweek/g2s4b.ics
[2026-02-01T17:50:01.983Z] info: ICS file downloaded successfully to src/calendars/nextweek/g2s4b.ics
[2026-02-01T17:50:01.984Z] info: ICS file for g2s4b downloaded successfully.
[2026-02-01T17:50:01.984Z] info: Downloading ICS file from https://edt.univ-lyon1.fr/jsp/custom/modules/plannings/anonymous_cal.jsp?resources=35714&projectId=1&calType=ical&firstDate=2026-02-02&lastDate=2026-02-08 to src/calendars/nextweek/g3a2.ics
[2026-02-01T17:50:02.074Z] info: ICS file downloaded successfully to src/calendars/nextweek/g3a2.ics
[2026-02-01T17:50:02.074Z] info: ICS file for g3a2 downloaded successfully.
[2026-02-01T17:50:02.074Z] info: Downloading ICS file from https://edt.univ-lyon1.fr/jsp/custom/modules/plannings/anonymous_cal.jsp?resources=85877&projectId=1&calType=ical&firstDate=2026-02-02&lastDate=2026-02-08 to src/calendars/nextweek/g4s4a.ics
[2026-02-01T17:50:02.202Z] info: ICS file downloaded successfully to src/calendars/nextweek/g4s4a.ics
[2026-02-01T17:50:02.203Z] info: ICS file for g4s4a downloaded successfully.
[2026-02-01T17:50:02.203Z] info: Downloading ICS file from https://edt.univ-lyon1.fr/jsp/custom/modules/plannings/anonymous_cal.jsp?resources=85878&projectId=1&calType=ical&firstDate=2026-02-02&lastDate=2026-02-08 to src/calendars/nextweek/g4s4b.ics
[2026-02-01T17:50:02.307Z] info: ICS file downloaded successfully to src/calendars/nextweek/g4s4b.ics
[2026-02-01T17:50:02.307Z] info: ICS file for g4s4b downloaded successfully.
[2026-02-01T17:50:02.307Z] info: Downloading ICS file from https://edt.univ-lyon1.fr/jsp/custom/modules/plannings/anonymous_cal.jsp?resources=6161&projectId=1&calType=ical&firstDate=2026-02-02&lastDate=2026-02-08 to src/calendars/nextweek/but3ra1a.ics
[2026-02-01T17:50:02.425Z] info: ICS file downloaded successfully to src/calendars/nextweek/but3ra1a.ics
[2026-02-01T17:50:02.426Z] info: ICS file for but3ra1a downloaded successfully.
[2026-02-01T17:50:02.426Z] info: Downloading ICS file from https://edt.univ-lyon1.fr/jsp/custom/modules/plannings/anonymous_cal.jsp?resources=6163&projectId=1&calType=ical&firstDate=2026-02-02&lastDate=2026-02-08 to src/calendars/nextweek/but3ra1b.ics
[2026-02-01T17:50:02.500Z] info: ICS file downloaded successfully to src/calendars/nextweek/but3ra1b.ics
[2026-02-01T17:50:02.501Z] info: ICS file for but3ra1b downloaded successfully.
[2026-02-01T17:50:02.501Z] info: Downloading ICS file from https://edt.univ-lyon1.fr/jsp/custom/modules/plannings/anonymous_cal.jsp?resources=6165&projectId=1&calType=ical&firstDate=2026-02-02&lastDate=2026-02-08 to src/calendars/nextweek/but3ra2a.ics
[2026-02-01T17:50:02.614Z] info: ICS file downloaded successfully to src/calendars/nextweek/but3ra2a.ics
[2026-02-01T17:50:02.615Z] info: ICS file for but3ra2a downloaded successfully.
[2026-02-01T17:50:02.615Z] info: Downloading ICS file from https://edt.univ-lyon1.fr/jsp/custom/modules/plannings/anonymous_cal.jsp?resources=6168&projectId=1&calType=ical&firstDate=2026-02-02&lastDate=2026-02-08 to src/calendars/nextweek/but3ra2b.ics
[2026-02-01T17:50:02.712Z] info: ICS file downloaded successfully to src/calendars/nextweek/but3ra2b.ics
[2026-02-01T17:50:02.713Z] info: ICS file for but3ra2b downloaded successfully.
[2026-02-01T17:50:02.713Z] info: Downloading ICS file from https://edt.univ-lyon1.fr/jsp/custom/modules/plannings/anonymous_cal.jsp?resources=14059&projectId=1&calType=ical&firstDate=2026-02-02&lastDate=2026-02-08 to src/calendars/nextweek/but3ra3a.ics
[2026-02-01T17:50:02.808Z] info: ICS file downloaded successfully to src/calendars/nextweek/but3ra3a.ics
[2026-02-01T17:50:02.808Z] info: ICS file for but3ra3a downloaded successfully.
[2026-02-01T17:50:02.809Z] info: Downloading ICS file from https://edt.univ-lyon1.fr/jsp/custom/modules/plannings/anonymous_cal.jsp?resources=14064&projectId=1&calType=ical&firstDate=2026-02-02&lastDate=2026-02-08 to src/calendars/nextweek/but3ra3b.ics
[2026-02-01T17:50:02.877Z] info: ICS file downloaded successfully to src/calendars/nextweek/but3ra3b.ics
[2026-02-01T17:50:02.878Z] info: ICS file for but3ra3b downloaded successfully.
[2026-02-01T17:50:02.878Z] info: Downloading ICS file from https://edt.univ-lyon1.fr/jsp/custom/modules/plannings/anonymous_cal.jsp?resources=6136&projectId=1&calType=ical&firstDate=2026-02-02&lastDate=2026-02-08 to src/calendars/nextweek/but3dacs.ics
[2026-02-01T17:50:02.963Z] info: ICS file downloaded successfully to src/calendars/nextweek/but3dacs.ics
[2026-02-01T17:50:02.963Z] info: ICS file for but3dacs downloaded successfully.
[2026-02-01T17:50:02.963Z] info: Downloading ICS file from https://edt.univ-lyon1.fr/jsp/custom/modules/plannings/anonymous_cal.jsp?resources=6048&projectId=1&calType=ical&firstDate=2026-02-02&lastDate=2026-02-08 to src/calendars/nextweek/but3aged.ics
[2026-02-01T17:50:03.062Z] info: ICS file downloaded successfully to src/calendars/nextweek/but3aged.ics
[2026-02-01T17:50:03.062Z] info: ICS file for but3aged downloaded successfully.
[2026-02-01T17:50:03.062Z] info: Sending weekly timetables
[2026-02-01T17:50:03.087Z] info: Sending message to channel 1395371772550975558: 📅 **Emploi du temps pour le groupe aspea la semaine prochaine :**

<t:1770015600:D> **S2.15 Probabilités ASPE** : JALOUX CHRISTOPHE -> <t:1770015600:t> - <t:1770022800:t> en __S10__
<t:1770022800:D> **S2.01 Développement efficace-TD ASPE** : KHEDDOUCI HAMAMACHE -> <t:1770022800:t> - <t:1770030000:t> en __040__
<t:1770037200:D> **11 S2.18 Communication-TD** : DEBOUTE JOCELYNE -> <t:1770037200:t> - <t:1770044400:t> en __S15__
<t:1770044400:D> **S2.17 Anglais ASPE** : BESSAC MARIETTE -> <t:1770044400:t> - <t:1770051600:t> en __026-Langues__
<t:1770102000:D> **11 S2.06 Programmation système-TD** : BUSSON ANTHONY -> <t:1770102000:t> - <t:1770109200:t> en __S17__
<t:1770109200:D> **11 S2.19 Gestion TD** : DUFOUR KARLINE -> <t:1770109200:t> - <t:1770116400:t> en __S15__
<t:1770123600:D> **S2.02 IHM ASPE** : BELKHATIR MOHAMMED -> <t:1770123600:t> - <t:1770130800:t> en __S14__
<t:1770195600:D> **11 S2.04 Architecture logicielle** : GONCALVES ISABELLE -> <t:1770195600:t> - <t:1770202800:t> en __S16__
<t:1770210000:D> **21 S2.04 Architecture logicielle** : GONCALVES ISABELLE -> <t:1770210000:t> - <t:1770217200:t> en __S16__
<t:1770217200:D> **S2.21 SAÉ - ASPE** : WATRIGANT REMI -> <t:1770217200:t> - <t:1770224400:t> en __S14__
<t:1770274800:D> **S2.13 SQL avancé** : BARON ARIANE -> <t:1770274800:t> - <t:1770282000:t> en __S24__
<t:1770282000:D> **11 S2.18 Communication-TD** : DEBOUTE JOCELYNE -> <t:1770282000:t> - <t:1770289200:t> en __S15__
<t:1770361200:D> **11 S2.03-1 PHP** : MONNET ALEXIS -> <t:1770361200:t> - <t:1770368400:t> en __S27__
<t:1770368400:D> **21 S2.03-1 PHP** : MONNET ALEXIS -> <t:1770368400:t> - <t:1770375600:t> en __S27__
<t:1770381000:D> **S2.15 Probabilités ASPE** : JALOUX CHRISTOPHE -> <t:1770381000:t> - <t:1770388200:t> en __S10__
<t:1770388200:D> **S2.12 Qualité de développement ASPE** : PERNELLE PHILIPPE -> <t:1770388200:t> - <t:1770395400:t> en __S17__

[2026-02-01T17:50:03.087Z] info: Message sent to channel 1395371772550975558: 📅 **Emploi du temps pour le groupe aspea la semaine prochaine :**

<t:1770015600:D> **S2.15 Probabilités ASPE** : JALOUX CHRISTOPHE -> <t:1770015600:t> - <t:1770022800:t> en __S10__
<t:1770022800:D> **S2.01 Développement efficace-TD ASPE** : KHEDDOUCI HAMAMACHE -> <t:1770022800:t> - <t:1770030000:t> en __040__
<t:1770037200:D> **11 S2.18 Communication-TD** : DEBOUTE JOCELYNE -> <t:1770037200:t> - <t:1770044400:t> en __S15__
<t:1770044400:D> **S2.17 Anglais ASPE** : BESSAC MARIETTE -> <t:1770044400:t> - <t:1770051600:t> en __026-Langues__
<t:1770102000:D> **11 S2.06 Programmation système-TD** : BUSSON ANTHONY -> <t:1770102000:t> - <t:1770109200:t> en __S17__
<t:1770109200:D> **11 S2.19 Gestion TD** : DUFOUR KARLINE -> <t:1770109200:t> - <t:1770116400:t> en __S15__
<t:1770123600:D> **S2.02 IHM ASPE** : BELKHATIR MOHAMMED -> <t:1770123600:t> - <t:1770130800:t> en __S14__
<t:1770195600:D> **11 S2.04 Architecture logicielle** : GONCALVES ISABELLE -> <t:1770195600:t> - <t:1770202800:t> en __S16__
<t:1770210000:D> **21 S2.04 Architecture logicielle** : GONCALVES ISABELLE -> <t:1770210000:t> - <t:1770217200:t> en __S16__
<t:1770217200:D> **S2.21 SAÉ - ASPE** : WATRIGANT REMI -> <t:1770217200:t> - <t:1770224400:t> en __S14__
<t:1770274800:D> **S2.13 SQL avancé** : BARON ARIANE -> <t:1770274800:t> - <t:1770282000:t> en __S24__
<t:1770282000:D> **11 S2.18 Communication-TD** : DEBOUTE JOCELYNE -> <t:1770282000:t> - <t:1770289200:t> en __S15__
<t:1770361200:D> **11 S2.03-1 PHP** : MONNET ALEXIS -> <t:1770361200:t> - <t:1770368400:t> en __S27__
<t:1770368400:D> **21 S2.03-1 PHP** : MONNET ALEXIS -> <t:1770368400:t> - <t:1770375600:t> en __S27__
<t:1770381000:D> **S2.15 Probabilités ASPE** : JALOUX CHRISTOPHE -> <t:1770381000:t> - <t:1770388200:t> en __S10__
<t:1770388200:D> **S2.12 Qualité de développement ASPE** : PERNELLE PHILIPPE -> <t:1770388200:t> - <t:1770395400:t> en __S17__

[2026-02-01T17:50:03.093Z] info: Sending message to channel 1330181732573515806: 📅 **Emploi du temps pour le groupe g1s2a la semaine prochaine :**

<t:1770015600:D> **R2.10-2 GPI TD** : DUFOUR KARLINE -> <t:1770015600:t> - <t:1770022800:t> en __S15__
<t:1770022800:D> **11 R2.12 Anglais TPA** : ABAUZIT DUFAUD GISELE -> <t:1770022800:t> - <t:1770030000:t> en __028__
<t:1770037200:D> **11 R2.07 Graphes TD** : JALOUX CHRISTOPHE -> <t:1770037200:t> - <t:1770044400:t> en __S10__
<t:1770044400:D> **11R2.05 Comm et service réseaux TD** : BARON ARIANE -> <t:1770044400:t> - <t:1770051600:t> en __S12__
<t:1770102000:D> **R2.04 fonctionnement bas niveau** : DAUTRAIX ISABELLE -> <t:1770102000:t> - <t:1770109200:t> en __S15__
<t:1770109200:D> **11R2.06 BD TD** : BONNET CHRISTINE -> <t:1770109200:t> - <t:1770116400:t> en __S17__
<t:1770123600:D> **R2.11 Droits contrats et num. Amphi** : BOUHADDOUDA ANISSA -> <t:1770123600:t> - <t:1770130800:t> en __Amphi2__
<t:1770188400:D> **11 R2.01-1 Java TD** : DUCHENE ERIC -> <t:1770188400:t> - <t:1770195600:t> en __S10__
<t:1770195600:D> **R2.04 fonctionnement bas niveau** : DAUTRAIX ISABELLE -> <t:1770195600:t> - <t:1770202800:t> en __S15__
<t:1770210000:D> **21 R2.01-1 Java TD** : DUCHENE ERIC -> <t:1770210000:t> - <t:1770217200:t> en __S12__
<t:1770217200:D> **31 R2.01-1 Java TD** : DUCHENE ERIC -> <t:1770217200:t> - <t:1770224400:t> en __S12__
<t:1770282000:D> **R2.01-3 - SDD TD** : BELKHATIR MOHAMMED -> <t:1770282000:t> - <t:1770289200:t> en __S11__
<t:1770361200:D> **21 R2.07 Graphes TD** : JALOUX CHRISTOPHE -> <t:1770361200:t> - <t:1770368400:t> en __S10__
<t:1770381000:D> **11 R2.10-1 Volet comptable et fin.TD** : OLIVIER FREDERIC -> <t:1770381000:t> - <t:1770388200:t> en __S15__

[2026-02-01T17:50:03.094Z] info: Message sent to channel 1330181732573515806: 📅 **Emploi du temps pour le groupe g1s2a la semaine prochaine :**

<t:1770015600:D> **R2.10-2 GPI TD** : DUFOUR KARLINE -> <t:1770015600:t> - <t:1770022800:t> en __S15__
<t:1770022800:D> **11 R2.12 Anglais TPA** : ABAUZIT DUFAUD GISELE -> <t:1770022800:t> - <t:1770030000:t> en __028__
<t:1770037200:D> **11 R2.07 Graphes TD** : JALOUX CHRISTOPHE -> <t:1770037200:t> - <t:1770044400:t> en __S10__
<t:1770044400:D> **11R2.05 Comm et service réseaux TD** : BARON ARIANE -> <t:1770044400:t> - <t:1770051600:t> en __S12__
<t:1770102000:D> **R2.04 fonctionnement bas niveau** : DAUTRAIX ISABELLE -> <t:1770102000:t> - <t:1770109200:t> en __S15__
<t:1770109200:D> **11R2.06 BD TD** : BONNET CHRISTINE -> <t:1770109200:t> - <t:1770116400:t> en __S17__
<t:1770123600:D> **R2.11 Droits contrats et num. Amphi** : BOUHADDOUDA ANISSA -> <t:1770123600:t> - <t:1770130800:t> en __Amphi2__
<t:1770188400:D> **11 R2.01-1 Java TD** : DUCHENE ERIC -> <t:1770188400:t> - <t:1770195600:t> en __S10__
<t:1770195600:D> **R2.04 fonctionnement bas niveau** : DAUTRAIX ISABELLE -> <t:1770195600:t> - <t:1770202800:t> en __S15__
<t:1770210000:D> **21 R2.01-1 Java TD** : DUCHENE ERIC -> <t:1770210000:t> - <t:1770217200:t> en __S12__
<t:1770217200:D> **31 R2.01-1 Java TD** : DUCHENE ERIC -> <t:1770217200:t> - <t:1770224400:t> en __S12__
<t:1770282000:D> **R2.01-3 - SDD TD** : BELKHATIR MOHAMMED -> <t:1770282000:t> - <t:1770289200:t> en __S11__
<t:1770361200:D> **21 R2.07 Graphes TD** : JALOUX CHRISTOPHE -> <t:1770361200:t> - <t:1770368400:t> en __S10__
<t:1770381000:D> **11 R2.10-1 Volet comptable et fin.TD** : OLIVIER FREDERIC -> <t:1770381000:t> - <t:1770388200:t> en __S15__

[2026-02-01T17:50:03.095Z] info: Sending message to channel 1330181903877144647: 📅 **Emploi du temps pour le groupe g1s2b la semaine prochaine :**

<t:1770015600:D> **R2.10-2 GPI TD** : DUFOUR KARLINE -> <t:1770015600:t> - <t:1770022800:t> en __S15__
<t:1770022800:D> **11 R2.12 Anglais TPB** : CANQUE FLORENCE -> <t:1770022800:t> - <t:1770030000:t> en __026-Langues__
<t:1770037200:D> **11 R2.07 Graphes TD** : JALOUX CHRISTOPHE -> <t:1770037200:t> - <t:1770044400:t> en __S10__
<t:1770044400:D> **11R2.05 Comm et service réseaux TD** : BARON ARIANE -> <t:1770044400:t> - <t:1770051600:t> en __S12__
<t:1770102000:D> **R2.04 fonctionnement bas niveau** : DAUTRAIX ISABELLE -> <t:1770102000:t> - <t:1770109200:t> en __S15__
<t:1770109200:D> **11R2.06 BD TD** : BONNET CHRISTINE -> <t:1770109200:t> - <t:1770116400:t> en __S17__
<t:1770123600:D> **R2.11 Droits contrats et num. Amphi** : BOUHADDOUDA ANISSA -> <t:1770123600:t> - <t:1770130800:t> en __Amphi2__
<t:1770188400:D> **11 R2.01-1 Java TD** : DUCHENE ERIC -> <t:1770188400:t> - <t:1770195600:t> en __S10__
<t:1770195600:D> **R2.04 fonctionnement bas niveau** : DAUTRAIX ISABELLE -> <t:1770195600:t> - <t:1770202800:t> en __S15__
<t:1770210000:D> **21 R2.01-1 Java TD** : DUCHENE ERIC -> <t:1770210000:t> - <t:1770217200:t> en __S12__
<t:1770217200:D> **31 R2.01-1 Java TD** : DUCHENE ERIC -> <t:1770217200:t> - <t:1770224400:t> en __S12__
<t:1770282000:D> **R2.01-3 - SDD TD** : BELKHATIR MOHAMMED -> <t:1770282000:t> - <t:1770289200:t> en __S11__
<t:1770361200:D> **21 R2.07 Graphes TD** : JALOUX CHRISTOPHE -> <t:1770361200:t> - <t:1770368400:t> en __S10__
<t:1770381000:D> **11 R2.10-1 Volet comptable et fin.TD** : OLIVIER FREDERIC -> <t:1770381000:t> - <t:1770388200:t> en __S15__

[2026-02-01T17:50:03.095Z] info: Message sent to channel 1330181903877144647: 📅 **Emploi du temps pour le groupe g1s2b la semaine prochaine :**

<t:1770015600:D> **R2.10-2 GPI TD** : DUFOUR KARLINE -> <t:1770015600:t> - <t:1770022800:t> en __S15__
<t:1770022800:D> **11 R2.12 Anglais TPB** : CANQUE FLORENCE -> <t:1770022800:t> - <t:1770030000:t> en __026-Langues__
<t:1770037200:D> **11 R2.07 Graphes TD** : JALOUX CHRISTOPHE -> <t:1770037200:t> - <t:1770044400:t> en __S10__
<t:1770044400:D> **11R2.05 Comm et service réseaux TD** : BARON ARIANE -> <t:1770044400:t> - <t:1770051600:t> en __S12__
<t:1770102000:D> **R2.04 fonctionnement bas niveau** : DAUTRAIX ISABELLE -> <t:1770102000:t> - <t:1770109200:t> en __S15__
<t:1770109200:D> **11R2.06 BD TD** : BONNET CHRISTINE -> <t:1770109200:t> - <t:1770116400:t> en __S17__
<t:1770123600:D> **R2.11 Droits contrats et num. Amphi** : BOUHADDOUDA ANISSA -> <t:1770123600:t> - <t:1770130800:t> en __Amphi2__
<t:1770188400:D> **11 R2.01-1 Java TD** : DUCHENE ERIC -> <t:1770188400:t> - <t:1770195600:t> en __S10__
<t:1770195600:D> **R2.04 fonctionnement bas niveau** : DAUTRAIX ISABELLE -> <t:1770195600:t> - <t:1770202800:t> en __S15__
<t:1770210000:D> **21 R2.01-1 Java TD** : DUCHENE ERIC -> <t:1770210000:t> - <t:1770217200:t> en __S12__
<t:1770217200:D> **31 R2.01-1 Java TD** : DUCHENE ERIC -> <t:1770217200:t> - <t:1770224400:t> en __S12__
<t:1770282000:D> **R2.01-3 - SDD TD** : BELKHATIR MOHAMMED -> <t:1770282000:t> - <t:1770289200:t> en __S11__
<t:1770361200:D> **21 R2.07 Graphes TD** : JALOUX CHRISTOPHE -> <t:1770361200:t> - <t:1770368400:t> en __S10__
<t:1770381000:D> **11 R2.10-1 Volet comptable et fin.TD** : OLIVIER FREDERIC -> <t:1770381000:t> - <t:1770388200:t> en __S15__

[2026-02-01T17:50:03.098Z] info: Sending message to channel 1330181754371313717: 📅 **Emploi du temps pour le groupe g2s2a la semaine prochaine :**

<t:1770015600:D> **11 R2.12 Anglais TPA** : ABAUZIT DUFAUD GISELE -> <t:1770015600:t> - <t:1770022800:t> en __026-Langues__
<t:1770022800:D> **11 R2.07 Graphes TD** : JALOUX CHRISTOPHE -> <t:1770022800:t> - <t:1770030000:t> en __S10__
<t:1770044400:D> **11R2.05 Comm et service réseaux TD** : WATRIGANT REMI -> <t:1770044400:t> - <t:1770051600:t> en __S11__
<t:1770109200:D> **R2.04 fonctionnement bas niveau** : DAUTRAIX ISABELLE -> <t:1770109200:t> - <t:1770116400:t> en __040__
<t:1770123600:D> **R2.11 Droits contrats et num. Amphi** : BOUHADDOUDA ANISSA -> <t:1770123600:t> - <t:1770130800:t> en __Amphi2__
<t:1770188400:D> **R2.04 fonctionnement bas niveau** : DAUTRAIX ISABELLE -> <t:1770188400:t> - <t:1770195600:t> en __040__
<t:1770195600:D> **31 R2.01-1 Java TD** : BELKHATIR MOHAMMED -> <t:1770195600:t> - <t:1770202800:t> en __S03__
<t:1770210000:D> **11 R2.10-1 Volet comptable et fin.TD** : LAGACHE ALEXANDRA -> <t:1770210000:t> - <t:1770217200:t> en __S11__
<t:1770217200:D> **21 R2.01-1 Java TD** : BELKHATIR MOHAMMED -> <t:1770217200:t> - <t:1770224400:t> en __S03__
<t:1770274800:D> **21 R2.07 Graphes TD** : JALOUX CHRISTOPHE -> <t:1770274800:t> - <t:1770282000:t> en __S10__
<t:1770282000:D> **11R2.06 BD TD** : BENSLIMANE DJAMAL -> <t:1770282000:t> - <t:1770289200:t> en __S16__
<t:1770361200:D> **R2.10-2 GPI TD** : DUFOUR KARLINE -> <t:1770361200:t> - <t:1770368400:t> en __S15__
<t:1770368400:D> **21 R2.07 Graphes TD** : JALOUX CHRISTOPHE -> <t:1770368400:t> - <t:1770375600:t> en __S10__
<t:1770381000:D> **11 R2.13 Comm. TD** : DEBOUTE JOCELYNE -> <t:1770381000:t> - <t:1770388200:t> en __S12__
<t:1770388200:D> **11 R2.01-1 Java TD** : BELKHATIR MOHAMMED -> <t:1770388200:t> - <t:1770395400:t> en __S16__

[2026-02-01T17:50:03.098Z] info: Message sent to channel 1330181754371313717: 📅 **Emploi du temps pour le groupe g2s2a la semaine prochaine :**

<t:1770015600:D> **11 R2.12 Anglais TPA** : ABAUZIT DUFAUD GISELE -> <t:1770015600:t> - <t:1770022800:t> en __026-Langues__
<t:1770022800:D> **11 R2.07 Graphes TD** : JALOUX CHRISTOPHE -> <t:1770022800:t> - <t:1770030000:t> en __S10__
<t:1770044400:D> **11R2.05 Comm et service réseaux TD** : WATRIGANT REMI -> <t:1770044400:t> - <t:1770051600:t> en __S11__
<t:1770109200:D> **R2.04 fonctionnement bas niveau** : DAUTRAIX ISABELLE -> <t:1770109200:t> - <t:1770116400:t> en __040__
<t:1770123600:D> **R2.11 Droits contrats et num. Amphi** : BOUHADDOUDA ANISSA -> <t:1770123600:t> - <t:1770130800:t> en __Amphi2__
<t:1770188400:D> **R2.04 fonctionnement bas niveau** : DAUTRAIX ISABELLE -> <t:1770188400:t> - <t:1770195600:t> en __040__
<t:1770195600:D> **31 R2.01-1 Java TD** : BELKHATIR MOHAMMED -> <t:1770195600:t> - <t:1770202800:t> en __S03__
<t:1770210000:D> **11 R2.10-1 Volet comptable et fin.TD** : LAGACHE ALEXANDRA -> <t:1770210000:t> - <t:1770217200:t> en __S11__
<t:1770217200:D> **21 R2.01-1 Java TD** : BELKHATIR MOHAMMED -> <t:1770217200:t> - <t:1770224400:t> en __S03__
<t:1770274800:D> **21 R2.07 Graphes TD** : JALOUX CHRISTOPHE -> <t:1770274800:t> - <t:1770282000:t> en __S10__
<t:1770282000:D> **11R2.06 BD TD** : BENSLIMANE DJAMAL -> <t:1770282000:t> - <t:1770289200:t> en __S16__
<t:1770361200:D> **R2.10-2 GPI TD** : DUFOUR KARLINE -> <t:1770361200:t> - <t:1770368400:t> en __S15__
<t:1770368400:D> **21 R2.07 Graphes TD** : JALOUX CHRISTOPHE -> <t:1770368400:t> - <t:1770375600:t> en __S10__
<t:1770381000:D> **11 R2.13 Comm. TD** : DEBOUTE JOCELYNE -> <t:1770381000:t> - <t:1770388200:t> en __S12__
<t:1770388200:D> **11 R2.01-1 Java TD** : BELKHATIR MOHAMMED -> <t:1770388200:t> - <t:1770395400:t> en __S16__

[2026-02-01T17:50:03.101Z] info: Sending message to channel 1330181915248168971: 📅 **Emploi du temps pour le groupe g2s2b la semaine prochaine :**

<t:1770015600:D> **11 R2.12 Anglais TPB** : CANQUE FLORENCE -> <t:1770015600:t> - <t:1770022800:t> en __028__
<t:1770022800:D> **11 R2.07 Graphes TD** : JALOUX CHRISTOPHE -> <t:1770022800:t> - <t:1770030000:t> en __S10__
<t:1770044400:D> **11R2.05 Comm et service réseaux TD** : WATRIGANT REMI -> <t:1770044400:t> - <t:1770051600:t> en __S11__
<t:1770109200:D> **R2.04 fonctionnement bas niveau** : DAUTRAIX ISABELLE -> <t:1770109200:t> - <t:1770116400:t> en __040__
<t:1770123600:D> **R2.11 Droits contrats et num. Amphi** : BOUHADDOUDA ANISSA -> <t:1770123600:t> - <t:1770130800:t> en __Amphi2__
<t:1770188400:D> **R2.04 fonctionnement bas niveau** : DAUTRAIX ISABELLE -> <t:1770188400:t> - <t:1770195600:t> en __040__
<t:1770195600:D> **31 R2.01-1 Java TD** : BELKHATIR MOHAMMED -> <t:1770195600:t> - <t:1770202800:t> en __S03__
<t:1770210000:D> **11 R2.10-1 Volet comptable et fin.TD** : LAGACHE ALEXANDRA -> <t:1770210000:t> - <t:1770217200:t> en __S11__
<t:1770217200:D> **21 R2.01-1 Java TD** : BELKHATIR MOHAMMED -> <t:1770217200:t> - <t:1770224400:t> en __S03__
<t:1770274800:D> **21 R2.07 Graphes TD** : JALOUX CHRISTOPHE -> <t:1770274800:t> - <t:1770282000:t> en __S10__
<t:1770282000:D> **11R2.06 BD TD** : BENSLIMANE DJAMAL -> <t:1770282000:t> - <t:1770289200:t> en __S16__
<t:1770361200:D> **R2.10-2 GPI TD** : DUFOUR KARLINE -> <t:1770361200:t> - <t:1770368400:t> en __S15__
<t:1770368400:D> **21 R2.07 Graphes TD** : JALOUX CHRISTOPHE -> <t:1770368400:t> - <t:1770375600:t> en __S10__
<t:1770381000:D> **11 R2.13 Comm. TD** : DEBOUTE JOCELYNE -> <t:1770381000:t> - <t:1770388200:t> en __S12__
<t:1770388200:D> **11 R2.01-1 Java TD** : BELKHATIR MOHAMMED -> <t:1770388200:t> - <t:1770395400:t> en __S16__

[2026-02-01T17:50:03.101Z] info: Message sent to channel 1330181915248168971: 📅 **Emploi du temps pour le groupe g2s2b la semaine prochaine :**

<t:1770015600:D> **11 R2.12 Anglais TPB** : CANQUE FLORENCE -> <t:1770015600:t> - <t:1770022800:t> en __028__
<t:1770022800:D> **11 R2.07 Graphes TD** : JALOUX CHRISTOPHE -> <t:1770022800:t> - <t:1770030000:t> en __S10__
<t:1770044400:D> **11R2.05 Comm et service réseaux TD** : WATRIGANT REMI -> <t:1770044400:t> - <t:1770051600:t> en __S11__
<t:1770109200:D> **R2.04 fonctionnement bas niveau** : DAUTRAIX ISABELLE -> <t:1770109200:t> - <t:1770116400:t> en __040__
<t:1770123600:D> **R2.11 Droits contrats et num. Amphi** : BOUHADDOUDA ANISSA -> <t:1770123600:t> - <t:1770130800:t> en __Amphi2__
<t:1770188400:D> **R2.04 fonctionnement bas niveau** : DAUTRAIX ISABELLE -> <t:1770188400:t> - <t:1770195600:t> en __040__
<t:1770195600:D> **31 R2.01-1 Java TD** : BELKHATIR MOHAMMED -> <t:1770195600:t> - <t:1770202800:t> en __S03__
<t:1770210000:D> **11 R2.10-1 Volet comptable et fin.TD** : LAGACHE ALEXANDRA -> <t:1770210000:t> - <t:1770217200:t> en __S11__
<t:1770217200:D> **21 R2.01-1 Java TD** : BELKHATIR MOHAMMED -> <t:1770217200:t> - <t:1770224400:t> en __S03__
<t:1770274800:D> **21 R2.07 Graphes TD** : JALOUX CHRISTOPHE -> <t:1770274800:t> - <t:1770282000:t> en __S10__
<t:1770282000:D> **11R2.06 BD TD** : BENSLIMANE DJAMAL -> <t:1770282000:t> - <t:1770289200:t> en __S16__
<t:1770361200:D> **R2.10-2 GPI TD** : DUFOUR KARLINE -> <t:1770361200:t> - <t:1770368400:t> en __S15__
<t:1770368400:D> **21 R2.07 Graphes TD** : JALOUX CHRISTOPHE -> <t:1770368400:t> - <t:1770375600:t> en __S10__
<t:1770381000:D> **11 R2.13 Comm. TD** : DEBOUTE JOCELYNE -> <t:1770381000:t> - <t:1770388200:t> en __S12__
<t:1770388200:D> **11 R2.01-1 Java TD** : BELKHATIR MOHAMMED -> <t:1770388200:t> - <t:1770395400:t> en __S16__

[2026-02-01T17:50:03.103Z] info: Sending message to channel 1330181766161633320: 📅 **Emploi du temps pour le groupe g3s2a la semaine prochaine :**

<t:1770015600:D> **11R2.06 BD TD** : BENSLIMANE DJAMAL -> <t:1770015600:t> - <t:1770022800:t> en __S14__
<t:1770022800:D> **11 R2.07 Graphes TD** : JOUBERT AUDE -> <t:1770022800:t> - <t:1770030000:t> en __S11__
<t:1770037200:D> **11 R2.10-1 Volet comptable et fin.TD** : LAGACHE ALEXANDRA -> <t:1770037200:t> - <t:1770044400:t> en __S12__
<t:1770044400:D> **R2.04 fonctionnement bas niveau** : MARIN MALORY -> <t:1770044400:t> - <t:1770051600:t> en __040__
<t:1770109200:D> **21 R2.07 Graphes TD** : JOUBERT AUDE -> <t:1770109200:t> - <t:1770116400:t> en __S11__
<t:1770123600:D> **R2.11 Droits contrats et num. Amphi** : BOUHADDOUDA ANISSA -> <t:1770123600:t> - <t:1770130800:t> en __Amphi2__
<t:1770130800:D> **11R2.05 Comm et service réseaux TD** : BARON ARIANE -> <t:1770130800:t> - <t:1770138000:t> en __S12__
<t:1770188400:D> **R2.10-2 GPI TD** : DUFOUR KARLINE -> <t:1770188400:t> - <t:1770195600:t> en __S15__
<t:1770195600:D> **11 R2.01-1 Java TD** : BONNET CHRISTINE -> <t:1770195600:t> - <t:1770202800:t> en __S14__
<t:1770210000:D> **11 R2.12 Anglais TPA** : CANQUE FLORENCE -> <t:1770210000:t> - <t:1770217200:t> en __028__
<t:1770274800:D> **R2.01-3 - SDD TD** : BELKHATIR MOHAMMED -> <t:1770274800:t> - <t:1770282000:t> en __S12__
<t:1770368400:D> **11 R2.13 Comm. TD** : DEBOUTE JOCELYNE -> <t:1770368400:t> - <t:1770375600:t> en __S21__
<t:1770381000:D> **31 R2.01-1 Java TD** : BONNET CHRISTINE -> <t:1770381000:t> - <t:1770388200:t> en __S14__
<t:1770388200:D> **21 R2.01-1 Java TD** : BONNET CHRISTINE -> <t:1770388200:t> - <t:1770395400:t> en __S14__

[2026-02-01T17:50:03.103Z] info: Message sent to channel 1330181766161633320: 📅 **Emploi du temps pour le groupe g3s2a la semaine prochaine :**

<t:1770015600:D> **11R2.06 BD TD** : BENSLIMANE DJAMAL -> <t:1770015600:t> - <t:1770022800:t> en __S14__
<t:1770022800:D> **11 R2.07 Graphes TD** : JOUBERT AUDE -> <t:1770022800:t> - <t:1770030000:t> en __S11__
<t:1770037200:D> **11 R2.10-1 Volet comptable et fin.TD** : LAGACHE ALEXANDRA -> <t:1770037200:t> - <t:1770044400:t> en __S12__
<t:1770044400:D> **R2.04 fonctionnement bas niveau** : MARIN MALORY -> <t:1770044400:t> - <t:1770051600:t> en __040__
<t:1770109200:D> **21 R2.07 Graphes TD** : JOUBERT AUDE -> <t:1770109200:t> - <t:1770116400:t> en __S11__
<t:1770123600:D> **R2.11 Droits contrats et num. Amphi** : BOUHADDOUDA ANISSA -> <t:1770123600:t> - <t:1770130800:t> en __Amphi2__
<t:1770130800:D> **11R2.05 Comm et service réseaux TD** : BARON ARIANE -> <t:1770130800:t> - <t:1770138000:t> en __S12__
<t:1770188400:D> **R2.10-2 GPI TD** : DUFOUR KARLINE -> <t:1770188400:t> - <t:1770195600:t> en __S15__
<t:1770195600:D> **11 R2.01-1 Java TD** : BONNET CHRISTINE -> <t:1770195600:t> - <t:1770202800:t> en __S14__
<t:1770210000:D> **11 R2.12 Anglais TPA** : CANQUE FLORENCE -> <t:1770210000:t> - <t:1770217200:t> en __028__
<t:1770274800:D> **R2.01-3 - SDD TD** : BELKHATIR MOHAMMED -> <t:1770274800:t> - <t:1770282000:t> en __S12__
<t:1770368400:D> **11 R2.13 Comm. TD** : DEBOUTE JOCELYNE -> <t:1770368400:t> - <t:1770375600:t> en __S21__
<t:1770381000:D> **31 R2.01-1 Java TD** : BONNET CHRISTINE -> <t:1770381000:t> - <t:1770388200:t> en __S14__
<t:1770388200:D> **21 R2.01-1 Java TD** : BONNET CHRISTINE -> <t:1770388200:t> - <t:1770395400:t> en __S14__

[2026-02-01T17:50:03.104Z] info: Sending message to channel 1330181925775605760: 📅 **Emploi du temps pour le groupe g3s2b la semaine prochaine :**

<t:1770015600:D> **11R2.06 BD TD** : BENSLIMANE DJAMAL -> <t:1770015600:t> - <t:1770022800:t> en __S14__
<t:1770022800:D> **11 R2.07 Graphes TD** : JOUBERT AUDE -> <t:1770022800:t> - <t:1770030000:t> en __S11__
<t:1770037200:D> **11 R2.10-1 Volet comptable et fin.TD** : LAGACHE ALEXANDRA -> <t:1770037200:t> - <t:1770044400:t> en __S12__
<t:1770044400:D> **R2.04 fonctionnement bas niveau** : MARIN MALORY -> <t:1770044400:t> - <t:1770051600:t> en __040__
<t:1770109200:D> **21 R2.07 Graphes TD** : JOUBERT AUDE -> <t:1770109200:t> - <t:1770116400:t> en __S11__
<t:1770123600:D> **R2.11 Droits contrats et num. Amphi** : BOUHADDOUDA ANISSA -> <t:1770123600:t> - <t:1770130800:t> en __Amphi2__
<t:1770130800:D> **11R2.05 Comm et service réseaux TD** : BARON ARIANE -> <t:1770130800:t> - <t:1770138000:t> en __S12__
<t:1770188400:D> **R2.10-2 GPI TD** : DUFOUR KARLINE -> <t:1770188400:t> - <t:1770195600:t> en __S15__
<t:1770195600:D> **11 R2.01-1 Java TD** : BONNET CHRISTINE -> <t:1770195600:t> - <t:1770202800:t> en __S14__
<t:1770274800:D> **R2.01-3 - SDD TD** : BELKHATIR MOHAMMED -> <t:1770274800:t> - <t:1770282000:t> en __S12__
<t:1770361200:D> **11 R2.12 Anglais TPB** : BESSAC MARIETTE -> <t:1770361200:t> - <t:1770368400:t> en __026-Langues__
<t:1770368400:D> **11 R2.13 Comm. TD** : DEBOUTE JOCELYNE -> <t:1770368400:t> - <t:1770375600:t> en __S21__
<t:1770381000:D> **31 R2.01-1 Java TD** : BONNET CHRISTINE -> <t:1770381000:t> - <t:1770388200:t> en __S14__
<t:1770388200:D> **21 R2.01-1 Java TD** : BONNET CHRISTINE -> <t:1770388200:t> - <t:1770395400:t> en __S14__

[2026-02-01T17:50:03.105Z] info: Message sent to channel 1330181925775605760: 📅 **Emploi du temps pour le groupe g3s2b la semaine prochaine :**

<t:1770015600:D> **11R2.06 BD TD** : BENSLIMANE DJAMAL -> <t:1770015600:t> - <t:1770022800:t> en __S14__
<t:1770022800:D> **11 R2.07 Graphes TD** : JOUBERT AUDE -> <t:1770022800:t> - <t:1770030000:t> en __S11__
<t:1770037200:D> **11 R2.10-1 Volet comptable et fin.TD** : LAGACHE ALEXANDRA -> <t:1770037200:t> - <t:1770044400:t> en __S12__
<t:1770044400:D> **R2.04 fonctionnement bas niveau** : MARIN MALORY -> <t:1770044400:t> - <t:1770051600:t> en __040__
<t:1770109200:D> **21 R2.07 Graphes TD** : JOUBERT AUDE -> <t:1770109200:t> - <t:1770116400:t> en __S11__
<t:1770123600:D> **R2.11 Droits contrats et num. Amphi** : BOUHADDOUDA ANISSA -> <t:1770123600:t> - <t:1770130800:t> en __Amphi2__
<t:1770130800:D> **11R2.05 Comm et service réseaux TD** : BARON ARIANE -> <t:1770130800:t> - <t:1770138000:t> en __S12__
<t:1770188400:D> **R2.10-2 GPI TD** : DUFOUR KARLINE -> <t:1770188400:t> - <t:1770195600:t> en __S15__
<t:1770195600:D> **11 R2.01-1 Java TD** : BONNET CHRISTINE -> <t:1770195600:t> - <t:1770202800:t> en __S14__
<t:1770274800:D> **R2.01-3 - SDD TD** : BELKHATIR MOHAMMED -> <t:1770274800:t> - <t:1770282000:t> en __S12__
<t:1770361200:D> **11 R2.12 Anglais TPB** : BESSAC MARIETTE -> <t:1770361200:t> - <t:1770368400:t> en __026-Langues__
<t:1770368400:D> **11 R2.13 Comm. TD** : DEBOUTE JOCELYNE -> <t:1770368400:t> - <t:1770375600:t> en __S21__
<t:1770381000:D> **31 R2.01-1 Java TD** : BONNET CHRISTINE -> <t:1770381000:t> - <t:1770388200:t> en __S14__
<t:1770388200:D> **21 R2.01-1 Java TD** : BONNET CHRISTINE -> <t:1770388200:t> - <t:1770395400:t> en __S14__

[2026-02-01T17:50:03.106Z] info: Sending message to channel 1330181783794221076: 📅 **Emploi du temps pour le groupe g4s2a la semaine prochaine :**

<t:1770015600:D> **R2.01-3 - SDD TD** : KHEDDOUCI HAMAMACHE -> <t:1770015600:t> - <t:1770022800:t> en __040__
<t:1770022800:D> **R2.10-2 GPI TD** : DUFOUR KARLINE -> <t:1770022800:t> - <t:1770030000:t> en __S15__
<t:1770037200:D> **11 R2.07 Graphes TD** : JOUBERT AUDE -> <t:1770037200:t> - <t:1770044400:t> en __S11__
<t:1770044400:D> **11 R2.10-1 Volet comptable et fin.TD** : LAGACHE ALEXANDRA -> <t:1770044400:t> - <t:1770051600:t> en __S10__
<t:1770102000:D> **21 R2.07 Graphes TD** : JOUBERT AUDE -> <t:1770102000:t> - <t:1770109200:t> en __S11__
<t:1770109200:D> **31 R2.01-1 Java TD** : BELKHATIR MOHAMMED -> <t:1770109200:t> - <t:1770116400:t> en __S03__
<t:1770123600:D> **R2.11 Droits contrats et num. Amphi** : BOUHADDOUDA ANISSA -> <t:1770123600:t> - <t:1770130800:t> en __Amphi2__
<t:1770130800:D> **11 R2.13 Comm. TD** : DJINIADHIS BENEDICTE -> <t:1770130800:t> - <t:1770138000:t> en __S15__
<t:1770188400:D> **11R2.05 Comm et service réseaux TD** : MERRHEIM XAVIER -> <t:1770188400:t> - <t:1770195600:t> en __S11__
<t:1770210000:D> **21 R2.01-1 Java TD** : BELKHATIR MOHAMMED -> <t:1770210000:t> - <t:1770217200:t> en __S03__
<t:1770274800:D> **R2.04 fonctionnement bas niveau** : DAUTRAIX ISABELLE -> <t:1770274800:t> - <t:1770282000:t> en __S11__
<t:1770282000:D> **11R2.06 BD TD** : BARON ARIANE -> <t:1770282000:t> - <t:1770289200:t> en __S14__
<t:1770361200:D> **R2.04 fonctionnement bas niveau** : DAUTRAIX ISABELLE -> <t:1770361200:t> - <t:1770368400:t> en __040__
<t:1770368400:D> **11 R2.12 Anglais TPA** : ABAUZIT DUFAUD GISELE -> <t:1770368400:t> - <t:1770375600:t> en __028__
<t:1770381000:D> **11 R2.01-1 Java TD** : BELKHATIR MOHAMMED -> <t:1770381000:t> - <t:1770388200:t> en __S17__

[2026-02-01T17:50:03.106Z] info: Message sent to channel 1330181783794221076: 📅 **Emploi du temps pour le groupe g4s2a la semaine prochaine :**

<t:1770015600:D> **R2.01-3 - SDD TD** : KHEDDOUCI HAMAMACHE -> <t:1770015600:t> - <t:1770022800:t> en __040__
<t:1770022800:D> **R2.10-2 GPI TD** : DUFOUR KARLINE -> <t:1770022800:t> - <t:1770030000:t> en __S15__
<t:1770037200:D> **11 R2.07 Graphes TD** : JOUBERT AUDE -> <t:1770037200:t> - <t:1770044400:t> en __S11__
<t:1770044400:D> **11 R2.10-1 Volet comptable et fin.TD** : LAGACHE ALEXANDRA -> <t:1770044400:t> - <t:1770051600:t> en __S10__
<t:1770102000:D> **21 R2.07 Graphes TD** : JOUBERT AUDE -> <t:1770102000:t> - <t:1770109200:t> en __S11__
<t:1770109200:D> **31 R2.01-1 Java TD** : BELKHATIR MOHAMMED -> <t:1770109200:t> - <t:1770116400:t> en __S03__
<t:1770123600:D> **R2.11 Droits contrats et num. Amphi** : BOUHADDOUDA ANISSA -> <t:1770123600:t> - <t:1770130800:t> en __Amphi2__
<t:1770130800:D> **11 R2.13 Comm. TD** : DJINIADHIS BENEDICTE -> <t:1770130800:t> - <t:1770138000:t> en __S15__
<t:1770188400:D> **11R2.05 Comm et service réseaux TD** : MERRHEIM XAVIER -> <t:1770188400:t> - <t:1770195600:t> en __S11__
<t:1770210000:D> **21 R2.01-1 Java TD** : BELKHATIR MOHAMMED -> <t:1770210000:t> - <t:1770217200:t> en __S03__
<t:1770274800:D> **R2.04 fonctionnement bas niveau** : DAUTRAIX ISABELLE -> <t:1770274800:t> - <t:1770282000:t> en __S11__
<t:1770282000:D> **11R2.06 BD TD** : BARON ARIANE -> <t:1770282000:t> - <t:1770289200:t> en __S14__
<t:1770361200:D> **R2.04 fonctionnement bas niveau** : DAUTRAIX ISABELLE -> <t:1770361200:t> - <t:1770368400:t> en __040__
<t:1770368400:D> **11 R2.12 Anglais TPA** : ABAUZIT DUFAUD GISELE -> <t:1770368400:t> - <t:1770375600:t> en __028__
<t:1770381000:D> **11 R2.01-1 Java TD** : BELKHATIR MOHAMMED -> <t:1770381000:t> - <t:1770388200:t> en __S17__

[2026-02-01T17:50:03.109Z] info: Sending message to channel 1330181940665647228: 📅 **Emploi du temps pour le groupe g4s2b la semaine prochaine :**

<t:1770015600:D> **R2.01-3 - SDD TD** : KHEDDOUCI HAMAMACHE -> <t:1770015600:t> - <t:1770022800:t> en __040__
<t:1770022800:D> **R2.10-2 GPI TD** : DUFOUR KARLINE -> <t:1770022800:t> - <t:1770030000:t> en __S15__
<t:1770037200:D> **11 R2.07 Graphes TD** : JOUBERT AUDE -> <t:1770037200:t> - <t:1770044400:t> en __S11__
<t:1770044400:D> **11 R2.10-1 Volet comptable et fin.TD** : LAGACHE ALEXANDRA -> <t:1770044400:t> - <t:1770051600:t> en __S10__
<t:1770102000:D> **21 R2.07 Graphes TD** : JOUBERT AUDE -> <t:1770102000:t> - <t:1770109200:t> en __S11__
<t:1770109200:D> **31 R2.01-1 Java TD** : BELKHATIR MOHAMMED -> <t:1770109200:t> - <t:1770116400:t> en __S03__
<t:1770123600:D> **R2.11 Droits contrats et num. Amphi** : BOUHADDOUDA ANISSA -> <t:1770123600:t> - <t:1770130800:t> en __Amphi2__
<t:1770130800:D> **11 R2.13 Comm. TD** : DJINIADHIS BENEDICTE -> <t:1770130800:t> - <t:1770138000:t> en __S15__
<t:1770188400:D> **11R2.05 Comm et service réseaux TD** : MERRHEIM XAVIER -> <t:1770188400:t> - <t:1770195600:t> en __S11__
<t:1770210000:D> **21 R2.01-1 Java TD** : BELKHATIR MOHAMMED -> <t:1770210000:t> - <t:1770217200:t> en __S03__
<t:1770274800:D> **R2.04 fonctionnement bas niveau** : DAUTRAIX ISABELLE -> <t:1770274800:t> - <t:1770282000:t> en __S11__
<t:1770282000:D> **11R2.06 BD TD** : BARON ARIANE -> <t:1770282000:t> - <t:1770289200:t> en __S14__
<t:1770361200:D> **R2.04 fonctionnement bas niveau** : DAUTRAIX ISABELLE -> <t:1770361200:t> - <t:1770368400:t> en __040__
<t:1770368400:D> **11 R2.12 Anglais TPB** : BESSAC MARIETTE -> <t:1770368400:t> - <t:1770375600:t> en __026-Langues__
<t:1770381000:D> **11 R2.01-1 Java TD** : BELKHATIR MOHAMMED -> <t:1770381000:t> - <t:1770388200:t> en __S17__

[2026-02-01T17:50:03.110Z] info: Message sent to channel 1330181940665647228: 📅 **Emploi du temps pour le groupe g4s2b la semaine prochaine :**

<t:1770015600:D> **R2.01-3 - SDD TD** : KHEDDOUCI HAMAMACHE -> <t:1770015600:t> - <t:1770022800:t> en __040__
<t:1770022800:D> **R2.10-2 GPI TD** : DUFOUR KARLINE -> <t:1770022800:t> - <t:1770030000:t> en __S15__
<t:1770037200:D> **11 R2.07 Graphes TD** : JOUBERT AUDE -> <t:1770037200:t> - <t:1770044400:t> en __S11__
<t:1770044400:D> **11 R2.10-1 Volet comptable et fin.TD** : LAGACHE ALEXANDRA -> <t:1770044400:t> - <t:1770051600:t> en __S10__
<t:1770102000:D> **21 R2.07 Graphes TD** : JOUBERT AUDE -> <t:1770102000:t> - <t:1770109200:t> en __S11__
<t:1770109200:D> **31 R2.01-1 Java TD** : BELKHATIR MOHAMMED -> <t:1770109200:t> - <t:1770116400:t> en __S03__
<t:1770123600:D> **R2.11 Droits contrats et num. Amphi** : BOUHADDOUDA ANISSA -> <t:1770123600:t> - <t:1770130800:t> en __Amphi2__
<t:1770130800:D> **11 R2.13 Comm. TD** : DJINIADHIS BENEDICTE -> <t:1770130800:t> - <t:1770138000:t> en __S15__
<t:1770188400:D> **11R2.05 Comm et service réseaux TD** : MERRHEIM XAVIER -> <t:1770188400:t> - <t:1770195600:t> en __S11__
<t:1770210000:D> **21 R2.01-1 Java TD** : BELKHATIR MOHAMMED -> <t:1770210000:t> - <t:1770217200:t> en __S03__
<t:1770274800:D> **R2.04 fonctionnement bas niveau** : DAUTRAIX ISABELLE -> <t:1770274800:t> - <t:1770282000:t> en __S11__
<t:1770282000:D> **11R2.06 BD TD** : BARON ARIANE -> <t:1770282000:t> - <t:1770289200:t> en __S14__
<t:1770361200:D> **R2.04 fonctionnement bas niveau** : DAUTRAIX ISABELLE -> <t:1770361200:t> - <t:1770368400:t> en __040__
<t:1770368400:D> **11 R2.12 Anglais TPB** : BESSAC MARIETTE -> <t:1770368400:t> - <t:1770375600:t> en __026-Langues__
<t:1770381000:D> **11 R2.01-1 Java TD** : BELKHATIR MOHAMMED -> <t:1770381000:t> - <t:1770388200:t> en __S17__

[2026-02-01T17:50:03.112Z] info: Sending message to channel 1330181795181891634: 📅 **Emploi du temps pour le groupe g5s2a la semaine prochaine :**

<t:1770022800:D> **11R2.06 BD TD** : BENSLIMANE DJAMAL -> <t:1770022800:t> - <t:1770030000:t> en __S22__
<t:1770037200:D> **R2.04 fonctionnement bas niveau** : WATRIGANT REMI -> <t:1770037200:t> - <t:1770044400:t> en __S21__
<t:1770044400:D> **11 R2.07 Graphes TD** : LEROUX STEPHANE -> <t:1770044400:t> - <t:1770051600:t> en __S15__
<t:1770102000:D> **31 R2.01-1 Java TD** : BUYLE-BODIN NICOLAS -> <t:1770102000:t> - <t:1770109200:t> en __S21__
<t:1770109200:D> **R2.01-3 - SDD TD** : KHEDDOUCI HAMAMACHE -> <t:1770109200:t> - <t:1770116400:t> en __S10__
<t:1770123600:D> **R2.11 Droits contrats et num. Amphi** : BOUHADDOUDA ANISSA -> <t:1770123600:t> - <t:1770130800:t> en __Amphi2__
<t:1770130800:D> **11 R2.13 Comm. TD** : DEBOUTE JOCELYNE -> <t:1770130800:t> - <t:1770138000:t> en __S10__
<t:1770188400:D> **21 R2.01-1 Java TD** : BUYLE-BODIN NICOLAS -> <t:1770188400:t> - <t:1770195600:t> en __S12__
<t:1770195600:D> **11 R2.12 Anglais TPA** : CANQUE FLORENCE -> <t:1770195600:t> - <t:1770202800:t> en __028__
<t:1770210000:D> **R2.10-2 GPI TD** : DUFOUR KARLINE -> <t:1770210000:t> - <t:1770217200:t> en __S15__
<t:1770217200:D> **11 R2.10-1 Volet comptable et fin.TD** : LAGACHE ALEXANDRA -> <t:1770217200:t> - <t:1770224400:t> en __S10__
<t:1770274800:D> **21 R2.07 Graphes TD** : LEROUX STEPHANE -> <t:1770274800:t> - <t:1770282000:t> en __S15__
<t:1770368400:D> **11 R2.01-1 Java TD** : BUYLE-BODIN NICOLAS -> <t:1770368400:t> - <t:1770375600:t> en __S03__
<t:1770381000:D> **11R2.05 Comm et service réseaux TD** : LOPEZ ALEXANDRE -> <t:1770381000:t> - <t:1770388200:t> en __040__

[2026-02-01T17:50:03.112Z] info: Message sent to channel 1330181795181891634: 📅 **Emploi du temps pour le groupe g5s2a la semaine prochaine :**

<t:1770022800:D> **11R2.06 BD TD** : BENSLIMANE DJAMAL -> <t:1770022800:t> - <t:1770030000:t> en __S22__
<t:1770037200:D> **R2.04 fonctionnement bas niveau** : WATRIGANT REMI -> <t:1770037200:t> - <t:1770044400:t> en __S21__
<t:1770044400:D> **11 R2.07 Graphes TD** : LEROUX STEPHANE -> <t:1770044400:t> - <t:1770051600:t> en __S15__
<t:1770102000:D> **31 R2.01-1 Java TD** : BUYLE-BODIN NICOLAS -> <t:1770102000:t> - <t:1770109200:t> en __S21__
<t:1770109200:D> **R2.01-3 - SDD TD** : KHEDDOUCI HAMAMACHE -> <t:1770109200:t> - <t:1770116400:t> en __S10__
<t:1770123600:D> **R2.11 Droits contrats et num. Amphi** : BOUHADDOUDA ANISSA -> <t:1770123600:t> - <t:1770130800:t> en __Amphi2__
<t:1770130800:D> **11 R2.13 Comm. TD** : DEBOUTE JOCELYNE -> <t:1770130800:t> - <t:1770138000:t> en __S10__
<t:1770188400:D> **21 R2.01-1 Java TD** : BUYLE-BODIN NICOLAS -> <t:1770188400:t> - <t:1770195600:t> en __S12__
<t:1770195600:D> **11 R2.12 Anglais TPA** : CANQUE FLORENCE -> <t:1770195600:t> - <t:1770202800:t> en __028__
<t:1770210000:D> **R2.10-2 GPI TD** : DUFOUR KARLINE -> <t:1770210000:t> - <t:1770217200:t> en __S15__
<t:1770217200:D> **11 R2.10-1 Volet comptable et fin.TD** : LAGACHE ALEXANDRA -> <t:1770217200:t> - <t:1770224400:t> en __S10__
<t:1770274800:D> **21 R2.07 Graphes TD** : LEROUX STEPHANE -> <t:1770274800:t> - <t:1770282000:t> en __S15__
<t:1770368400:D> **11 R2.01-1 Java TD** : BUYLE-BODIN NICOLAS -> <t:1770368400:t> - <t:1770375600:t> en __S03__
<t:1770381000:D> **11R2.05 Comm et service réseaux TD** : LOPEZ ALEXANDRE -> <t:1770381000:t> - <t:1770388200:t> en __040__

[2026-02-01T17:50:03.113Z] info: Sending message to channel 1330181955337195631: 📅 **Emploi du temps pour le groupe g5s2b la semaine prochaine :**

<t:1770022800:D> **11R2.06 BD TD** : BENSLIMANE DJAMAL -> <t:1770022800:t> - <t:1770030000:t> en __S22__
<t:1770037200:D> **R2.04 fonctionnement bas niveau** : WATRIGANT REMI -> <t:1770037200:t> - <t:1770044400:t> en __S21__
<t:1770044400:D> **11 R2.07 Graphes TD** : LEROUX STEPHANE -> <t:1770044400:t> - <t:1770051600:t> en __S15__
<t:1770102000:D> **31 R2.01-1 Java TD** : BUYLE-BODIN NICOLAS -> <t:1770102000:t> - <t:1770109200:t> en __S21__
<t:1770109200:D> **R2.01-3 - SDD TD** : KHEDDOUCI HAMAMACHE -> <t:1770109200:t> - <t:1770116400:t> en __S10__
<t:1770123600:D> **R2.11 Droits contrats et num. Amphi** : BOUHADDOUDA ANISSA -> <t:1770123600:t> - <t:1770130800:t> en __Amphi2__
<t:1770130800:D> **11 R2.13 Comm. TD** : DEBOUTE JOCELYNE -> <t:1770130800:t> - <t:1770138000:t> en __S10__
<t:1770188400:D> **21 R2.01-1 Java TD** : BUYLE-BODIN NICOLAS -> <t:1770188400:t> - <t:1770195600:t> en __S12__
<t:1770195600:D> **11 R2.12 Anglais TPB** : BESSAC MARIETTE -> <t:1770195600:t> - <t:1770202800:t> en __026-Langues__
<t:1770210000:D> **R2.10-2 GPI TD** : DUFOUR KARLINE -> <t:1770210000:t> - <t:1770217200:t> en __S15__
<t:1770217200:D> **11 R2.10-1 Volet comptable et fin.TD** : LAGACHE ALEXANDRA -> <t:1770217200:t> - <t:1770224400:t> en __S10__
<t:1770274800:D> **21 R2.07 Graphes TD** : LEROUX STEPHANE -> <t:1770274800:t> - <t:1770282000:t> en __S15__
<t:1770368400:D> **11 R2.01-1 Java TD** : BUYLE-BODIN NICOLAS -> <t:1770368400:t> - <t:1770375600:t> en __S03__
<t:1770381000:D> **11R2.05 Comm et service réseaux TD** : LOPEZ ALEXANDRE -> <t:1770381000:t> - <t:1770388200:t> en __040__

[2026-02-01T17:50:03.114Z] info: Message sent to channel 1330181955337195631: 📅 **Emploi du temps pour le groupe g5s2b la semaine prochaine :**

<t:1770022800:D> **11R2.06 BD TD** : BENSLIMANE DJAMAL -> <t:1770022800:t> - <t:1770030000:t> en __S22__
<t:1770037200:D> **R2.04 fonctionnement bas niveau** : WATRIGANT REMI -> <t:1770037200:t> - <t:1770044400:t> en __S21__
<t:1770044400:D> **11 R2.07 Graphes TD** : LEROUX STEPHANE -> <t:1770044400:t> - <t:1770051600:t> en __S15__
<t:1770102000:D> **31 R2.01-1 Java TD** : BUYLE-BODIN NICOLAS -> <t:1770102000:t> - <t:1770109200:t> en __S21__
<t:1770109200:D> **R2.01-3 - SDD TD** : KHEDDOUCI HAMAMACHE -> <t:1770109200:t> - <t:1770116400:t> en __S10__
<t:1770123600:D> **R2.11 Droits contrats et num. Amphi** : BOUHADDOUDA ANISSA -> <t:1770123600:t> - <t:1770130800:t> en __Amphi2__
<t:1770130800:D> **11 R2.13 Comm. TD** : DEBOUTE JOCELYNE -> <t:1770130800:t> - <t:1770138000:t> en __S10__
<t:1770188400:D> **21 R2.01-1 Java TD** : BUYLE-BODIN NICOLAS -> <t:1770188400:t> - <t:1770195600:t> en __S12__
<t:1770195600:D> **11 R2.12 Anglais TPB** : BESSAC MARIETTE -> <t:1770195600:t> - <t:1770202800:t> en __026-Langues__
<t:1770210000:D> **R2.10-2 GPI TD** : DUFOUR KARLINE -> <t:1770210000:t> - <t:1770217200:t> en __S15__
<t:1770217200:D> **11 R2.10-1 Volet comptable et fin.TD** : LAGACHE ALEXANDRA -> <t:1770217200:t> - <t:1770224400:t> en __S10__
<t:1770274800:D> **21 R2.07 Graphes TD** : LEROUX STEPHANE -> <t:1770274800:t> - <t:1770282000:t> en __S15__
<t:1770368400:D> **11 R2.01-1 Java TD** : BUYLE-BODIN NICOLAS -> <t:1770368400:t> - <t:1770375600:t> en __S03__
<t:1770381000:D> **11R2.05 Comm et service réseaux TD** : LOPEZ ALEXANDRE -> <t:1770381000:t> - <t:1770388200:t> en __040__

[2026-02-01T17:50:03.116Z] info: Sending message to channel 1330181810289905847: 📅 **Emploi du temps pour le groupe g1s4a la semaine prochaine :**

<t:1770022800:D> **22 R4.A.08 Virtualisation TPA** : PARAUD JEAN-CHRISTOPHE -> <t:1770022800:t> - <t:1770030000:t> en __S16__
<t:1770037200:D> **R4.05 Anglais-TPA** : BESSAC MARIETTE -> <t:1770037200:t> - <t:1770044400:t> en __026-Langues__
<t:1770044400:D> **11 R4.04 Méthodes d'optimisation-TD** : JOUBERT AUDE -> <t:1770044400:t> - <t:1770051600:t> en __S16__
<t:1770102000:D> **11 R4.A.09 Management avancé des SI-TD** : DUFOUR KARLINE -> <t:1770102000:t> - <t:1770109200:t> en __040__
<t:1770109200:D> **11 R4.03 Qualité & non-relationnel-TD** : BARON ARIANE -> <t:1770109200:t> - <t:1770116400:t> en __S14__
<t:1770123600:D> **11 R4.01 Archi. logicielle : PHP Symfony + API-TD** : MONNET ALEXIS -> <t:1770123600:t> - <t:1770130800:t> en __S03__
<t:1770130800:D> **21 R4.01 Archi. logicielle : PHP Symfony + API-TD** : MONNET ALEXIS -> <t:1770130800:t> - <t:1770138000:t> en __S16__
<t:1770188400:D> **11 R4.A.08 Virtualisation-TD** : BUSSON ANTHONY -> <t:1770188400:t> - <t:1770195600:t> en __S16__
<t:1770282000:D> **11 R4.A.10 Vue JS TPA** : LEROUX STEPHANE -> <t:1770282000:t> - <t:1770289200:t> en __S24__
<t:1770294600:D> **SAé G1A** : JOUBERT AUDE -> <t:1770294600:t> - <t:1770301800:t> en __S16__
<t:1770361200:D> **21 R4.04 Méthodes d'optimisation-TD** : JOUBERT AUDE -> <t:1770361200:t> - <t:1770368400:t> en __S16__
<t:1770368400:D> **21 R4.A.10 Vue JS TPA** : LEROUX STEPHANE -> <t:1770368400:t> - <t:1770375600:t> en __S17__
<t:1770381000:D> **12 R4.06 Communication interne-TPA** : ALLAOUI ABDELBAKI -> <t:1770381000:t> - <t:1770388200:t> en __S21__

[2026-02-01T17:50:03.117Z] info: Message sent to channel 1330181810289905847: 📅 **Emploi du temps pour le groupe g1s4a la semaine prochaine :**

<t:1770022800:D> **22 R4.A.08 Virtualisation TPA** : PARAUD JEAN-CHRISTOPHE -> <t:1770022800:t> - <t:1770030000:t> en __S16__
<t:1770037200:D> **R4.05 Anglais-TPA** : BESSAC MARIETTE -> <t:1770037200:t> - <t:1770044400:t> en __026-Langues__
<t:1770044400:D> **11 R4.04 Méthodes d'optimisation-TD** : JOUBERT AUDE -> <t:1770044400:t> - <t:1770051600:t> en __S16__
<t:1770102000:D> **11 R4.A.09 Management avancé des SI-TD** : DUFOUR KARLINE -> <t:1770102000:t> - <t:1770109200:t> en __040__
<t:1770109200:D> **11 R4.03 Qualité & non-relationnel-TD** : BARON ARIANE -> <t:1770109200:t> - <t:1770116400:t> en __S14__
<t:1770123600:D> **11 R4.01 Archi. logicielle : PHP Symfony + API-TD** : MONNET ALEXIS -> <t:1770123600:t> - <t:1770130800:t> en __S03__
<t:1770130800:D> **21 R4.01 Archi. logicielle : PHP Symfony + API-TD** : MONNET ALEXIS -> <t:1770130800:t> - <t:1770138000:t> en __S16__
<t:1770188400:D> **11 R4.A.08 Virtualisation-TD** : BUSSON ANTHONY -> <t:1770188400:t> - <t:1770195600:t> en __S16__
<t:1770282000:D> **11 R4.A.10 Vue JS TPA** : LEROUX STEPHANE -> <t:1770282000:t> - <t:1770289200:t> en __S24__
<t:1770294600:D> **SAé G1A** : JOUBERT AUDE -> <t:1770294600:t> - <t:1770301800:t> en __S16__
<t:1770361200:D> **21 R4.04 Méthodes d'optimisation-TD** : JOUBERT AUDE -> <t:1770361200:t> - <t:1770368400:t> en __S16__
<t:1770368400:D> **21 R4.A.10 Vue JS TPA** : LEROUX STEPHANE -> <t:1770368400:t> - <t:1770375600:t> en __S17__
<t:1770381000:D> **12 R4.06 Communication interne-TPA** : ALLAOUI ABDELBAKI -> <t:1770381000:t> - <t:1770388200:t> en __S21__

[2026-02-01T17:50:03.118Z] info: Sending message to channel 1330181968075165769: 📅 **Emploi du temps pour le groupe g1s4b la semaine prochaine :**

<t:1770044400:D> **11 R4.04 Méthodes d'optimisation-TD** : JOUBERT AUDE -> <t:1770044400:t> - <t:1770051600:t> en __S16__
<t:1770102000:D> **11 R4.A.09 Management avancé des SI-TD** : DUFOUR KARLINE -> <t:1770102000:t> - <t:1770109200:t> en __040__
<t:1770109200:D> **11 R4.03 Qualité & non-relationnel-TD** : BARON ARIANE -> <t:1770109200:t> - <t:1770116400:t> en __S14__
<t:1770123600:D> **11 R4.01 Archi. logicielle : PHP Symfony + API-TD** : MONNET ALEXIS -> <t:1770123600:t> - <t:1770130800:t> en __S03__
<t:1770130800:D> **21 R4.01 Archi. logicielle : PHP Symfony + API-TD** : MONNET ALEXIS -> <t:1770130800:t> - <t:1770138000:t> en __S16__
<t:1770188400:D> **11 R4.A.08 Virtualisation-TD** : BUSSON ANTHONY -> <t:1770188400:t> - <t:1770195600:t> en __S16__
<t:1770210000:D> **R4.05 Anglais-TPB** : BESSAC MARIETTE -> <t:1770210000:t> - <t:1770217200:t> en __026-Langues__
<t:1770274800:D> **21 R4.A.10 Vue JS TPB** : GONCALVES ISABELLE -> <t:1770274800:t> - <t:1770282000:t> en __S14__
<t:1770282000:D> **11 R4.A.10 Vue JS TP B** : GONCALVES ISABELLE -> <t:1770282000:t> - <t:1770289200:t> en __S13__
<t:1770301800:D> **SAé G1B** : JOUBERT AUDE -> <t:1770301800:t> - <t:1770309000:t> en __S16__
<t:1770361200:D> **21 R4.04 Méthodes d'optimisation-TD** : JOUBERT AUDE -> <t:1770361200:t> - <t:1770368400:t> en __S16__
<t:1770368400:D> **21 R4.06 Communication interne-TPB** : ALLAOUI ABDELBAKI -> <t:1770368400:t> - <t:1770375600:t> en __S15__

[2026-02-01T17:50:03.118Z] info: Message sent to channel 1330181968075165769: 📅 **Emploi du temps pour le groupe g1s4b la semaine prochaine :**

<t:1770044400:D> **11 R4.04 Méthodes d'optimisation-TD** : JOUBERT AUDE -> <t:1770044400:t> - <t:1770051600:t> en __S16__
<t:1770102000:D> **11 R4.A.09 Management avancé des SI-TD** : DUFOUR KARLINE -> <t:1770102000:t> - <t:1770109200:t> en __040__
<t:1770109200:D> **11 R4.03 Qualité & non-relationnel-TD** : BARON ARIANE -> <t:1770109200:t> - <t:1770116400:t> en __S14__
<t:1770123600:D> **11 R4.01 Archi. logicielle : PHP Symfony + API-TD** : MONNET ALEXIS -> <t:1770123600:t> - <t:1770130800:t> en __S03__
<t:1770130800:D> **21 R4.01 Archi. logicielle : PHP Symfony + API-TD** : MONNET ALEXIS -> <t:1770130800:t> - <t:1770138000:t> en __S16__
<t:1770188400:D> **11 R4.A.08 Virtualisation-TD** : BUSSON ANTHONY -> <t:1770188400:t> - <t:1770195600:t> en __S16__
<t:1770210000:D> **R4.05 Anglais-TPB** : BESSAC MARIETTE -> <t:1770210000:t> - <t:1770217200:t> en __026-Langues__
<t:1770274800:D> **21 R4.A.10 Vue JS TPB** : GONCALVES ISABELLE -> <t:1770274800:t> - <t:1770282000:t> en __S14__
<t:1770282000:D> **11 R4.A.10 Vue JS TP B** : GONCALVES ISABELLE -> <t:1770282000:t> - <t:1770289200:t> en __S13__
<t:1770301800:D> **SAé G1B** : JOUBERT AUDE -> <t:1770301800:t> - <t:1770309000:t> en __S16__
<t:1770361200:D> **21 R4.04 Méthodes d'optimisation-TD** : JOUBERT AUDE -> <t:1770361200:t> - <t:1770368400:t> en __S16__
<t:1770368400:D> **21 R4.06 Communication interne-TPB** : ALLAOUI ABDELBAKI -> <t:1770368400:t> - <t:1770375600:t> en __S15__

[2026-02-01T17:50:03.119Z] info: Sending message to channel 1330181829667328071: 📅 **Emploi du temps pour le groupe g2s4a la semaine prochaine :**

<t:1770015600:D> **22 R4.A.08 Virtualisation TPA** : PARAUD JEAN-CHRISTOPHE -> <t:1770015600:t> - <t:1770022800:t> en __S17__
<t:1770022800:D> **11 R4.A.08 Virtualisation-TD** : BUSSON ANTHONY -> <t:1770022800:t> - <t:1770030000:t> en __S13__
<t:1770037200:D> **R4.05 Anglais-TPA** : CANQUE FLORENCE -> <t:1770037200:t> - <t:1770044400:t> en __028__
<t:1770044400:D> **21 R4.03 Qualité & non-relationnel-TD** : FACI NOURA -> <t:1770044400:t> - <t:1770051600:t> en __S14__
<t:1770102000:D> **11 R4.01 Archi. logicielle : PHP Symfony + API-TD** : MONNET ALEXIS -> <t:1770102000:t> - <t:1770109200:t> en __S16__
<t:1770109200:D> **21 R4.01 Archi. logicielle : PHP Symfony + API-TD** : MONNET ALEXIS -> <t:1770109200:t> - <t:1770116400:t> en __S16__
<t:1770123600:D> **11 R4.04 Méthodes d'optimisation-TD** : JOUBERT AUDE -> <t:1770123600:t> - <t:1770130800:t> en __S16__
<t:1770130800:D> **11 R4.03 Qualité & non-relationnel-TD** : FACI NOURA -> <t:1770130800:t> - <t:1770138000:t> en __S17__
<t:1770195600:D> **11 R4.A.09 Management avancé des SI-TD** : DUFOUR KARLINE -> <t:1770195600:t> - <t:1770202800:t> en __040__
<t:1770274800:D> **21 R4.04 Méthodes d'optimisation-TD** : JOUBERT AUDE -> <t:1770274800:t> - <t:1770282000:t> en __S16__
<t:1770282000:D> **R4.05 Anglais-TPA** : CANQUE FLORENCE -> <t:1770282000:t> - <t:1770289200:t> en __028__
<t:1770294600:D> **SAé G2A** : JALOUX CHRISTOPHE -> <t:1770294600:t> - <t:1770301800:t> en __S17__
<t:1770361200:D> **11 R4.A.10 Vue JS TPA** : LEROUX STEPHANE -> <t:1770361200:t> - <t:1770368400:t> en __S14__
<t:1770368400:D> **21 R4.04 Méthodes d'optimisation-TD** : JOUBERT AUDE -> <t:1770368400:t> - <t:1770375600:t> en __S16__
<t:1770381000:D> **21 R4.A.10 Vue JS TPA** : LEROUX STEPHANE -> <t:1770381000:t> - <t:1770388200:t> en __S16__
<t:1770388200:D> **12 R4.06 Communication interne-TPA** : DEBOUTE JOCELYNE -> <t:1770388200:t> - <t:1770395400:t> en __040__

[2026-02-01T17:50:03.120Z] info: Message sent to channel 1330181829667328071: 📅 **Emploi du temps pour le groupe g2s4a la semaine prochaine :**

<t:1770015600:D> **22 R4.A.08 Virtualisation TPA** : PARAUD JEAN-CHRISTOPHE -> <t:1770015600:t> - <t:1770022800:t> en __S17__
<t:1770022800:D> **11 R4.A.08 Virtualisation-TD** : BUSSON ANTHONY -> <t:1770022800:t> - <t:1770030000:t> en __S13__
<t:1770037200:D> **R4.05 Anglais-TPA** : CANQUE FLORENCE -> <t:1770037200:t> - <t:1770044400:t> en __028__
<t:1770044400:D> **21 R4.03 Qualité & non-relationnel-TD** : FACI NOURA -> <t:1770044400:t> - <t:1770051600:t> en __S14__
<t:1770102000:D> **11 R4.01 Archi. logicielle : PHP Symfony + API-TD** : MONNET ALEXIS -> <t:1770102000:t> - <t:1770109200:t> en __S16__
<t:1770109200:D> **21 R4.01 Archi. logicielle : PHP Symfony + API-TD** : MONNET ALEXIS -> <t:1770109200:t> - <t:1770116400:t> en __S16__
<t:1770123600:D> **11 R4.04 Méthodes d'optimisation-TD** : JOUBERT AUDE -> <t:1770123600:t> - <t:1770130800:t> en __S16__
<t:1770130800:D> **11 R4.03 Qualité & non-relationnel-TD** : FACI NOURA -> <t:1770130800:t> - <t:1770138000:t> en __S17__
<t:1770195600:D> **11 R4.A.09 Management avancé des SI-TD** : DUFOUR KARLINE -> <t:1770195600:t> - <t:1770202800:t> en __040__
<t:1770274800:D> **21 R4.04 Méthodes d'optimisation-TD** : JOUBERT AUDE -> <t:1770274800:t> - <t:1770282000:t> en __S16__
<t:1770282000:D> **R4.05 Anglais-TPA** : CANQUE FLORENCE -> <t:1770282000:t> - <t:1770289200:t> en __028__
<t:1770294600:D> **SAé G2A** : JALOUX CHRISTOPHE -> <t:1770294600:t> - <t:1770301800:t> en __S17__
<t:1770361200:D> **11 R4.A.10 Vue JS TPA** : LEROUX STEPHANE -> <t:1770361200:t> - <t:1770368400:t> en __S14__
<t:1770368400:D> **21 R4.04 Méthodes d'optimisation-TD** : JOUBERT AUDE -> <t:1770368400:t> - <t:1770375600:t> en __S16__
<t:1770381000:D> **21 R4.A.10 Vue JS TPA** : LEROUX STEPHANE -> <t:1770381000:t> - <t:1770388200:t> en __S16__
<t:1770388200:D> **12 R4.06 Communication interne-TPA** : DEBOUTE JOCELYNE -> <t:1770388200:t> - <t:1770395400:t> en __040__

[2026-02-01T17:50:03.121Z] info: Sending message to channel 1330181981320777738: 📅 **Emploi du temps pour le groupe g2s4b la semaine prochaine :**

<t:1770022800:D> **11 R4.A.08 Virtualisation-TD** : BUSSON ANTHONY -> <t:1770022800:t> - <t:1770030000:t> en __S13__
<t:1770044400:D> **21 R4.03 Qualité & non-relationnel-TD** : FACI NOURA -> <t:1770044400:t> - <t:1770051600:t> en __S14__
<t:1770102000:D> **11 R4.01 Archi. logicielle : PHP Symfony + API-TD** : MONNET ALEXIS -> <t:1770102000:t> - <t:1770109200:t> en __S16__
<t:1770109200:D> **21 R4.01 Archi. logicielle : PHP Symfony + API-TD** : MONNET ALEXIS -> <t:1770109200:t> - <t:1770116400:t> en __S16__
<t:1770123600:D> **11 R4.04 Méthodes d'optimisation-TD** : JOUBERT AUDE -> <t:1770123600:t> - <t:1770130800:t> en __S16__
<t:1770130800:D> **11 R4.03 Qualité & non-relationnel-TD** : FACI NOURA -> <t:1770130800:t> - <t:1770138000:t> en __S17__
<t:1770195600:D> **11 R4.A.09 Management avancé des SI-TD** : DUFOUR KARLINE -> <t:1770195600:t> - <t:1770202800:t> en __040__
<t:1770210000:D> **21 R4.06 Communication interne-TPB** : DEBOUTE JOCELYNE -> <t:1770210000:t> - <t:1770217200:t> en __040__
<t:1770274800:D> **21 R4.04 Méthodes d'optimisation-TD** : JOUBERT AUDE -> <t:1770274800:t> - <t:1770282000:t> en __S16__
<t:1770282000:D> **R4.05 Anglais-TPB** : BESSAC MARIETTE -> <t:1770282000:t> - <t:1770289200:t> en __026-Langues__
<t:1770301800:D> **SAé G2B** : JALOUX CHRISTOPHE -> <t:1770301800:t> - <t:1770309000:t> en __S17__
<t:1770368400:D> **21 R4.04 Méthodes d'optimisation-TD** : JOUBERT AUDE -> <t:1770368400:t> - <t:1770375600:t> en __S16__
<t:1770381000:D> **21 R4.A.10 Vue JS TPB** : GONCALVES ISABELLE -> <t:1770381000:t> - <t:1770388200:t> en __S24__
<t:1770388200:D> **11 R4.A.10 Vue JS TP B** : GONCALVES ISABELLE -> <t:1770388200:t> - <t:1770395400:t> en __S24__

[2026-02-01T17:50:03.122Z] info: Message sent to channel 1330181981320777738: 📅 **Emploi du temps pour le groupe g2s4b la semaine prochaine :**

<t:1770022800:D> **11 R4.A.08 Virtualisation-TD** : BUSSON ANTHONY -> <t:1770022800:t> - <t:1770030000:t> en __S13__
<t:1770044400:D> **21 R4.03 Qualité & non-relationnel-TD** : FACI NOURA -> <t:1770044400:t> - <t:1770051600:t> en __S14__
<t:1770102000:D> **11 R4.01 Archi. logicielle : PHP Symfony + API-TD** : MONNET ALEXIS -> <t:1770102000:t> - <t:1770109200:t> en __S16__
<t:1770109200:D> **21 R4.01 Archi. logicielle : PHP Symfony + API-TD** : MONNET ALEXIS -> <t:1770109200:t> - <t:1770116400:t> en __S16__
<t:1770123600:D> **11 R4.04 Méthodes d'optimisation-TD** : JOUBERT AUDE -> <t:1770123600:t> - <t:1770130800:t> en __S16__
<t:1770130800:D> **11 R4.03 Qualité & non-relationnel-TD** : FACI NOURA -> <t:1770130800:t> - <t:1770138000:t> en __S17__
<t:1770195600:D> **11 R4.A.09 Management avancé des SI-TD** : DUFOUR KARLINE -> <t:1770195600:t> - <t:1770202800:t> en __040__
<t:1770210000:D> **21 R4.06 Communication interne-TPB** : DEBOUTE JOCELYNE -> <t:1770210000:t> - <t:1770217200:t> en __040__
<t:1770274800:D> **21 R4.04 Méthodes d'optimisation-TD** : JOUBERT AUDE -> <t:1770274800:t> - <t:1770282000:t> en __S16__
<t:1770282000:D> **R4.05 Anglais-TPB** : BESSAC MARIETTE -> <t:1770282000:t> - <t:1770289200:t> en __026-Langues__
<t:1770301800:D> **SAé G2B** : JALOUX CHRISTOPHE -> <t:1770301800:t> - <t:1770309000:t> en __S17__
<t:1770368400:D> **21 R4.04 Méthodes d'optimisation-TD** : JOUBERT AUDE -> <t:1770368400:t> - <t:1770375600:t> en __S16__
<t:1770381000:D> **21 R4.A.10 Vue JS TPB** : GONCALVES ISABELLE -> <t:1770381000:t> - <t:1770388200:t> en __S24__
<t:1770388200:D> **11 R4.A.10 Vue JS TP B** : GONCALVES ISABELLE -> <t:1770388200:t> - <t:1770395400:t> en __S24__

[2026-02-01T17:50:03.126Z] info: Message sent to channel 1395371640291983370 in 17 parts.
[2026-02-01T17:50:03.127Z] info: Sending message to channel 1330181841524756501: 📅 **Emploi du temps pour le groupe g4s4a la semaine prochaine :**

<t:1770015600:D> **R4.C.10-2 Modélisation-TD G4** : MAS SEBASTIEN -> <t:1770015600:t> - <t:1770022800:t> en __S16__
<t:1770022800:D> **R4.C.10-2 Modélisation-TD G4** : MAS SEBASTIEN -> <t:1770022800:t> - <t:1770030000:t> en __S17__
<t:1770037200:D> **11 R4.03 Qualité & non-relationnel-TD** : BARON ARIANE -> <t:1770037200:t> - <t:1770044400:t> en __S14__
<t:1770044400:D> **11 R4.04 Méthodes d'optimisation-TD** : JALOUX CHRISTOPHE -> <t:1770044400:t> - <t:1770051600:t> en __S17__
<t:1770123600:D> **12 R4.C.09 Réseau avancé-TPA** : RONDELET CHRISTOPHE -> <t:1770123600:t> - <t:1770130800:t> en __S13__
<t:1770195600:D> **13 R4.C.09 Réseau avancé-TD** : RONDELET CHRISTOPHE -> <t:1770195600:t> - <t:1770202800:t> en __S17__
<t:1770210000:D> **R4.C.10-1 Intro Informatique décisionnelle** : SCHNEIDER CAMILLE -> <t:1770210000:t> - <t:1770217200:t> en __S17__
<t:1770217200:D> **R4.C.10-1 Intro Informatique décisionnelle** : SCHNEIDER CAMILLE -> <t:1770217200:t> - <t:1770224400:t> en __S16__
<t:1770274800:D> **R4.05 Anglais-TPA** : CANQUE FLORENCE -> <t:1770274800:t> - <t:1770282000:t> en __028__
<t:1770282000:D> **21 R4.04 Méthodes d'optimisation-TD** : JALOUX CHRISTOPHE -> <t:1770282000:t> - <t:1770289200:t> en __S17__
<t:1770294600:D> **Saé G4A** : PEYTAVIE ADRIEN -> <t:1770294600:t> - <t:1770301800:t> en __S14__
<t:1770361200:D> **22 R4.06 Communication interne-TPB** : HARDY LISE -> <t:1770361200:t> - <t:1770368400:t> en __S11__
<t:1770368400:D> **21 R4.06 Communication interne-TPA** : HARDY LISE -> <t:1770368400:t> - <t:1770375600:t> en __S11__
<t:1770381000:D> **11 R4.01 Archi. logicielle : PHP Symfony + API-TD** : MONNET ALEXIS -> <t:1770381000:t> - <t:1770388200:t> en __S03__
<t:1770388200:D> **21 R4.01 Archi. logicielle : PHP Symfony + API-TD** : MONNET ALEXIS -> <t:1770388200:t> - <t:1770395400:t> en __S03__

[2026-02-01T17:50:03.128Z] info: Message sent to channel 1330181841524756501: 📅 **Emploi du temps pour le groupe g4s4a la semaine prochaine :**

<t:1770015600:D> **R4.C.10-2 Modélisation-TD G4** : MAS SEBASTIEN -> <t:1770015600:t> - <t:1770022800:t> en __S16__
<t:1770022800:D> **R4.C.10-2 Modélisation-TD G4** : MAS SEBASTIEN -> <t:1770022800:t> - <t:1770030000:t> en __S17__
<t:1770037200:D> **11 R4.03 Qualité & non-relationnel-TD** : BARON ARIANE -> <t:1770037200:t> - <t:1770044400:t> en __S14__
<t:1770044400:D> **11 R4.04 Méthodes d'optimisation-TD** : JALOUX CHRISTOPHE -> <t:1770044400:t> - <t:1770051600:t> en __S17__
<t:1770123600:D> **12 R4.C.09 Réseau avancé-TPA** : RONDELET CHRISTOPHE -> <t:1770123600:t> - <t:1770130800:t> en __S13__
<t:1770195600:D> **13 R4.C.09 Réseau avancé-TD** : RONDELET CHRISTOPHE -> <t:1770195600:t> - <t:1770202800:t> en __S17__
<t:1770210000:D> **R4.C.10-1 Intro Informatique décisionnelle** : SCHNEIDER CAMILLE -> <t:1770210000:t> - <t:1770217200:t> en __S17__
<t:1770217200:D> **R4.C.10-1 Intro Informatique décisionnelle** : SCHNEIDER CAMILLE -> <t:1770217200:t> - <t:1770224400:t> en __S16__
<t:1770274800:D> **R4.05 Anglais-TPA** : CANQUE FLORENCE -> <t:1770274800:t> - <t:1770282000:t> en __028__
<t:1770282000:D> **21 R4.04 Méthodes d'optimisation-TD** : JALOUX CHRISTOPHE -> <t:1770282000:t> - <t:1770289200:t> en __S17__
<t:1770294600:D> **Saé G4A** : PEYTAVIE ADRIEN -> <t:1770294600:t> - <t:1770301800:t> en __S14__
<t:1770361200:D> **22 R4.06 Communication interne-TPB** : HARDY LISE -> <t:1770361200:t> - <t:1770368400:t> en __S11__
<t:1770368400:D> **21 R4.06 Communication interne-TPA** : HARDY LISE -> <t:1770368400:t> - <t:1770375600:t> en __S11__
<t:1770381000:D> **11 R4.01 Archi. logicielle : PHP Symfony + API-TD** : MONNET ALEXIS -> <t:1770381000:t> - <t:1770388200:t> en __S03__
<t:1770388200:D> **21 R4.01 Archi. logicielle : PHP Symfony + API-TD** : MONNET ALEXIS -> <t:1770388200:t> - <t:1770395400:t> en __S03__

[2026-02-01T17:50:03.130Z] info: Sending message to channel 1330181996743364679: 📅 **Emploi du temps pour le groupe g4s4b la semaine prochaine :**

<t:1770015600:D> **R4.C.10-2 Modélisation-TD G4** : MAS SEBASTIEN -> <t:1770015600:t> - <t:1770022800:t> en __S16__
<t:1770022800:D> **R4.C.10-2 Modélisation-TD G4** : MAS SEBASTIEN -> <t:1770022800:t> - <t:1770030000:t> en __S17__
<t:1770037200:D> **11 R4.03 Qualité & non-relationnel-TD** : BARON ARIANE -> <t:1770037200:t> - <t:1770044400:t> en __S14__
<t:1770044400:D> **11 R4.04 Méthodes d'optimisation-TD** : JALOUX CHRISTOPHE -> <t:1770044400:t> - <t:1770051600:t> en __S17__
<t:1770130800:D> **21 R4.C.09 Réseau avancé-TPB** : RONDELET CHRISTOPHE -> <t:1770130800:t> - <t:1770138000:t> en __S03__
<t:1770195600:D> **13 R4.C.09 Réseau avancé-TD** : RONDELET CHRISTOPHE -> <t:1770195600:t> - <t:1770202800:t> en __S17__
<t:1770210000:D> **R4.C.10-1 Intro Informatique décisionnelle** : SCHNEIDER CAMILLE -> <t:1770210000:t> - <t:1770217200:t> en __S17__
<t:1770217200:D> **R4.C.10-1 Intro Informatique décisionnelle** : SCHNEIDER CAMILLE -> <t:1770217200:t> - <t:1770224400:t> en __S16__
<t:1770274800:D> **R4.05 Anglais-TPB** : BESSAC MARIETTE -> <t:1770274800:t> - <t:1770282000:t> en __026-Langues__
<t:1770282000:D> **21 R4.04 Méthodes d'optimisation-TD** : JALOUX CHRISTOPHE -> <t:1770282000:t> - <t:1770289200:t> en __S17__
<t:1770301800:D> **Saé G4B** : PEYTAVIE ADRIEN -> <t:1770301800:t> - <t:1770309000:t> en __S14__
<t:1770361200:D> **22 R4.06 Communication interne-TPB** : HARDY LISE -> <t:1770361200:t> - <t:1770368400:t> en __S11__
<t:1770368400:D> **21 R4.06 Communication interne-TPA** : HARDY LISE -> <t:1770368400:t> - <t:1770375600:t> en __S11__
<t:1770381000:D> **11 R4.01 Archi. logicielle : PHP Symfony + API-TD** : MONNET ALEXIS -> <t:1770381000:t> - <t:1770388200:t> en __S03__
<t:1770388200:D> **21 R4.01 Archi. logicielle : PHP Symfony + API-TD** : MONNET ALEXIS -> <t:1770388200:t> - <t:1770395400:t> en __S03__

[2026-02-01T17:50:03.130Z] info: Message sent to channel 1330181996743364679: 📅 **Emploi du temps pour le groupe g4s4b la semaine prochaine :**

<t:1770015600:D> **R4.C.10-2 Modélisation-TD G4** : MAS SEBASTIEN -> <t:1770015600:t> - <t:1770022800:t> en __S16__
<t:1770022800:D> **R4.C.10-2 Modélisation-TD G4** : MAS SEBASTIEN -> <t:1770022800:t> - <t:1770030000:t> en __S17__
<t:1770037200:D> **11 R4.03 Qualité & non-relationnel-TD** : BARON ARIANE -> <t:1770037200:t> - <t:1770044400:t> en __S14__
<t:1770044400:D> **11 R4.04 Méthodes d'optimisation-TD** : JALOUX CHRISTOPHE -> <t:1770044400:t> - <t:1770051600:t> en __S17__
<t:1770130800:D> **21 R4.C.09 Réseau avancé-TPB** : RONDELET CHRISTOPHE -> <t:1770130800:t> - <t:1770138000:t> en __S03__
<t:1770195600:D> **13 R4.C.09 Réseau avancé-TD** : RONDELET CHRISTOPHE -> <t:1770195600:t> - <t:1770202800:t> en __S17__
<t:1770210000:D> **R4.C.10-1 Intro Informatique décisionnelle** : SCHNEIDER CAMILLE -> <t:1770210000:t> - <t:1770217200:t> en __S17__
<t:1770217200:D> **R4.C.10-1 Intro Informatique décisionnelle** : SCHNEIDER CAMILLE -> <t:1770217200:t> - <t:1770224400:t> en __S16__
<t:1770274800:D> **R4.05 Anglais-TPB** : BESSAC MARIETTE -> <t:1770274800:t> - <t:1770282000:t> en __026-Langues__
<t:1770282000:D> **21 R4.04 Méthodes d'optimisation-TD** : JALOUX CHRISTOPHE -> <t:1770282000:t> - <t:1770289200:t> en __S17__
<t:1770301800:D> **Saé G4B** : PEYTAVIE ADRIEN -> <t:1770301800:t> - <t:1770309000:t> en __S14__
<t:1770361200:D> **22 R4.06 Communication interne-TPB** : HARDY LISE -> <t:1770361200:t> - <t:1770368400:t> en __S11__
<t:1770368400:D> **21 R4.06 Communication interne-TPA** : HARDY LISE -> <t:1770368400:t> - <t:1770375600:t> en __S11__
<t:1770381000:D> **11 R4.01 Archi. logicielle : PHP Symfony + API-TD** : MONNET ALEXIS -> <t:1770381000:t> - <t:1770388200:t> en __S03__
<t:1770388200:D> **21 R4.01 Archi. logicielle : PHP Symfony + API-TD** : MONNET ALEXIS -> <t:1770388200:t> - <t:1770395400:t> en __S03__

[2026-02-01T17:50:03.132Z] info: Sending message to channel 1409494803489488986: 📅 **Emploi du temps pour le groupe but3ra2a la semaine prochaine :**

<t:1770015600:D> **11 R5.A.11 Aide à la décision TD** : JOUBERT AUDE -> <t:1770015600:t> - <t:1770022800:t> en __S26__
<t:1770022800:D> **11R5.A.10 Neo4J** : FACI NOURA -> <t:1770022800:t> - <t:1770030000:t> en __S26__
<t:1770037200:D> **21R5.A.10 Neo4J** : FACI NOURA -> <t:1770037200:t> - <t:1770044400:t> en __S26__
<t:1770044400:D> **S.A.01 SAE Dev avancé** : BUT3 RA2A -> <t:1770044400:t> - <t:1770051600:t> en __S26__
<t:1770102000:D> **R5.A.06 Programmation multimédia TPA** : PEYTAVIE ADRIEN -> <t:1770102000:t> - <t:1770109200:t> en __S26__
<t:1770109200:D> **R5.A.14 Anglais TPA** : BESSAC MARIETTE -> <t:1770109200:t> - <t:1770116400:t> en __026-Langues__
<t:1770123600:D> **S.A.01 SAE Dev avancé AP** : PEYTAVIE ADRIEN -> <t:1770123600:t> - <t:1770130800:t> en __S26__
<t:1770130800:D> **21R5.A.04 Qualité algo** : DUCHENE ERIC -> <t:1770130800:t> - <t:1770138000:t> en __S26__
<t:1770188400:D> **11R5.A.02 PPP TD** : VIZET PONCET CECILE -> <t:1770188400:t> - <t:1770195600:t> en __S26__
<t:1770195600:D> **11R6.02 Droit du numérique** : MAGNIN FLORENCE -> <t:1770195600:t> - <t:1770202800:t> en __S26__
<t:1770210000:D> **21R6.02 Droit du numérique** : MAGNIN FLORENCE -> <t:1770210000:t> - <t:1770217200:t> en __S26__
<t:1770274800:D> **11R5.A.02 PPP TD** : VIZET PONCET CECILE -> <t:1770274800:t> - <t:1770282000:t> en __S26__
<t:1770282000:D> **21 R5.A.11 Aide à la décision TD** : JOUBERT AUDE -> <t:1770282000:t> - <t:1770289200:t> en __S26__
<t:1770294600:D> **S.A.01 SAE Dev avancé A** : BUT3 RA2A -> <t:1770294600:t> - <t:1770301800:t> en __S26__
<t:1770301800:D> **R5.03 Communication TPA** : DEBOUTE JOCELYNE -> <t:1770301800:t> - <t:1770309000:t> en __S15__
<t:1770361200:D> **S.A.01 SAE Dev avancé** : BUT3 RA2A -> <t:1770361200:t> - <t:1770368400:t> en __S26__
<t:1770368400:D> **S.A.01 SAE Dev avancé** : BUT3 RA2A -> <t:1770368400:t> - <t:1770375600:t> en __S26__

[2026-02-01T17:50:03.133Z] info: Message sent to channel 1409494803489488986: 📅 **Emploi du temps pour le groupe but3ra2a la semaine prochaine :**

<t:1770015600:D> **11 R5.A.11 Aide à la décision TD** : JOUBERT AUDE -> <t:1770015600:t> - <t:1770022800:t> en __S26__
<t:1770022800:D> **11R5.A.10 Neo4J** : FACI NOURA -> <t:1770022800:t> - <t:1770030000:t> en __S26__
<t:1770037200:D> **21R5.A.10 Neo4J** : FACI NOURA -> <t:1770037200:t> - <t:1770044400:t> en __S26__
<t:1770044400:D> **S.A.01 SAE Dev avancé** : BUT3 RA2A -> <t:1770044400:t> - <t:1770051600:t> en __S26__
<t:1770102000:D> **R5.A.06 Programmation multimédia TPA** : PEYTAVIE ADRIEN -> <t:1770102000:t> - <t:1770109200:t> en __S26__
<t:1770109200:D> **R5.A.14 Anglais TPA** : BESSAC MARIETTE -> <t:1770109200:t> - <t:1770116400:t> en __026-Langues__
<t:1770123600:D> **S.A.01 SAE Dev avancé AP** : PEYTAVIE ADRIEN -> <t:1770123600:t> - <t:1770130800:t> en __S26__
<t:1770130800:D> **21R5.A.04 Qualité algo** : DUCHENE ERIC -> <t:1770130800:t> - <t:1770138000:t> en __S26__
<t:1770188400:D> **11R5.A.02 PPP TD** : VIZET PONCET CECILE -> <t:1770188400:t> - <t:1770195600:t> en __S26__
<t:1770195600:D> **11R6.02 Droit du numérique** : MAGNIN FLORENCE -> <t:1770195600:t> - <t:1770202800:t> en __S26__
<t:1770210000:D> **21R6.02 Droit du numérique** : MAGNIN FLORENCE -> <t:1770210000:t> - <t:1770217200:t> en __S26__
<t:1770274800:D> **11R5.A.02 PPP TD** : VIZET PONCET CECILE -> <t:1770274800:t> - <t:1770282000:t> en __S26__
<t:1770282000:D> **21 R5.A.11 Aide à la décision TD** : JOUBERT AUDE -> <t:1770282000:t> - <t:1770289200:t> en __S26__
<t:1770294600:D> **S.A.01 SAE Dev avancé A** : BUT3 RA2A -> <t:1770294600:t> - <t:1770301800:t> en __S26__
<t:1770301800:D> **R5.03 Communication TPA** : DEBOUTE JOCELYNE -> <t:1770301800:t> - <t:1770309000:t> en __S15__
<t:1770361200:D> **S.A.01 SAE Dev avancé** : BUT3 RA2A -> <t:1770361200:t> - <t:1770368400:t> en __S26__
<t:1770368400:D> **S.A.01 SAE Dev avancé** : BUT3 RA2A -> <t:1770368400:t> - <t:1770375600:t> en __S26__

[2026-02-01T17:50:03.134Z] info: Sending message to channel 1409494819574775808: 📅 **Emploi du temps pour le groupe but3ra2b la semaine prochaine :**

<t:1770015600:D> **11 R5.A.11 Aide à la décision TD** : JOUBERT AUDE -> <t:1770015600:t> - <t:1770022800:t> en __S26__
<t:1770022800:D> **11R5.A.10 Neo4J** : FACI NOURA -> <t:1770022800:t> - <t:1770030000:t> en __S26__
<t:1770037200:D> **21R5.A.10 Neo4J** : FACI NOURA -> <t:1770037200:t> - <t:1770044400:t> en __S26__
<t:1770044400:D> **S.A.01 SAE Dev avancé** : BUT3 RA2A -> <t:1770044400:t> - <t:1770051600:t> en __S26__
<t:1770109200:D> **21R5.A.06 Programmation multimédia TPB** : PEYTAVIE ADRIEN -> <t:1770109200:t> - <t:1770116400:t> en __S26__
<t:1770123600:D> **S.A.01 SAE Dev avancé AP** : PEYTAVIE ADRIEN -> <t:1770123600:t> - <t:1770130800:t> en __S26__
<t:1770130800:D> **21R5.A.04 Qualité algo** : DUCHENE ERIC -> <t:1770130800:t> - <t:1770138000:t> en __S26__
<t:1770188400:D> **11R5.A.02 PPP TD** : VIZET PONCET CECILE -> <t:1770188400:t> - <t:1770195600:t> en __S26__
<t:1770195600:D> **11R6.02 Droit du numérique** : MAGNIN FLORENCE -> <t:1770195600:t> - <t:1770202800:t> en __S26__
<t:1770210000:D> **21R6.02 Droit du numérique** : MAGNIN FLORENCE -> <t:1770210000:t> - <t:1770217200:t> en __S26__
<t:1770217200:D> **R5.A.14 Anglais TPB** : BESSAC MARIETTE -> <t:1770217200:t> - <t:1770224400:t> en __026-Langues__
<t:1770274800:D> **11R5.A.02 PPP TD** : VIZET PONCET CECILE -> <t:1770274800:t> - <t:1770282000:t> en __S26__
<t:1770282000:D> **21 R5.A.11 Aide à la décision TD** : JOUBERT AUDE -> <t:1770282000:t> - <t:1770289200:t> en __S26__
<t:1770294600:D> **R5.03 Communication TPB** : DEBOUTE JOCELYNE -> <t:1770294600:t> - <t:1770301800:t> en __S12__
<t:1770301800:D> **S.A.01 SAE Dev avancé B** : BUT3 RA2B -> <t:1770301800:t> - <t:1770309000:t> en __S26__
<t:1770361200:D> **S.A.01 SAE Dev avancé** : BUT3 RA2A -> <t:1770361200:t> - <t:1770368400:t> en __S26__
<t:1770368400:D> **S.A.01 SAE Dev avancé** : BUT3 RA2A -> <t:1770368400:t> - <t:1770375600:t> en __S26__

[2026-02-01T17:50:03.134Z] info: Message sent to channel 1409494819574775808: 📅 **Emploi du temps pour le groupe but3ra2b la semaine prochaine :**

<t:1770015600:D> **11 R5.A.11 Aide à la décision TD** : JOUBERT AUDE -> <t:1770015600:t> - <t:1770022800:t> en __S26__
<t:1770022800:D> **11R5.A.10 Neo4J** : FACI NOURA -> <t:1770022800:t> - <t:1770030000:t> en __S26__
<t:1770037200:D> **21R5.A.10 Neo4J** : FACI NOURA -> <t:1770037200:t> - <t:1770044400:t> en __S26__
<t:1770044400:D> **S.A.01 SAE Dev avancé** : BUT3 RA2A -> <t:1770044400:t> - <t:1770051600:t> en __S26__
<t:1770109200:D> **21R5.A.06 Programmation multimédia TPB** : PEYTAVIE ADRIEN -> <t:1770109200:t> - <t:1770116400:t> en __S26__
<t:1770123600:D> **S.A.01 SAE Dev avancé AP** : PEYTAVIE ADRIEN -> <t:1770123600:t> - <t:1770130800:t> en __S26__
<t:1770130800:D> **21R5.A.04 Qualité algo** : DUCHENE ERIC -> <t:1770130800:t> - <t:1770138000:t> en __S26__
<t:1770188400:D> **11R5.A.02 PPP TD** : VIZET PONCET CECILE -> <t:1770188400:t> - <t:1770195600:t> en __S26__
<t:1770195600:D> **11R6.02 Droit du numérique** : MAGNIN FLORENCE -> <t:1770195600:t> - <t:1770202800:t> en __S26__
<t:1770210000:D> **21R6.02 Droit du numérique** : MAGNIN FLORENCE -> <t:1770210000:t> - <t:1770217200:t> en __S26__
<t:1770217200:D> **R5.A.14 Anglais TPB** : BESSAC MARIETTE -> <t:1770217200:t> - <t:1770224400:t> en __026-Langues__
<t:1770274800:D> **11R5.A.02 PPP TD** : VIZET PONCET CECILE -> <t:1770274800:t> - <t:1770282000:t> en __S26__
<t:1770282000:D> **21 R5.A.11 Aide à la décision TD** : JOUBERT AUDE -> <t:1770282000:t> - <t:1770289200:t> en __S26__
<t:1770294600:D> **R5.03 Communication TPB** : DEBOUTE JOCELYNE -> <t:1770294600:t> - <t:1770301800:t> en __S12__
<t:1770301800:D> **S.A.01 SAE Dev avancé B** : BUT3 RA2B -> <t:1770301800:t> - <t:1770309000:t> en __S26__
<t:1770361200:D> **S.A.01 SAE Dev avancé** : BUT3 RA2A -> <t:1770361200:t> - <t:1770368400:t> en __S26__
<t:1770368400:D> **S.A.01 SAE Dev avancé** : BUT3 RA2A -> <t:1770368400:t> - <t:1770375600:t> en __S26__

[2026-02-01T17:50:03.135Z] info: Weekly timetables sent
[2026-02-01T18:00:00.702Z] info: Downloading ICS files for tomorrow for groups: aspea, aspeb, g1s2a, g1s2b, g2s2a, g2s2b, g3s2a, g3s2b, g4s2a, g4s2b, g5s2a, g5s2b, g1s4a, g1s4b, g2s4a, g2s4b, g3a2, g4s4a, g4s4b, but3ra1a, but3ra1b, but3ra2a, but3ra2b, but3ra3a, but3ra3b, but3dacs, but3aged
[2026-02-01T18:00:00.703Z] info: Downloading ICS file from https://edt.univ-lyon1.fr/jsp/custom/modules/plannings/anonymous_cal.jsp?resources=9272&projectId=1&calType=ical&firstDate=2026-02-02&lastDate=2026-02-02 to src/calendars/tomorrow/aspea.ics
[2026-02-01T18:00:00.856Z] info: ICS file downloaded successfully to src/calendars/tomorrow/aspea.ics
[2026-02-01T18:00:00.856Z] info: ICS file for aspea downloaded successfully.
[2026-02-01T18:00:00.857Z] info: Downloading ICS file from https://edt.univ-lyon1.fr/jsp/custom/modules/plannings/anonymous_cal.jsp?resources=18783&projectId=1&calType=ical&firstDate=2026-02-02&lastDate=2026-02-02 to src/calendars/tomorrow/aspeb.ics
[2026-02-01T18:00:00.989Z] info: ICS file downloaded successfully to src/calendars/tomorrow/aspeb.ics
[2026-02-01T18:00:00.990Z] info: ICS file for aspeb downloaded successfully.
[2026-02-01T18:00:00.990Z] info: Downloading ICS file from https://edt.univ-lyon1.fr/jsp/custom/modules/plannings/anonymous_cal.jsp?resources=51542&projectId=1&calType=ical&firstDate=2026-02-02&lastDate=2026-02-02 to src/calendars/tomorrow/g1s2a.ics
[2026-02-01T18:00:01.063Z] info: ICS file downloaded successfully to src/calendars/tomorrow/g1s2a.ics
[2026-02-01T18:00:01.063Z] info: ICS file for g1s2a downloaded successfully.
[2026-02-01T18:00:01.064Z] info: Downloading ICS file from https://edt.univ-lyon1.fr/jsp/custom/modules/plannings/anonymous_cal.jsp?resources=51543&projectId=1&calType=ical&firstDate=2026-02-02&lastDate=2026-02-02 to src/calendars/tomorrow/g1s2b.ics
[2026-02-01T18:00:01.173Z] info: ICS file downloaded successfully to src/calendars/tomorrow/g1s2b.ics
[2026-02-01T18:00:01.173Z] info: ICS file for g1s2b downloaded successfully.
[2026-02-01T18:00:01.173Z] info: Downloading ICS file from https://edt.univ-lyon1.fr/jsp/custom/modules/plannings/anonymous_cal.jsp?resources=51545&projectId=1&calType=ical&firstDate=2026-02-02&lastDate=2026-02-02 to src/calendars/tomorrow/g2s2a.ics
[2026-02-01T18:00:01.256Z] info: ICS file downloaded successfully to src/calendars/tomorrow/g2s2a.ics
[2026-02-01T18:00:01.257Z] info: ICS file for g2s2a downloaded successfully.
[2026-02-01T18:00:01.257Z] info: Downloading ICS file from https://edt.univ-lyon1.fr/jsp/custom/modules/plannings/anonymous_cal.jsp?resources=51546&projectId=1&calType=ical&firstDate=2026-02-02&lastDate=2026-02-02 to src/calendars/tomorrow/g2s2b.ics
[2026-02-01T18:00:01.370Z] info: ICS file downloaded successfully to src/calendars/tomorrow/g2s2b.ics
[2026-02-01T18:00:01.370Z] info: ICS file for g2s2b downloaded successfully.
[2026-02-01T18:00:01.370Z] info: Downloading ICS file from https://edt.univ-lyon1.fr/jsp/custom/modules/plannings/anonymous_cal.jsp?resources=51548&projectId=1&calType=ical&firstDate=2026-02-02&lastDate=2026-02-02 to src/calendars/tomorrow/g3s2a.ics
[2026-02-01T18:00:01.505Z] info: ICS file downloaded successfully to src/calendars/tomorrow/g3s2a.ics
[2026-02-01T18:00:01.505Z] info: ICS file for g3s2a downloaded successfully.
[2026-02-01T18:00:01.505Z] info: Downloading ICS file from https://edt.univ-lyon1.fr/jsp/custom/modules/plannings/anonymous_cal.jsp?resources=51549&projectId=1&calType=ical&firstDate=2026-02-02&lastDate=2026-02-02 to src/calendars/tomorrow/g3s2b.ics
[2026-02-01T18:00:01.632Z] info: ICS file downloaded successfully to src/calendars/tomorrow/g3s2b.ics
[2026-02-01T18:00:01.632Z] info: ICS file for g3s2b downloaded successfully.
[2026-02-01T18:00:01.633Z] info: Downloading ICS file from https://edt.univ-lyon1.fr/jsp/custom/modules/plannings/anonymous_cal.jsp?resources=51551&projectId=1&calType=ical&firstDate=2026-02-02&lastDate=2026-02-02 to src/calendars/tomorrow/g4s2a.ics
[2026-02-01T18:00:01.765Z] info: ICS file downloaded successfully to src/calendars/tomorrow/g4s2a.ics
[2026-02-01T18:00:01.765Z] info: ICS file for g4s2a downloaded successfully.
[2026-02-01T18:00:01.765Z] info: Downloading ICS file from https://edt.univ-lyon1.fr/jsp/custom/modules/plannings/anonymous_cal.jsp?resources=51552&projectId=1&calType=ical&firstDate=2026-02-02&lastDate=2026-02-02 to src/calendars/tomorrow/g4s2b.ics
[2026-02-01T18:00:01.900Z] info: ICS file downloaded successfully to src/calendars/tomorrow/g4s2b.ics
[2026-02-01T18:00:01.900Z] info: ICS file for g4s2b downloaded successfully.
[2026-02-01T18:00:01.900Z] info: Downloading ICS file from https://edt.univ-lyon1.fr/jsp/custom/modules/plannings/anonymous_cal.jsp?resources=51554&projectId=1&calType=ical&firstDate=2026-02-02&lastDate=2026-02-02 to src/calendars/tomorrow/g5s2a.ics
[2026-02-01T18:00:02.003Z] info: ICS file downloaded successfully to src/calendars/tomorrow/g5s2a.ics
[2026-02-01T18:00:02.003Z] info: ICS file for g5s2a downloaded successfully.
[2026-02-01T18:00:02.003Z] info: Downloading ICS file from https://edt.univ-lyon1.fr/jsp/custom/modules/plannings/anonymous_cal.jsp?resources=51555&projectId=1&calType=ical&firstDate=2026-02-02&lastDate=2026-02-02 to src/calendars/tomorrow/g5s2b.ics
[2026-02-01T18:00:02.101Z] info: ICS file downloaded successfully to src/calendars/tomorrow/g5s2b.ics
[2026-02-01T18:00:02.101Z] info: ICS file for g5s2b downloaded successfully.
[2026-02-01T18:00:02.102Z] info: Downloading ICS file from https://edt.univ-lyon1.fr/jsp/custom/modules/plannings/anonymous_cal.jsp?resources=85875&projectId=1&calType=ical&firstDate=2026-02-02&lastDate=2026-02-02 to src/calendars/tomorrow/g1s4a.ics
[2026-02-01T18:00:02.188Z] info: ICS file downloaded successfully to src/calendars/tomorrow/g1s4a.ics
[2026-02-01T18:00:02.189Z] info: ICS file for g1s4a downloaded successfully.
[2026-02-01T18:00:02.189Z] info: Downloading ICS file from https://edt.univ-lyon1.fr/jsp/custom/modules/plannings/anonymous_cal.jsp?resources=85876&projectId=1&calType=ical&firstDate=2026-02-02&lastDate=2026-02-02 to src/calendars/tomorrow/g1s4b.ics
[2026-02-01T18:00:02.276Z] info: ICS file downloaded successfully to src/calendars/tomorrow/g1s4b.ics
[2026-02-01T18:00:02.276Z] info: ICS file for g1s4b downloaded successfully.
[2026-02-01T18:00:02.276Z] info: Downloading ICS file from https://edt.univ-lyon1.fr/jsp/custom/modules/plannings/anonymous_cal.jsp?resources=85873&projectId=1&calType=ical&firstDate=2026-02-02&lastDate=2026-02-02 to src/calendars/tomorrow/g2s4a.ics
[2026-02-01T18:00:02.390Z] info: ICS file downloaded successfully to src/calendars/tomorrow/g2s4a.ics
[2026-02-01T18:00:02.390Z] info: ICS file for g2s4a downloaded successfully.
[2026-02-01T18:00:02.391Z] info: Downloading ICS file from https://edt.univ-lyon1.fr/jsp/custom/modules/plannings/anonymous_cal.jsp?resources=85874&projectId=1&calType=ical&firstDate=2026-02-02&lastDate=2026-02-02 to src/calendars/tomorrow/g2s4b.ics
[2026-02-01T18:00:02.464Z] info: ICS file downloaded successfully to src/calendars/tomorrow/g2s4b.ics
[2026-02-01T18:00:02.465Z] info: ICS file for g2s4b downloaded successfully.
[2026-02-01T18:00:02.465Z] info: Downloading ICS file from https://edt.univ-lyon1.fr/jsp/custom/modules/plannings/anonymous_cal.jsp?resources=35714&projectId=1&calType=ical&firstDate=2026-02-02&lastDate=2026-02-02 to src/calendars/tomorrow/g3a2.ics
[2026-02-01T18:00:02.585Z] info: ICS file downloaded successfully to src/calendars/tomorrow/g3a2.ics
[2026-02-01T18:00:02.585Z] info: ICS file for g3a2 downloaded successfully.
[2026-02-01T18:00:02.585Z] info: Downloading ICS file from https://edt.univ-lyon1.fr/jsp/custom/modules/plannings/anonymous_cal.jsp?resources=85877&projectId=1&calType=ical&firstDate=2026-02-02&lastDate=2026-02-02 to src/calendars/tomorrow/g4s4a.ics
[2026-02-01T18:00:02.701Z] info: ICS file downloaded successfully to src/calendars/tomorrow/g4s4a.ics
[2026-02-01T18:00:02.702Z] info: ICS file for g4s4a downloaded successfully.
[2026-02-01T18:00:02.702Z] info: Downloading ICS file from https://edt.univ-lyon1.fr/jsp/custom/modules/plannings/anonymous_cal.jsp?resources=85878&projectId=1&calType=ical&firstDate=2026-02-02&lastDate=2026-02-02 to src/calendars/tomorrow/g4s4b.ics
[2026-02-01T18:00:02.834Z] info: ICS file downloaded successfully to src/calendars/tomorrow/g4s4b.ics
[2026-02-01T18:00:02.834Z] info: ICS file for g4s4b downloaded successfully.
[2026-02-01T18:00:02.835Z] info: Downloading ICS file from https://edt.univ-lyon1.fr/jsp/custom/modules/plannings/anonymous_cal.jsp?resources=6161&projectId=1&calType=ical&firstDate=2026-02-02&lastDate=2026-02-02 to src/calendars/tomorrow/but3ra1a.ics
[2026-02-01T18:00:02.904Z] info: ICS file downloaded successfully to src/calendars/tomorrow/but3ra1a.ics
[2026-02-01T18:00:02.905Z] info: ICS file for but3ra1a downloaded successfully.
[2026-02-01T18:00:02.905Z] info: Downloading ICS file from https://edt.univ-lyon1.fr/jsp/custom/modules/plannings/anonymous_cal.jsp?resources=6163&projectId=1&calType=ical&firstDate=2026-02-02&lastDate=2026-02-02 to src/calendars/tomorrow/but3ra1b.ics
[2026-02-01T18:00:02.961Z] info: ICS file downloaded successfully to src/calendars/tomorrow/but3ra1b.ics
[2026-02-01T18:00:02.961Z] info: ICS file for but3ra1b downloaded successfully.
[2026-02-01T18:00:02.962Z] info: Downloading ICS file from https://edt.univ-lyon1.fr/jsp/custom/modules/plannings/anonymous_cal.jsp?resources=6165&projectId=1&calType=ical&firstDate=2026-02-02&lastDate=2026-02-02 to src/calendars/tomorrow/but3ra2a.ics
[2026-02-01T18:00:03.066Z] info: ICS file downloaded successfully to src/calendars/tomorrow/but3ra2a.ics
[2026-02-01T18:00:03.067Z] info: ICS file for but3ra2a downloaded successfully.
[2026-02-01T18:00:03.067Z] info: Downloading ICS file from https://edt.univ-lyon1.fr/jsp/custom/modules/plannings/anonymous_cal.jsp?resources=6168&projectId=1&calType=ical&firstDate=2026-02-02&lastDate=2026-02-02 to src/calendars/tomorrow/but3ra2b.ics
[2026-02-01T18:00:03.181Z] info: ICS file downloaded successfully to src/calendars/tomorrow/but3ra2b.ics
[2026-02-01T18:00:03.182Z] info: ICS file for but3ra2b downloaded successfully.
[2026-02-01T18:00:03.182Z] info: Downloading ICS file from https://edt.univ-lyon1.fr/jsp/custom/modules/plannings/anonymous_cal.jsp?resources=14059&projectId=1&calType=ical&firstDate=2026-02-02&lastDate=2026-02-02 to src/calendars/tomorrow/but3ra3a.ics
[2026-02-01T18:00:03.254Z] info: ICS file downloaded successfully to src/calendars/tomorrow/but3ra3a.ics
[2026-02-01T18:00:03.254Z] info: ICS file for but3ra3a downloaded successfully.
[2026-02-01T18:00:03.254Z] info: Downloading ICS file from https://edt.univ-lyon1.fr/jsp/custom/modules/plannings/anonymous_cal.jsp?resources=14064&projectId=1&calType=ical&firstDate=2026-02-02&lastDate=2026-02-02 to src/calendars/tomorrow/but3ra3b.ics
[2026-02-01T18:00:03.344Z] info: ICS file downloaded successfully to src/calendars/tomorrow/but3ra3b.ics
[2026-02-01T18:00:03.344Z] info: ICS file for but3ra3b downloaded successfully.
[2026-02-01T18:00:03.344Z] info: Downloading ICS file from https://edt.univ-lyon1.fr/jsp/custom/modules/plannings/anonymous_cal.jsp?resources=6136&projectId=1&calType=ical&firstDate=2026-02-02&lastDate=2026-02-02 to src/calendars/tomorrow/but3dacs.ics
[2026-02-01T18:00:03.418Z] info: ICS file downloaded successfully to src/calendars/tomorrow/but3dacs.ics
[2026-02-01T18:00:03.419Z] info: ICS file for but3dacs downloaded successfully.
[2026-02-01T18:00:03.419Z] info: Downloading ICS file from https://edt.univ-lyon1.fr/jsp/custom/modules/plannings/anonymous_cal.jsp?resources=6048&projectId=1&calType=ical&firstDate=2026-02-02&lastDate=2026-02-02 to src/calendars/tomorrow/but3aged.ics
[2026-02-01T18:00:03.538Z] info: ICS file downloaded successfully to src/calendars/tomorrow/but3aged.ics
[2026-02-01T18:00:03.539Z] info: ICS file for but3aged downloaded successfully.
[2026-02-01T18:00:03.539Z] info: Sending daily timetables
[2026-02-01T18:00:03.551Z] info: Sending message to channel 1395371772550975558: 📅 **Emploi du temps pour le groupe aspea demain :**

<t:1770015600:D> **S2.15 Probabilités ASPE** : JALOUX CHRISTOPHE -> <t:1770015600:t> - <t:1770022800:t> en __S10__
<t:1770022800:D> **S2.01 Développement efficace-TD ASPE** : KHEDDOUCI HAMAMACHE -> <t:1770022800:t> - <t:1770030000:t> en __040__
<t:1770037200:D> **11 S2.18 Communication-TD** : DEBOUTE JOCELYNE -> <t:1770037200:t> - <t:1770044400:t> en __S15__
<t:1770044400:D> **S2.17 Anglais ASPE** : BESSAC MARIETTE -> <t:1770044400:t> - <t:1770051600:t> en __026-Langues__

[2026-02-01T18:00:03.551Z] info: Message sent to channel 1395371772550975558: 📅 **Emploi du temps pour le groupe aspea demain :**

<t:1770015600:D> **S2.15 Probabilités ASPE** : JALOUX CHRISTOPHE -> <t:1770015600:t> - <t:1770022800:t> en __S10__
<t:1770022800:D> **S2.01 Développement efficace-TD ASPE** : KHEDDOUCI HAMAMACHE -> <t:1770022800:t> - <t:1770030000:t> en __040__
<t:1770037200:D> **11 S2.18 Communication-TD** : DEBOUTE JOCELYNE -> <t:1770037200:t> - <t:1770044400:t> en __S15__
<t:1770044400:D> **S2.17 Anglais ASPE** : BESSAC MARIETTE -> <t:1770044400:t> - <t:1770051600:t> en __026-Langues__

[2026-02-01T18:00:03.552Z] info: Sending message to channel 1330181732573515806: 📅 **Emploi du temps pour le groupe g1s2a demain :**

<t:1770015600:D> **R2.10-2 GPI TD** : DUFOUR KARLINE -> <t:1770015600:t> - <t:1770022800:t> en __S15__
<t:1770022800:D> **11 R2.12 Anglais TPA** : ABAUZIT DUFAUD GISELE -> <t:1770022800:t> - <t:1770030000:t> en __028__
<t:1770037200:D> **11 R2.07 Graphes TD** : JALOUX CHRISTOPHE -> <t:1770037200:t> - <t:1770044400:t> en __S10__
<t:1770044400:D> **11R2.05 Comm et service réseaux TD** : BARON ARIANE -> <t:1770044400:t> - <t:1770051600:t> en __S12__

[2026-02-01T18:00:03.553Z] info: Message sent to channel 1330181732573515806: 📅 **Emploi du temps pour le groupe g1s2a demain :**

<t:1770015600:D> **R2.10-2 GPI TD** : DUFOUR KARLINE -> <t:1770015600:t> - <t:1770022800:t> en __S15__
<t:1770022800:D> **11 R2.12 Anglais TPA** : ABAUZIT DUFAUD GISELE -> <t:1770022800:t> - <t:1770030000:t> en __028__
<t:1770037200:D> **11 R2.07 Graphes TD** : JALOUX CHRISTOPHE -> <t:1770037200:t> - <t:1770044400:t> en __S10__
<t:1770044400:D> **11R2.05 Comm et service réseaux TD** : BARON ARIANE -> <t:1770044400:t> - <t:1770051600:t> en __S12__

[2026-02-01T18:00:03.554Z] info: Sending message to channel 1330181903877144647: 📅 **Emploi du temps pour le groupe g1s2b demain :**

<t:1770015600:D> **R2.10-2 GPI TD** : DUFOUR KARLINE -> <t:1770015600:t> - <t:1770022800:t> en __S15__
<t:1770022800:D> **11 R2.12 Anglais TPB** : CANQUE FLORENCE -> <t:1770022800:t> - <t:1770030000:t> en __026-Langues__
<t:1770037200:D> **11 R2.07 Graphes TD** : JALOUX CHRISTOPHE -> <t:1770037200:t> - <t:1770044400:t> en __S10__
<t:1770044400:D> **11R2.05 Comm et service réseaux TD** : BARON ARIANE -> <t:1770044400:t> - <t:1770051600:t> en __S12__

[2026-02-01T18:00:03.554Z] info: Message sent to channel 1330181903877144647: 📅 **Emploi du temps pour le groupe g1s2b demain :**

<t:1770015600:D> **R2.10-2 GPI TD** : DUFOUR KARLINE -> <t:1770015600:t> - <t:1770022800:t> en __S15__
<t:1770022800:D> **11 R2.12 Anglais TPB** : CANQUE FLORENCE -> <t:1770022800:t> - <t:1770030000:t> en __026-Langues__
<t:1770037200:D> **11 R2.07 Graphes TD** : JALOUX CHRISTOPHE -> <t:1770037200:t> - <t:1770044400:t> en __S10__
<t:1770044400:D> **11R2.05 Comm et service réseaux TD** : BARON ARIANE -> <t:1770044400:t> - <t:1770051600:t> en __S12__

[2026-02-01T18:00:03.556Z] info: Sending message to channel 1330181754371313717: 📅 **Emploi du temps pour le groupe g2s2a demain :**

<t:1770015600:D> **11 R2.12 Anglais TPA** : ABAUZIT DUFAUD GISELE -> <t:1770015600:t> - <t:1770022800:t> en __026-Langues__
<t:1770022800:D> **11 R2.07 Graphes TD** : JALOUX CHRISTOPHE -> <t:1770022800:t> - <t:1770030000:t> en __S10__
<t:1770044400:D> **11R2.05 Comm et service réseaux TD** : WATRIGANT REMI -> <t:1770044400:t> - <t:1770051600:t> en __S11__

[2026-02-01T18:00:03.557Z] info: Message sent to channel 1330181754371313717: 📅 **Emploi du temps pour le groupe g2s2a demain :**

<t:1770015600:D> **11 R2.12 Anglais TPA** : ABAUZIT DUFAUD GISELE -> <t:1770015600:t> - <t:1770022800:t> en __026-Langues__
<t:1770022800:D> **11 R2.07 Graphes TD** : JALOUX CHRISTOPHE -> <t:1770022800:t> - <t:1770030000:t> en __S10__
<t:1770044400:D> **11R2.05 Comm et service réseaux TD** : WATRIGANT REMI -> <t:1770044400:t> - <t:1770051600:t> en __S11__

[2026-02-01T18:00:03.558Z] info: Sending message to channel 1330181915248168971: 📅 **Emploi du temps pour le groupe g2s2b demain :**

<t:1770015600:D> **11 R2.12 Anglais TPB** : CANQUE FLORENCE -> <t:1770015600:t> - <t:1770022800:t> en __028__
<t:1770022800:D> **11 R2.07 Graphes TD** : JALOUX CHRISTOPHE -> <t:1770022800:t> - <t:1770030000:t> en __S10__
<t:1770044400:D> **11R2.05 Comm et service réseaux TD** : WATRIGANT REMI -> <t:1770044400:t> - <t:1770051600:t> en __S11__

[2026-02-01T18:00:03.558Z] info: Message sent to channel 1330181915248168971: 📅 **Emploi du temps pour le groupe g2s2b demain :**

<t:1770015600:D> **11 R2.12 Anglais TPB** : CANQUE FLORENCE -> <t:1770015600:t> - <t:1770022800:t> en __028__
<t:1770022800:D> **11 R2.07 Graphes TD** : JALOUX CHRISTOPHE -> <t:1770022800:t> - <t:1770030000:t> en __S10__
<t:1770044400:D> **11R2.05 Comm et service réseaux TD** : WATRIGANT REMI -> <t:1770044400:t> - <t:1770051600:t> en __S11__

[2026-02-01T18:00:03.559Z] info: Sending message to channel 1330181766161633320: 📅 **Emploi du temps pour le groupe g3s2a demain :**

<t:1770015600:D> **11R2.06 BD TD** : BENSLIMANE DJAMAL -> <t:1770015600:t> - <t:1770022800:t> en __S14__
<t:1770022800:D> **11 R2.07 Graphes TD** : JOUBERT AUDE -> <t:1770022800:t> - <t:1770030000:t> en __S11__
<t:1770037200:D> **11 R2.10-1 Volet comptable et fin.TD** : LAGACHE ALEXANDRA -> <t:1770037200:t> - <t:1770044400:t> en __S12__
<t:1770044400:D> **R2.04 fonctionnement bas niveau** : MARIN MALORY -> <t:1770044400:t> - <t:1770051600:t> en __040__

[2026-02-01T18:00:03.559Z] info: Message sent to channel 1330181766161633320: 📅 **Emploi du temps pour le groupe g3s2a demain :**

<t:1770015600:D> **11R2.06 BD TD** : BENSLIMANE DJAMAL -> <t:1770015600:t> - <t:1770022800:t> en __S14__
<t:1770022800:D> **11 R2.07 Graphes TD** : JOUBERT AUDE -> <t:1770022800:t> - <t:1770030000:t> en __S11__
<t:1770037200:D> **11 R2.10-1 Volet comptable et fin.TD** : LAGACHE ALEXANDRA -> <t:1770037200:t> - <t:1770044400:t> en __S12__
<t:1770044400:D> **R2.04 fonctionnement bas niveau** : MARIN MALORY -> <t:1770044400:t> - <t:1770051600:t> en __040__

[2026-02-01T18:00:03.560Z] info: Sending message to channel 1330181925775605760: 📅 **Emploi du temps pour le groupe g3s2b demain :**

<t:1770015600:D> **11R2.06 BD TD** : BENSLIMANE DJAMAL -> <t:1770015600:t> - <t:1770022800:t> en __S14__
<t:1770022800:D> **11 R2.07 Graphes TD** : JOUBERT AUDE -> <t:1770022800:t> - <t:1770030000:t> en __S11__
<t:1770037200:D> **11 R2.10-1 Volet comptable et fin.TD** : LAGACHE ALEXANDRA -> <t:1770037200:t> - <t:1770044400:t> en __S12__
<t:1770044400:D> **R2.04 fonctionnement bas niveau** : MARIN MALORY -> <t:1770044400:t> - <t:1770051600:t> en __040__

[2026-02-01T18:00:03.560Z] info: Message sent to channel 1330181925775605760: 📅 **Emploi du temps pour le groupe g3s2b demain :**

<t:1770015600:D> **11R2.06 BD TD** : BENSLIMANE DJAMAL -> <t:1770015600:t> - <t:1770022800:t> en __S14__
<t:1770022800:D> **11 R2.07 Graphes TD** : JOUBERT AUDE -> <t:1770022800:t> - <t:1770030000:t> en __S11__
<t:1770037200:D> **11 R2.10-1 Volet comptable et fin.TD** : LAGACHE ALEXANDRA -> <t:1770037200:t> - <t:1770044400:t> en __S12__
<t:1770044400:D> **R2.04 fonctionnement bas niveau** : MARIN MALORY -> <t:1770044400:t> - <t:1770051600:t> en __040__

[2026-02-01T18:00:03.561Z] info: Sending message to channel 1330181783794221076: 📅 **Emploi du temps pour le groupe g4s2a demain :**

<t:1770015600:D> **R2.01-3 - SDD TD** : KHEDDOUCI HAMAMACHE -> <t:1770015600:t> - <t:1770022800:t> en __040__
<t:1770022800:D> **R2.10-2 GPI TD** : DUFOUR KARLINE -> <t:1770022800:t> - <t:1770030000:t> en __S15__
<t:1770037200:D> **11 R2.07 Graphes TD** : JOUBERT AUDE -> <t:1770037200:t> - <t:1770044400:t> en __S11__
<t:1770044400:D> **11 R2.10-1 Volet comptable et fin.TD** : LAGACHE ALEXANDRA -> <t:1770044400:t> - <t:1770051600:t> en __S10__

[2026-02-01T18:00:03.561Z] info: Message sent to channel 1330181783794221076: 📅 **Emploi du temps pour le groupe g4s2a demain :**

<t:1770015600:D> **R2.01-3 - SDD TD** : KHEDDOUCI HAMAMACHE -> <t:1770015600:t> - <t:1770022800:t> en __040__
<t:1770022800:D> **R2.10-2 GPI TD** : DUFOUR KARLINE -> <t:1770022800:t> - <t:1770030000:t> en __S15__
<t:1770037200:D> **11 R2.07 Graphes TD** : JOUBERT AUDE -> <t:1770037200:t> - <t:1770044400:t> en __S11__
<t:1770044400:D> **11 R2.10-1 Volet comptable et fin.TD** : LAGACHE ALEXANDRA -> <t:1770044400:t> - <t:1770051600:t> en __S10__

[2026-02-01T18:00:03.562Z] info: Sending message to channel 1330181940665647228: 📅 **Emploi du temps pour le groupe g4s2b demain :**

<t:1770015600:D> **R2.01-3 - SDD TD** : KHEDDOUCI HAMAMACHE -> <t:1770015600:t> - <t:1770022800:t> en __040__
<t:1770022800:D> **R2.10-2 GPI TD** : DUFOUR KARLINE -> <t:1770022800:t> - <t:1770030000:t> en __S15__
<t:1770037200:D> **11 R2.07 Graphes TD** : JOUBERT AUDE -> <t:1770037200:t> - <t:1770044400:t> en __S11__
<t:1770044400:D> **11 R2.10-1 Volet comptable et fin.TD** : LAGACHE ALEXANDRA -> <t:1770044400:t> - <t:1770051600:t> en __S10__

[2026-02-01T18:00:03.562Z] info: Message sent to channel 1330181940665647228: 📅 **Emploi du temps pour le groupe g4s2b demain :**

<t:1770015600:D> **R2.01-3 - SDD TD** : KHEDDOUCI HAMAMACHE -> <t:1770015600:t> - <t:1770022800:t> en __040__
<t:1770022800:D> **R2.10-2 GPI TD** : DUFOUR KARLINE -> <t:1770022800:t> - <t:1770030000:t> en __S15__
<t:1770037200:D> **11 R2.07 Graphes TD** : JOUBERT AUDE -> <t:1770037200:t> - <t:1770044400:t> en __S11__
<t:1770044400:D> **11 R2.10-1 Volet comptable et fin.TD** : LAGACHE ALEXANDRA -> <t:1770044400:t> - <t:1770051600:t> en __S10__

[2026-02-01T18:00:03.563Z] info: Sending message to channel 1330181795181891634: 📅 **Emploi du temps pour le groupe g5s2a demain :**

<t:1770022800:D> **11R2.06 BD TD** : BENSLIMANE DJAMAL -> <t:1770022800:t> - <t:1770030000:t> en __S22__
<t:1770037200:D> **R2.04 fonctionnement bas niveau** : WATRIGANT REMI -> <t:1770037200:t> - <t:1770044400:t> en __S21__
<t:1770044400:D> **11 R2.07 Graphes TD** : LEROUX STEPHANE -> <t:1770044400:t> - <t:1770051600:t> en __S15__

[2026-02-01T18:00:03.563Z] info: Message sent to channel 1330181795181891634: 📅 **Emploi du temps pour le groupe g5s2a demain :**

<t:1770022800:D> **11R2.06 BD TD** : BENSLIMANE DJAMAL -> <t:1770022800:t> - <t:1770030000:t> en __S22__
<t:1770037200:D> **R2.04 fonctionnement bas niveau** : WATRIGANT REMI -> <t:1770037200:t> - <t:1770044400:t> en __S21__
<t:1770044400:D> **11 R2.07 Graphes TD** : LEROUX STEPHANE -> <t:1770044400:t> - <t:1770051600:t> en __S15__

[2026-02-01T18:00:03.563Z] info: Sending message to channel 1330181955337195631: 📅 **Emploi du temps pour le groupe g5s2b demain :**

<t:1770022800:D> **11R2.06 BD TD** : BENSLIMANE DJAMAL -> <t:1770022800:t> - <t:1770030000:t> en __S22__
<t:1770037200:D> **R2.04 fonctionnement bas niveau** : WATRIGANT REMI -> <t:1770037200:t> - <t:1770044400:t> en __S21__
<t:1770044400:D> **11 R2.07 Graphes TD** : LEROUX STEPHANE -> <t:1770044400:t> - <t:1770051600:t> en __S15__

[2026-02-01T18:00:03.564Z] info: Message sent to channel 1330181955337195631: 📅 **Emploi du temps pour le groupe g5s2b demain :**

<t:1770022800:D> **11R2.06 BD TD** : BENSLIMANE DJAMAL -> <t:1770022800:t> - <t:1770030000:t> en __S22__
<t:1770037200:D> **R2.04 fonctionnement bas niveau** : WATRIGANT REMI -> <t:1770037200:t> - <t:1770044400:t> en __S21__
<t:1770044400:D> **11 R2.07 Graphes TD** : LEROUX STEPHANE -> <t:1770044400:t> - <t:1770051600:t> en __S15__

[2026-02-01T18:00:03.564Z] info: Sending message to channel 1330181810289905847: 📅 **Emploi du temps pour le groupe g1s4a demain :**

<t:1770022800:D> **22 R4.A.08 Virtualisation TPA** : PARAUD JEAN-CHRISTOPHE -> <t:1770022800:t> - <t:1770030000:t> en __S16__
<t:1770037200:D> **R4.05 Anglais-TPA** : BESSAC MARIETTE -> <t:1770037200:t> - <t:1770044400:t> en __026-Langues__
<t:1770044400:D> **11 R4.04 Méthodes d'optimisation-TD** : JOUBERT AUDE -> <t:1770044400:t> - <t:1770051600:t> en __S16__

[2026-02-01T18:00:03.565Z] info: Message sent to channel 1330181810289905847: 📅 **Emploi du temps pour le groupe g1s4a demain :**

<t:1770022800:D> **22 R4.A.08 Virtualisation TPA** : PARAUD JEAN-CHRISTOPHE -> <t:1770022800:t> - <t:1770030000:t> en __S16__
<t:1770037200:D> **R4.05 Anglais-TPA** : BESSAC MARIETTE -> <t:1770037200:t> - <t:1770044400:t> en __026-Langues__
<t:1770044400:D> **11 R4.04 Méthodes d'optimisation-TD** : JOUBERT AUDE -> <t:1770044400:t> - <t:1770051600:t> en __S16__

[2026-02-01T18:00:03.565Z] info: Sending message to channel 1330181968075165769: 📅 **Emploi du temps pour le groupe g1s4b demain :**

<t:1770044400:D> **11 R4.04 Méthodes d'optimisation-TD** : JOUBERT AUDE -> <t:1770044400:t> - <t:1770051600:t> en __S16__

[2026-02-01T18:00:03.565Z] info: Message sent to channel 1330181968075165769: 📅 **Emploi du temps pour le groupe g1s4b demain :**

<t:1770044400:D> **11 R4.04 Méthodes d'optimisation-TD** : JOUBERT AUDE -> <t:1770044400:t> - <t:1770051600:t> en __S16__

[2026-02-01T18:00:03.567Z] info: Sending message to channel 1330181829667328071: 📅 **Emploi du temps pour le groupe g2s4a demain :**

<t:1770015600:D> **22 R4.A.08 Virtualisation TPA** : PARAUD JEAN-CHRISTOPHE -> <t:1770015600:t> - <t:1770022800:t> en __S17__
<t:1770022800:D> **11 R4.A.08 Virtualisation-TD** : BUSSON ANTHONY -> <t:1770022800:t> - <t:1770030000:t> en __S13__
<t:1770037200:D> **R4.05 Anglais-TPA** : CANQUE FLORENCE -> <t:1770037200:t> - <t:1770044400:t> en __028__
<t:1770044400:D> **21 R4.03 Qualité & non-relationnel-TD** : FACI NOURA -> <t:1770044400:t> - <t:1770051600:t> en __S14__

[2026-02-01T18:00:03.567Z] info: Message sent to channel 1330181829667328071: 📅 **Emploi du temps pour le groupe g2s4a demain :**

<t:1770015600:D> **22 R4.A.08 Virtualisation TPA** : PARAUD JEAN-CHRISTOPHE -> <t:1770015600:t> - <t:1770022800:t> en __S17__
<t:1770022800:D> **11 R4.A.08 Virtualisation-TD** : BUSSON ANTHONY -> <t:1770022800:t> - <t:1770030000:t> en __S13__
<t:1770037200:D> **R4.05 Anglais-TPA** : CANQUE FLORENCE -> <t:1770037200:t> - <t:1770044400:t> en __028__
<t:1770044400:D> **21 R4.03 Qualité & non-relationnel-TD** : FACI NOURA -> <t:1770044400:t> - <t:1770051600:t> en __S14__

[2026-02-01T18:00:03.568Z] info: Sending message to channel 1330181981320777738: 📅 **Emploi du temps pour le groupe g2s4b demain :**

<t:1770022800:D> **11 R4.A.08 Virtualisation-TD** : BUSSON ANTHONY -> <t:1770022800:t> - <t:1770030000:t> en __S13__
<t:1770044400:D> **21 R4.03 Qualité & non-relationnel-TD** : FACI NOURA -> <t:1770044400:t> - <t:1770051600:t> en __S14__

[2026-02-01T18:00:03.568Z] info: Message sent to channel 1330181981320777738: 📅 **Emploi du temps pour le groupe g2s4b demain :**

<t:1770022800:D> **11 R4.A.08 Virtualisation-TD** : BUSSON ANTHONY -> <t:1770022800:t> - <t:1770030000:t> en __S13__
<t:1770044400:D> **21 R4.03 Qualité & non-relationnel-TD** : FACI NOURA -> <t:1770044400:t> - <t:1770051600:t> en __S14__

[2026-02-01T18:00:03.569Z] info: Sending message to channel 1395371640291983370: 📅 **Emploi du temps pour le groupe g3a2 demain :**

<t:1770015600:D> **14 R3.03 Analyse-TP** : FACI NOURA -> <t:1770015600:t> - <t:1770022800:t> en __S13__
<t:1770037200:D> **21 R3.09 Cryptographie-TD** : LEROUX STEPHANE -> <t:1770037200:t> - <t:1770044400:t> en __S13__
<t:1770044400:D> **11R4.B.08 Virtualisation TD** : BUSSON ANTHONY -> <t:1770044400:t> - <t:1770051600:t> en __S13__

[2026-02-01T18:00:03.569Z] info: Message sent to channel 1395371640291983370: 📅 **Emploi du temps pour le groupe g3a2 demain :**

<t:1770015600:D> **14 R3.03 Analyse-TP** : FACI NOURA -> <t:1770015600:t> - <t:1770022800:t> en __S13__
<t:1770037200:D> **21 R3.09 Cryptographie-TD** : LEROUX STEPHANE -> <t:1770037200:t> - <t:1770044400:t> en __S13__
<t:1770044400:D> **11R4.B.08 Virtualisation TD** : BUSSON ANTHONY -> <t:1770044400:t> - <t:1770051600:t> en __S13__

[2026-02-01T18:00:03.570Z] info: Sending message to channel 1330181841524756501: 📅 **Emploi du temps pour le groupe g4s4a demain :**

<t:1770015600:D> **R4.C.10-2 Modélisation-TD G4** : MAS SEBASTIEN -> <t:1770015600:t> - <t:1770022800:t> en __S16__
<t:1770022800:D> **R4.C.10-2 Modélisation-TD G4** : MAS SEBASTIEN -> <t:1770022800:t> - <t:1770030000:t> en __S17__
<t:1770037200:D> **11 R4.03 Qualité & non-relationnel-TD** : BARON ARIANE -> <t:1770037200:t> - <t:1770044400:t> en __S14__
<t:1770044400:D> **11 R4.04 Méthodes d'optimisation-TD** : JALOUX CHRISTOPHE -> <t:1770044400:t> - <t:1770051600:t> en __S17__

[2026-02-01T18:00:03.571Z] info: Message sent to channel 1330181841524756501: 📅 **Emploi du temps pour le groupe g4s4a demain :**

<t:1770015600:D> **R4.C.10-2 Modélisation-TD G4** : MAS SEBASTIEN -> <t:1770015600:t> - <t:1770022800:t> en __S16__
<t:1770022800:D> **R4.C.10-2 Modélisation-TD G4** : MAS SEBASTIEN -> <t:1770022800:t> - <t:1770030000:t> en __S17__
<t:1770037200:D> **11 R4.03 Qualité & non-relationnel-TD** : BARON ARIANE -> <t:1770037200:t> - <t:1770044400:t> en __S14__
<t:1770044400:D> **11 R4.04 Méthodes d'optimisation-TD** : JALOUX CHRISTOPHE -> <t:1770044400:t> - <t:1770051600:t> en __S17__

[2026-02-01T18:00:03.571Z] info: Sending message to channel 1330181996743364679: 📅 **Emploi du temps pour le groupe g4s4b demain :**

<t:1770015600:D> **R4.C.10-2 Modélisation-TD G4** : MAS SEBASTIEN -> <t:1770015600:t> - <t:1770022800:t> en __S16__
<t:1770022800:D> **R4.C.10-2 Modélisation-TD G4** : MAS SEBASTIEN -> <t:1770022800:t> - <t:1770030000:t> en __S17__
<t:1770037200:D> **11 R4.03 Qualité & non-relationnel-TD** : BARON ARIANE -> <t:1770037200:t> - <t:1770044400:t> en __S14__
<t:1770044400:D> **11 R4.04 Méthodes d'optimisation-TD** : JALOUX CHRISTOPHE -> <t:1770044400:t> - <t:1770051600:t> en __S17__

[2026-02-01T18:00:03.572Z] info: Message sent to channel 1330181996743364679: 📅 **Emploi du temps pour le groupe g4s4b demain :**

<t:1770015600:D> **R4.C.10-2 Modélisation-TD G4** : MAS SEBASTIEN -> <t:1770015600:t> - <t:1770022800:t> en __S16__
<t:1770022800:D> **R4.C.10-2 Modélisation-TD G4** : MAS SEBASTIEN -> <t:1770022800:t> - <t:1770030000:t> en __S17__
<t:1770037200:D> **11 R4.03 Qualité & non-relationnel-TD** : BARON ARIANE -> <t:1770037200:t> - <t:1770044400:t> en __S14__
<t:1770044400:D> **11 R4.04 Méthodes d'optimisation-TD** : JALOUX CHRISTOPHE -> <t:1770044400:t> - <t:1770051600:t> en __S17__

[2026-02-01T18:00:03.572Z] info: Sending message to channel 1409494803489488986: 📅 **Emploi du temps pour le groupe but3ra2a demain :**

<t:1770015600:D> **11 R5.A.11 Aide à la décision TD** : JOUBERT AUDE -> <t:1770015600:t> - <t:1770022800:t> en __S26__
<t:1770022800:D> **11R5.A.10 Neo4J** : FACI NOURA -> <t:1770022800:t> - <t:1770030000:t> en __S26__
<t:1770037200:D> **21R5.A.10 Neo4J** : FACI NOURA -> <t:1770037200:t> - <t:1770044400:t> en __S26__
<t:1770044400:D> **S.A.01 SAE Dev avancé** : BUT3 RA2A -> <t:1770044400:t> - <t:1770051600:t> en __S26__

[2026-02-01T18:00:03.573Z] info: Message sent to channel 1409494803489488986: 📅 **Emploi du temps pour le groupe but3ra2a demain :**

<t:1770015600:D> **11 R5.A.11 Aide à la décision TD** : JOUBERT AUDE -> <t:1770015600:t> - <t:1770022800:t> en __S26__
<t:1770022800:D> **11R5.A.10 Neo4J** : FACI NOURA -> <t:1770022800:t> - <t:1770030000:t> en __S26__
<t:1770037200:D> **21R5.A.10 Neo4J** : FACI NOURA -> <t:1770037200:t> - <t:1770044400:t> en __S26__
<t:1770044400:D> **S.A.01 SAE Dev avancé** : BUT3 RA2A -> <t:1770044400:t> - <t:1770051600:t> en __S26__

[2026-02-01T18:00:03.573Z] info: Sending message to channel 1409494819574775808: 📅 **Emploi du temps pour le groupe but3ra2b demain :**

<t:1770015600:D> **11 R5.A.11 Aide à la décision TD** : JOUBERT AUDE -> <t:1770015600:t> - <t:1770022800:t> en __S26__
<t:1770022800:D> **11R5.A.10 Neo4J** : FACI NOURA -> <t:1770022800:t> - <t:1770030000:t> en __S26__
<t:1770037200:D> **21R5.A.10 Neo4J** : FACI NOURA -> <t:1770037200:t> - <t:1770044400:t> en __S26__
<t:1770044400:D> **S.A.01 SAE Dev avancé** : BUT3 RA2A -> <t:1770044400:t> - <t:1770051600:t> en __S26__

[2026-02-01T18:00:03.573Z] info: Message sent to channel 1409494819574775808: 📅 **Emploi du temps pour le groupe but3ra2b demain :**

<t:1770015600:D> **11 R5.A.11 Aide à la décision TD** : JOUBERT AUDE -> <t:1770015600:t> - <t:1770022800:t> en __S26__
<t:1770022800:D> **11R5.A.10 Neo4J** : FACI NOURA -> <t:1770022800:t> - <t:1770030000:t> en __S26__
<t:1770037200:D> **21R5.A.10 Neo4J** : FACI NOURA -> <t:1770037200:t> - <t:1770044400:t> en __S26__
<t:1770044400:D> **S.A.01 SAE Dev avancé** : BUT3 RA2A -> <t:1770044400:t> - <t:1770051600:t> en __S26__

[2026-02-01T18:00:03.574Z] info: Daily timetables sent
[2026-02-02T09:07:02.617Z] info: Received command: group from user: 568458664457797652
[2026-02-02T09:07:02.619Z] info: Received group command: group=g5, semester=s2, composedGroup=g5s2a
